{
	"credit": "Made with Blockbench",
	"parent": "fw:guns/01/norm/idle/starting",
	"ambientocclusion": false,
	"texture_size": [4, 4],
	"textures": {
		"particle": "fw:player/steve"
	},
	"display": {
		"thirdperson_righthand": {
			"translation": [-0.5, 2.25, -1.5],
			"scale": [0, 0, 0]
		},
		"thirdperson_lefthand": {
			"scale": [0, 0, 0]
		},
		"firstperson_righthand": {
			"rotation": [5, 1.5, 6],
			"translation": [-9.1, 18.2, -0.75],
			"scale": [0.75, 0.75, 0.75]
		},
		"firstperson_lefthand": {
			"rotation": [-3, -0.5, 1],
			"translation": [-3, 16, -8.5]
		},
		"ground": {
			"translation": [8.5, -18.5, -4]
		},
		"gui": {
			"rotation": [0, -95.5, 0],
			"translation": [4.5, 2.5, 0],
			"scale": [0, 0, 0]
		},
		"head": {
			"translation": [0, -29, 0],
			"scale": [1.6, 1.6, 1.6]
		},
		"fixed": {
			"rotation": [0, -90, 0],
			"translation": [4.75, 4, -1.25],
			"scale": [0, 0, 0]
		}
	}
}