{
	"credit": "Made with Blockbench",
	"textures": {
		"0": "fw:guns/05/supernova",
		"particle": "fw:player/steve"
	},
	"elements": [
		{
			"from": [7.8263, 6.95548, 0.97781],
			"to": [8.2633, 7.39248, 18.12281],
			"rotation": {"angle": 45, "axis": "z", "origin": [7.3088, 7.41548, 13.28281]},
			"faces": {
				"north": {"uv": [7.75, 6.75, 7.875, 6.875], "texture": "#0"},
				"east": {"uv": [0, 0, 3.0625, 0.125], "texture": "#0"},
				"south": {"uv": [7.75, 7.25, 7.875, 7.375], "texture": "#0"},
				"west": {"uv": [0, 0.5, 3.0625, 0.625], "texture": "#0"},
				"up": {"uv": [0.125, 4.0625, 0, 1], "texture": "#0"},
				"down": {"uv": [0.625, 1, 0.5, 4.0625], "texture": "#0"}
			}
		},
		{
			"from": [7.95687, 8.16298, 1.09281],
			"to": [8.04312, 8.22048, 15.18031],
			"rotation": {"angle": 0, "axis": "y", "origin": [7.38187, 1.37798, 12.13281]},
			"faces": {
				"north": {"uv": [9.75, 8.25, 9.8125, 8.3125], "texture": "#0"},
				"east": {"uv": [1.5, 3.75, 4.5625, 3.8125], "texture": "#0"},
				"south": {"uv": [8.5, 9.75, 8.5625, 9.8125], "texture": "#0"},
				"west": {"uv": [3.75, 3, 6.8125, 3.0625], "texture": "#0"},
				"up": {"uv": [1.0625, 7.3125, 1, 4.25], "texture": "#0"},
				"down": {"uv": [1.5625, 4.25, 1.5, 7.3125], "texture": "#0"}
			}
		},
		{
			"from": [7.95687, 7.99048, 12.33406],
			"to": [8.04312, 8.16298, 12.82281],
			"rotation": {"angle": 0, "axis": "y", "origin": [7.38187, 1.66548, 12.16156]},
			"faces": {
				"north": {"uv": [9, 9.75, 9.0625, 9.8125], "texture": "#0"},
				"east": {"uv": [7.75, 8.75, 7.875, 8.8125], "texture": "#0"},
				"south": {"uv": [0, 10, 0.0625, 10.0625], "texture": "#0"},
				"west": {"uv": [8.25, 8.75, 8.375, 8.8125], "texture": "#0"},
				"up": {"uv": [8.8125, 8.875, 8.75, 8.75], "texture": "#0"},
				"down": {"uv": [0.0625, 9, 0, 9.125], "texture": "#0"}
			}
		},
		{
			"from": [7.95687, 7.99048, 10.55156],
			"to": [8.04312, 8.16298, 11.04031],
			"rotation": {"angle": 0, "axis": "y", "origin": [7.38187, 1.66548, 12.16156]},
			"faces": {
				"north": {"uv": [10, 0, 10.0625, 0.0625], "texture": "#0"},
				"east": {"uv": [9, 0, 9.125, 0.0625], "texture": "#0"},
				"south": {"uv": [0.5, 10, 0.5625, 10.0625], "texture": "#0"},
				"west": {"uv": [0.5, 9, 0.625, 9.0625], "texture": "#0"},
				"up": {"uv": [1.0625, 9.125, 1, 9], "texture": "#0"},
				"down": {"uv": [2.0625, 9, 2, 9.125], "texture": "#0"}
			}
		},
		{
			"from": [7.95687, 7.99048, 8.82656],
			"to": [8.04312, 8.16298, 9.31531],
			"rotation": {"angle": 0, "axis": "y", "origin": [7.38187, 1.66548, 12.16156]},
			"faces": {
				"north": {"uv": [1, 10, 1.0625, 10.0625], "texture": "#0"},
				"east": {"uv": [2.5, 9, 2.625, 9.0625], "texture": "#0"},
				"south": {"uv": [2, 10, 2.0625, 10.0625], "texture": "#0"},
				"west": {"uv": [9, 2.5, 9.125, 2.5625], "texture": "#0"},
				"up": {"uv": [3.5625, 9.125, 3.5, 9], "texture": "#0"},
				"down": {"uv": [9.0625, 3.5, 9, 3.625], "texture": "#0"}
			}
		},
		{
			"from": [7.95687, 7.99048, 7.13031],
			"to": [8.04312, 8.16298, 7.61906],
			"rotation": {"angle": 0, "axis": "y", "origin": [7.38187, 1.66548, 12.16156]},
			"faces": {
				"north": {"uv": [2.5, 10, 2.5625, 10.0625], "texture": "#0"},
				"east": {"uv": [9, 4, 9.125, 4.0625], "texture": "#0"},
				"south": {"uv": [10, 2.5, 10.0625, 2.5625], "texture": "#0"},
				"west": {"uv": [4.5, 9, 4.625, 9.0625], "texture": "#0"},
				"up": {"uv": [9.0625, 4.625, 9, 4.5], "texture": "#0"},
				"down": {"uv": [5.0625, 9, 5, 9.125], "texture": "#0"}
			}
		},
		{
			"from": [7.95687, 7.99048, 5.40531],
			"to": [8.04312, 8.16298, 5.89406],
			"rotation": {"angle": 0, "axis": "y", "origin": [7.38187, 1.66548, 12.16156]},
			"faces": {
				"north": {"uv": [3.5, 10, 3.5625, 10.0625], "texture": "#0"},
				"east": {"uv": [9, 5.75, 9.125, 5.8125], "texture": "#0"},
				"south": {"uv": [10, 3.5, 10.0625, 3.5625], "texture": "#0"},
				"west": {"uv": [6, 9, 6.125, 9.0625], "texture": "#0"},
				"up": {"uv": [6.5625, 9.125, 6.5, 9], "texture": "#0"},
				"down": {"uv": [9.0625, 8, 9, 8.125], "texture": "#0"}
			}
		},
		{
			"from": [7.95687, 7.99048, 3.70906],
			"to": [8.04312, 8.16298, 4.19781],
			"rotation": {"angle": 0, "axis": "y", "origin": [7.38187, 1.66548, 12.16156]},
			"faces": {
				"north": {"uv": [10, 4, 10.0625, 4.0625], "texture": "#0"},
				"east": {"uv": [9.25, 0.5, 9.375, 0.5625], "texture": "#0"},
				"south": {"uv": [4.5, 10, 4.5625, 10.0625], "texture": "#0"},
				"west": {"uv": [9.25, 1, 9.375, 1.0625], "texture": "#0"},
				"up": {"uv": [1.5625, 9.375, 1.5, 9.25], "texture": "#0"},
				"down": {"uv": [9.3125, 1.5, 9.25, 1.625], "texture": "#0"}
			}
		},
		{
			"from": [7.95687, 7.99048, 1.09281],
			"to": [8.04312, 8.16298, 2.61656],
			"rotation": {"angle": 0, "axis": "y", "origin": [7.38187, 1.66548, 12.16156]},
			"faces": {
				"north": {"uv": [10, 4.5, 10.0625, 4.5625], "texture": "#0"},
				"east": {"uv": [4, 7.75, 4.3125, 7.8125], "texture": "#0"},
				"south": {"uv": [5, 10, 5.0625, 10.0625], "texture": "#0"},
				"west": {"uv": [7.75, 5, 8.0625, 5.0625], "texture": "#0"},
				"up": {"uv": [5.3125, 8.0625, 5.25, 7.75], "texture": "#0"},
				"down": {"uv": [7.8125, 5.5, 7.75, 5.8125], "texture": "#0"}
			}
		},
		{
			"from": [7.95687, 8.22048, 1.32281],
			"to": [8.04312, 8.24923, 1.49531],
			"rotation": {"angle": 0, "axis": "y", "origin": [7.38187, 1.43548, 12.16156]},
			"faces": {
				"north": {"uv": [10, 5.5, 10.0625, 5.5625], "texture": "#0"},
				"east": {"uv": [6, 10, 6.0625, 10.0625], "texture": "#0"},
				"south": {"uv": [6.5, 10, 6.5625, 10.0625], "texture": "#0"},
				"west": {"uv": [10, 7.5, 10.0625, 7.5625], "texture": "#0"},
				"up": {"uv": [10.0625, 8.8125, 10, 8.75], "texture": "#0"},
				"down": {"uv": [10.0625, 9.25, 10, 9.3125], "texture": "#0"}
			}
		},
		{
			"from": [7.95687, 7.99048, 14.05906],
			"to": [8.04312, 8.16298, 15.12281],
			"rotation": {"angle": 0, "axis": "y", "origin": [7.38187, 1.66548, 12.16156]},
			"faces": {
				"north": {"uv": [9.5, 10, 9.5625, 10.0625], "texture": "#0"},
				"east": {"uv": [7.75, 7.75, 8, 7.8125], "texture": "#0"},
				"south": {"uv": [10, 9.75, 10.0625, 9.8125], "texture": "#0"},
				"west": {"uv": [0, 8, 0.25, 8.0625], "texture": "#0"},
				"up": {"uv": [0.5625, 8.25, 0.5, 8], "texture": "#0"},
				"down": {"uv": [2.0625, 8, 2, 8.25], "texture": "#0"}
			}
		}
	],
	"display": {
		"thirdperson_righthand": {
			"rotation": [90, 0, 0],
			"translation": [0, 6.75, 1.25],
			"scale": [1.31, 1.31, 1.31]
		},
		"thirdperson_lefthand": {
			"rotation": [90, 0, 0],
			"translation": [0, 6.75, 1.25],
			"scale": [1.31, 1.31, 1.31]
		},
		"firstperson_righthand": {
			"rotation": [90, 16.5, -27.5],
			"translation": [-1.75, 4.75, 1.25],
			"scale": [1.31, 1.31, 1.31]
		},
		"firstperson_lefthand": {
			"rotation": [90, 16.5, -27.5],
			"translation": [-1.75, 4.75, 1.25],
			"scale": [1.31, 1.31, 1.31]
		},
		"ground": {
			"scale": [1.64, 1.64, 1.64]
		},
		"gui": {
			"rotation": [23, -145.5, 1],
			"translation": [1.5, -0.25, 0],
			"scale": [1.39, 1.39, 1.39]
		},
		"head": {
			"rotation": [91, 44, -86],
			"translation": [4.25, -9.5, 5],
			"scale": [0, 0, 0]
		},
		"fixed": {
			"rotation": [91, 44, -86],
			"translation": [-0.5, 2, 0],
			"scale": [1.54, 1.54, 1.54]
		}
	},
	"groups": [
		{
			"name": "Barrel",
			"origin": [7.98208, 11.91622, 13.85415],
			"color": 0,
			"children": [
				0,
				{
					"name": "Holes",
					"origin": [7.99458, 11.91622, 13.85415],
					"color": 0,
					"children": [1, 2, 3, 4, 5, 6, 7, 8, 9, 10]
				}
			]
		}
	]
}