{
	"credit": "Made with Blockbench",
	"textures": {
		"0": "fw:guns/05/supernova",
		"3": "fw:guns/05/sights",
		"particle": "fw:player/steve"
	},
	"elements": [
		{
			"from": [7.54115, 7.03791, 9.59185],
			"to": [8.45885, 8.35811, 12.46455],
			"rotation": {"angle": 22.5, "axis": "x", "origin": [8, 7.72676, 11.0282]},
			"faces": {
				"north": {"uv": [4, 6, 4.1875, 6.3125], "texture": "#0"},
				"east": {"uv": [2.75, 3, 3.375, 3.3125], "texture": "#0"},
				"south": {"uv": [6, 4.25, 6.1875, 4.5625], "texture": "#0"},
				"west": {"uv": [3.5, 0, 4.125, 0.3125], "texture": "#0"},
				"up": {"uv": [3.6875, 4.875, 3.5, 4.25], "texture": "#0"},
				"down": {"uv": [4.1875, 4.25, 4, 4.875], "texture": "#0"}
			}
		},
		{
			"from": [8.4025, 7.45247, 7.64217],
			"to": [8.46, 8.17122, 9.94217],
			"rotation": {"angle": 0, "axis": "y", "origin": [7.54, 4.26122, 2.23717]},
			"faces": {
				"north": {"uv": [9.25, 2, 9.3125, 2.125], "texture": "#0"},
				"east": {"uv": [0, 6, 0.5, 6.125], "texture": "#0"},
				"south": {"uv": [3, 9.25, 3.0625, 9.375], "texture": "#0"},
				"west": {"uv": [6, 0, 6.5, 0.125], "texture": "#0"},
				"up": {"uv": [6.8125, 2, 6.75, 1.5], "texture": "#0"},
				"down": {"uv": [2.0625, 6.75, 2, 7.25], "texture": "#0"}
			}
		},
		{
			"from": [7.62625, 6.99247, 9.76967],
			"to": [8.37375, 7.59622, 9.88467],
			"rotation": {"angle": 0, "axis": "y", "origin": [8.345, 6.54684, 8.79217]},
			"faces": {
				"north": {"uv": [0, 7.5, 0.1875, 7.625], "texture": "#0"},
				"east": {"uv": [9.25, 3, 9.3125, 3.125], "texture": "#0"},
				"south": {"uv": [0.5, 7.5, 0.6875, 7.625], "texture": "#0"},
				"west": {"uv": [4, 9.25, 4.0625, 9.375], "texture": "#0"},
				"up": {"uv": [6.6875, 8.0625, 6.5, 8], "texture": "#0"},
				"down": {"uv": [7.1875, 8, 7, 8.0625], "texture": "#0"}
			}
		},
		{
			"from": [7.62625, 6.85056, 8.64375],
			"to": [8.37375, 6.96556, 9.075],
			"rotation": {"angle": 22.5, "axis": "x", "origin": [8, 6.90806, 8.48563]},
			"faces": {
				"north": {"uv": [8.25, 0.5, 8.4375, 0.5625], "texture": "#0"},
				"east": {"uv": [1.5, 10.25, 1.5625, 10.3125], "texture": "#0"},
				"south": {"uv": [8.25, 1, 8.4375, 1.0625], "texture": "#0"},
				"west": {"uv": [10.25, 1.5, 10.3125, 1.5625], "texture": "#0"},
				"up": {"uv": [1.6875, 8.3125, 1.5, 8.25], "texture": "#0"},
				"down": {"uv": [8.4375, 1.5, 8.25, 1.5625], "texture": "#0"}
			}
		},
		{
			"from": [7.8275, 6.70754, 7.83905],
			"to": [8.1725, 6.82254, 8.6153],
			"rotation": {"angle": 22.5, "axis": "x", "origin": [7.97125, 6.76504, 8.83093]},
			"faces": {
				"north": {"uv": [10.25, 2, 10.3125, 2.0625], "texture": "#0"},
				"east": {"uv": [8.25, 2, 8.4375, 2.0625], "texture": "#0"},
				"south": {"uv": [3, 10.25, 3.0625, 10.3125], "texture": "#0"},
				"west": {"uv": [3, 8.25, 3.1875, 8.3125], "texture": "#0"},
				"up": {"uv": [8.3125, 3.4375, 8.25, 3.25], "texture": "#0"},
				"down": {"uv": [4.0625, 8.25, 4, 8.4375], "texture": "#0"}
			}
		},
		{
			"from": [7.94365, 6.70869, 7.8402],
			"to": [8.05635, 7.16639, 8.49915],
			"rotation": {"angle": 22.5, "axis": "x", "origin": [8.08625, 6.76504, 8.83093]},
			"faces": {
				"north": {"uv": [9.25, 5, 9.3125, 5.125], "texture": "#0"},
				"east": {"uv": [2.5, 8, 2.625, 8.125], "texture": "#0"},
				"south": {"uv": [5.5, 9.25, 5.5625, 9.375], "texture": "#0"},
				"west": {"uv": [8, 2.75, 8.125, 2.875], "texture": "#0"},
				"up": {"uv": [9.3125, 6.375, 9.25, 6.25], "texture": "#0"},
				"down": {"uv": [9.3125, 6.75, 9.25, 6.875], "texture": "#0"}
			}
		},
		{
			"from": [7.9425, 6.70754, 7.83905],
			"to": [8.0575, 6.82254, 8.6153],
			"rotation": {"angle": 22.5, "axis": "x", "origin": [8.08625, 6.76504, 8.83093]},
			"faces": {
				"north": {"uv": [10.25, 3, 10.3125, 3.0625], "texture": "#0"},
				"east": {"uv": [8.25, 5.5, 8.4375, 5.5625], "texture": "#0"},
				"south": {"uv": [4, 10.25, 4.0625, 10.3125], "texture": "#0"},
				"west": {"uv": [5.75, 8.25, 5.9375, 8.3125], "texture": "#0"},
				"up": {"uv": [8.3125, 6.9375, 8.25, 6.75], "texture": "#0"},
				"down": {"uv": [8.3125, 7.25, 8.25, 7.4375], "texture": "#0"}
			}
		},
		{
			"from": [7.8275, 7.09708, 7.80566],
			"to": [8.1725, 7.52833, 7.92066],
			"rotation": {"angle": -22.5, "axis": "x", "origin": [8, 7.3127, 7.86316]},
			"faces": {
				"north": {"uv": [10.25, 5, 10.3125, 5.0625], "texture": "#0"},
				"east": {"uv": [5.5, 10.25, 5.5625, 10.3125], "texture": "#0"},
				"south": {"uv": [10.25, 6, 10.3125, 6.0625], "texture": "#0"},
				"west": {"uv": [10.25, 6.5, 10.3125, 6.5625], "texture": "#0"},
				"up": {"uv": [7.0625, 10.3125, 7, 10.25], "texture": "#0"},
				"down": {"uv": [10.3125, 7, 10.25, 7.0625], "texture": "#0"}
			}
		},
		{
			"from": [7.9425, 7.09708, 7.80566],
			"to": [8.0575, 7.52833, 8.40941],
			"rotation": {"angle": -22.5, "axis": "x", "origin": [8.115, 7.3127, 7.86316]},
			"faces": {
				"north": {"uv": [7.5, 10.25, 7.5625, 10.3125], "texture": "#0"},
				"east": {"uv": [7, 9.25, 7.125, 9.3125], "texture": "#0"},
				"south": {"uv": [8, 10.25, 8.0625, 10.3125], "texture": "#0"},
				"west": {"uv": [9.25, 7.25, 9.375, 7.3125], "texture": "#0"},
				"up": {"uv": [7.5625, 9.375, 7.5, 9.25], "texture": "#0"},
				"down": {"uv": [8.0625, 9.25, 8, 9.375], "texture": "#0"}
			}
		},
		{
			"from": [7.62625, 6.78908, 8.46781],
			"to": [8.37375, 7.62283, 8.58281],
			"rotation": {"angle": -22.5, "axis": "x", "origin": [8, 7.14845, 8.52531]},
			"faces": {
				"north": {"uv": [6.5, 5.25, 6.6875, 5.4375], "texture": "#0"},
				"east": {"uv": [7.5, 8.25, 7.5625, 8.4375], "texture": "#0"},
				"south": {"uv": [5.5, 6.5, 5.6875, 6.6875], "texture": "#0"},
				"west": {"uv": [8.25, 7.75, 8.3125, 7.9375], "texture": "#0"},
				"up": {"uv": [8.1875, 8.3125, 8, 8.25], "texture": "#0"},
				"down": {"uv": [0.1875, 8.5, 0, 8.5625], "texture": "#0"}
			}
		},
		{
			"from": [7.91375, 6.72359, 8.57296],
			"to": [8.08625, 7.67234, 8.74546],
			"rotation": {"angle": -22.5, "axis": "x", "origin": [8, 7.19796, 8.64484]},
			"faces": {
				"north": {"uv": [8.5, 0, 8.5625, 0.1875], "texture": "#0"},
				"east": {"uv": [0.5, 8.5, 0.5625, 8.6875], "texture": "#0"},
				"south": {"uv": [1, 8.5, 1.0625, 8.6875], "texture": "#0"},
				"west": {"uv": [2, 8.5, 2.0625, 8.6875], "texture": "#0"},
				"up": {"uv": [10.3125, 8.0625, 10.25, 8], "texture": "#0"},
				"down": {"uv": [8.5625, 10.25, 8.5, 10.3125], "texture": "#0"}
			}
		},
		{
			"from": [7.885, 7.46221, 8.72999],
			"to": [8.115, 7.63471, 8.90249],
			"rotation": {"angle": -45, "axis": "x", "origin": [8, 7.20346, 9.04624]},
			"faces": {
				"north": {"uv": [9, 10.25, 9.0625, 10.3125], "texture": "#0"},
				"east": {"uv": [10, 10.25, 10.0625, 10.3125], "texture": "#0"},
				"south": {"uv": [0, 10.5, 0.0625, 10.5625], "texture": "#0"},
				"west": {"uv": [10.5, 0, 10.5625, 0.0625], "texture": "#0"},
				"up": {"uv": [0.5625, 10.5625, 0.5, 10.5], "texture": "#0"},
				"down": {"uv": [1.0625, 10.5, 1, 10.5625], "texture": "#0"}
			}
		},
		{
			"from": [7.62625, 6.87257, 8.93689],
			"to": [8.37375, 6.98757, 9.88564],
			"rotation": {"angle": -22.5, "axis": "x", "origin": [8, 6.93007, 9.58377]},
			"faces": {
				"north": {"uv": [2.5, 8.5, 2.6875, 8.5625], "texture": "#0"},
				"east": {"uv": [8.5, 2.5, 8.6875, 2.5625], "texture": "#0"},
				"south": {"uv": [3.5, 8.5, 3.6875, 8.5625], "texture": "#0"},
				"west": {"uv": [8.5, 3.75, 8.6875, 3.8125], "texture": "#0"},
				"up": {"uv": [6.6875, 5.9375, 6.5, 5.75], "texture": "#0"},
				"down": {"uv": [6.1875, 6.5, 6, 6.6875], "texture": "#0"}
			}
		},
		{
			"from": [7.54, 7.45247, 7.64217],
			"to": [7.5975, 8.17122, 9.94217],
			"rotation": {"angle": 0, "axis": "y", "origin": [7.54, 4.26122, 2.23717]},
			"faces": {
				"north": {"uv": [8.5, 9.25, 8.5625, 9.375], "texture": "#0"},
				"east": {"uv": [6, 0.5, 6.5, 0.625], "texture": "#0"},
				"south": {"uv": [9.25, 8.5, 9.3125, 8.625], "texture": "#0"},
				"west": {"uv": [6, 1, 6.5, 1.125], "texture": "#0"},
				"up": {"uv": [2.5625, 7.25, 2.5, 6.75], "texture": "#0"},
				"down": {"uv": [3.5625, 6.75, 3.5, 7.25], "texture": "#0"}
			}
		},
		{
			"from": [7.9425, 7.14092, 9.41801],
			"to": [8.0575, 7.62967, 9.56176],
			"rotation": {"angle": 0, "axis": "y", "origin": [8, 7.3853, 9.51864]},
			"faces": {
				"north": {"uv": [9, 9.25, 9.0625, 9.375], "texture": "#0"},
				"east": {"uv": [0, 9.5, 0.0625, 9.625], "texture": "#0"},
				"south": {"uv": [9.5, 0, 9.5625, 0.125], "texture": "#0"},
				"west": {"uv": [0.5, 9.5, 0.5625, 9.625], "texture": "#0"},
				"up": {"uv": [2.0625, 10.5625, 2, 10.5], "texture": "#0"},
				"down": {"uv": [2.5625, 10.5, 2.5, 10.5625], "texture": "#0"}
			}
		},
		{
			"from": [7.94365, 7.08819, 9.29201],
			"to": [8.05635, 7.20089, 9.54846],
			"rotation": {"angle": -22.5, "axis": "x", "origin": [8, 7.14454, 9.42023]},
			"faces": {
				"north": {"uv": [10.5, 2.5, 10.5625, 2.5625], "texture": "#0"},
				"east": {"uv": [3.5, 10.5, 3.5625, 10.5625], "texture": "#0"},
				"south": {"uv": [10.5, 3.5, 10.5625, 3.5625], "texture": "#0"},
				"west": {"uv": [10.5, 4, 10.5625, 4.0625], "texture": "#0"},
				"up": {"uv": [4.5625, 10.5625, 4.5, 10.5], "texture": "#0"},
				"down": {"uv": [10.5625, 4.5, 10.5, 4.5625], "texture": "#0"}
			}
		},
		{
			"from": [7.54, 8.17122, 7.06717],
			"to": [8.46, 8.86122, 9.94217],
			"rotation": {"angle": 0, "axis": "y", "origin": [7.54, 2.42122, -0.06283]},
			"faces": {
				"north": {"uv": [2, 7.5, 2.1875, 7.625], "texture": "#0"},
				"east": {"uv": [5, 2.5, 5.625, 2.625], "texture": "#0"},
				"south": {"uv": [2.5, 7.5, 2.6875, 7.625], "texture": "#0"},
				"west": {"uv": [0, 5.5, 0.625, 5.625], "texture": "#0"},
				"up": {"uv": [0.1875, 5.125, 0, 4.5], "texture": "#0"},
				"down": {"uv": [4.6875, 0, 4.5, 0.625], "texture": "#0"}
			}
		},
		{
			"from": [7.77, 9.11997, 8.79217],
			"to": [7.885, 9.23497, 8.87842],
			"rotation": {"angle": 0, "axis": "y", "origin": [7.655, 2.21997, -0.06283]},
			"faces": {
				"north": {"uv": [10, 6, 10.125, 6.125], "texture": "#3"},
				"east": {"uv": [8, 12, 8.0625, 12.125], "texture": "#3"},
				"south": {"uv": [8, 10, 8.125, 10.125], "texture": "#3"},
				"west": {"uv": [12, 8, 12.0625, 8.125], "texture": "#3"},
				"up": {"uv": [10.125, 12.0625, 10, 12], "texture": "#3"},
				"down": {"uv": [12.125, 10, 12, 10.0625], "texture": "#3"}
			}
		},
		{
			"from": [7.59934, 9.05929, 8.77176],
			"to": [8.40066, 9.17383, 8.8863],
			"rotation": {"angle": 45, "axis": "x", "origin": [8.45839, 9.18556, 8.84346]},
			"faces": {
				"north": {"uv": [6, 4, 6.8125, 4.125], "texture": "#3"},
				"east": {"uv": [10, 8, 10.125, 8.125], "texture": "#3"},
				"south": {"uv": [6, 6, 6.8125, 6.125], "texture": "#3"},
				"west": {"uv": [10, 10, 10.125, 10.125], "texture": "#3"},
				"up": {"uv": [0.8125, 7.125, 0, 7], "texture": "#3"},
				"down": {"uv": [2.8125, 7, 2, 7.125], "texture": "#3"}
			}
		},
		{
			"from": [8.115, 9.11997, 8.79217],
			"to": [8.23, 9.23497, 8.87842],
			"rotation": {"angle": 0, "axis": "y", "origin": [7.655, 2.21997, -0.06283]},
			"faces": {
				"north": {"uv": [0, 11, 0.125, 11.125], "texture": "#3"},
				"east": {"uv": [12, 12, 12.0625, 12.125], "texture": "#3"},
				"south": {"uv": [2, 11, 2.125, 11.125], "texture": "#3"},
				"west": {"uv": [0, 13, 0.0625, 13.125], "texture": "#3"},
				"up": {"uv": [2.125, 13.0625, 2, 13], "texture": "#3"},
				"down": {"uv": [4.125, 13, 4, 13.0625], "texture": "#3"}
			}
		},
		{
			"from": [7.885, 9.11997, 8.79217],
			"to": [8.115, 9.34997, 8.87842],
			"rotation": {"angle": 0, "axis": "y", "origin": [7.655, 2.21997, -0.06283]},
			"faces": {
				"north": {"uv": [8, 8, 8.25, 8.25], "texture": "#3"},
				"east": {"uv": [4, 11, 4.0625, 11.25], "texture": "#3"},
				"south": {"uv": [0, 9, 0.25, 9.25], "texture": "#3"},
				"west": {"uv": [12, 0, 12.0625, 0.25], "texture": "#3"},
				"up": {"uv": [12.25, 2.0625, 12, 2], "texture": "#3"},
				"down": {"uv": [12.25, 4, 12, 4.0625], "texture": "#3"}
			}
		},
		{
			"from": [7.77, 9.03372, 8.79217],
			"to": [8.23, 9.11997, 8.96467],
			"rotation": {"angle": 0, "axis": "y", "origin": [7.655, 2.24872, -0.06283]},
			"faces": {
				"north": {"uv": [10, 4, 10.4375, 4.0625], "texture": "#3"},
				"east": {"uv": [6, 12, 6.1875, 12.0625], "texture": "#3"},
				"south": {"uv": [6, 10, 6.4375, 10.0625], "texture": "#3"},
				"west": {"uv": [12, 6, 12.1875, 6.0625], "texture": "#3"},
				"up": {"uv": [6.4375, 8.1875, 6, 8], "texture": "#3"},
				"down": {"uv": [8.4375, 6, 8, 6.1875], "texture": "#3"}
			}
		},
		{
			"from": [7.655, 8.86122, 7.75717],
			"to": [8.345, 9.03372, 9.13717],
			"rotation": {"angle": 0, "axis": "y", "origin": [7.655, 2.30622, -0.06283]},
			"faces": {
				"north": {"uv": [6, 0, 6.6875, 0.1875], "texture": "#3"},
				"east": {"uv": [0, 3, 1.375, 3.1875], "texture": "#3"},
				"south": {"uv": [6, 2, 6.6875, 2.1875], "texture": "#3"},
				"west": {"uv": [3, 3, 4.375, 3.1875], "texture": "#3"},
				"up": {"uv": [0.6875, 1.375, 0, 0], "texture": "#3"},
				"down": {"uv": [2.6875, 0, 2, 1.375], "texture": "#3"}
			}
		},
		{
			"from": [8.23, 9.03372, 8.33217],
			"to": [8.345, 9.34997, 9.13717],
			"rotation": {"angle": 0, "axis": "y", "origin": [7.425, 2.24872, -0.06283]},
			"faces": {
				"north": {"uv": [2, 9, 2.125, 9.3125], "texture": "#3"},
				"east": {"uv": [4, 0, 4.8125, 0.3125], "texture": "#3"},
				"south": {"uv": [4, 9, 4.125, 9.3125], "texture": "#3"},
				"west": {"uv": [0, 5, 0.8125, 5.3125], "texture": "#3"},
				"up": {"uv": [4.125, 7.8125, 4, 7], "texture": "#3"},
				"down": {"uv": [8.125, 0, 8, 0.8125], "texture": "#3"}
			}
		},
		{
			"from": [7.655, 9.03372, 8.33217],
			"to": [7.77, 9.34997, 9.13717],
			"rotation": {"angle": 0, "axis": "y", "origin": [7.655, 2.24872, -0.06283]},
			"faces": {
				"north": {"uv": [10, 0, 10.125, 0.3125], "texture": "#3"},
				"east": {"uv": [2, 5, 2.8125, 5.3125], "texture": "#3"},
				"south": {"uv": [10, 2, 10.125, 2.3125], "texture": "#3"},
				"west": {"uv": [4, 5, 4.8125, 5.3125], "texture": "#3"},
				"up": {"uv": [8.125, 2.8125, 8, 2], "texture": "#3"},
				"down": {"uv": [8.125, 4, 8, 4.8125], "texture": "#3"}
			}
		},
		{
			"from": [7.54, 8.17122, 4.73842],
			"to": [8.46, 8.86122, 5.22717],
			"rotation": {"angle": 0, "axis": "y", "origin": [7.54, 4.26122, 2.26592]},
			"faces": {
				"north": {"uv": [3.5, 7.5, 3.6875, 7.625], "texture": "#0"},
				"east": {"uv": [3.5, 8, 3.625, 8.125], "texture": "#0"},
				"south": {"uv": [7.5, 4, 7.6875, 4.125], "texture": "#0"},
				"west": {"uv": [8, 3.75, 8.125, 3.875], "texture": "#0"},
				"up": {"uv": [7.6875, 4.625, 7.5, 4.5], "texture": "#0"},
				"down": {"uv": [4.9375, 7.5, 4.75, 7.625], "texture": "#0"}
			}
		},
		{
			"from": [7.54, 8.63122, 5.22717],
			"to": [8.46, 8.86122, 7.06717],
			"rotation": {"angle": 0, "axis": "y", "origin": [7.54, 4.26122, 2.81217]},
			"faces": {
				"north": {"uv": [8.75, 2, 8.9375, 2.0625], "texture": "#0"},
				"east": {"uv": [7, 7.5, 7.375, 7.5625], "texture": "#0"},
				"south": {"uv": [3, 8.75, 3.1875, 8.8125], "texture": "#0"},
				"west": {"uv": [7.75, 0, 8.125, 0.0625], "texture": "#0"},
				"up": {"uv": [5.6875, 3.875, 5.5, 3.5], "texture": "#0"},
				"down": {"uv": [5.6875, 4.25, 5.5, 4.625], "texture": "#0"}
			}
		},
		{
			"from": [7.54, 8.17122, 5.22717],
			"to": [7.8275, 8.63122, 7.06717],
			"rotation": {"angle": 0, "axis": "y", "origin": [7.54, 4.17497, 2.81217]},
			"faces": {
				"north": {"uv": [9.5, 4, 9.5625, 4.125], "texture": "#0"},
				"east": {"uv": [0, 6.5, 0.375, 6.625], "texture": "#0"},
				"south": {"uv": [4.5, 9.5, 4.5625, 9.625], "texture": "#0"},
				"west": {"uv": [6.5, 2.5, 6.875, 2.625], "texture": "#0"},
				"up": {"uv": [7.8125, 0.875, 7.75, 0.5], "texture": "#0"},
				"down": {"uv": [1.0625, 7.75, 1, 8.125], "texture": "#0"}
			}
		},
		{
			"from": [7.59031, 7.48122, 7.52717],
			"to": [8.42406, 8.19997, 10.17217],
			"rotation": {"angle": 0, "axis": "y", "origin": [7.53281, 4.26122, 2.81217]},
			"faces": {
				"north": {"uv": [7.75, 1.25, 7.9375, 1.375], "texture": "#0"},
				"east": {"uv": [5.5, 5, 6.0625, 5.125], "texture": "#0"},
				"south": {"uv": [1.5, 7.75, 1.6875, 7.875], "texture": "#0"},
				"west": {"uv": [5.5, 5.5, 6.0625, 5.625], "texture": "#0"},
				"up": {"uv": [4.6875, 2.5625, 4.5, 2], "texture": "#0"},
				"down": {"uv": [4.6875, 4.25, 4.5, 4.8125], "texture": "#0"}
			}
		},
		{
			"from": [7.59031, 7.48122, 4.76717],
			"to": [8.42406, 8.19997, 5.45717],
			"rotation": {"angle": 0, "axis": "y", "origin": [7.53281, 4.26122, 3.04217]},
			"faces": {
				"north": {"uv": [7.75, 1.75, 7.9375, 1.875], "texture": "#0"},
				"east": {"uv": [8, 4.25, 8.125, 4.375], "texture": "#0"},
				"south": {"uv": [7.75, 2.25, 7.9375, 2.375], "texture": "#0"},
				"west": {"uv": [4.75, 8, 4.875, 8.125], "texture": "#0"},
				"up": {"uv": [3.1875, 7.875, 3, 7.75], "texture": "#0"},
				"down": {"uv": [7.9375, 3.25, 7.75, 3.375], "texture": "#0"}
			}
		},
		{
			"from": [7.79156, 7.53872, 5.45717],
			"to": [8.22281, 7.59622, 7.64217],
			"rotation": {"angle": 0, "axis": "y", "origin": [7.59031, 4.26122, 2.69717]},
			"faces": {
				"north": {"uv": [9.5, 4.5, 9.625, 4.5625], "texture": "#0"},
				"east": {"uv": [4, 6.75, 4.5, 6.8125], "texture": "#0"},
				"south": {"uv": [5, 9.5, 5.125, 9.5625], "texture": "#0"},
				"west": {"uv": [6.5, 6.75, 7, 6.8125], "texture": "#0"},
				"up": {"uv": [3.625, 6.5, 3.5, 6], "texture": "#0"},
				"down": {"uv": [6.125, 3.5, 6, 4], "texture": "#0"}
			}
		},
		{
			"from": [7.59031, 7.79747, 5.45717],
			"to": [8.42406, 8.19997, 7.52717],
			"rotation": {"angle": 0, "axis": "y", "origin": [7.53281, 4.26122, 2.46717]},
			"faces": {
				"north": {"uv": [8.75, 3, 8.9375, 3.0625], "texture": "#0"},
				"east": {"uv": [0, 7, 0.4375, 7.0625], "texture": "#0"},
				"south": {"uv": [4, 8.75, 4.1875, 8.8125], "texture": "#0"},
				"west": {"uv": [7, 3.5, 7.4375, 3.5625], "texture": "#0"},
				"up": {"uv": [3.6875, 5.6875, 3.5, 5.25], "texture": "#0"},
				"down": {"uv": [4.1875, 5.25, 4, 5.6875], "texture": "#0"}
			}
		},
		{
			"from": [8.22281, 7.48122, 5.45717],
			"to": [8.42406, 7.79747, 7.52717],
			"rotation": {"angle": 0, "axis": "y", "origin": [7.53281, 4.54872, 2.46717]},
			"faces": {
				"north": {"uv": [8, 10.75, 8.0625, 10.8125], "texture": "#0"},
				"east": {"uv": [4.75, 7, 5.1875, 7.0625], "texture": "#0"},
				"south": {"uv": [10.75, 8, 10.8125, 8.0625], "texture": "#0"},
				"west": {"uv": [7, 5.25, 7.4375, 5.3125], "texture": "#0"},
				"up": {"uv": [3.0625, 7.4375, 3, 7], "texture": "#0"},
				"down": {"uv": [5.5625, 7, 5.5, 7.4375], "texture": "#0"}
			}
		},
		{
			"from": [7.59031, 7.48122, 5.45717],
			"to": [7.79156, 7.79747, 7.52717],
			"rotation": {"angle": 0, "axis": "y", "origin": [7.41781, 4.54872, 2.46717]},
			"faces": {
				"north": {"uv": [8.5, 10.75, 8.5625, 10.8125], "texture": "#0"},
				"east": {"uv": [7, 5.75, 7.4375, 5.8125], "texture": "#0"},
				"south": {"uv": [9, 10.75, 9.0625, 10.8125], "texture": "#0"},
				"west": {"uv": [7, 6.25, 7.4375, 6.3125], "texture": "#0"},
				"up": {"uv": [6.0625, 7.4375, 6, 7], "texture": "#0"},
				"down": {"uv": [7.3125, 0, 7.25, 0.4375], "texture": "#0"}
			}
		}
	],
	"display": {
		"thirdperson_righthand": {
			"rotation": [58, 0, 0],
			"translation": [0, 1, 0.25],
			"scale": [1.31, 1.31, 1.31]
		},
		"thirdperson_lefthand": {
			"rotation": [58, 0, 0],
			"translation": [0, 1, 0.25],
			"scale": [1.31, 1.31, 1.31]
		},
		"firstperson_righthand": {
			"rotation": [1, 0, -33],
			"translation": [-4.5, 5, 3],
			"scale": [1.31, 1.31, 1.31]
		},
		"firstperson_lefthand": {
			"rotation": [1, 0, -33],
			"translation": [-4.5, 5, 3],
			"scale": [1.31, 1.31, 1.31]
		},
		"ground": {
			"scale": [1.64, 1.64, 1.64]
		},
		"gui": {
			"rotation": [23, -145.5, 1],
			"translation": [0.5, 0.5, 0],
			"scale": [2.7, 2.7, 2.7]
		},
		"head": {
			"rotation": [91, 44, -86],
			"translation": [4.25, -9.5, 5],
			"scale": [0, 0, 0]
		},
		"fixed": {
			"rotation": [91, 44, -86],
			"translation": [-0.25, 1, 0],
			"scale": [1.54, 1.54, 1.54]
		}
	},
	"groups": [
		{
			"name": "Body",
			"origin": [7.98208, 12.55696, 3.46976],
			"color": 0,
			"children": [
				0,
				1,
				2,
				3,
				4,
				5,
				6,
				7,
				8,
				9,
				10,
				11,
				12,
				13,
				14,
				15,
				16,
				{
					"name": "Sights",
					"origin": [7.68208, 2.80696, 0.46976],
					"color": 0,
					"children": [17, 18, 19, 20, 21, 22, 23, 24]
				},
				25,
				26,
				27
			]
		},
		{
			"name": "Receiver",
			"origin": [8, 8, 8],
			"color": 0,
			"children": [28, 29, 30, 31, 32, 33]
		}
	]
}