{
	"credit": "Made with Blockbench",
	"textures": {
		"0": "fw:guns/05/supernova",
		"particle": "fw:player/steve"
	},
	"elements": [
		{
			"from": [7.33428, 7.85006, 6.57494],
			"to": [7.71378, 8.22956, 13.59194],
			"rotation": {"angle": 45, "axis": "z", "origin": [7.95528, 8.52856, 5.78719]},
			"faces": {
				"north": {"uv": [9.5, 5.5, 9.5625, 5.5625], "texture": "#0"},
				"east": {"uv": [5, 1.5, 6.375, 1.5625], "texture": "#0"},
				"south": {"uv": [6, 9.5, 6.0625, 9.5625], "texture": "#0"},
				"west": {"uv": [5, 2, 6.375, 2.0625], "texture": "#0"},
				"up": {"uv": [5.0625, 4.875, 5, 3.5], "texture": "#0"},
				"down": {"uv": [3.0625, 5.25, 3, 6.625], "texture": "#0"}
			}
		},
		{
			"from": [7.26528, 7.78106, 5.58594],
			"to": [7.78278, 8.29856, 6.24719],
			"rotation": {"angle": 45, "axis": "z", "origin": [7.95528, 8.52856, 5.78719]},
			"faces": {
				"north": {"uv": [6.5, 9.5, 6.5625, 9.5625], "texture": "#0"},
				"east": {"uv": [8.75, 6.5, 8.875, 6.5625], "texture": "#0"},
				"south": {"uv": [9.5, 7.75, 9.5625, 7.8125], "texture": "#0"},
				"west": {"uv": [8.75, 7, 8.875, 7.0625], "texture": "#0"},
				"up": {"uv": [7.3125, 8.875, 7.25, 8.75], "texture": "#0"},
				"down": {"uv": [8.8125, 7.5, 8.75, 7.625], "texture": "#0"}
			}
		},
		{
			"from": [7.29641, 7.80406, 6.14944],
			"to": [7.76791, 8.27556, 6.33344],
			"rotation": {"angle": 45, "axis": "z", "origin": [7.96341, 8.52856, 5.72394]},
			"faces": {
				"north": {"uv": [9.5, 9, 9.5625, 9.0625], "texture": "#0"},
				"east": {"uv": [9.5, 9.5, 9.5625, 9.5625], "texture": "#0"},
				"south": {"uv": [9.75, 0.5, 9.8125, 0.5625], "texture": "#0"},
				"west": {"uv": [9.75, 1, 9.8125, 1.0625], "texture": "#0"},
				"up": {"uv": [1.5625, 9.8125, 1.5, 9.75], "texture": "#0"},
				"down": {"uv": [9.8125, 1.5, 9.75, 1.5625], "texture": "#0"}
			}
		},
		{
			"from": [7.27103, 7.78681, 6.31044],
			"to": [7.77703, 8.29281, 6.64394],
			"rotation": {"angle": 45, "axis": "z", "origin": [7.95528, 8.52856, 5.78719]},
			"faces": {
				"north": {"uv": [9.75, 2, 9.8125, 2.0625], "texture": "#0"},
				"east": {"uv": [3, 9.75, 3.0625, 9.8125], "texture": "#0"},
				"south": {"uv": [9.75, 3, 9.8125, 3.0625], "texture": "#0"},
				"west": {"uv": [4, 9.75, 4.0625, 9.8125], "texture": "#0"},
				"up": {"uv": [9.8125, 5.0625, 9.75, 5], "texture": "#0"},
				"down": {"uv": [5.5625, 9.75, 5.5, 9.8125], "texture": "#0"}
			}
		},
		{
			"from": [7.87231, 7.86898, 6.33919],
			"to": [8.11956, 8.37498, 6.61519],
			"rotation": {"angle": 0, "axis": "y", "origin": [8.12531, 8.12198, 6.47719]},
			"faces": {
				"north": {"uv": [9.75, 6, 9.8125, 6.0625], "texture": "#0"},
				"east": {"uv": [9.75, 6.5, 9.8125, 6.5625], "texture": "#0"},
				"south": {"uv": [7, 9.75, 7.0625, 9.8125], "texture": "#0"},
				"west": {"uv": [9.75, 7, 9.8125, 7.0625], "texture": "#0"},
				"up": {"uv": [7.5625, 9.8125, 7.5, 9.75], "texture": "#0"},
				"down": {"uv": [8.0625, 9.75, 8, 9.8125], "texture": "#0"}
			}
		}
	],
	"display": {
		"thirdperson_righthand": {
			"rotation": [90, 0, 0],
			"translation": [0, 4.25, 1],
			"scale": [1.31, 1.31, 1.31]
		},
		"thirdperson_lefthand": {
			"rotation": [90, 0, 0],
			"translation": [0, 4.25, 1],
			"scale": [1.31, 1.31, 1.31]
		},
		"firstperson_righthand": {
			"rotation": [90, 0, 0],
			"translation": [-2, 6, 1.75],
			"scale": [1.31, 1.31, 1.31]
		},
		"firstperson_lefthand": {
			"rotation": [90, 0, 0],
			"translation": [-2, 6, 1.75],
			"scale": [1.31, 1.31, 1.31]
		},
		"ground": {
			"scale": [1.64, 1.64, 1.64]
		},
		"gui": {
			"rotation": [23, -145.5, 1],
			"translation": [2.5, -1.5, 0],
			"scale": [2.64, 2.64, 2.64]
		},
		"head": {
			"rotation": [91, 44, -86],
			"translation": [4.25, -9.5, 5],
			"scale": [0, 0, 0]
		},
		"fixed": {
			"rotation": [91, 44, -86],
			"translation": [-1.5, 1.75, 0],
			"scale": [1.54, 1.54, 1.54]
		}
	},
	"groups": [
		{
			"name": "Mag Tube",
			"origin": [7.97802, 12.66338, 11.59103],
			"color": 0,
			"children": [0, 1, 2, 3, 4]
		}
	]
}