{"textures":{"0":"mcc:island_cosmetics/auras/flames/fire_0","1":"mcc:island_cosmetics/auras/flames/base","particle":"mcc:island_cosmetics/auras/flames/fire_0"},"credit":"Made with Blockbench","ambientocclusion":false,"elements":[{"name":"0","from":[1.0,0.0,-8.0],"to":[15.0,26.0,-8.0],"shade":false,"rotation":{"angle":0.0,"axis":"y","origin":[8.0,1.0,8.0]},"faces":{"north":{"uv":[0.0,0.0,16.0,16.0],"texture":"#0","cullface":"south","tintindex":0.0},"south":{"uv":[16.0,0.0,0.0,16.0],"texture":"#0","cullface":"north","tintindex":0.0}}},{"name":"45","from":[-8.0,0.0,1.0],"to":[-8.0,26.0,15.0],"shade":false,"rotation":{"angle":-45.0,"axis":"y","origin":[8.0,1.0,8.0]},"faces":{"east":{"uv":[16.0,0.0,0.0,16.0],"texture":"#0","cullface":"west","tintindex":0.0},"west":{"uv":[0.0,0.0,16.0,16.0],"texture":"#0","cullface":"east","tintindex":0.0}}},{"name":"90","from":[-8.0,0.0,1.0],"to":[-8.0,26.0,15.0],"shade":false,"rotation":{"angle":0.0,"axis":"y","origin":[8.0,1.0,8.0]},"faces":{"east":{"uv":[16.0,0.0,0.0,16.0],"texture":"#0","cullface":"west","tintindex":0.0},"west":{"uv":[0.0,0.0,16.0,16.0],"texture":"#0","cullface":"east","tintindex":0.0}}},{"name":"135","from":[1.0,0.0,24.0],"to":[15.0,26.0,24.0],"shade":false,"rotation":{"angle":-45.0,"axis":"y","origin":[8.0,1.0,8.0]},"faces":{"north":{"uv":[16.0,0.0,0.0,16.0],"texture":"#0","cullface":"south","tintindex":0.0},"south":{"uv":[0.0,0.0,16.0,16.0],"texture":"#0","cullface":"north","tintindex":0.0}}},{"name":"180","from":[1.0,0.0,24.0],"to":[15.0,26.0,24.0],"shade":false,"rotation":{"angle":0.0,"axis":"y","origin":[8.0,1.0,8.0]},"faces":{"north":{"uv":[16.0,0.0,0.0,16.0],"texture":"#0","cullface":"south","tintindex":0.0},"south":{"uv":[0.0,0.0,16.0,16.0],"texture":"#0","cullface":"north","tintindex":0.0}}},{"name":"225","from":[24.0,0.0,1.0],"to":[24.0,26.0,15.0],"shade":false,"rotation":{"angle":-45.0,"axis":"y","origin":[8.0,1.0,8.0]},"faces":{"east":{"uv":[0.0,0.0,16.0,16.0],"texture":"#0","cullface":"west","tintindex":0.0},"west":{"uv":[16.0,0.0,0.0,16.0],"texture":"#0","cullface":"east","tintindex":0.0}}},{"name":"270","from":[24.0,0.0,1.0],"to":[24.0,26.0,15.0],"shade":false,"rotation":{"angle":0.0,"axis":"y","origin":[8.0,1.0,8.0]},"faces":{"east":{"uv":[0.0,0.0,16.0,16.0],"texture":"#0","cullface":"west","tintindex":0.0},"west":{"uv":[16.0,0.0,0.0,16.0],"texture":"#0","cullface":"east","tintindex":0.0}}},{"name":"315","from":[24.0,0.0,1.0],"to":[24.0,26.0,15.0],"shade":false,"rotation":{"angle":45.0,"axis":"y","origin":[8.0,1.0,8.0]},"faces":{"east":{"uv":[0.0,0.0,16.0,16.0],"texture":"#0","cullface":"west","tintindex":0.0},"west":{"uv":[16.0,0.0,0.0,16.0],"texture":"#0","cullface":"east","tintindex":0.0}}},{"from":[-8.0,0.0,1.0],"to":[24.0,0.0,15.0],"rotation":{"angle":0.0,"axis":"y","origin":[8.0,0.0,8.0]},"faces":{"up":{"uv":[0.0,0.0,16.0,16.0],"texture":"#1","cullface":"down","tintindex":0.0},"down":{"uv":[0.0,0.0,16.0,16.0],"texture":"#1","cullface":"up","tintindex":0.0}}},{"from":[-8.0,0.0,1.0],"to":[24.0,0.0,15.0],"rotation":{"angle":45.0,"axis":"y","origin":[8.0,0.0,8.0]},"faces":{"up":{"uv":[0.0,0.0,16.0,16.0],"texture":"#1","cullface":"down","tintindex":0.0},"down":{"uv":[0.0,0.0,16.0,16.0],"texture":"#1","cullface":"up","tintindex":0.0}}},{"from":[1.0,0.0,-8.0],"to":[15.0,0.0,24.0],"rotation":{"angle":0.0,"axis":"y","origin":[8.0,0.0,8.0]},"faces":{"up":{"uv":[0.0,0.0,16.0,16.0],"texture":"#1","cullface":"down","tintindex":0.0},"down":{"uv":[0.0,0.0,16.0,16.0],"rotation":90.0,"texture":"#1","cullface":"up","tintindex":0.0}}},{"from":[1.0,0.0,-8.0],"to":[15.0,0.0,24.0],"rotation":{"angle":45.0,"axis":"y","origin":[8.0,0.0,8.0]},"faces":{"up":{"uv":[0.0,0.0,16.0,16.0],"texture":"#1","cullface":"down","tintindex":0.0},"down":{"uv":[0.0,0.0,16.0,16.0],"rotation":90.0,"texture":"#1","cullface":"up","tintindex":0.0}}}],"display":{"head":{"translation":[0.0,-37.0,0.0],"scale":[0.7,0.7,0.7]}}}