{
	"credit": "Made with Blockbench",
	"ambientocclusion": false,
	"texture_size": [4, 4],
	"textures": {
		"1": "fw:guns/03/p90",
		"2": "fw:guns/03/optic",
		"particle": "fw:player/steve"
	},
	"elements": [
		{
			"from": [6.614, 6.23813, 13.98851],
			"to": [9.386, 9.44813, 23.39351],
			"rotation": {"angle": 0, "axis": "y", "origin": [6.614, 0.89213, 6.06851]},
			"faces": {
				"north": {"uv": [4, 2.75, 4.375, 3.25], "texture": "#1"},
				"east": {"uv": [0, 0, 1.1875, 0.5], "texture": "#1"},
				"south": {"uv": [4, 3.5, 4.375, 4], "texture": "#1"},
				"west": {"uv": [0, 0.75, 1.1875, 1.25], "texture": "#1"},
				"up": {"uv": [2.875, 1.9375, 2.5, 0.75], "texture": "#1"},
				"down": {"uv": [2.875, 2.25, 2.5, 3.4375], "texture": "#1"}
			}
		},
		{
			"from": [6.8615, 2.27813, 15.37451],
			"to": [9.1385, 6.23813, 23.39351],
			"rotation": {"angle": 0, "axis": "y", "origin": [6.614, 4.85213, 6.06851]},
			"faces": {
				"north": {"uv": [4.75, 1, 5.0625, 1.5], "texture": "#1"},
				"east": {"uv": [0, 1.5, 1, 2], "texture": "#1"},
				"south": {"uv": [4.75, 2.75, 5.0625, 3.25], "texture": "#1"},
				"west": {"uv": [1.5, 0, 2.5, 0.5], "texture": "#1"},
				"up": {"uv": [1.8125, 4, 1.5, 3], "texture": "#1"},
				"down": {"uv": [3.5625, 1, 3.25, 2], "texture": "#1"}
			}
		},
		{
			"from": [6.614, 6.23813, 3.98951],
			"to": [9.386, 7.32713, 13.98851],
			"rotation": {"angle": 0, "axis": "y", "origin": [6.614, 0.89213, 6.56351]},
			"faces": {
				"north": {"uv": [8.25, 6, 8.625, 6.125], "texture": "#1"},
				"east": {"uv": [4.75, 3.5, 6, 3.625], "texture": "#1"},
				"south": {"uv": [8.25, 6.5, 8.625, 6.625], "texture": "#1"},
				"west": {"uv": [4.75, 4, 6, 4.125], "texture": "#1"},
				"up": {"uv": [0.375, 3.5, 0, 2.25], "texture": "#1"},
				"down": {"uv": [1.125, 2.25, 0.75, 3.5], "texture": "#1"}
			}
		},
		{
			"from": [6.614, 7.32713, 6.16751],
			"to": [9.386, 8.21813, 12.00851],
			"rotation": {"angle": 0, "axis": "y", "origin": [6.614, -0.19687, 6.56351]},
			"faces": {
				"north": {"uv": [8.25, 7, 8.625, 7.125], "texture": "#1"},
				"east": {"uv": [6.5, 3, 7.25, 3.125], "texture": "#1"},
				"south": {"uv": [7.75, 8.25, 8.125, 8.375], "texture": "#1"},
				"west": {"uv": [6.75, 0, 7.5, 0.125], "texture": "#1"},
				"up": {"uv": [3.625, 3, 3.25, 2.25], "texture": "#1"},
				"down": {"uv": [3.625, 3.25, 3.25, 4], "texture": "#1"}
			}
		},
		{
			"from": [6.416, 7.32713, 12.00851],
			"to": [9.584, 8.21813, 13.98851],
			"rotation": {"angle": 0, "axis": "y", "origin": [6.614, -0.19687, 22.30451]},
			"faces": {
				"north": {"uv": [8.5, 0, 8.875, 0.125], "texture": "#1"},
				"east": {"uv": [7.25, 9.25, 7.5, 9.375], "texture": "#1"},
				"south": {"uv": [8.5, 1, 8.875, 1.125], "texture": "#1"},
				"west": {"uv": [7.75, 9.25, 8, 9.375], "texture": "#1"},
				"up": {"uv": [0.875, 7, 0.5, 6.75], "texture": "#1"},
				"down": {"uv": [1.625, 6.75, 1.25, 7], "texture": "#1"}
			}
		},
		{
			"from": [7.109, 6.53513, -4.72249],
			"to": [8.891, 8.02013, 3.98951],
			"rotation": {"angle": 0, "axis": "y", "origin": [8.6435, 3.11963, -4.82149]},
			"faces": {
				"north": {"uv": [1.5, 8.25, 1.75, 8.4375], "texture": "#1"},
				"east": {"uv": [4, 1.75, 5.125, 1.9375], "texture": "#1"},
				"south": {"uv": [4, 8.25, 4.25, 8.4375], "texture": "#1"},
				"west": {"uv": [4, 2.25, 5.125, 2.4375], "texture": "#1"},
				"up": {"uv": [0.25, 4.875, 0, 3.75], "texture": "#1"},
				"down": {"uv": [0.75, 3.75, 0.5, 4.875], "texture": "#1"}
			}
		},
		{
			"from": [7.109, 8.02013, -5.11849],
			"to": [8.891, 12.47513, -2.94049],
			"rotation": {"angle": 0, "axis": "y", "origin": [8.6435, 2.22863, -4.82149]},
			"faces": {
				"north": {"uv": [5.5, 0, 5.75, 0.5625], "texture": "#1"},
				"east": {"uv": [5.5, 1, 5.75, 1.5625], "texture": "#1"},
				"south": {"uv": [5.5, 2, 5.75, 2.5625], "texture": "#1"},
				"west": {"uv": [2.25, 5.5, 2.5, 6.0625], "texture": "#1"},
				"up": {"uv": [1.25, 4, 1, 3.75], "texture": "#1"},
				"down": {"uv": [5.25, 0, 5, 0.25], "texture": "#1"}
			}
		},
		{
			"from": [7.1585, 10.22901, -4.36295],
			"to": [8.8415, 11.21901, -3.47195],
			"rotation": {"angle": 45, "axis": "x", "origin": [8, 10.13001, -2.13545]},
			"faces": {
				"north": {"uv": [10, 7.5, 10.1875, 7.625], "texture": "#1"},
				"east": {"uv": [10.25, 10, 10.375, 10.125], "texture": "#1"},
				"south": {"uv": [9, 10, 9.1875, 10.125], "texture": "#1"},
				"west": {"uv": [0, 10.5, 0.125, 10.625], "texture": "#1"},
				"up": {"uv": [10.4375, 0.125, 10.25, 0], "texture": "#1"},
				"down": {"uv": [10.4375, 1, 10.25, 1.125], "texture": "#1"}
			}
		},
		{
			"from": [7.01, 2.27813, 11.31551],
			"to": [8.99, 6.23813, 15.37451],
			"rotation": {"angle": 0, "axis": "y", "origin": [6.4655, 4.85213, 5.96951]},
			"faces": {
				"north": {"uv": [6, 0.75, 6.25, 1.25], "texture": "#1"},
				"east": {"uv": [2.25, 3.75, 2.75, 4.25], "texture": "#1"},
				"south": {"uv": [1.25, 6, 1.5, 6.5], "texture": "#1"},
				"west": {"uv": [4, 1, 4.5, 1.5], "texture": "#1"},
				"up": {"uv": [6.25, 2, 6, 1.5], "texture": "#1"},
				"down": {"uv": [2, 6, 1.75, 6.5], "texture": "#1"}
			}
		},
		{
			"from": [7.01, 5.84213, 6.46451],
			"to": [8.99, 6.23813, 11.31551],
			"rotation": {"angle": 0, "axis": "y", "origin": [6.4655, 7.42613, 4.28651]},
			"faces": {
				"north": {"uv": [10.5, 1.5, 10.75, 1.5625], "texture": "#1"},
				"east": {"uv": [9, 2, 9.625, 2.0625], "texture": "#1"},
				"south": {"uv": [1.75, 10.5, 2, 10.5625], "texture": "#1"},
				"west": {"uv": [9, 2.5, 9.625, 2.5625], "texture": "#1"},
				"up": {"uv": [5, 5.125, 4.75, 4.5], "texture": "#1"},
				"down": {"uv": [1.25, 5, 1, 5.625], "texture": "#1"}
			}
		},
		{
			"from": [7.01, 3.66413, 4.18751],
			"to": [8.99, 6.23813, 6.46451],
			"rotation": {"angle": 0, "axis": "y", "origin": [6.4655, 4.85213, 5.96951]},
			"faces": {
				"north": {"uv": [2, 7.25, 2.25, 7.5625], "texture": "#1"},
				"east": {"uv": [6.25, 3.5, 6.5625, 3.8125], "texture": "#1"},
				"south": {"uv": [7.25, 5, 7.5, 5.3125], "texture": "#1"},
				"west": {"uv": [3.75, 6.25, 4.0625, 6.5625], "texture": "#1"},
				"up": {"uv": [6, 7.5625, 5.75, 7.25], "texture": "#1"},
				"down": {"uv": [7.5, 5.75, 7.25, 6.0625], "texture": "#1"}
			}
		},
		{
			"from": [7.901, 3.66413, 2.20751],
			"to": [8.099, 6.23813, 4.48451],
			"rotation": {"angle": 0, "axis": "y", "origin": [4.8815, 4.85213, 5.96951]},
			"faces": {
				"north": {"uv": [5, 10.25, 5.0625, 10.5625], "texture": "#1"},
				"east": {"uv": [6.5, 0.75, 6.8125, 1.0625], "texture": "#1"},
				"south": {"uv": [10.25, 5.75, 10.3125, 6.0625], "texture": "#1"},
				"west": {"uv": [6.5, 1.5, 6.8125, 1.8125], "texture": "#1"},
				"up": {"uv": [6.5625, 10.5625, 6.5, 10.25], "texture": "#1"},
				"down": {"uv": [10.3125, 6.5, 10.25, 6.8125], "texture": "#1"}
			}
		},
		{
			"from": [7.208, 3.46613, 1.71251],
			"to": [8.792, 4.25813, 4.38551],
			"rotation": {"angle": 0, "axis": "y", "origin": [6.4655, 4.85213, 7.25651]},
			"faces": {
				"north": {"uv": [1.25, 10.25, 1.4375, 10.375], "texture": "#1"},
				"east": {"uv": [9, 3, 9.3125, 3.125], "texture": "#1"},
				"south": {"uv": [2.5, 10.25, 2.6875, 10.375], "texture": "#1"},
				"west": {"uv": [9, 4.5, 9.3125, 4.625], "texture": "#1"},
				"up": {"uv": [0.6875, 8.5625, 0.5, 8.25], "texture": "#1"},
				"down": {"uv": [1.1875, 8.25, 1, 8.5625], "texture": "#1"}
			}
		},
		{
			"from": [7.01, 3.81263, 1.66301],
			"to": [8.99, 4.30763, 3.29651],
			"rotation": {"angle": 0, "axis": "y", "origin": [6.3665, 4.85213, 7.25651]},
			"faces": {
				"north": {"uv": [10.5, 2, 10.75, 2.0625], "texture": "#1"},
				"east": {"uv": [0.5, 11.25, 0.6875, 11.3125], "texture": "#1"},
				"south": {"uv": [10.5, 7.25, 10.75, 7.3125], "texture": "#1"},
				"west": {"uv": [11.25, 0.5, 11.4375, 0.5625], "texture": "#1"},
				"up": {"uv": [0.25, 8.6875, 0, 8.5], "texture": "#1"},
				"down": {"uv": [8.75, 3, 8.5, 3.1875], "texture": "#1"}
			}
		},
		{
			"from": [7.20998, 2.5908, 0.08677],
			"to": [8.79002, 3.37884, 2.90431],
			"rotation": {"angle": -22.5, "axis": "x", "origin": [8.5445, 3.38082, 0.62929]},
			"faces": {
				"north": {"uv": [10.25, 2.75, 10.4375, 2.875], "texture": "#1"},
				"east": {"uv": [8.5, 3.5, 8.875, 3.625], "texture": "#1"},
				"south": {"uv": [3, 10.25, 3.1875, 10.375], "texture": "#1"},
				"west": {"uv": [8.5, 4, 8.875, 4.125], "texture": "#1"},
				"up": {"uv": [4.6875, 8.125, 4.5, 7.75], "texture": "#1"},
				"down": {"uv": [7.9375, 5.5, 7.75, 5.875], "texture": "#1"}
			}
		},
		{
			"from": [7.01, 5.24813, -5.11849],
			"to": [8.99, 6.63413, -0.26749],
			"rotation": {"angle": 0, "axis": "y", "origin": [6.4655, 4.85213, 5.96951]},
			"faces": {
				"north": {"uv": [4.5, 8.5, 4.75, 8.6875], "texture": "#1"},
				"east": {"uv": [5.5, 3, 6.125, 3.1875], "texture": "#1"},
				"south": {"uv": [5.75, 8.5, 6, 8.6875], "texture": "#1"},
				"west": {"uv": [6, 4.5, 6.625, 4.6875], "texture": "#1"},
				"up": {"uv": [3, 5.625, 2.75, 5], "texture": "#1"},
				"down": {"uv": [3.5, 5, 3.25, 5.625], "texture": "#1"}
			}
		},
		{
			"from": [7.01198, 3.48488, -4.52908],
			"to": [8.98802, 5.55992, -3.54304],
			"rotation": {"angle": -22.5, "axis": "x", "origin": [8, 3.9284, -4.03606]},
			"faces": {
				"north": {"uv": [8, 1, 8.25, 1.25], "texture": "#1"},
				"east": {"uv": [8.25, 9.25, 8.375, 9.5], "texture": "#1"},
				"south": {"uv": [8, 4, 8.25, 4.25], "texture": "#1"},
				"west": {"uv": [0, 9.5, 0.125, 9.75], "texture": "#1"},
				"up": {"uv": [0.75, 9.625, 0.5, 9.5], "texture": "#1"},
				"down": {"uv": [9.75, 0.5, 9.5, 0.625], "texture": "#1"}
			}
		},
		{
			"from": [7.01, 2.37713, -1.85149],
			"to": [8.99, 5.24813, -0.26749],
			"rotation": {"angle": 0, "axis": "y", "origin": [8.5445, 3.31763, -4.72249]},
			"faces": {
				"north": {"uv": [2.25, 6.5, 2.5, 6.875], "texture": "#1"},
				"east": {"uv": [7.75, 6.25, 7.9375, 6.625], "texture": "#1"},
				"south": {"uv": [2.75, 6.75, 3, 7.125], "texture": "#1"},
				"west": {"uv": [7.75, 7, 7.9375, 7.375], "texture": "#1"},
				"up": {"uv": [6.5, 8.6875, 6.25, 8.5], "texture": "#1"},
				"down": {"uv": [8.75, 8.25, 8.5, 8.4375], "texture": "#1"}
			}
		},
		{
			"from": [7.01198, 2.01228, -1.29232],
			"to": [8.98802, 3.59232, 1.17872],
			"rotation": {"angle": 22.5, "axis": "x", "origin": [8.5445, 3.5943, -0.6508]},
			"faces": {
				"north": {"uv": [1.5, 8.75, 1.75, 8.9375], "texture": "#1"},
				"east": {"uv": [8.25, 1.5, 8.5625, 1.6875], "texture": "#1"},
				"south": {"uv": [2.5, 8.75, 2.75, 8.9375], "texture": "#1"},
				"west": {"uv": [8.25, 2, 8.5625, 2.1875], "texture": "#1"},
				"up": {"uv": [6.5, 7.5625, 6.25, 7.25], "texture": "#1"},
				"down": {"uv": [7.5, 6.5, 7.25, 6.8125], "texture": "#1"}
			}
		},
		{
			"from": [7.01, 1.42999, 0.43511],
			"to": [8.99, 3.01399, 2.71211],
			"rotation": {"angle": 0, "axis": "y", "origin": [8.5445, 2.22199, 1.67261]},
			"faces": {
				"north": {"uv": [3, 8.75, 3.25, 8.9375], "texture": "#1"},
				"east": {"uv": [2.5, 8.25, 2.8125, 8.4375], "texture": "#1"},
				"south": {"uv": [3.5, 8.75, 3.75, 8.9375], "texture": "#1"},
				"west": {"uv": [8.25, 2.5, 8.5625, 2.6875], "texture": "#1"},
				"up": {"uv": [7, 7.5625, 6.75, 7.25], "texture": "#1"},
				"down": {"uv": [7.5, 7.25, 7.25, 7.5625], "texture": "#1"}
			}
		},
		{
			"from": [7.01, 6.04013, -0.26749],
			"to": [8.99, 6.63413, 4.18751],
			"rotation": {"angle": 0, "axis": "y", "origin": [6.4655, 4.85213, 4.88051]},
			"faces": {
				"north": {"uv": [9, 10.5, 9.25, 10.5625], "texture": "#1"},
				"east": {"uv": [9.25, 0, 9.8125, 0.0625], "texture": "#1"},
				"south": {"uv": [9.5, 10.5, 9.75, 10.5625], "texture": "#1"},
				"west": {"uv": [9.25, 1, 9.8125, 1.0625], "texture": "#1"},
				"up": {"uv": [5, 6.0625, 4.75, 5.5], "texture": "#1"},
				"down": {"uv": [0.25, 6, 0, 6.5625], "texture": "#1"}
			}
		},
		{
			"from": [7.01198, 1.55183, 10.33397],
			"to": [8.98802, 3.82487, 13.49801],
			"rotation": {"angle": -22.5, "axis": "x", "origin": [8.198, 2.68835, 11.61899]},
			"faces": {
				"north": {"uv": [2.5, 7.5, 2.75, 7.8125], "texture": "#1"},
				"east": {"uv": [6, 5, 6.375, 5.3125], "texture": "#1"},
				"south": {"uv": [3, 7.5, 3.25, 7.8125], "texture": "#1"},
				"west": {"uv": [5.25, 6, 5.625, 6.3125], "texture": "#1"},
				"up": {"uv": [3.5, 7.125, 3.25, 6.75], "texture": "#1"},
				"down": {"uv": [7, 5, 6.75, 5.375], "texture": "#1"}
			}
		},
		{
			"from": [7.01198, 1.28411, 4.76608],
			"to": [8.98802, 4.84415, 7.23712],
			"rotation": {"angle": -45, "axis": "x", "origin": [8.198, 3.55913, 5.9026]},
			"faces": {
				"north": {"uv": [3.25, 6, 3.5, 6.4375], "texture": "#1"},
				"east": {"uv": [6, 0, 6.3125, 0.4375], "texture": "#1"},
				"south": {"uv": [6, 5.75, 6.25, 6.1875], "texture": "#1"},
				"west": {"uv": [0.5, 6, 0.8125, 6.4375], "texture": "#1"},
				"up": {"uv": [7.75, 3.3125, 7.5, 3], "texture": "#1"},
				"down": {"uv": [7.75, 3.75, 7.5, 4.0625], "texture": "#1"}
			}
		},
		{
			"from": [7.01, 1.144, 6.70764],
			"to": [8.99, 3.421, 10.86564],
			"rotation": {"angle": 0, "axis": "y", "origin": [8.198, 2.6785, 7.59864]},
			"faces": {
				"north": {"uv": [5.25, 7.5, 5.5, 7.8125], "texture": "#1"},
				"east": {"uv": [0, 5.25, 0.5, 5.5625], "texture": "#1"},
				"south": {"uv": [0, 7.75, 0.25, 8.0625], "texture": "#1"},
				"west": {"uv": [1.5, 5.25, 2, 5.5625], "texture": "#1"},
				"up": {"uv": [6.25, 2.75, 6, 2.25], "texture": "#1"},
				"down": {"uv": [3, 6, 2.75, 6.5], "texture": "#1"}
			}
		},
		{
			"from": [7.109, 8.11913, -2.94049],
			"to": [8.891, 9.40613, 12.99851],
			"rotation": {"angle": 0, "axis": "y", "origin": [6.911, -0.19687, 6.56351]},
			"faces": {
				"north": {"uv": [4, 8.75, 4.25, 8.9375], "texture": "#1"},
				"east": {"uv": [2.75, 0, 4.75, 0.1875], "texture": "#1"},
				"south": {"uv": [5, 8.75, 5.25, 8.9375], "texture": "#1"},
				"west": {"uv": [3.25, 0.5, 5.25, 0.6875], "texture": "#1"},
				"up": {"uv": [1.75, 2.75, 1.5, 0.75], "texture": "#1"},
				"down": {"uv": [2.25, 0.75, 2, 2.75], "texture": "#1"}
			}
		},
		{
			"from": [6.83675, 7.72313, 11.81051],
			"to": [9.16325, 8.11913, 14.13701],
			"rotation": {"angle": 0, "axis": "y", "origin": [6.68825, 2.37713, 6.66251]},
			"faces": {
				"north": {"uv": [7, 10.25, 7.3125, 10.3125], "texture": "#1"},
				"east": {"uv": [7.75, 10.25, 8.0625, 10.3125], "texture": "#1"},
				"south": {"uv": [10.25, 8, 10.5625, 8.0625], "texture": "#1"},
				"west": {"uv": [10.25, 8.5, 10.5625, 8.5625], "texture": "#1"},
				"up": {"uv": [6.8125, 2.5625, 6.5, 2.25], "texture": "#1"},
				"down": {"uv": [4.8125, 6.5, 4.5, 6.8125], "texture": "#1"}
			}
		},
		{
			"from": [6.83675, 8.11913, 12.80051],
			"to": [9.16325, 9.40613, 14.13701],
			"rotation": {"angle": 0, "axis": "y", "origin": [6.68825, 1.18913, 6.66251]},
			"faces": {
				"north": {"uv": [3.25, 8.25, 3.5625, 8.4375], "texture": "#1"},
				"east": {"uv": [4.5, 9, 4.6875, 9.1875], "texture": "#1"},
				"south": {"uv": [8.25, 4.5, 8.5625, 4.6875], "texture": "#1"},
				"west": {"uv": [6.25, 9, 6.4375, 9.1875], "texture": "#1"},
				"up": {"uv": [5.3125, 8.4375, 5, 8.25], "texture": "#1"},
				"down": {"uv": [8.5625, 5.5, 8.25, 5.6875], "texture": "#1"}
			}
		},
		{
			"from": [6.6635, 7.32713, 3.98951],
			"to": [9.3365, 8.21813, 6.16751],
			"rotation": {"angle": 0, "axis": "y", "origin": [6.5645, -0.19687, 8.04851]},
			"faces": {
				"north": {"uv": [5.5, 9, 5.8125, 9.125], "texture": "#1"},
				"east": {"uv": [1, 9.5, 1.25, 9.625], "texture": "#1"},
				"south": {"uv": [9, 5.5, 9.3125, 5.625], "texture": "#1"},
				"west": {"uv": [9.5, 1.5, 9.75, 1.625], "texture": "#1"},
				"up": {"uv": [7.8125, 4.75, 7.5, 4.5], "texture": "#1"},
				"down": {"uv": [8.0625, 0, 7.75, 0.25], "texture": "#1"}
			}
		},
		{
			"from": [9.3365, 7.70996, 3.73613],
			"to": [9.5345, 10.77896, 5.91413],
			"rotation": {"angle": -22.5, "axis": "x", "origin": [7.8515, 8.15546, 4.82513]},
			"faces": {
				"north": {"uv": [10.25, 3.25, 10.3125, 3.625], "texture": "#1"},
				"east": {"uv": [5.25, 6.75, 5.5, 7.125], "texture": "#1"},
				"south": {"uv": [3.5, 10.25, 3.5625, 10.625], "texture": "#1"},
				"west": {"uv": [6.75, 6.5, 7, 6.875], "texture": "#1"},
				"up": {"uv": [10.0625, 10.75, 10, 10.5], "texture": "#1"},
				"down": {"uv": [10.5625, 10.5, 10.5, 10.75], "texture": "#1"}
			}
		},
		{
			"from": [6.4655, 7.70996, 3.73613],
			"to": [6.6635, 10.77896, 5.91413],
			"rotation": {"angle": -22.5, "axis": "x", "origin": [8.1485, 8.15546, 4.82513]},
			"faces": {
				"north": {"uv": [4, 10.25, 4.0625, 10.625], "texture": "#1"},
				"east": {"uv": [0, 7, 0.25, 7.375], "texture": "#1"},
				"south": {"uv": [10.25, 4, 10.3125, 4.375], "texture": "#1"},
				"west": {"uv": [7, 3.5, 7.25, 3.875], "texture": "#1"},
				"up": {"uv": [10.8125, 0.25, 10.75, 0], "texture": "#1"},
				"down": {"uv": [0.5625, 10.75, 0.5, 11], "texture": "#1"}
			}
		},
		{
			"from": [7.109, 10.83171, 5.78333],
			"to": [8.891, 12.11871, 6.17933],
			"rotation": {"angle": -22.5, "axis": "x", "origin": [9.188, 7.51521, 5.09033]},
			"faces": {
				"north": {"uv": [8.75, 5, 9, 5.1875], "texture": "#1"},
				"east": {"uv": [1, 11.25, 1.0625, 11.4375], "texture": "#1"},
				"south": {"uv": [6.75, 8.75, 7, 8.9375], "texture": "#1"},
				"west": {"uv": [11.25, 1, 11.3125, 1.1875], "texture": "#1"},
				"up": {"uv": [11, 0.5625, 10.75, 0.5], "texture": "#1"},
				"down": {"uv": [1.25, 10.75, 1, 10.8125], "texture": "#1"}
			}
		},
		{
			"from": [6.6635, 9.7948, 2.77005],
			"to": [9.3365, 10.5868, 4.94805],
			"rotation": {"angle": -22.5, "axis": "x", "origin": [7.802, 10.4878, 3.85905]},
			"faces": {
				"north": {"uv": [9, 6, 9.3125, 6.125], "texture": "#1"},
				"east": {"uv": [2, 9.5, 2.25, 9.625], "texture": "#1"},
				"south": {"uv": [9, 6.5, 9.3125, 6.625], "texture": "#1"},
				"west": {"uv": [4.5, 9.5, 4.75, 9.625], "texture": "#1"},
				"up": {"uv": [0.8125, 8, 0.5, 7.75], "texture": "#1"},
				"down": {"uv": [1.5625, 7.75, 1.25, 8], "texture": "#1"}
			}
		},
		{
			"from": [7.11296, 10.30082, 2.1337],
			"to": [8.891, 10.69286, 4.30774],
			"rotation": {"angle": 0, "axis": "y", "origin": [8.44748, 10.49684, 3.81472]},
			"faces": {
				"north": {"uv": [10.75, 1, 11, 1.0625], "texture": "#1"},
				"east": {"uv": [2.25, 10.75, 2.5, 10.8125], "texture": "#1"},
				"south": {"uv": [10.75, 2.5, 11, 2.5625], "texture": "#1"},
				"west": {"uv": [2.75, 10.75, 3, 10.8125], "texture": "#1"},
				"up": {"uv": [6, 8.25, 5.75, 8], "texture": "#1"},
				"down": {"uv": [6.5, 8, 6.25, 8.25], "texture": "#1"}
			}
		},
		{
			"from": [7.11098, 10.1645, -2.92497],
			"to": [8.88902, 10.95254, 1.87257],
			"rotation": {"angle": 0, "axis": "y", "origin": [8.198, 10.85552, 3.90405]},
			"faces": {
				"north": {"uv": [5.5, 9.5, 5.75, 9.625], "texture": "#1"},
				"east": {"uv": [3.5, 7.75, 4.125, 7.875], "texture": "#1"},
				"south": {"uv": [6, 9.5, 6.25, 9.625], "texture": "#1"},
				"west": {"uv": [7.75, 5, 8.375, 5.125], "texture": "#1"},
				"up": {"uv": [4, 5.875, 3.75, 5.25], "texture": "#1"},
				"down": {"uv": [4.5, 5.25, 4.25, 5.875], "texture": "#1"}
			}
		},
		{
			"from": [7.11197, 9.87901, 1.7738],
			"to": [8.88803, 10.66507, 2.80736],
			"rotation": {"angle": -22.5, "axis": "x", "origin": [8, 10.27204, 1.10258]},
			"faces": {
				"north": {"uv": [9.5, 7.5, 9.75, 7.625], "texture": "#1"},
				"east": {"uv": [10.75, 3, 10.875, 3.125], "texture": "#1"},
				"south": {"uv": [8.75, 9.5, 9, 9.625], "texture": "#1"},
				"west": {"uv": [10.75, 3.5, 10.875, 3.625], "texture": "#1"},
				"up": {"uv": [9.5, 9.625, 9.25, 9.5], "texture": "#1"},
				"down": {"uv": [1.75, 9.75, 1.5, 9.875], "texture": "#1"}
			}
		},
		{
			"from": [7.11098, 10.95254, -2.92497],
			"to": [8.88902, 11.93858, 2.66457],
			"rotation": {"angle": 0, "axis": "y", "origin": [8.198, 10.65356, 3.90405]},
			"faces": {
				"north": {"uv": [2.5, 9.75, 2.75, 9.875], "texture": "#1"},
				"east": {"uv": [7.25, 1.5, 7.9375, 1.625], "texture": "#1"},
				"south": {"uv": [3, 9.75, 3.25, 9.875], "texture": "#1"},
				"west": {"uv": [7.25, 2, 7.9375, 2.125], "texture": "#1"},
				"up": {"uv": [2, 4.9375, 1.75, 4.25], "texture": "#1"},
				"down": {"uv": [4, 4.25, 3.75, 4.9375], "texture": "#1"}
			}
		},
		{
			"from": [6.96248, 10.80404, 1.23303],
			"to": [9.03752, 11.79008, 2.26857],
			"rotation": {"angle": 0, "axis": "y", "origin": [8.198, 10.65356, 3.90405]},
			"faces": {
				"north": {"uv": [9.75, 3, 10, 3.125], "texture": "#1"},
				"east": {"uv": [10.75, 4, 10.875, 4.125], "texture": "#1"},
				"south": {"uv": [3.5, 9.75, 3.75, 9.875], "texture": "#1"},
				"west": {"uv": [4.5, 10.75, 4.625, 10.875], "texture": "#1"},
				"up": {"uv": [10, 3.625, 9.75, 3.5], "texture": "#1"},
				"down": {"uv": [4.25, 9.75, 4, 9.875], "texture": "#1"}
			}
		},
		{
			"from": [6.96248, 10.85354, 0.63903],
			"to": [9.03752, 11.74058, 0.93207],
			"rotation": {"angle": 0, "axis": "y", "origin": [8.198, 10.65356, 3.90405]},
			"faces": {
				"north": {"uv": [9.75, 4, 10, 4.125], "texture": "#1"},
				"east": {"uv": [4.75, 11.5, 4.8125, 11.625], "texture": "#1"},
				"south": {"uv": [9.75, 4.5, 10, 4.625], "texture": "#1"},
				"west": {"uv": [11.5, 5, 11.5625, 5.125], "texture": "#1"},
				"up": {"uv": [5.75, 10.8125, 5.5, 10.75], "texture": "#1"},
				"down": {"uv": [11, 5.75, 10.75, 5.8125], "texture": "#1"}
			}
		},
		{
			"from": [6.96248, 10.85354, 0.04503],
			"to": [9.03752, 11.74058, 0.33807],
			"rotation": {"angle": 0, "axis": "y", "origin": [8.198, 10.65356, 3.90405]},
			"faces": {
				"north": {"uv": [5, 9.75, 5.25, 9.875], "texture": "#1"},
				"east": {"uv": [6.5, 11.5, 6.5625, 11.625], "texture": "#1"},
				"south": {"uv": [9.75, 5, 10, 5.125], "texture": "#1"},
				"west": {"uv": [11.5, 7, 11.5625, 7.125], "texture": "#1"},
				"up": {"uv": [6.25, 10.8125, 6, 10.75], "texture": "#1"},
				"down": {"uv": [11, 6.25, 10.75, 6.3125], "texture": "#1"}
			}
		},
		{
			"from": [6.96248, 10.85354, -0.54897],
			"to": [9.03752, 11.74058, -0.25593],
			"rotation": {"angle": 0, "axis": "y", "origin": [8.198, 10.65356, 3.90405]},
			"faces": {
				"north": {"uv": [9.75, 5.5, 10, 5.625], "texture": "#1"},
				"east": {"uv": [11.5, 7.5, 11.5625, 7.625], "texture": "#1"},
				"south": {"uv": [9.75, 6, 10, 6.125], "texture": "#1"},
				"west": {"uv": [11.5, 8, 11.5625, 8.125], "texture": "#1"},
				"up": {"uv": [11, 6.8125, 10.75, 6.75], "texture": "#1"},
				"down": {"uv": [7.25, 10.75, 7, 10.8125], "texture": "#1"}
			}
		},
		{
			"from": [6.96248, 10.85354, -1.14297],
			"to": [9.03752, 11.74058, -0.84993],
			"rotation": {"angle": 0, "axis": "y", "origin": [8.198, 10.65356, 3.90405]},
			"faces": {
				"north": {"uv": [6.5, 9.75, 6.75, 9.875], "texture": "#1"},
				"east": {"uv": [11.5, 8.5, 11.5625, 8.625], "texture": "#1"},
				"south": {"uv": [9.75, 6.5, 10, 6.625], "texture": "#1"},
				"west": {"uv": [9, 11.5, 9.0625, 11.625], "texture": "#1"},
				"up": {"uv": [7.75, 10.8125, 7.5, 10.75], "texture": "#1"},
				"down": {"uv": [8.25, 10.75, 8, 10.8125], "texture": "#1"}
			}
		},
		{
			"from": [7.06148, 10.80404, -1.48551],
			"to": [8.93852, 11.79008, 1.23303],
			"rotation": {"angle": 0, "axis": "y", "origin": [8.198, 10.65356, 4.25451]},
			"faces": {
				"north": {"uv": [7, 9.75, 7.25, 9.875], "texture": "#1"},
				"east": {"uv": [7.25, 8.75, 7.625, 8.875], "texture": "#1"},
				"south": {"uv": [9.75, 7, 10, 7.125], "texture": "#1"},
				"west": {"uv": [8.75, 7.5, 9.125, 7.625], "texture": "#1"},
				"up": {"uv": [4, 7.375, 3.75, 7], "texture": "#1"},
				"down": {"uv": [7.25, 4.25, 7, 4.625], "texture": "#1"}
			}
		},
		{
			"from": [6.96248, 10.80404, -2.52897],
			"to": [9.03752, 11.79008, -1.49343],
			"rotation": {"angle": 0, "axis": "y", "origin": [8.198, 10.65356, 3.90405]},
			"faces": {
				"north": {"uv": [7.5, 9.75, 7.75, 9.875], "texture": "#1"},
				"east": {"uv": [8.5, 10.75, 8.625, 10.875], "texture": "#1"},
				"south": {"uv": [8, 9.75, 8.25, 9.875], "texture": "#1"},
				"west": {"uv": [10.75, 10, 10.875, 10.125], "texture": "#1"},
				"up": {"uv": [10, 8.125, 9.75, 8], "texture": "#1"},
				"down": {"uv": [10, 8.5, 9.75, 8.625], "texture": "#1"}
			}
		},
		{
			"from": [7.11098, 11.94254, 2.66457],
			"to": [8.88902, 12.33458, 4.34361],
			"rotation": {"angle": 0, "axis": "y", "origin": [8.198, 12.13856, 3.50409]},
			"faces": {
				"north": {"uv": [0, 11, 0.25, 11.0625], "texture": "#1"},
				"east": {"uv": [2, 11.25, 2.1875, 11.3125], "texture": "#1"},
				"south": {"uv": [1.5, 11, 1.75, 11.0625], "texture": "#1"},
				"west": {"uv": [2.5, 11.25, 2.6875, 11.3125], "texture": "#1"},
				"up": {"uv": [8.25, 8.9375, 8, 8.75], "texture": "#1"},
				"down": {"uv": [8.75, 8.75, 8.5, 8.9375], "texture": "#1"}
			}
		},
		{
			"from": [7.11197, 11.63718, 1.12544],
			"to": [8.88803, 12.02724, 2.8025],
			"rotation": {"angle": -22.5, "axis": "x", "origin": [8, 11.83221, 1.96397]},
			"faces": {
				"north": {"uv": [11, 1.5, 11.25, 1.5625], "texture": "#1"},
				"east": {"uv": [11.25, 2.5, 11.4375, 2.5625], "texture": "#1"},
				"south": {"uv": [11, 2, 11.25, 2.0625], "texture": "#1"},
				"west": {"uv": [11.25, 3, 11.4375, 3.0625], "texture": "#1"},
				"up": {"uv": [0.25, 9.1875, 0, 9], "texture": "#1"},
				"down": {"uv": [0.75, 9, 0.5, 9.1875], "texture": "#1"}
			}
		},
		{
			"from": [7.25948, 11.93858, -2.13297],
			"to": [7.45352, 13.51862, 1.72407],
			"rotation": {"angle": 0, "axis": "y", "origin": [8, 12.1346, -2.08545]},
			"faces": {
				"north": {"uv": [11.25, 3.5, 11.3125, 3.6875], "texture": "#1"},
				"east": {"uv": [0.5, 7.25, 1, 7.4375], "texture": "#1"},
				"south": {"uv": [11.25, 4, 11.3125, 4.1875], "texture": "#1"},
				"west": {"uv": [7.25, 0.5, 7.75, 0.6875], "texture": "#1"},
				"up": {"uv": [9.8125, 9.5, 9.75, 9], "texture": "#1"},
				"down": {"uv": [9.8125, 9.75, 9.75, 10.25], "texture": "#1"}
			}
		},
		{
			"from": [7.45748, 13.32458, -2.13296],
			"to": [8.54252, 13.51862, 1.72408],
			"rotation": {"angle": 0, "axis": "y", "origin": [8.0495, 13.4216, -0.40244]},
			"faces": {
				"north": {"uv": [11.5, 9, 11.625, 9.0625], "texture": "#1"},
				"east": {"uv": [0, 10, 0.5, 10.0625], "texture": "#1"},
				"south": {"uv": [9.5, 11.5, 9.625, 11.5625], "texture": "#1"},
				"west": {"uv": [10, 0.5, 10.5, 0.5625], "texture": "#1"},
				"up": {"uv": [6.875, 8.5, 6.75, 8], "texture": "#1"},
				"down": {"uv": [7.375, 8, 7.25, 8.5], "texture": "#1"}
			}
		},
		{
			"from": [7.45748, 11.74058, 0.44104],
			"to": [8.54252, 13.51862, 0.43708],
			"rotation": {"angle": 0, "axis": "y", "origin": [8.0495, 13.4216, -0.40244]},
			"faces": {
				"north": {"uv": [0, 0, 2.25, 3.5], "texture": "#2"},
				"east": {"uv": [8, 0, 8, 3.5], "texture": "#2"},
				"south": {"uv": [0, 8, 2.25, 11.5], "texture": "#2"},
				"west": {"uv": [8, 8, 8, 11.5], "texture": "#2"},
				"up": {"uv": [14.25, 0, 12, 0], "texture": "#2"},
				"down": {"uv": [14.25, 4, 12, 4], "texture": "#2"}
			}
		},
		{
			"from": [8.54648, 11.93858, -2.13297],
			"to": [8.74052, 13.51862, 1.72407],
			"rotation": {"angle": 0, "axis": "y", "origin": [8, 12.1346, -2.08545]},
			"faces": {
				"north": {"uv": [4.25, 11.25, 4.3125, 11.4375], "texture": "#1"},
				"east": {"uv": [7.25, 1, 7.75, 1.1875], "texture": "#1"},
				"south": {"uv": [5.5, 11.25, 5.5625, 11.4375], "texture": "#1"},
				"west": {"uv": [1.25, 7.25, 1.75, 7.4375], "texture": "#1"},
				"up": {"uv": [0.8125, 10.5, 0.75, 10], "texture": "#1"},
				"down": {"uv": [10.0625, 1.5, 10, 2], "texture": "#1"}
			}
		},
		{
			"from": [8.54688, 10.66669, 0.543],
			"to": [8.74012, 12.24594, 2.22125],
			"rotation": {"angle": 45, "axis": "x", "origin": [8, 11.45631, 2.66912]},
			"faces": {
				"north": {"uv": [11.25, 5.5, 11.3125, 5.6875], "texture": "#1"},
				"east": {"uv": [1.5, 9.25, 1.6875, 9.4375], "texture": "#1"},
				"south": {"uv": [6, 11.25, 6.0625, 11.4375], "texture": "#1"},
				"west": {"uv": [2.5, 9.25, 2.6875, 9.4375], "texture": "#1"},
				"up": {"uv": [11.3125, 6.1875, 11.25, 6], "texture": "#1"},
				"down": {"uv": [11.3125, 6.5, 11.25, 6.6875], "texture": "#1"}
			}
		},
		{
			"from": [7.25988, 10.66669, 0.543],
			"to": [7.45312, 12.24594, 2.22125],
			"rotation": {"angle": 45, "axis": "x", "origin": [8, 11.45631, 2.66912]},
			"faces": {
				"north": {"uv": [7, 11.25, 7.0625, 11.4375], "texture": "#1"},
				"east": {"uv": [3, 9.25, 3.1875, 9.4375], "texture": "#1"},
				"south": {"uv": [7.5, 11.25, 7.5625, 11.4375], "texture": "#1"},
				"west": {"uv": [3.5, 9.25, 3.6875, 9.4375], "texture": "#1"},
				"up": {"uv": [8.0625, 11.4375, 8, 11.25], "texture": "#1"},
				"down": {"uv": [8.5625, 11.25, 8.5, 11.4375], "texture": "#1"}
			}
		},
		{
			"from": [7.25988, 11.02735, -3.26841],
			"to": [7.45312, 12.70559, -1.68916],
			"rotation": {"angle": -22.5, "axis": "x", "origin": [8, 11.86647, -2.47878]},
			"faces": {
				"north": {"uv": [11.25, 9.75, 11.3125, 9.9375], "texture": "#1"},
				"east": {"uv": [9.25, 3.5, 9.4375, 3.6875], "texture": "#1"},
				"south": {"uv": [0, 11.5, 0.0625, 11.6875], "texture": "#1"},
				"west": {"uv": [4, 9.25, 4.1875, 9.4375], "texture": "#1"},
				"up": {"uv": [1.5625, 11.6875, 1.5, 11.5], "texture": "#1"},
				"down": {"uv": [11.5625, 1.5, 11.5, 1.6875], "texture": "#1"}
			}
		},
		{
			"from": [8.54688, 11.02735, -3.26841],
			"to": [8.74012, 12.70559, -1.68916],
			"rotation": {"angle": -22.5, "axis": "x", "origin": [8, 11.86647, -2.47878]},
			"faces": {
				"north": {"uv": [11.5, 2, 11.5625, 2.1875], "texture": "#1"},
				"east": {"uv": [9.25, 4, 9.4375, 4.1875], "texture": "#1"},
				"south": {"uv": [3, 11.5, 3.0625, 11.6875], "texture": "#1"},
				"west": {"uv": [5, 9.25, 5.1875, 9.4375], "texture": "#1"},
				"up": {"uv": [3.5625, 11.6875, 3.5, 11.5], "texture": "#1"},
				"down": {"uv": [11.5625, 4.5, 11.5, 4.6875], "texture": "#1"}
			}
		},
		{
			"from": [7.0595, 6.53513, -1.55449],
			"to": [8.9405, 7.42613, 3.98951],
			"rotation": {"angle": 0, "axis": "y", "origin": [5.921, 7.27763, -0.36649]},
			"faces": {
				"north": {"uv": [2, 10, 2.25, 10.125], "texture": "#1"},
				"east": {"uv": [7.25, 2.5, 7.9375, 2.625], "texture": "#1"},
				"south": {"uv": [10, 2.25, 10.25, 2.375], "texture": "#1"},
				"west": {"uv": [4.25, 7.25, 4.9375, 7.375], "texture": "#1"},
				"up": {"uv": [4.5, 4.9375, 4.25, 4.25], "texture": "#1"},
				"down": {"uv": [2.5, 4.5, 2.25, 5.1875], "texture": "#1"}
			}
		},
		{
			"from": [6.6635, 6.48563, -3.58399],
			"to": [9.3365, 7.47563, -1.35649],
			"rotation": {"angle": 0, "axis": "y", "origin": [5.921, 7.27763, 0.42551]},
			"faces": {
				"north": {"uv": [9, 7, 9.3125, 7.125], "texture": "#1"},
				"east": {"uv": [9, 8, 9.3125, 8.125], "texture": "#1"},
				"south": {"uv": [9, 8.5, 9.3125, 8.625], "texture": "#1"},
				"west": {"uv": [9, 9, 9.3125, 9.125], "texture": "#1"},
				"up": {"uv": [6.8125, 6.0625, 6.5, 5.75], "texture": "#1"},
				"down": {"uv": [6.3125, 6.5, 6, 6.8125], "texture": "#1"}
			}
		},
		{
			"from": [6.911, 11.33663, -5.66299],
			"to": [9.089, 12.82163, -4.17799],
			"rotation": {"angle": 45, "axis": "x", "origin": [4.634, 10.24763, -5.16799]},
			"faces": {
				"north": {"uv": [9, 0.5, 9.25, 0.6875], "texture": "#1"},
				"east": {"uv": [9.25, 5, 9.4375, 5.1875], "texture": "#1"},
				"south": {"uv": [1, 9, 1.25, 9.1875], "texture": "#1"},
				"west": {"uv": [6.75, 9.25, 6.9375, 9.4375], "texture": "#1"},
				"up": {"uv": [9.25, 1.6875, 9, 1.5], "texture": "#1"},
				"down": {"uv": [2.25, 9, 2, 9.1875], "texture": "#1"}
			}
		},
		{
			"from": [7.62875, 6.90638, -7.89049],
			"to": [8.37125, 7.64888, -3.53449],
			"rotation": {"angle": -45, "axis": "z", "origin": [8, 7.27763, -9.07849]},
			"faces": {
				"north": {"uv": [3.25, 11, 3.375, 11.125], "texture": "#1"},
				"east": {"uv": [7.75, 7.75, 8.3125, 7.875], "texture": "#1"},
				"south": {"uv": [3.75, 11, 3.875, 11.125], "texture": "#1"},
				"west": {"uv": [8, 0.5, 8.5625, 0.625], "texture": "#1"},
				"up": {"uv": [2.125, 8.5625, 2, 8], "texture": "#1"},
				"down": {"uv": [8.125, 3, 8, 3.5625], "texture": "#1"}
			}
		},
		{
			"from": [7.59375, 6.90638, -5.51449],
			"to": [8.38575, 7.69838, -4.72249],
			"rotation": {"angle": -45, "axis": "z", "origin": [7.965, 7.27763, -9.07849]},
			"faces": {
				"north": {"uv": [11, 4.5, 11.125, 4.625], "texture": "#1"},
				"east": {"uv": [5, 11, 5.125, 11.125], "texture": "#1"},
				"south": {"uv": [11, 5, 11.125, 5.125], "texture": "#1"},
				"west": {"uv": [6.5, 11, 6.625, 11.125], "texture": "#1"},
				"up": {"uv": [11.125, 7.375, 11, 7.25], "texture": "#1"},
				"down": {"uv": [11.125, 7.75, 11, 7.875], "texture": "#1"}
			}
		},
		{
			"from": [7.59375, 6.90638, -5.91049],
			"to": [8.38575, 7.69838, -5.71249],
			"rotation": {"angle": -45, "axis": "z", "origin": [7.965, 7.27763, -9.07849]},
			"faces": {
				"north": {"uv": [11, 8.25, 11.125, 8.375], "texture": "#1"},
				"east": {"uv": [10, 11.5, 10.0625, 11.625], "texture": "#1"},
				"south": {"uv": [11, 8.75, 11.125, 8.875], "texture": "#1"},
				"west": {"uv": [11.5, 10.25, 11.5625, 10.375], "texture": "#1"},
				"up": {"uv": [10.625, 11.5625, 10.5, 11.5], "texture": "#1"},
				"down": {"uv": [11.625, 10.75, 11.5, 10.8125], "texture": "#1"}
			}
		},
		{
			"from": [7.59375, 6.90638, -6.70249],
			"to": [8.38575, 7.69838, -6.10849],
			"rotation": {"angle": -45, "axis": "z", "origin": [7.965, 7.27763, -9.07849]},
			"faces": {
				"north": {"uv": [9, 11, 9.125, 11.125], "texture": "#1"},
				"east": {"uv": [11, 11.5, 11.0625, 11.625], "texture": "#1"},
				"south": {"uv": [11, 9.25, 11.125, 9.375], "texture": "#1"},
				"west": {"uv": [11.5, 11.25, 11.5625, 11.375], "texture": "#1"},
				"up": {"uv": [11.875, 0.0625, 11.75, 0], "texture": "#1"},
				"down": {"uv": [0.625, 11.75, 0.5, 11.8125], "texture": "#1"}
			}
		},
		{
			"from": [7.59375, 6.90638, -7.84099],
			"to": [8.38575, 7.69838, -7.09849],
			"rotation": {"angle": -45, "axis": "z", "origin": [7.965, 7.27763, -9.07849]},
			"faces": {
				"north": {"uv": [9.5, 11, 9.625, 11.125], "texture": "#1"},
				"east": {"uv": [10, 11, 10.125, 11.125], "texture": "#1"},
				"south": {"uv": [10.5, 11, 10.625, 11.125], "texture": "#1"},
				"west": {"uv": [11, 10.5, 11.125, 10.625], "texture": "#1"},
				"up": {"uv": [11.125, 11.125, 11, 11], "texture": "#1"},
				"down": {"uv": [11.375, 0, 11.25, 0.125], "texture": "#1"}
			}
		},
		{
			"from": [6.63875, 6.23813, 23.39351],
			"to": [9.36125, 9.39863, 23.54201],
			"rotation": {"angle": 0, "axis": "y", "origin": [6.63875, 0.89213, 6.06851]},
			"faces": {
				"north": {"uv": [1, 4.25, 1.375, 4.75], "texture": "#1"},
				"east": {"uv": [4.5, 10, 4.5625, 10.5], "texture": "#1"},
				"south": {"uv": [3, 4.25, 3.375, 4.75], "texture": "#1"},
				"west": {"uv": [5.5, 10, 5.5625, 10.5], "texture": "#1"},
				"up": {"uv": [10.625, 4.8125, 10.25, 4.75], "texture": "#1"},
				"down": {"uv": [10.625, 5.25, 10.25, 5.3125], "texture": "#1"}
			}
		},
		{
			"from": [6.88625, 2.32763, 23.39351],
			"to": [9.11375, 6.23813, 23.54201],
			"rotation": {"angle": 0, "axis": "y", "origin": [6.58925, 4.85213, 6.06851]},
			"faces": {
				"north": {"uv": [5.25, 4.5, 5.5625, 5], "texture": "#1"},
				"east": {"uv": [6, 10, 6.0625, 10.5], "texture": "#1"},
				"south": {"uv": [5.25, 5.25, 5.5625, 5.75], "texture": "#1"},
				"west": {"uv": [8.5, 10, 8.5625, 10.5], "texture": "#1"},
				"up": {"uv": [10.5625, 9.0625, 10.25, 9], "texture": "#1"},
				"down": {"uv": [10.5625, 9.5, 10.25, 9.5625], "texture": "#1"}
			}
		}
	],
	"display": {
		"thirdperson_righthand": {
			"translation": [0, 0.75, 2.5],
			"scale": [0.51, 0.51, 0.51]
		},
		"thirdperson_lefthand": {
			"translation": [0, 0.75, 2.5],
			"scale": [0.51, 0.51, 0.51]
		},
		"firstperson_righthand": {
			"rotation": [4.5, 1, 4.5],
			"translation": [-7.1, 16.5, 8.25],
			"scale": [0, 0, 0]
		},
		"firstperson_lefthand": {
			"rotation": [-3, -0.5, 1],
			"translation": [-3, 16, -8.5],
			"scale": [0, 0, 0]
		},
		"ground": {
			"scale": [0.51, 0.51, 0.51]
		},
		"gui": {
			"rotation": [26, -141, 1],
			"translation": [0.25, 0.25, 0],
			"scale": [0.7, 0.7, 0.7]
		},
		"head": {
			"rotation": [-85.25, 0, 0],
			"translation": [-7, -23.75, -0.5],
			"scale": [0.51, 0.51, 0.51]
		},
		"fixed": {
			"rotation": [91, 44, -86],
			"translation": [1, 0.5, 0],
			"scale": [0.83, 0.83, 0.83]
		}
	},
	"groups": [
		{
			"name": "P90",
			"origin": [8, 8, 8],
			"color": 0,
			"children": [
				{
					"name": "Receiver",
					"origin": [8, 8, 8],
					"color": 0,
					"children": [0, 1, 2, 3, 4, 5, 6, 7]
				},
				{
					"name": "Grip",
					"origin": [7.825, 8, 8],
					"color": 0,
					"children": [8, 9, 10, 11, 12, 13, 14, 15, 16, 17, 18, 19, 20, 21, 22, 23]
				},
				{
					"name": "Magazine",
					"origin": [8, 8, 8],
					"color": 0,
					"children": [24, 25, 26]
				},
				{
					"name": "Mount",
					"origin": [8, 8, 8],
					"color": 0,
					"children": [
						27,
						28,
						29,
						30,
						31,
						32,
						33,
						34,
						35,
						{
							"name": "Rails",
							"origin": [8.1, 4.93001, 5.90684],
							"color": 0,
							"children": [36, 37, 38, 39, 40, 41, 42]
						},
						43,
						44,
						{
							"name": "Sights",
							"origin": [8, 8, 8],
							"color": 0,
							"children": [45, 46, 47, 48, 49, 50, 51, 52]
						}
					]
				},
				{
					"name": "Charging Handle",
					"origin": [8, 8, 8],
					"color": 0,
					"children": [53, 54]
				},
				{
					"name": "Barrel",
					"origin": [8, 8, 8],
					"color": 0,
					"children": [55, 56, 57, 58, 59, 60]
				},
				{
					"name": "Stock",
					"origin": [8, 8, 8],
					"color": 0,
					"children": [61, 62]
				}
			]
		}
	]
}