{"textures":{"1":"mcc:global_base/chest/chest_rarity"},"credit":"Made with Blockbench","texture_size":[128.0,128.0],"elements":[{"from":[0.98,-0.02,0.98],"to":[15.02,9.02,15.02],"faces":{"north":{"uv":[1.75,4.75,3.5,5.875],"texture":"#1"},"east":{"uv":[0.0,4.75,1.75,5.875],"texture":"#1"},"south":{"uv":[1.75,4.75,3.5,5.875],"texture":"#1"},"west":{"uv":[0.0,4.75,1.75,5.875],"texture":"#1"},"up":{"uv":[1.75,6.0,3.5,7.75],"texture":"#1"},"down":{"uv":[0.0,6.0,1.75,7.75],"texture":"#1"}}},{"from":[-0.04,-0.04,-0.04],"to":[3.04,3.04,3.04],"faces":{"north":{"uv":[3.625,6.0,4.0,6.375],"texture":"#1"},"east":{"uv":[4.0,6.0,3.625,6.375],"texture":"#1"},"south":{"uv":[3.625,6.0,4.0,6.375],"texture":"#1"},"west":{"uv":[4.0,6.0,3.625,6.375],"texture":"#1"},"up":{"uv":[3.625,6.375,4.0,6.75],"texture":"#1"},"down":{"uv":[3.625,6.75,4.0,7.125],"texture":"#1"}}},{"from":[12.96,-0.04,-0.04],"to":[16.04,3.04,3.04],"rotation":{"angle":0.0,"axis":"y","origin":[16.0,0.0,0.0]},"faces":{"north":{"uv":[4.0,6.0,3.625,6.375],"texture":"#1"},"east":{"uv":[3.625,6.0,4.0,6.375],"texture":"#1"},"south":{"uv":[4.0,6.0,3.625,6.375],"texture":"#1"},"west":{"uv":[3.625,6.0,4.0,6.375],"texture":"#1"},"up":{"uv":[4.0,6.375,3.625,6.75],"texture":"#1"},"down":{"uv":[4.0,6.75,3.625,7.125],"texture":"#1"}}},{"from":[12.96,-0.04,12.96],"to":[16.04,3.04,16.04],"rotation":{"angle":0.0,"axis":"y","origin":[16.0,0.0,16.0]},"faces":{"north":{"uv":[3.625,6.0,4.0,6.375],"texture":"#1"},"east":{"uv":[4.0,6.0,3.625,6.375],"texture":"#1"},"south":{"uv":[3.625,6.0,4.0,6.375],"texture":"#1"},"west":{"uv":[4.0,6.0,3.625,6.375],"texture":"#1"},"up":{"uv":[4.0,6.75,3.625,6.375],"texture":"#1"},"down":{"uv":[4.0,7.125,3.625,6.75],"texture":"#1"}}},{"from":[-0.04,-0.04,12.96],"to":[3.04,3.04,16.04],"rotation":{"angle":0.0,"axis":"y","origin":[0.0,0.0,16.0]},"faces":{"north":{"uv":[4.0,6.0,3.625,6.375],"texture":"#1"},"east":{"uv":[3.625,6.0,4.0,6.375],"texture":"#1"},"south":{"uv":[4.0,6.0,3.625,6.375],"texture":"#1"},"west":{"uv":[3.625,6.0,4.0,6.375],"texture":"#1"},"up":{"uv":[3.625,6.75,4.0,6.375],"texture":"#1"},"down":{"uv":[3.625,7.125,4.0,6.75],"texture":"#1"}}}],"display":{"thirdperson_righthand":{"rotation":[63.0,34.0,0.0],"translation":[0.0,1.0,-1.0],"scale":[0.37891,0.37891,0.37891]},"thirdperson_lefthand":{"rotation":[63.0,34.0,0.0],"translation":[0.0,1.0,-1.0],"scale":[0.37891,0.37891,0.37891]},"firstperson_righthand":{"rotation":[3.0,112.0,-13.0],"translation":[9.5,0.0,-5.75],"scale":[0.35547,0.35547,0.35547]},"firstperson_lefthand":{"rotation":[3.0,112.0,-13.0],"translation":[9.5,0.0,-5.75],"scale":[0.35547,0.35547,0.35547]},"ground":{"translation":[0.0,4.25,0.0],"scale":[0.28906,0.28906,0.28906]},"gui":{"rotation":[30.0,-158.0,0.0],"translation":[-0.25,-0.25,0.0],"scale":[0.56992,0.56992,0.56992]},"head":{"translation":[0.0,-30.368,0.0],"scale":[1.6,1.6,1.6]},"fixed":{"translation":[0.0,-3.25,-7.5]}}}