{"textures":{"texture":"mcc:island_cosmetics/auras/beta/3","particle":"mcc:island_cosmetics/auras/beta/0"},"elements":[{"from":[-16.0,-16.0,8.0],"to":[32.0,32.0,8.0],"faces":{"north":{"uv":[15.75,16.0,0.0,0.0],"rotation":180.0,"texture":"#texture"},"east":{"uv":[15.75,16.0,0.0,0.0],"texture":"#missing"},"south":{"uv":[0.0,16.0,15.75,0.0],"rotation":180.0,"texture":"#texture"},"west":{"uv":[15.75,16.0,0.0,0.0],"texture":"#missing"},"up":{"uv":[15.75,16.0,0.0,0.0],"texture":"#missing"},"down":{"uv":[15.75,16.0,0.0,0.0],"texture":"#missing"}}}],"display":{"thirdperson_righthand":{"rotation":[63.0,34.0,0.0],"translation":[0.0,1.0,-1.0],"scale":[0.37891,0.37891,0.37891]},"thirdperson_lefthand":{"rotation":[63.0,34.0,0.0],"translation":[0.0,1.0,-1.0],"scale":[0.37891,0.37891,0.37891]},"firstperson_righthand":{"rotation":[3.0,112.0,-13.0],"translation":[9.5,0.0,-5.75],"scale":[0.35547,0.35547,0.35547]},"firstperson_lefthand":{"rotation":[3.0,112.0,-13.0],"translation":[9.5,0.0,-5.75],"scale":[0.35547,0.35547,0.35547]},"ground":{"translation":[0.0,4.25,0.0],"scale":[0.28906,0.28906,0.28906]},"gui":{"rotation":[30.0,-158.0,0.0],"translation":[-0.25,-0.25,0.0],"scale":[0.28281,0.28281,0.28281]},"head":{"translation":[0.0,-10.0,0.0],"scale":[-0.9,0.9,0.9]},"fixed":{"translation":[0.0,-3.25,-7.5]}}}