{
	"credit": "Made with Blockbench",
	"ambientocclusion": false,
	"texture_size": [64, 64],
	"textures": {
		"4": "fw:guns/02/groza_grenadier",
		"particle": "fw:player/steve"
	},
	"elements": [
		{
			"from": [7.18232, 7.4393, 5.24907],
			"to": [8.81769, 8.5607, 10.76262],
			"rotation": {"angle": 0, "axis": "y", "origin": [6.20109, -3.12055, 13.28577]},
			"faces": {
				"north": {"uv": [7.5, 8.25, 7.75, 8.375], "texture": "#4"},
				"east": {"uv": [5.5, 0.75, 6.25, 0.875], "texture": "#4"},
				"south": {"uv": [8, 8.25, 8.25, 8.375], "texture": "#4"},
				"west": {"uv": [5.5, 1.75, 6.25, 1.875], "texture": "#4"},
				"up": {"uv": [1.5, 3.75, 1.25, 3], "texture": "#4"},
				"down": {"uv": [2, 3, 1.75, 3.75], "texture": "#4"}
			}
		},
		{
			"from": [7.15895, 7.39258, 5.42429],
			"to": [8.84105, 8.60743, 10.56404],
			"rotation": {"angle": 0, "axis": "y", "origin": [6.22445, -3.12055, 10.19024]},
			"faces": {
				"north": {"uv": [7, 2.75, 7.25, 2.9375], "texture": "#4"},
				"east": {"uv": [4.5, 1.75, 5.1875, 1.9375], "texture": "#4"},
				"south": {"uv": [3, 7, 3.25, 7.1875], "texture": "#4"},
				"west": {"uv": [2, 4.5, 2.6875, 4.6875], "texture": "#4"},
				"up": {"uv": [3.75, 1.6875, 3.5, 1], "texture": "#4"},
				"down": {"uv": [3.5, 3.5, 3.25, 4.1875], "texture": "#4"}
			}
		}
	],
	"display": {
		"thirdperson_righthand": {
			"translation": [0.25, 0.5, 0.5],
			"scale": [0.72, 0.72, 0.72]
		},
		"thirdperson_lefthand": {
			"translation": [0.25, 0.5, 0.5],
			"scale": [0.72, 0.72, 0.72]
		},
		"firstperson_righthand": {
			"rotation": [24.5, 8, -6],
			"translation": [-5.85, 5.75, 4.75]
		},
		"firstperson_lefthand": {
			"rotation": [24.5, 8, -6],
			"translation": [-5.85, 5.75, 4.75]
		},
		"ground": {
			"rotation": [0, 0, 90],
			"translation": [0, -2.75, 0]
		},
		"gui": {
			"rotation": [26, -141, 1],
			"scale": [2.12, 2.12, 2.12]
		},
		"head": {
			"rotation": [-90.94, 32.27, 87.32],
			"translation": [-1.75, -14.75, 3.75],
			"scale": [0, 0, 0]
		},
		"fixed": {
			"rotation": [91, 44, -86],
			"translation": [0.25, -0.5, 0],
			"scale": [1.22, 1.22, 1.22]
		}
	},
	"groups": [
		{
			"name": "Wood",
			"origin": [8.16949, 7.91204, 9.67761],
			"color": 0,
			"children": [0, 1]
		}
	]
}