{
	"credit": "Made with Blockbench",
	"ambientocclusion": false,
	"texture_size": [64, 64],
	"textures": {
		"2": "fw:guns/04/m24",
		"particle": "fw:player/steve"
	},
	"elements": [
		{
			"from": [7.67374, 7.90784, -4.075],
			"to": [8.12374, 8.35784, 10.625],
			"rotation": {"angle": 45, "axis": "z", "origin": [8.12374, 8.28284, 8.875]},
			"faces": {
				"north": {"uv": [7, 8, 7.125, 8.125], "texture": "#2"},
				"east": {"uv": [0, 0, 3.1875, 0.125], "texture": "#2"},
				"south": {"uv": [7.5, 8, 7.625, 8.125], "texture": "#2"},
				"west": {"uv": [0, 0.5, 3.1875, 0.625], "texture": "#2"},
				"up": {"uv": [0.125, 4.1875, 0, 1], "texture": "#2"},
				"down": {"uv": [0.625, 1, 0.5, 4.1875], "texture": "#2"}
			}
		},
		{
			"from": [7.67374, 7.90784, 10.625],
			"to": [7.67374, 8.30784, 12.225],
			"rotation": {"angle": 45, "axis": "z", "origin": [8.12374, 8.28284, 8.475]},
			"faces": {
				"north": {"uv": [3.25, 4.75, 3.25, 4.875], "texture": "#2"},
				"east": {"uv": [2, 6.25, 2.375, 6.375], "texture": "#2"},
				"south": {"uv": [3.25, 5.25, 3.25, 5.375], "texture": "#2"},
				"west": {"uv": [6.25, 2, 6.625, 2.125], "texture": "#2"},
				"up": {"uv": [3.75, 6.125, 3.75, 5.75], "texture": "#2"},
				"down": {"uv": [9, 10, 9, 10.375], "texture": "#2"}
			}
		},
		{
			"from": [7.67374, 7.90784, 12.225],
			"to": [8.12374, 8.35784, 13.225],
			"rotation": {"angle": 45, "axis": "z", "origin": [8.12374, 8.28284, 8.875]},
			"faces": {
				"north": {"uv": [8, 8, 8.125, 8.125], "texture": "#2"},
				"east": {"uv": [7, 3, 7.25, 3.125], "texture": "#2"},
				"south": {"uv": [8.25, 0.75, 8.375, 0.875], "texture": "#2"},
				"west": {"uv": [7, 3.5, 7.25, 3.625], "texture": "#2"},
				"up": {"uv": [7.125, 4.25, 7, 4], "texture": "#2"},
				"down": {"uv": [4.375, 7, 4.25, 7.25], "texture": "#2"}
			}
		},
		{
			"from": [7.67374, 8.30784, 10.625],
			"to": [8.12374, 8.35784, 12.225],
			"rotation": {"angle": 45, "axis": "z", "origin": [8.12374, 8.28284, 8.875]},
			"faces": {
				"north": {"uv": [1.5, 9.25, 1.625, 9.3125], "texture": "#2"},
				"east": {"uv": [1, 7.5, 1.375, 7.5625], "texture": "#2"},
				"south": {"uv": [9.25, 1.5, 9.375, 1.5625], "texture": "#2"},
				"west": {"uv": [7.5, 1, 7.875, 1.0625], "texture": "#2"},
				"up": {"uv": [0.125, 6.625, 0, 6.25], "texture": "#2"},
				"down": {"uv": [6.375, 2.5, 6.25, 2.875], "texture": "#2"}
			}
		}
	],
	"gui_light": "front",
	"display": {
		"thirdperson_righthand": {
			"rotation": [90, 0, 0],
			"translation": [0.25, -4.5, 0.5],
			"scale": [1.51, 1.51, 1.51]
		},
		"thirdperson_lefthand": {
			"rotation": [90, 0, 0],
			"translation": [0.25, -4.5, 0.5],
			"scale": [1.51, 1.51, 1.51]
		},
		"firstperson_righthand": {
			"rotation": [75, 6.5, 91.5],
			"translation": [-4.35, 1.25, 5]
		},
		"firstperson_lefthand": {
			"rotation": [75, 6.5, 91.5],
			"translation": [-4.35, 1.25, 5]
		},
		"ground": {
			"translation": [0, -2.5, 4.5],
			"scale": [1.64, 1.64, 1.64]
		},
		"gui": {
			"rotation": [23, -145.5, 1],
			"translation": [-2.25, 1, 0],
			"scale": [1.28, 1.28, 1.28]
		},
		"head": {
			"rotation": [91, 44, -86],
			"translation": [4.25, -9.5, 5],
			"scale": [0, 0, 0]
		},
		"fixed": {
			"rotation": [91, 44, -86],
			"translation": [5, -5.5, 0],
			"scale": [1.96, 1.96, 1.96]
		}
	},
	"groups": [
		{
			"name": "Barrel",
			"origin": [8.07071, 12.50784, 9.6],
			"color": 0,
			"children": [0, 1, 2, 3]
		}
	]
}