{
	"credit": "Made with Blockbench",
	"ambientocclusion": false,
	"texture_size": [64, 64],
	"textures": {
		"2": "fw:guns/04/m24",
		"particle": "fw:player/steve"
	},
	"elements": [
		{
			"from": [7.5387, 7.13303, 7.80803],
			"to": [8.2863, 7.95563, 13.60563],
			"rotation": {"angle": 22.5, "axis": "x", "origin": [7.9125, 7.68183, 11.30683]},
			"faces": {
				"north": {"uv": [1.5, 6.5, 1.6875, 6.6875], "texture": "#2"},
				"east": {"uv": [2, 2, 3.4375, 2.1875], "texture": "#2"},
				"south": {"uv": [6.5, 1.5, 6.6875, 1.6875], "texture": "#2"},
				"west": {"uv": [2, 2.5, 3.4375, 2.6875], "texture": "#2"},
				"up": {"uv": [2.1875, 4.4375, 2, 3], "texture": "#2"},
				"down": {"uv": [2.6875, 3, 2.5, 4.4375], "texture": "#2"}
			}
		},
		{
			"from": [7.5375, 7.96768, 10.01676],
			"to": [8.2875, 8.96768, 13.64176],
			"rotation": {"angle": 0, "axis": "y", "origin": [7.9125, 8.86768, 11.59176]},
			"faces": {
				"north": {"uv": [5, 5.75, 5.1875, 6], "texture": "#2"},
				"east": {"uv": [3, 3, 3.9375, 3.25], "texture": "#2"},
				"south": {"uv": [6, 0, 6.1875, 0.25], "texture": "#2"},
				"west": {"uv": [3.5, 0, 4.4375, 0.25], "texture": "#2"},
				"up": {"uv": [3.6875, 1.4375, 3.5, 0.5], "texture": "#2"},
				"down": {"uv": [3.1875, 3.5, 3, 4.4375], "texture": "#2"}
			}
		},
		{
			"from": [7.539, 7.31363, 9.72257],
			"to": [8.286, 8.31063, 10.34457],
			"rotation": {"angle": -22.5, "axis": "x", "origin": [7.9125, 7.81213, 8.53357]},
			"faces": {
				"north": {"uv": [6, 1, 6.1875, 1.25], "texture": "#2"},
				"east": {"uv": [1.5, 6, 1.6875, 6.25], "texture": "#2"},
				"south": {"uv": [6, 1.5, 6.1875, 1.75], "texture": "#2"},
				"west": {"uv": [6, 3.75, 6.1875, 4], "texture": "#2"},
				"up": {"uv": [6.6875, 3.9375, 6.5, 3.75], "texture": "#2"},
				"down": {"uv": [6.6875, 4.25, 6.5, 4.4375], "texture": "#2"}
			}
		},
		{
			"from": [7.5385, 6.29483, 13.22074],
			"to": [8.2885, 7.96983, 13.64574],
			"rotation": {"angle": 0, "axis": "y", "origin": [7.9135, 8.44483, 14.79574]},
			"faces": {
				"north": {"uv": [5.25, 0.5, 5.4375, 0.9375], "texture": "#2"},
				"east": {"uv": [2.25, 5.5, 2.375, 5.9375], "texture": "#2"},
				"south": {"uv": [5.25, 2, 5.4375, 2.4375], "texture": "#2"},
				"west": {"uv": [2.75, 5.5, 2.875, 5.9375], "texture": "#2"},
				"up": {"uv": [0.6875, 7.625, 0.5, 7.5], "texture": "#2"},
				"down": {"uv": [7.6875, 0.5, 7.5, 0.625], "texture": "#2"}
			}
		},
		{
			"from": [7.5375, 7.18021, 11.31325],
			"to": [8.2875, 7.98021, 13.26325],
			"rotation": {"angle": 0, "axis": "y", "origin": [7.9125, 8.4552, 14.83825]},
			"faces": {
				"north": {"uv": [6.5, 4.75, 6.6875, 4.9375], "texture": "#2"},
				"east": {"uv": [4.75, 0, 5.25, 0.1875], "texture": "#2"},
				"south": {"uv": [6.5, 5.25, 6.6875, 5.4375], "texture": "#2"},
				"west": {"uv": [4.75, 1.5, 5.25, 1.6875], "texture": "#2"},
				"up": {"uv": [1.9375, 5.25, 1.75, 4.75], "texture": "#2"},
				"down": {"uv": [4.9375, 2, 4.75, 2.5], "texture": "#2"}
			}
		},
		{
			"from": [7.5375, 8.36768, -1.58324],
			"to": [8.2875, 9.21768, 6.71676],
			"rotation": {"angle": 0, "axis": "y", "origin": [6.2875, 5.86768, 3.11676]},
			"faces": {
				"north": {"uv": [6.5, 5.75, 6.6875, 5.9375], "texture": "#2"},
				"east": {"uv": [1, 1, 3.0625, 1.1875], "texture": "#2"},
				"south": {"uv": [6.5, 6.25, 6.6875, 6.4375], "texture": "#2"},
				"west": {"uv": [1, 1.5, 3.0625, 1.6875], "texture": "#2"},
				"up": {"uv": [1.1875, 4.0625, 1, 2], "texture": "#2"},
				"down": {"uv": [1.6875, 2, 1.5, 4.0625], "texture": "#2"}
			}
		},
		{
			"from": [7.5375, 8.36768, 6.71676],
			"to": [8.2875, 9.36768, 7.61676],
			"rotation": {"angle": 0, "axis": "y", "origin": [6.2875, 5.86768, 3.11676]},
			"faces": {
				"north": {"uv": [6, 4.25, 6.1875, 4.5], "texture": "#2"},
				"east": {"uv": [5.5, 0, 5.75, 0.25], "texture": "#2"},
				"south": {"uv": [6, 4.75, 6.1875, 5], "texture": "#2"},
				"west": {"uv": [1.75, 5.5, 2, 5.75], "texture": "#2"},
				"up": {"uv": [6.1875, 5.5, 6, 5.25], "texture": "#2"},
				"down": {"uv": [6.1875, 5.75, 6, 6], "texture": "#2"}
			}
		},
		{
			"from": [7.5375, 8.36768, 7.61676],
			"to": [8.0875, 9.36768, 8.19176],
			"rotation": {"angle": 0, "axis": "y", "origin": [6.2875, 5.86768, 3.21676]},
			"faces": {
				"north": {"uv": [1.5, 7, 1.625, 7.25], "texture": "#2"},
				"east": {"uv": [7, 1.5, 7.125, 1.75], "texture": "#2"},
				"south": {"uv": [7, 2, 7.125, 2.25], "texture": "#2"},
				"west": {"uv": [3, 7, 3.125, 7.25], "texture": "#2"},
				"up": {"uv": [8.125, 4.875, 8, 4.75], "texture": "#2"},
				"down": {"uv": [8.125, 5.25, 8, 5.375], "texture": "#2"}
			}
		},
		{
			"from": [8.0875, 8.36768, 8.01676],
			"to": [8.2875, 9.36768, 8.19176],
			"rotation": {"angle": 0, "axis": "y", "origin": [5.5875, 5.86768, 3.21676]},
			"faces": {
				"north": {"uv": [8, 5.75, 8.0625, 6], "texture": "#2"},
				"east": {"uv": [8, 6.25, 8.0625, 6.5], "texture": "#2"},
				"south": {"uv": [6.5, 8, 6.5625, 8.25], "texture": "#2"},
				"west": {"uv": [8, 6.75, 8.0625, 7], "texture": "#2"},
				"up": {"uv": [9.5625, 5.5625, 9.5, 5.5], "texture": "#2"},
				"down": {"uv": [6.0625, 9.5, 6, 9.5625], "texture": "#2"}
			}
		},
		{
			"from": [8.0875, 8.36768, 7.71676],
			"to": [8.2875, 8.86768, 8.01676],
			"rotation": {"angle": 0, "axis": "y", "origin": [5.5875, 5.86768, 3.34176]},
			"faces": {
				"north": {"uv": [0.5, 9.25, 0.5625, 9.375], "texture": "#2"},
				"east": {"uv": [9.25, 0.5, 9.3125, 0.625], "texture": "#2"},
				"south": {"uv": [1, 9.25, 1.0625, 9.375], "texture": "#2"},
				"west": {"uv": [9.25, 1, 9.3125, 1.125], "texture": "#2"},
				"up": {"uv": [9.5625, 6.0625, 9.5, 6], "texture": "#2"},
				"down": {"uv": [6.5625, 9.5, 6.5, 9.5625], "texture": "#2"}
			}
		},
		{
			"from": [7.7875, 7.47169, 7.23694],
			"to": [8.0375, 8.47169, 7.43694],
			"rotation": {"angle": -22.5, "axis": "x", "origin": [7.6625, 7.92169, 7.33694]},
			"faces": {
				"north": {"uv": [8.25, 2.5, 8.3125, 2.75], "texture": "#2"},
				"east": {"uv": [4.5, 8.25, 4.5625, 8.5], "texture": "#2"},
				"south": {"uv": [5, 8.25, 5.0625, 8.5], "texture": "#2"},
				"west": {"uv": [5.5, 8.25, 5.5625, 8.5], "texture": "#2"},
				"up": {"uv": [9.8125, 1.0625, 9.75, 1], "texture": "#2"},
				"down": {"uv": [1.5625, 9.75, 1.5, 9.8125], "texture": "#2"}
			}
		},
		{
			"from": [7.7875, 7.46768, 7.41676],
			"to": [8.0375, 7.66768, 8.41676],
			"rotation": {"angle": 0, "axis": "y", "origin": [7.6625, 7.56768, 7.66676]},
			"faces": {
				"north": {"uv": [9.75, 1.5, 9.8125, 1.5625], "texture": "#2"},
				"east": {"uv": [0, 8.5, 0.25, 8.5625], "texture": "#2"},
				"south": {"uv": [2, 9.75, 2.0625, 9.8125], "texture": "#2"},
				"west": {"uv": [8.5, 0, 8.75, 0.0625], "texture": "#2"},
				"up": {"uv": [3.3125, 8.75, 3.25, 8.5], "texture": "#2"},
				"down": {"uv": [8.5625, 4, 8.5, 4.25], "texture": "#2"}
			}
		},
		{
			"from": [7.6875, 8.26768, 5.21676],
			"to": [8.1375, 8.36768, 8.41676],
			"rotation": {"angle": 0, "axis": "y", "origin": [7.9125, 8.26768, 6.81676]},
			"faces": {
				"north": {"uv": [2, 9.25, 2.125, 9.3125], "texture": "#2"},
				"east": {"uv": [5.75, 0.5, 6.5625, 0.5625], "texture": "#2"},
				"south": {"uv": [9.25, 2, 9.375, 2.0625], "texture": "#2"},
				"west": {"uv": [5.75, 3.25, 6.5625, 3.3125], "texture": "#2"},
				"up": {"uv": [3.625, 5.3125, 3.5, 4.5], "texture": "#2"},
				"down": {"uv": [4.625, 4.5, 4.5, 5.3125], "texture": "#2"}
			}
		},
		{
			"from": [7.7875, 7.46768, 8.41676],
			"to": [8.0375, 8.36768, 8.61676],
			"rotation": {"angle": 0, "axis": "y", "origin": [7.6625, 7.91768, 7.31676]},
			"faces": {
				"north": {"uv": [8.5, 4.5, 8.5625, 4.75], "texture": "#2"},
				"east": {"uv": [8.5, 5, 8.5625, 5.25], "texture": "#2"},
				"south": {"uv": [8.5, 5.5, 8.5625, 5.75], "texture": "#2"},
				"west": {"uv": [6, 8.5, 6.0625, 8.75], "texture": "#2"},
				"up": {"uv": [9.8125, 2.0625, 9.75, 2], "texture": "#2"},
				"down": {"uv": [2.5625, 9.75, 2.5, 9.8125], "texture": "#2"}
			}
		},
		{
			"from": [7.8625, 7.84251, 7.8984],
			"to": [7.9625, 8.8425, 8.0234],
			"rotation": {"angle": -22.5, "axis": "x", "origin": [7.9125, 8.3425, 7.9609]},
			"faces": {
				"north": {"uv": [8.5, 6, 8.5625, 6.25], "texture": "#2"},
				"east": {"uv": [6.5, 8.5, 6.5625, 8.75], "texture": "#2"},
				"south": {"uv": [8.5, 6.5, 8.5625, 6.75], "texture": "#2"},
				"west": {"uv": [7, 8.5, 7.0625, 8.75], "texture": "#2"},
				"up": {"uv": [9.8125, 2.5625, 9.75, 2.5], "texture": "#2"},
				"down": {"uv": [9.8125, 3, 9.75, 3.0625], "texture": "#2"}
			}
		}
	],
	"gui_light": "front",
	"display": {
		"thirdperson_righthand": {
			"rotation": [75, 0, -45],
			"translation": [-0.25, -0.75, -0.5],
			"scale": [1.51, 1.51, 1.51]
		},
		"thirdperson_lefthand": {
			"rotation": [75, 0, -45],
			"translation": [-0.25, -0.75, -0.5],
			"scale": [1.51, 1.51, 1.51]
		},
		"firstperson_righthand": {
			"rotation": [67, 1.5, -31],
			"translation": [-6.1, 4.75, 6.25]
		},
		"firstperson_lefthand": {
			"rotation": [67, 1.5, -31],
			"translation": [-6.1, 4.75, 6.25]
		},
		"ground": {
			"translation": [0, -1, 3.25],
			"scale": [1.64, 1.64, 1.64]
		},
		"gui": {
			"rotation": [23, -145.5, 1],
			"translation": [-1.75, 0.25, 0],
			"scale": [1.49, 1.49, 1.49]
		},
		"head": {
			"rotation": [91, 44, -86],
			"translation": [4.25, -9.5, 5],
			"scale": [0, 0, 0]
		},
		"fixed": {
			"rotation": [91, 44, -86],
			"translation": [3.25, -3.25, 0],
			"scale": [1.96, 1.96, 1.96]
		}
	},
	"groups": [
		{
			"name": "Body",
			"origin": [7.9125, 13.86768, 4.09176],
			"color": 0,
			"children": [0, 1, 2, 3, 4, 5, 6, 7, 8, 9]
		},
		{
			"name": "Trigger",
			"origin": [8, 8, 8],
			"color": 0,
			"children": [10, 11, 12, 13, 14]
		}
	]
}