{
    "credit": "Made with Blockbench", 
    "textures": {
        "main": "fw:casings/12"
    }, 
    "elements": [
        {
            "from": [ 7.78355, 7.78355, 8.35243 ], 
            "to":   [ 8.21645, 8.21645, 8.39683 ], 
            "rotation": { "angle": 0, "axis": "x", "origin": [8, 8, 8] }, 
            "faces": {
                "north": { "uv": [ 0, 2, 0.25, 2.25 ], "texture": "#main" }, 
                "east":  { "uv": [ 0, 3, 0.125, 3.25 ], "texture": "#main" }, 
                "south": { "uv": [ 2.5, 0, 2.75, 0.25 ], "texture": "#main" }, 
                "west":  { "uv": [ 1, 3, 1.125, 3.25 ], "texture": "#main" }, 
                "up":    { "uv": [ 2.25, 3.125, 2, 3 ], "texture": "#main" }, 
                "down":  { "uv": [ 3.25, 3, 3, 3.125 ], "texture": "#main" }
            }
        }, 
        {
            "from": [ 7.80575, 7.80575, 6.87612 ], 
            "to":   [ 8.19425, 8.19425, 8.37462 ], 
            "rotation": { "angle": 0, "axis": "x", "origin": [8, 8, 8] }, 
            "faces": {
                "north": { "uv": [ 2.5, 1, 2.75, 1.25 ], "texture": "#main" }, 
                "east":  { "uv": [ 0, 0, 0.75, 0.25 ], "texture": "#main" }, 
                "south": { "uv": [ 2.5, 2, 2.75, 2.25 ], "texture": "#main" }, 
                "west":  { "uv": [ 0, 1, 0.75, 1.25 ], "texture": "#main" }, 
                "up":    { "uv": [ 1.75, 0.75, 1.5, 0 ], "texture": "#main" }, 
                "down":  { "uv": [ 1.75, 1.5, 1.5, 2.25 ], "texture": "#main" }
            }
        }, 
        {
            "from": [ 7.78355, 7.78355, 8.35243 ], 
            "to":   [ 8.21645, 8.21645, 8.39683 ], 
            "rotation": { "angle": 45, "axis": "x", "origin": [8, 8, 8] }, 
            "faces": {
                "north": { "uv": [ 4, 2, 4.25, 2.25 ], "texture": "#main" }, 
                "east":  { "uv": [ 4, 3, 4.125, 3.25 ], "texture": "#main" }, 
                "south": { "uv": [ 6.5, 0, 6.75, 0.25 ], "texture": "#main" }, 
                "west":  { "uv": [ 5, 3, 5.125, 3.25 ], "texture": "#main" }, 
                "up":    { "uv": [ 6.25, 3.125, 6, 3 ], "texture": "#main" }, 
                "down":  { "uv": [ 7.25, 3, 7, 3.125 ], "texture": "#main" }
            }
        }, 
        {
            "from": [ 7.80575, 7.80575, 6.87612 ], 
            "to":   [ 8.19425, 8.19425, 8.37462 ], 
            "rotation": { "angle": 45, "axis": "x", "origin": [8, 8, 8] }, 
            "faces": {
                "north": { "uv": [ 6.5, 1, 6.75, 1.25 ], "texture": "#main" }, 
                "east":  { "uv": [ 4, 0, 4.75, 0.25 ], "texture": "#main" }, 
                "south": { "uv": [ 6.5, 2, 6.75, 2.25 ], "texture": "#main" }, 
                "west":  { "uv": [ 4, 1, 4.75, 1.25 ], "texture": "#main" }, 
                "up":    { "uv": [ 5.75, 0.75, 5.5, 0 ], "texture": "#main" }, 
                "down":  { "uv": [ 5.75, 1.5, 5.5, 2.25 ], "texture": "#main" }
            }
        }, 
        {
            "from": [ 7.78355, 7.60317, 7.78355 ], 
            "to":   [ 8.21645, 7.64757, 8.21645 ], 
            "rotation": { "angle": 0, "axis": "x", "origin": [8, 8, 8] }, 
            "faces": {
                "north": { "uv": [ 11.25, 3, 11, 3.125 ], "rotation":180, "texture": "#main" }, 
                "east":  { "uv": [ 8, 3, 8.125, 3.25 ], "rotation":270, "texture": "#main" }, 
                "south": { "uv": [ 10.25, 3.125, 10, 3 ], "texture": "#main" }, 
                "west":  { "uv": [ 9, 3, 9.125, 3.25 ], "rotation":90, "texture": "#main" }, 
                "up":    { "uv": [ 8, 2, 8.25, 2.25 ], "rotation":180, "texture": "#main" }, 
                "down":  { "uv": [ 10.5, 0, 10.75, 0.25 ], "texture": "#main" }
            }
        }, 
        {
            "from": [ 7.80575, 7.62538, 7.80575 ], 
            "to":   [ 8.19425, 9.12388, 8.19425 ], 
            "rotation": { "angle": 0, "axis": "x", "origin": [8, 8, 8] }, 
            "faces": {
                "north": { "uv": [ 9.75, 1.5, 9.5, 2.25 ], "rotation":180, "texture": "#main" }, 
                "east":  { "uv": [ 8, 0, 8.75, 0.25 ], "rotation":270, "texture": "#main" }, 
                "south": { "uv": [ 9.75, 0.75, 9.5, 0 ], "texture": "#main" }, 
                "west":  { "uv": [ 8, 1, 8.75, 1.25 ], "rotation":90, "texture": "#main" }, 
                "up":    { "uv": [ 10.5, 1, 10.75, 1.25 ], "rotation":180, "texture": "#main" }, 
                "down":  { "uv": [ 10.5, 2, 10.75, 2.25 ], "texture": "#main" }
            }
        }, 
        {
            "from": [ 7.78355, 7.60317, 7.78355 ], 
            "to":   [ 8.21645, 7.64757, 8.21645 ], 
            "rotation": { "angle": 45, "axis": "x", "origin": [8, 8, 8] }, 
            "faces": {
                "north": { "uv": [ 15.25, 3, 15, 3.125 ], "rotation":180, "texture": "#main" }, 
                "east":  { "uv": [ 12, 3, 12.125, 3.25 ], "rotation":270, "texture": "#main" }, 
                "south": { "uv": [ 14.25, 3.125, 14, 3 ], "texture": "#main" }, 
                "west":  { "uv": [ 13, 3, 13.125, 3.25 ], "rotation":90, "texture": "#main" }, 
                "up":    { "uv": [ 12, 2, 12.25, 2.25 ], "rotation":180, "texture": "#main" }, 
                "down":  { "uv": [ 14.5, 0, 14.75, 0.25 ], "texture": "#main" }
            }
        }, 
        {
            "from": [ 7.80575, 7.62538, 7.80575 ], 
            "to":   [ 8.19425, 9.12388, 8.19425 ], 
            "rotation": { "angle": 45, "axis": "x", "origin": [8, 8, 8] }, 
            "faces": {
                "north": { "uv": [ 13.75, 1.5, 13.5, 2.25 ], "rotation":180, "texture": "#main" }, 
                "east":  { "uv": [ 12, 0, 12.75, 0.25 ], "rotation":270, "texture": "#main" }, 
                "south": { "uv": [ 13.75, 0.75, 13.5, 0 ], "texture": "#main" }, 
                "west":  { "uv": [ 12, 1, 12.75, 1.25 ], "rotation":90, "texture": "#main" }, 
                "up":    { "uv": [ 14.5, 1, 14.75, 1.25 ], "rotation":180, "texture": "#main" }, 
                "down":  { "uv": [ 14.5, 2, 14.75, 2.25 ], "texture": "#main" }
            }
        }, 
        {
            "from": [ 7.78355, 7.78355, 7.60317 ], 
            "to":   [ 8.21645, 8.21645, 7.64757 ], 
            "rotation": { "angle": 0, "axis": "x", "origin": [8, 8, 8] }, 
            "faces": {
                "north": { "uv": [ 2.5, 4, 2.75, 4.25 ], "rotation":180, "texture": "#main" }, 
                "east":  { "uv": [ 0, 7, 0.125, 7.25 ], "rotation":180, "texture": "#main" }, 
                "south": { "uv": [ 0, 6, 0.25, 6.25 ], "rotation":180, "texture": "#main" }, 
                "west":  { "uv": [ 1, 7, 1.125, 7.25 ], "rotation":180, "texture": "#main" }, 
                "up":    { "uv": [ 3.25, 7, 3, 7.125 ], "texture": "#main" }, 
                "down":  { "uv": [ 2.25, 7.125, 2, 7 ], "texture": "#main" }
            }
        }, 
        {
            "from": [ 7.80575, 7.80575, 7.62538 ], 
            "to":   [ 8.19425, 8.19425, 9.12388 ], 
            "rotation": { "angle": 0, "axis": "x", "origin": [8, 8, 8] }, 
            "faces": {
                "north": { "uv": [ 2.5, 6, 2.75, 6.25 ], "rotation":180, "texture": "#main" }, 
                "east":  { "uv": [ 0, 4, 0.75, 4.25 ], "rotation":180, "texture": "#main" }, 
                "south": { "uv": [ 2.5, 5, 2.75, 5.25 ], "rotation":180, "texture": "#main" }, 
                "west":  { "uv": [ 0, 5, 0.75, 5.25 ], "rotation":180, "texture": "#main" }, 
                "up":    { "uv": [ 1.75, 5.5, 1.5, 6.25 ], "texture": "#main" }, 
                "down":  { "uv": [ 1.75, 4.75, 1.5, 4 ], "texture": "#main" }
            }
        }, 
        {
            "from": [ 7.78355, 7.78355, 7.60317 ], 
            "to":   [ 8.21645, 8.21645, 7.64757 ], 
            "rotation": { "angle": 45, "axis": "x", "origin": [8, 8, 8] }, 
            "faces": {
                "north": { "uv": [ 6.5, 4, 6.75, 4.25 ], "rotation":180, "texture": "#main" }, 
                "east":  { "uv": [ 4, 7, 4.125, 7.25 ], "rotation":180, "texture": "#main" }, 
                "south": { "uv": [ 4, 6, 4.25, 6.25 ], "rotation":180, "texture": "#main" }, 
                "west":  { "uv": [ 5, 7, 5.125, 7.25 ], "rotation":180, "texture": "#main" }, 
                "up":    { "uv": [ 7.25, 7, 7, 7.125 ], "texture": "#main" }, 
                "down":  { "uv": [ 6.25, 7.125, 6, 7 ], "texture": "#main" }
            }
        }, 
        {
            "from": [ 7.80575, 7.80575, 7.62538 ], 
            "to":   [ 8.19425, 8.19425, 9.12388 ], 
            "rotation": { "angle": 45, "axis": "x", "origin": [8, 8, 8] }, 
            "faces": {
                "north": { "uv": [ 6.5, 6, 6.75, 6.25 ], "rotation":180, "texture": "#main" }, 
                "east":  { "uv": [ 4, 4, 4.75, 4.25 ], "rotation":180, "texture": "#main" }, 
                "south": { "uv": [ 6.5, 5, 6.75, 5.25 ], "rotation":180, "texture": "#main" }, 
                "west":  { "uv": [ 4, 5, 4.75, 5.25 ], "rotation":180, "texture": "#main" }, 
                "up":    { "uv": [ 5.75, 5.5, 5.5, 6.25 ], "texture": "#main" }, 
                "down":  { "uv": [ 5.75, 4.75, 5.5, 4 ], "texture": "#main" }
            }
        }, 
        {
            "from": [ 7.78355, 8.35243, 7.78355 ], 
            "to":   [ 8.21645, 8.39683, 8.21645 ], 
            "rotation": { "angle": 0, "axis": "x", "origin": [8, 8, 8] }, 
            "faces": {
                "north": { "uv": [ 10.25, 7.125, 10, 7 ], "rotation":180, "texture": "#main" }, 
                "east":  { "uv": [ 8, 7, 8.125, 7.25 ], "rotation":90, "texture": "#main" }, 
                "south": { "uv": [ 11.25, 7, 11, 7.125 ], "texture": "#main" }, 
                "west":  { "uv": [ 9, 7, 9.125, 7.25 ], "rotation":270, "texture": "#main" }, 
                "up":    { "uv": [ 10.5, 4, 10.75, 4.25 ], "texture": "#main" }, 
                "down":  { "uv": [ 8, 6, 8.25, 6.25 ], "rotation":180, "texture": "#main" }
            }
        }, 
        {
            "from": [ 7.80575, 6.87612, 7.80575 ], 
            "to":   [ 8.19425, 8.37462, 8.19425 ], 
            "rotation": { "angle": 0, "axis": "x", "origin": [8, 8, 8] }, 
            "faces": {
                "north": { "uv": [ 9.75, 4.75, 9.5, 4 ], "rotation":180, "texture": "#main" }, 
                "east":  { "uv": [ 8, 4, 8.75, 4.25 ], "rotation":90, "texture": "#main" }, 
                "south": { "uv": [ 9.75, 5.5, 9.5, 6.25 ], "texture": "#main" }, 
                "west":  { "uv": [ 8, 5, 8.75, 5.25 ], "rotation":270, "texture": "#main" }, 
                "up":    { "uv": [ 10.5, 6, 10.75, 6.25 ], "texture": "#main" }, 
                "down":  { "uv": [ 10.5, 5, 10.75, 5.25 ], "rotation":180, "texture": "#main" }
            }
        }, 
        {
            "from": [ 7.78355, 8.35243, 7.78355 ], 
            "to":   [ 8.21645, 8.39683, 8.21645 ], 
            "rotation": { "angle": 45, "axis": "x", "origin": [8, 8, 8] }, 
            "faces": {
                "north": { "uv": [ 14.25, 7.125, 14, 7 ], "rotation":180, "texture": "#main" }, 
                "east":  { "uv": [ 12, 7, 12.125, 7.25 ], "rotation":90, "texture": "#main" }, 
                "south": { "uv": [ 15.25, 7, 15, 7.125 ], "texture": "#main" }, 
                "west":  { "uv": [ 13, 7, 13.125, 7.25 ], "rotation":270, "texture": "#main" }, 
                "up":    { "uv": [ 14.5, 4, 14.75, 4.25 ], "texture": "#main" }, 
                "down":  { "uv": [ 12, 6, 12.25, 6.25 ], "rotation":180, "texture": "#main" }
            }
        }, 
        {
            "from": [ 7.80575, 6.87612, 7.80575 ], 
            "to":   [ 8.19425, 8.37462, 8.19425 ], 
            "rotation": { "angle": 45, "axis": "x", "origin": [8, 8, 8] }, 
            "faces": {
                "north": { "uv": [ 13.75, 4.75, 13.5, 4 ], "rotation":180, "texture": "#main" }, 
                "east":  { "uv": [ 12, 4, 12.75, 4.25 ], "rotation":90, "texture": "#main" }, 
                "south": { "uv": [ 13.75, 5.5, 13.5, 6.25 ], "texture": "#main" }, 
                "west":  { "uv": [ 12, 5, 12.75, 5.25 ], "rotation":270, "texture": "#main" }, 
                "up":    { "uv": [ 14.5, 6, 14.75, 6.25 ], "texture": "#main" }, 
                "down":  { "uv": [ 14.5, 5, 14.75, 5.25 ], "rotation":180, "texture": "#main" }
            }
        }
    ], 
    "display": {
        "thirdperson_righthand": {
            "translation": [ -0.5, 2.25, -1.5 ], 
            "scale": [ 0, 0, 0 ]
        }, 
        "thirdperson_lefthand": {
            "scale": [ 0, 0, 0 ]
        }, 
        "firstperson_righthand": {
            "rotation": [ 15.61, -16.1, 39.05 ], 
            "translation": [ -10.1, 21.5, 3.45 ], 
            "scale": [ 0, 0, 0 ]
        }, 
        "firstperson_lefthand": {
            "rotation": [ -3, -0.5, 1 ], 
            "translation": [ -3, 16, -8.5 ], 
            "scale": [ 0, 0, 0 ]
        }, 
        "ground": {
            "translation": [ 0, -0.75, 0 ], 
            "scale": [ 1.5, 1.5, 1.5 ]
        }, 
        "gui": {
            "rotation": [ 0, -95.5, 0 ], 
            "translation": [ 4.5, 2.5, 0 ], 
            "scale": [ 0, 0, 0 ]
        }, 
        "head": {
            "translation": [ 0, -29, 0 ], 
            "scale": [ 1.6, 1.6, 1.6 ]
        }, 
        "fixed": {
            "rotation": [ 0, -90, 0 ], 
            "translation": [ 4.75, 4, -1.25 ], 
            "scale": [ 0, 0, 0 ]
        }
    }, 
    "groups": [
        {
            "name": "12 Gauge", 
            "origin": [
                8.20025, 
                17.05591, 
                0.99219
            ], 
            "color": 0, 
            "children": [
                0, 
                1
            ]
        }
    ], 
    "__comment": "Model animated using Fizzy's model animator - http://fizzy81.github.io/animated-models/"
}