{
    "credit": "Made with Blockbench", 
    "textures": {
        "main": "fw:casings/357"
    }, 
    "elements": [
        {
            "from": [ 7.85, 7.85, 7.40625 ], 
            "to":   [ 8.15, 8.15, 8.78125 ], 
            "rotation": { "angle": 0, "axis": "y", "origin": [8, 8, 3.45] }, 
            "faces": {
                "north": { "uv": [ 1.5, 0, 1.5625, 0.0625 ], "texture": "#main" }, 
                "east":  { "uv": [ 0, 0, 0.25, 0.0625 ], "texture": "#main" }, 
                "south": { "uv": [ 0.5, 1.5, 0.5625, 1.5625 ], "texture": "#main" }, 
                "west":  { "uv": [ 0, 0.5, 0.25, 0.5625 ], "texture": "#main" }, 
                "up":    { "uv": [ 0.5625, 0.25, 0.5, 0 ], "texture": "#main" }, 
                "down":  { "uv": [ 0.5625, 0.5, 0.5, 0.75 ], "texture": "#main" }
            }
        }, 
        {
            "from": [ 7.84, 7.84, 8.77125 ], 
            "to":   [ 8.16, 8.16, 8.81625 ], 
            "rotation": { "angle": 0, "axis": "y", "origin": [8, 8, 3.45] }, 
            "faces": {
                "north": { "uv": [ 1.5, 0.5, 1.5625, 0.5625 ], "texture": "#main" }, 
                "east":  { "uv": [ 1, 1.5, 1.0625, 1.5625 ], "texture": "#main" }, 
                "south": { "uv": [ 1.5, 1, 1.5625, 1.0625 ], "texture": "#main" }, 
                "west":  { "uv": [ 1.5, 1.5, 1.5625, 1.5625 ], "texture": "#main" }, 
                "up":    { "uv": [ 0.0625, 2.0625, 0, 2 ], "texture": "#main" }, 
                "down":  { "uv": [ 2.0625, 0, 2, 0.0625 ], "texture": "#main" }
            }
        }, 
        {
            "from": [ 7.85, 7.85, 7.40625 ], 
            "to":   [ 8.15, 8.15, 8.78125 ], 
            "rotation": { "angle": 45, "axis": "x", "origin": [8, 8, 8.44375] }, 
            "faces": {
                "north": { "uv": [ 5.5, 0, 5.5625, 0.0625 ], "texture": "#main" }, 
                "east":  { "uv": [ 4, 0, 4.25, 0.0625 ], "texture": "#main" }, 
                "south": { "uv": [ 4.5, 1.5, 4.5625, 1.5625 ], "texture": "#main" }, 
                "west":  { "uv": [ 4, 0.5, 4.25, 0.5625 ], "texture": "#main" }, 
                "up":    { "uv": [ 4.5625, 0.25, 4.5, 0 ], "texture": "#main" }, 
                "down":  { "uv": [ 4.5625, 0.5, 4.5, 0.75 ], "texture": "#main" }
            }
        }, 
        {
            "from": [ 7.84, 7.84, 8.77125 ], 
            "to":   [ 8.16, 8.16, 8.81625 ], 
            "rotation": { "angle": 45, "axis": "x", "origin": [8, 8, 8.44375] }, 
            "faces": {
                "north": { "uv": [ 5.5, 0.5, 5.5625, 0.5625 ], "texture": "#main" }, 
                "east":  { "uv": [ 5, 1.5, 5.0625, 1.5625 ], "texture": "#main" }, 
                "south": { "uv": [ 5.5, 1, 5.5625, 1.0625 ], "texture": "#main" }, 
                "west":  { "uv": [ 5.5, 1.5, 5.5625, 1.5625 ], "texture": "#main" }, 
                "up":    { "uv": [ 4.0625, 2.0625, 4, 2 ], "texture": "#main" }, 
                "down":  { "uv": [ 6.0625, 0, 6, 0.0625 ], "texture": "#main" }
            }
        }, 
        {
            "from": [ 7.85, 7.6625, 8.29375 ], 
            "to":   [ 8.15, 9.0375, 8.59375 ], 
            "rotation": { "angle": 0, "axis": "x", "origin": [8, 8, 8.44375] }, 
            "faces": {
                "north": { "uv": [ 8.5625, 0.5, 8.5, 0.75 ], "rotation":180, "texture": "#main" }, 
                "east":  { "uv": [ 8, 0, 8.25, 0.0625 ], "rotation":270, "texture": "#main" }, 
                "south": { "uv": [ 8.5625, 0.25, 8.5, 0 ], "texture": "#main" }, 
                "west":  { "uv": [ 8, 0.5, 8.25, 0.5625 ], "rotation":90, "texture": "#main" }, 
                "up":    { "uv": [ 9.5, 0, 9.5625, 0.0625 ], "rotation":180, "texture": "#main" }, 
                "down":  { "uv": [ 8.5, 1.5, 8.5625, 1.5625 ], "texture": "#main" }
            }
        }, 
        {
            "from": [ 7.84, 7.6275, 8.28375 ], 
            "to":   [ 8.16, 7.6725, 8.60375 ], 
            "rotation": { "angle": 0, "axis": "x", "origin": [8, 8, 8.44375] }, 
            "faces": {
                "north": { "uv": [ 10.0625, 0, 10, 0.0625 ], "rotation":180, "texture": "#main" }, 
                "east":  { "uv": [ 9, 1.5, 9.0625, 1.5625 ], "rotation":270, "texture": "#main" }, 
                "south": { "uv": [ 8.0625, 2.0625, 8, 2 ], "texture": "#main" }, 
                "west":  { "uv": [ 9.5, 1.5, 9.5625, 1.5625 ], "rotation":90, "texture": "#main" }, 
                "up":    { "uv": [ 9.5, 0.5, 9.5625, 0.5625 ], "rotation":180, "texture": "#main" }, 
                "down":  { "uv": [ 9.5, 1, 9.5625, 1.0625 ], "texture": "#main" }
            }
        }, 
        {
            "from": [ 7.85, 7.6625, 8.29375 ], 
            "to":   [ 8.15, 9.0375, 8.59375 ], 
            "rotation": { "angle": 45, "axis": "x", "origin": [8, 8, 8.44375] }, 
            "faces": {
                "north": { "uv": [ 12.5625, 0.5, 12.5, 0.75 ], "rotation":180, "texture": "#main" }, 
                "east":  { "uv": [ 12, 0, 12.25, 0.0625 ], "rotation":270, "texture": "#main" }, 
                "south": { "uv": [ 12.5625, 0.25, 12.5, 0 ], "texture": "#main" }, 
                "west":  { "uv": [ 12, 0.5, 12.25, 0.5625 ], "rotation":90, "texture": "#main" }, 
                "up":    { "uv": [ 13.5, 0, 13.5625, 0.0625 ], "rotation":180, "texture": "#main" }, 
                "down":  { "uv": [ 12.5, 1.5, 12.5625, 1.5625 ], "texture": "#main" }
            }
        }, 
        {
            "from": [ 7.84, 7.6275, 8.28375 ], 
            "to":   [ 8.16, 7.6725, 8.60375 ], 
            "rotation": { "angle": 45, "axis": "x", "origin": [8, 8, 8.44375] }, 
            "faces": {
                "north": { "uv": [ 14.0625, 0, 14, 0.0625 ], "rotation":180, "texture": "#main" }, 
                "east":  { "uv": [ 13, 1.5, 13.0625, 1.5625 ], "rotation":270, "texture": "#main" }, 
                "south": { "uv": [ 12.0625, 2.0625, 12, 2 ], "texture": "#main" }, 
                "west":  { "uv": [ 13.5, 1.5, 13.5625, 1.5625 ], "rotation":90, "texture": "#main" }, 
                "up":    { "uv": [ 13.5, 0.5, 13.5625, 0.5625 ], "rotation":180, "texture": "#main" }, 
                "down":  { "uv": [ 13.5, 1, 13.5625, 1.0625 ], "texture": "#main" }
            }
        }, 
        {
            "from": [ 7.85, 7.85, 8.10625 ], 
            "to":   [ 8.15, 8.15, 9.48125 ], 
            "rotation": { "angle": 0, "axis": "x", "origin": [8, 8, 8.44375] }, 
            "faces": {
                "north": { "uv": [ 0.5, 5.5, 0.5625, 5.5625 ], "rotation":180, "texture": "#main" }, 
                "east":  { "uv": [ 0, 4, 0.25, 4.0625 ], "rotation":180, "texture": "#main" }, 
                "south": { "uv": [ 1.5, 4, 1.5625, 4.0625 ], "rotation":180, "texture": "#main" }, 
                "west":  { "uv": [ 0, 4.5, 0.25, 4.5625 ], "rotation":180, "texture": "#main" }, 
                "up":    { "uv": [ 0.5625, 4.5, 0.5, 4.75 ], "texture": "#main" }, 
                "down":  { "uv": [ 0.5625, 4.25, 0.5, 4 ], "texture": "#main" }
            }
        }, 
        {
            "from": [ 7.84, 7.84, 8.07125 ], 
            "to":   [ 8.16, 8.16, 8.11625 ], 
            "rotation": { "angle": 0, "axis": "x", "origin": [8, 8, 8.44375] }, 
            "faces": {
                "north": { "uv": [ 1.5, 5, 1.5625, 5.0625 ], "rotation":180, "texture": "#main" }, 
                "east":  { "uv": [ 1, 5.5, 1.0625, 5.5625 ], "rotation":180, "texture": "#main" }, 
                "south": { "uv": [ 1.5, 4.5, 1.5625, 4.5625 ], "rotation":180, "texture": "#main" }, 
                "west":  { "uv": [ 1.5, 5.5, 1.5625, 5.5625 ], "rotation":180, "texture": "#main" }, 
                "up":    { "uv": [ 2.0625, 4, 2, 4.0625 ], "texture": "#main" }, 
                "down":  { "uv": [ 0.0625, 6.0625, 0, 6 ], "texture": "#main" }
            }
        }, 
        {
            "from": [ 7.85, 7.85, 8.10625 ], 
            "to":   [ 8.15, 8.15, 9.48125 ], 
            "rotation": { "angle": 45, "axis": "x", "origin": [8, 8, 8.44375] }, 
            "faces": {
                "north": { "uv": [ 4.5, 5.5, 4.5625, 5.5625 ], "rotation":180, "texture": "#main" }, 
                "east":  { "uv": [ 4, 4, 4.25, 4.0625 ], "rotation":180, "texture": "#main" }, 
                "south": { "uv": [ 5.5, 4, 5.5625, 4.0625 ], "rotation":180, "texture": "#main" }, 
                "west":  { "uv": [ 4, 4.5, 4.25, 4.5625 ], "rotation":180, "texture": "#main" }, 
                "up":    { "uv": [ 4.5625, 4.5, 4.5, 4.75 ], "texture": "#main" }, 
                "down":  { "uv": [ 4.5625, 4.25, 4.5, 4 ], "texture": "#main" }
            }
        }, 
        {
            "from": [ 7.84, 7.84, 8.07125 ], 
            "to":   [ 8.16, 8.16, 8.11625 ], 
            "rotation": { "angle": 45, "axis": "x", "origin": [8, 8, 8.44375] }, 
            "faces": {
                "north": { "uv": [ 5.5, 5, 5.5625, 5.0625 ], "rotation":180, "texture": "#main" }, 
                "east":  { "uv": [ 5, 5.5, 5.0625, 5.5625 ], "rotation":180, "texture": "#main" }, 
                "south": { "uv": [ 5.5, 4.5, 5.5625, 4.5625 ], "rotation":180, "texture": "#main" }, 
                "west":  { "uv": [ 5.5, 5.5, 5.5625, 5.5625 ], "rotation":180, "texture": "#main" }, 
                "up":    { "uv": [ 6.0625, 4, 6, 4.0625 ], "texture": "#main" }, 
                "down":  { "uv": [ 4.0625, 6.0625, 4, 6 ], "texture": "#main" }
            }
        }, 
        {
            "from": [ 7.85, 6.9625, 8.29375 ], 
            "to":   [ 8.15, 8.3375, 8.59375 ], 
            "rotation": { "angle": 0, "axis": "x", "origin": [8, 8, 8.44375] }, 
            "faces": {
                "north": { "uv": [ 8.5625, 4.25, 8.5, 4 ], "rotation":180, "texture": "#main" }, 
                "east":  { "uv": [ 8, 4, 8.25, 4.0625 ], "rotation":90, "texture": "#main" }, 
                "south": { "uv": [ 8.5625, 4.5, 8.5, 4.75 ], "texture": "#main" }, 
                "west":  { "uv": [ 8, 4.5, 8.25, 4.5625 ], "rotation":270, "texture": "#main" }, 
                "up":    { "uv": [ 8.5, 5.5, 8.5625, 5.5625 ], "texture": "#main" }, 
                "down":  { "uv": [ 9.5, 4, 9.5625, 4.0625 ], "rotation":180, "texture": "#main" }
            }
        }, 
        {
            "from": [ 7.84, 8.3275, 8.28375 ], 
            "to":   [ 8.16, 8.3725, 8.60375 ], 
            "rotation": { "angle": 0, "axis": "x", "origin": [8, 8, 8.44375] }, 
            "faces": {
                "north": { "uv": [ 8.0625, 6.0625, 8, 6 ], "rotation":180, "texture": "#main" }, 
                "east":  { "uv": [ 9, 5.5, 9.0625, 5.5625 ], "rotation":90, "texture": "#main" }, 
                "south": { "uv": [ 10.0625, 4, 10, 4.0625 ], "texture": "#main" }, 
                "west":  { "uv": [ 9.5, 5.5, 9.5625, 5.5625 ], "rotation":270, "texture": "#main" }, 
                "up":    { "uv": [ 9.5, 5, 9.5625, 5.0625 ], "texture": "#main" }, 
                "down":  { "uv": [ 9.5, 4.5, 9.5625, 4.5625 ], "rotation":180, "texture": "#main" }
            }
        }, 
        {
            "from": [ 7.85, 6.9625, 8.29375 ], 
            "to":   [ 8.15, 8.3375, 8.59375 ], 
            "rotation": { "angle": 45, "axis": "x", "origin": [8, 8, 8.44375] }, 
            "faces": {
                "north": { "uv": [ 12.5625, 4.25, 12.5, 4 ], "rotation":180, "texture": "#main" }, 
                "east":  { "uv": [ 12, 4, 12.25, 4.0625 ], "rotation":90, "texture": "#main" }, 
                "south": { "uv": [ 12.5625, 4.5, 12.5, 4.75 ], "texture": "#main" }, 
                "west":  { "uv": [ 12, 4.5, 12.25, 4.5625 ], "rotation":270, "texture": "#main" }, 
                "up":    { "uv": [ 12.5, 5.5, 12.5625, 5.5625 ], "texture": "#main" }, 
                "down":  { "uv": [ 13.5, 4, 13.5625, 4.0625 ], "rotation":180, "texture": "#main" }
            }
        }, 
        {
            "from": [ 7.84, 8.3275, 8.28375 ], 
            "to":   [ 8.16, 8.3725, 8.60375 ], 
            "rotation": { "angle": 45, "axis": "x", "origin": [8, 8, 8.44375] }, 
            "faces": {
                "north": { "uv": [ 12.0625, 6.0625, 12, 6 ], "rotation":180, "texture": "#main" }, 
                "east":  { "uv": [ 13, 5.5, 13.0625, 5.5625 ], "rotation":90, "texture": "#main" }, 
                "south": { "uv": [ 14.0625, 4, 14, 4.0625 ], "texture": "#main" }, 
                "west":  { "uv": [ 13.5, 5.5, 13.5625, 5.5625 ], "rotation":270, "texture": "#main" }, 
                "up":    { "uv": [ 13.5, 5, 13.5625, 5.0625 ], "texture": "#main" }, 
                "down":  { "uv": [ 13.5, 4.5, 13.5625, 4.5625 ], "rotation":180, "texture": "#main" }
            }
        }
    ], 
    "display": {
        "thirdperson_righthand": {
            "translation": [ -0.5, 2.25, -1.5 ], 
            "scale": [ 0, 0, 0 ]
        }, 
        "thirdperson_lefthand": {
            "scale": [ 0, 0, 0 ]
        }, 
        "firstperson_righthand": {
            "rotation": [ 15.61, -16.1, 39.05 ], 
            "translation": [ -10.1, 21.5, 3.45 ], 
            "scale": [ 0, 0, 0 ]
        }, 
        "firstperson_lefthand": {
            "rotation": [ -3, -0.5, 1 ], 
            "translation": [ -3, 16, -8.5 ], 
            "scale": [ 0, 0, 0 ]
        }, 
        "ground": {
            "translation": [ 0, -0.75, 0 ], 
            "scale": [ 1.5, 1.5, 1.5 ]
        }, 
        "gui": {
            "rotation": [ 0, -95.5, 0 ], 
            "translation": [ 4.5, 2.5, 0 ], 
            "scale": [ 0, 0, 0 ]
        }, 
        "head": {
            "translation": [ 0, -29, 0 ], 
            "scale": [ 1.6, 1.6, 1.6 ]
        }, 
        "fixed": {
            "rotation": [ 0, -90, 0 ], 
            "translation": [ 4.75, 4, -1.25 ], 
            "scale": [ 0, 0, 0 ]
        }
    }, 
    "groups": [
        {
            "name": ".357 Magnum", 
            "origin": [
                9.45, 
                8.625, 
                3.73281
            ], 
            "color": 0, 
            "children": [
                0, 
                1
            ]
        }
    ], 
    "__comment": "Model animated using Fizzy's model animator - http://fizzy81.github.io/animated-models/"
}