{
    "credit": "Made with Blockbench", 
    "textures": {
        "main": "fw:casings/50"
    }, 
    "elements": [
        {
            "from": [ 7.71875, 7.81875, 5.91875 ], 
            "to":   [ 8.28125, 8.38125, 8.85625 ], 
            "rotation": { "angle": 0, "axis": "x", "origin": [8, 8.1, 8] }, 
            "faces": {
                "north": { "uv": [ 2.5, 0.25, 2.25, 0 ], "rotation":180, "texture": "#main" }, 
                "east":  { "uv": [ 1.5, 1.625, 1.75, 3.125 ], "rotation":90, "texture": "#main" }, 
                "south": { "uv": [ 2.5, 0.375, 2.25, 0.625 ], "texture": "#main" }, 
                "west":  { "uv": [ 1.875, 1.625, 2.125, 3.125 ], "rotation":270, "texture": "#main" }, 
                "up":    { "uv": [ 1.875, 0, 2.125, 1.5 ], "texture": "#main" }, 
                "down":  { "uv": [ 1.5, 0, 1.75, 1.5 ], "rotation":180, "texture": "#main" }
            }
        }, 
        {
            "from": [ 7.71875, 7.81875, 8.94375 ], 
            "to":   [ 8.28125, 8.38125, 8.98125 ], 
            "rotation": { "angle": 0, "axis": "x", "origin": [8, 8.1, 8] }, 
            "faces": {
                "north": { "uv": [ 2.5, 1, 2.25, 0.75 ], "rotation":180, "texture": "#main" }, 
                "east":  { "uv": [ 2.625, 0.625, 2.875, 0.75 ], "rotation":90, "texture": "#main" }, 
                "south": { "uv": [ 2.5, 1.125, 2.25, 1.375 ], "texture": "#main" }, 
                "west":  { "uv": [ 2.625, 1.125, 2.875, 1.25 ], "rotation":270, "texture": "#main" }, 
                "up":    { "uv": [ 2.625, 0.875, 2.875, 1 ], "texture": "#main" }, 
                "down":  { "uv": [ 2.625, 0.375, 2.875, 0.5 ], "rotation":180, "texture": "#main" }
            }
        }, 
        {
            "from": [ 7.75, 7.85, 5.10625 ], 
            "to":   [ 8.25, 8.35, 8.96875 ], 
            "rotation": { "angle": 0, "axis": "x", "origin": [8, 8.1, 8] }, 
            "faces": {
                "north": { "uv": [ 2.5, 1.75, 2.25, 1.5 ], "rotation":180, "texture": "#main" }, 
                "east":  { "uv": [ 0.375, 0, 0.625, 1.875 ], "rotation":90, "texture": "#main" }, 
                "south": { "uv": [ 2.5, 1.875, 2.25, 2.125 ], "texture": "#main" }, 
                "west":  { "uv": [ 1.125, 0, 1.375, 1.875 ], "rotation":270, "texture": "#main" }, 
                "up":    { "uv": [ 0.75, 0, 1, 1.875 ], "texture": "#main" }, 
                "down":  { "uv": [ 0, 0, 0.25, 1.875 ], "rotation":180, "texture": "#main" }
            }
        }, 
        {
            "from": [ 7.71875, 7.81875, 5.91875 ], 
            "to":   [ 8.28125, 8.38125, 8.85625 ], 
            "rotation": { "angle": 45, "axis": "x", "origin": [8, 8.1, 8] }, 
            "faces": {
                "north": { "uv": [ 6.5, 0.25, 6.25, 0 ], "rotation":180, "texture": "#main" }, 
                "east":  { "uv": [ 5.5, 1.625, 5.75, 3.125 ], "rotation":90, "texture": "#main" }, 
                "south": { "uv": [ 6.5, 0.375, 6.25, 0.625 ], "texture": "#main" }, 
                "west":  { "uv": [ 5.875, 1.625, 6.125, 3.125 ], "rotation":270, "texture": "#main" }, 
                "up":    { "uv": [ 5.875, 0, 6.125, 1.5 ], "texture": "#main" }, 
                "down":  { "uv": [ 5.5, 0, 5.75, 1.5 ], "rotation":180, "texture": "#main" }
            }
        }, 
        {
            "from": [ 7.71875, 7.81875, 8.94375 ], 
            "to":   [ 8.28125, 8.38125, 8.98125 ], 
            "rotation": { "angle": 45, "axis": "x", "origin": [8, 8.1, 8] }, 
            "faces": {
                "north": { "uv": [ 6.5, 1, 6.25, 0.75 ], "rotation":180, "texture": "#main" }, 
                "east":  { "uv": [ 6.625, 0.625, 6.875, 0.75 ], "rotation":90, "texture": "#main" }, 
                "south": { "uv": [ 6.5, 1.125, 6.25, 1.375 ], "texture": "#main" }, 
                "west":  { "uv": [ 6.625, 1.125, 6.875, 1.25 ], "rotation":270, "texture": "#main" }, 
                "up":    { "uv": [ 6.625, 0.875, 6.875, 1 ], "texture": "#main" }, 
                "down":  { "uv": [ 6.625, 0.375, 6.875, 0.5 ], "rotation":180, "texture": "#main" }
            }
        }, 
        {
            "from": [ 7.75, 7.85, 5.10625 ], 
            "to":   [ 8.25, 8.35, 8.96875 ], 
            "rotation": { "angle": 45, "axis": "x", "origin": [8, 8.1, 8] }, 
            "faces": {
                "north": { "uv": [ 6.5, 1.75, 6.25, 1.5 ], "rotation":180, "texture": "#main" }, 
                "east":  { "uv": [ 4.375, 0, 4.625, 1.875 ], "rotation":90, "texture": "#main" }, 
                "south": { "uv": [ 6.5, 1.875, 6.25, 2.125 ], "texture": "#main" }, 
                "west":  { "uv": [ 5.125, 0, 5.375, 1.875 ], "rotation":270, "texture": "#main" }, 
                "up":    { "uv": [ 4.75, 0, 5, 1.875 ], "texture": "#main" }, 
                "down":  { "uv": [ 4, 0, 4.25, 1.875 ], "rotation":180, "texture": "#main" }
            }
        }, 
        {
            "from": [ 7.71875, 7.24375, 7.71875 ], 
            "to":   [ 8.28125, 10.18125, 8.28125 ], 
            "rotation": { "angle": 0, "axis": "x", "origin": [8, 8.1, 8] }, 
            "faces": {
                "north": { "uv": [ 9.5, 0, 9.75, 1.5 ], "texture": "#main" }, 
                "east":  { "uv": [ 9.5, 1.625, 9.75, 3.125 ], "texture": "#main" }, 
                "south": { "uv": [ 9.875, 0, 10.125, 1.5 ], "texture": "#main" }, 
                "west":  { "uv": [ 9.875, 1.625, 10.125, 3.125 ], "texture": "#main" }, 
                "up":    { "uv": [ 10.5, 0.25, 10.25, 0 ], "texture": "#main" }, 
                "down":  { "uv": [ 10.5, 0.375, 10.25, 0.625 ], "texture": "#main" }
            }
        }, 
        {
            "from": [ 7.71875, 7.11875, 7.71875 ], 
            "to":   [ 8.28125, 7.15625, 8.28125 ], 
            "rotation": { "angle": 0, "axis": "x", "origin": [8, 8.1, 8] }, 
            "faces": {
                "north": { "uv": [ 10.625, 0.375, 10.875, 0.5 ], "texture": "#main" }, 
                "east":  { "uv": [ 10.625, 0.625, 10.875, 0.75 ], "texture": "#main" }, 
                "south": { "uv": [ 10.625, 0.875, 10.875, 1 ], "texture": "#main" }, 
                "west":  { "uv": [ 10.625, 1.125, 10.875, 1.25 ], "texture": "#main" }, 
                "up":    { "uv": [ 10.5, 1, 10.25, 0.75 ], "texture": "#main" }, 
                "down":  { "uv": [ 10.5, 1.125, 10.25, 1.375 ], "texture": "#main" }
            }
        }, 
        {
            "from": [ 7.75, 7.13125, 7.75 ], 
            "to":   [ 8.25, 10.99375, 8.25 ], 
            "rotation": { "angle": 0, "axis": "x", "origin": [8, 8.1, 8] }, 
            "faces": {
                "north": { "uv": [ 8, 0, 8.25, 1.875 ], "texture": "#main" }, 
                "east":  { "uv": [ 8.375, 0, 8.625, 1.875 ], "texture": "#main" }, 
                "south": { "uv": [ 8.75, 0, 9, 1.875 ], "texture": "#main" }, 
                "west":  { "uv": [ 9.125, 0, 9.375, 1.875 ], "texture": "#main" }, 
                "up":    { "uv": [ 10.5, 1.75, 10.25, 1.5 ], "texture": "#main" }, 
                "down":  { "uv": [ 10.5, 1.875, 10.25, 2.125 ], "texture": "#main" }
            }
        }, 
        {
            "from": [ 7.71875, 7.24375, 7.71875 ], 
            "to":   [ 8.28125, 10.18125, 8.28125 ], 
            "rotation": { "angle": 45, "axis": "x", "origin": [8, 8.1, 8] }, 
            "faces": {
                "north": { "uv": [ 13.5, 0, 13.75, 1.5 ], "texture": "#main" }, 
                "east":  { "uv": [ 13.5, 1.625, 13.75, 3.125 ], "texture": "#main" }, 
                "south": { "uv": [ 13.875, 0, 14.125, 1.5 ], "texture": "#main" }, 
                "west":  { "uv": [ 13.875, 1.625, 14.125, 3.125 ], "texture": "#main" }, 
                "up":    { "uv": [ 14.5, 0.25, 14.25, 0 ], "texture": "#main" }, 
                "down":  { "uv": [ 14.5, 0.375, 14.25, 0.625 ], "texture": "#main" }
            }
        }, 
        {
            "from": [ 7.71875, 7.11875, 7.71875 ], 
            "to":   [ 8.28125, 7.15625, 8.28125 ], 
            "rotation": { "angle": 45, "axis": "x", "origin": [8, 8.1, 8] }, 
            "faces": {
                "north": { "uv": [ 14.625, 0.375, 14.875, 0.5 ], "texture": "#main" }, 
                "east":  { "uv": [ 14.625, 0.625, 14.875, 0.75 ], "texture": "#main" }, 
                "south": { "uv": [ 14.625, 0.875, 14.875, 1 ], "texture": "#main" }, 
                "west":  { "uv": [ 14.625, 1.125, 14.875, 1.25 ], "texture": "#main" }, 
                "up":    { "uv": [ 14.5, 1, 14.25, 0.75 ], "texture": "#main" }, 
                "down":  { "uv": [ 14.5, 1.125, 14.25, 1.375 ], "texture": "#main" }
            }
        }, 
        {
            "from": [ 7.75, 7.13125, 7.75 ], 
            "to":   [ 8.25, 10.99375, 8.25 ], 
            "rotation": { "angle": 45, "axis": "x", "origin": [8, 8.1, 8] }, 
            "faces": {
                "north": { "uv": [ 12, 0, 12.25, 1.875 ], "texture": "#main" }, 
                "east":  { "uv": [ 12.375, 0, 12.625, 1.875 ], "texture": "#main" }, 
                "south": { "uv": [ 12.75, 0, 13, 1.875 ], "texture": "#main" }, 
                "west":  { "uv": [ 13.125, 0, 13.375, 1.875 ], "texture": "#main" }, 
                "up":    { "uv": [ 14.5, 1.75, 14.25, 1.5 ], "texture": "#main" }, 
                "down":  { "uv": [ 14.5, 1.875, 14.25, 2.125 ], "texture": "#main" }
            }
        }, 
        {
            "from": [ 7.71875, 7.81875, 7.14375 ], 
            "to":   [ 8.28125, 8.38125, 10.08125 ], 
            "rotation": { "angle": 0, "axis": "x", "origin": [8, 8.1, 8] }, 
            "faces": {
                "north": { "uv": [ 2.5, 4.375, 2.25, 4.625 ], "rotation":180, "texture": "#main" }, 
                "east":  { "uv": [ 1.5, 5.625, 1.75, 7.125 ], "rotation":270, "texture": "#main" }, 
                "south": { "uv": [ 2.5, 4.25, 2.25, 4 ], "texture": "#main" }, 
                "west":  { "uv": [ 1.875, 5.625, 2.125, 7.125 ], "rotation":90, "texture": "#main" }, 
                "up":    { "uv": [ 1.5, 4, 1.75, 5.5 ], "rotation":180, "texture": "#main" }, 
                "down":  { "uv": [ 1.875, 4, 2.125, 5.5 ], "texture": "#main" }
            }
        }, 
        {
            "from": [ 7.71875, 7.81875, 7.01875 ], 
            "to":   [ 8.28125, 8.38125, 7.05625 ], 
            "rotation": { "angle": 0, "axis": "x", "origin": [8, 8.1, 8] }, 
            "faces": {
                "north": { "uv": [ 2.5, 5.125, 2.25, 5.375 ], "rotation":180, "texture": "#main" }, 
                "east":  { "uv": [ 2.625, 4.625, 2.875, 4.75 ], "rotation":270, "texture": "#main" }, 
                "south": { "uv": [ 2.5, 5, 2.25, 4.75 ], "texture": "#main" }, 
                "west":  { "uv": [ 2.625, 5.125, 2.875, 5.25 ], "rotation":90, "texture": "#main" }, 
                "up":    { "uv": [ 2.625, 4.375, 2.875, 4.5 ], "rotation":180, "texture": "#main" }, 
                "down":  { "uv": [ 2.625, 4.875, 2.875, 5 ], "texture": "#main" }
            }
        }, 
        {
            "from": [ 7.75, 7.85, 7.03125 ], 
            "to":   [ 8.25, 8.35, 10.89375 ], 
            "rotation": { "angle": 0, "axis": "x", "origin": [8, 8.1, 8] }, 
            "faces": {
                "north": { "uv": [ 2.5, 5.875, 2.25, 6.125 ], "rotation":180, "texture": "#main" }, 
                "east":  { "uv": [ 0.375, 4, 0.625, 5.875 ], "rotation":270, "texture": "#main" }, 
                "south": { "uv": [ 2.5, 5.75, 2.25, 5.5 ], "texture": "#main" }, 
                "west":  { "uv": [ 1.125, 4, 1.375, 5.875 ], "rotation":90, "texture": "#main" }, 
                "up":    { "uv": [ 0, 4, 0.25, 5.875 ], "rotation":180, "texture": "#main" }, 
                "down":  { "uv": [ 0.75, 4, 1, 5.875 ], "texture": "#main" }
            }
        }, 
        {
            "from": [ 7.71875, 7.81875, 7.14375 ], 
            "to":   [ 8.28125, 8.38125, 10.08125 ], 
            "rotation": { "angle": 45, "axis": "x", "origin": [8, 8.1, 8] }, 
            "faces": {
                "north": { "uv": [ 6.5, 4.375, 6.25, 4.625 ], "rotation":180, "texture": "#main" }, 
                "east":  { "uv": [ 5.5, 5.625, 5.75, 7.125 ], "rotation":270, "texture": "#main" }, 
                "south": { "uv": [ 6.5, 4.25, 6.25, 4 ], "texture": "#main" }, 
                "west":  { "uv": [ 5.875, 5.625, 6.125, 7.125 ], "rotation":90, "texture": "#main" }, 
                "up":    { "uv": [ 5.5, 4, 5.75, 5.5 ], "rotation":180, "texture": "#main" }, 
                "down":  { "uv": [ 5.875, 4, 6.125, 5.5 ], "texture": "#main" }
            }
        }, 
        {
            "from": [ 7.71875, 7.81875, 7.01875 ], 
            "to":   [ 8.28125, 8.38125, 7.05625 ], 
            "rotation": { "angle": 45, "axis": "x", "origin": [8, 8.1, 8] }, 
            "faces": {
                "north": { "uv": [ 6.5, 5.125, 6.25, 5.375 ], "rotation":180, "texture": "#main" }, 
                "east":  { "uv": [ 6.625, 4.625, 6.875, 4.75 ], "rotation":270, "texture": "#main" }, 
                "south": { "uv": [ 6.5, 5, 6.25, 4.75 ], "texture": "#main" }, 
                "west":  { "uv": [ 6.625, 5.125, 6.875, 5.25 ], "rotation":90, "texture": "#main" }, 
                "up":    { "uv": [ 6.625, 4.375, 6.875, 4.5 ], "rotation":180, "texture": "#main" }, 
                "down":  { "uv": [ 6.625, 4.875, 6.875, 5 ], "texture": "#main" }
            }
        }, 
        {
            "from": [ 7.75, 7.85, 7.03125 ], 
            "to":   [ 8.25, 8.35, 10.89375 ], 
            "rotation": { "angle": 45, "axis": "x", "origin": [8, 8.1, 8] }, 
            "faces": {
                "north": { "uv": [ 6.5, 5.875, 6.25, 6.125 ], "rotation":180, "texture": "#main" }, 
                "east":  { "uv": [ 4.375, 4, 4.625, 5.875 ], "rotation":270, "texture": "#main" }, 
                "south": { "uv": [ 6.5, 5.75, 6.25, 5.5 ], "texture": "#main" }, 
                "west":  { "uv": [ 5.125, 4, 5.375, 5.875 ], "rotation":90, "texture": "#main" }, 
                "up":    { "uv": [ 4, 4, 4.25, 5.875 ], "rotation":180, "texture": "#main" }, 
                "down":  { "uv": [ 4.75, 4, 5, 5.875 ], "texture": "#main" }
            }
        }, 
        {
            "from": [ 7.71875, 6.01875, 7.71875 ], 
            "to":   [ 8.28125, 8.95625, 8.28125 ], 
            "rotation": { "angle": 0, "axis": "x", "origin": [8, 8.1, 8] }, 
            "faces": {
                "north": { "uv": [ 9.875, 4, 10.125, 5.5 ], "rotation":180, "texture": "#main" }, 
                "east":  { "uv": [ 9.5, 5.625, 9.75, 7.125 ], "rotation":180, "texture": "#main" }, 
                "south": { "uv": [ 9.5, 4, 9.75, 5.5 ], "rotation":180, "texture": "#main" }, 
                "west":  { "uv": [ 9.875, 5.625, 10.125, 7.125 ], "rotation":180, "texture": "#main" }, 
                "up":    { "uv": [ 10.5, 4.375, 10.25, 4.625 ], "texture": "#main" }, 
                "down":  { "uv": [ 10.5, 4.25, 10.25, 4 ], "texture": "#main" }
            }
        }, 
        {
            "from": [ 7.71875, 9.04375, 7.71875 ], 
            "to":   [ 8.28125, 9.08125, 8.28125 ], 
            "rotation": { "angle": 0, "axis": "x", "origin": [8, 8.1, 8] }, 
            "faces": {
                "north": { "uv": [ 10.625, 4.875, 10.875, 5 ], "rotation":180, "texture": "#main" }, 
                "east":  { "uv": [ 10.625, 4.625, 10.875, 4.75 ], "rotation":180, "texture": "#main" }, 
                "south": { "uv": [ 10.625, 4.375, 10.875, 4.5 ], "rotation":180, "texture": "#main" }, 
                "west":  { "uv": [ 10.625, 5.125, 10.875, 5.25 ], "rotation":180, "texture": "#main" }, 
                "up":    { "uv": [ 10.5, 5.125, 10.25, 5.375 ], "texture": "#main" }, 
                "down":  { "uv": [ 10.5, 5, 10.25, 4.75 ], "texture": "#main" }
            }
        }, 
        {
            "from": [ 7.75, 5.20625, 7.75 ], 
            "to":   [ 8.25, 9.06875, 8.25 ], 
            "rotation": { "angle": 0, "axis": "x", "origin": [8, 8.1, 8] }, 
            "faces": {
                "north": { "uv": [ 8.75, 4, 9, 5.875 ], "rotation":180, "texture": "#main" }, 
                "east":  { "uv": [ 8.375, 4, 8.625, 5.875 ], "rotation":180, "texture": "#main" }, 
                "south": { "uv": [ 8, 4, 8.25, 5.875 ], "rotation":180, "texture": "#main" }, 
                "west":  { "uv": [ 9.125, 4, 9.375, 5.875 ], "rotation":180, "texture": "#main" }, 
                "up":    { "uv": [ 10.5, 5.875, 10.25, 6.125 ], "texture": "#main" }, 
                "down":  { "uv": [ 10.5, 5.75, 10.25, 5.5 ], "texture": "#main" }
            }
        }, 
        {
            "from": [ 7.71875, 6.01875, 7.71875 ], 
            "to":   [ 8.28125, 8.95625, 8.28125 ], 
            "rotation": { "angle": 45, "axis": "x", "origin": [8, 8.1, 8] }, 
            "faces": {
                "north": { "uv": [ 13.875, 4, 14.125, 5.5 ], "rotation":180, "texture": "#main" }, 
                "east":  { "uv": [ 13.5, 5.625, 13.75, 7.125 ], "rotation":180, "texture": "#main" }, 
                "south": { "uv": [ 13.5, 4, 13.75, 5.5 ], "rotation":180, "texture": "#main" }, 
                "west":  { "uv": [ 13.875, 5.625, 14.125, 7.125 ], "rotation":180, "texture": "#main" }, 
                "up":    { "uv": [ 14.5, 4.375, 14.25, 4.625 ], "texture": "#main" }, 
                "down":  { "uv": [ 14.5, 4.25, 14.25, 4 ], "texture": "#main" }
            }
        }, 
        {
            "from": [ 7.71875, 9.04375, 7.71875 ], 
            "to":   [ 8.28125, 9.08125, 8.28125 ], 
            "rotation": { "angle": 45, "axis": "x", "origin": [8, 8.1, 8] }, 
            "faces": {
                "north": { "uv": [ 14.625, 4.875, 14.875, 5 ], "rotation":180, "texture": "#main" }, 
                "east":  { "uv": [ 14.625, 4.625, 14.875, 4.75 ], "rotation":180, "texture": "#main" }, 
                "south": { "uv": [ 14.625, 4.375, 14.875, 4.5 ], "rotation":180, "texture": "#main" }, 
                "west":  { "uv": [ 14.625, 5.125, 14.875, 5.25 ], "rotation":180, "texture": "#main" }, 
                "up":    { "uv": [ 14.5, 5.125, 14.25, 5.375 ], "texture": "#main" }, 
                "down":  { "uv": [ 14.5, 5, 14.25, 4.75 ], "texture": "#main" }
            }
        }, 
        {
            "from": [ 7.75, 5.20625, 7.75 ], 
            "to":   [ 8.25, 9.06875, 8.25 ], 
            "rotation": { "angle": 45, "axis": "x", "origin": [8, 8.1, 8] }, 
            "faces": {
                "north": { "uv": [ 12.75, 4, 13, 5.875 ], "rotation":180, "texture": "#main" }, 
                "east":  { "uv": [ 12.375, 4, 12.625, 5.875 ], "rotation":180, "texture": "#main" }, 
                "south": { "uv": [ 12, 4, 12.25, 5.875 ], "rotation":180, "texture": "#main" }, 
                "west":  { "uv": [ 13.125, 4, 13.375, 5.875 ], "rotation":180, "texture": "#main" }, 
                "up":    { "uv": [ 14.5, 5.875, 14.25, 6.125 ], "texture": "#main" }, 
                "down":  { "uv": [ 14.5, 5.75, 14.25, 5.5 ], "texture": "#main" }
            }
        }
    ], 
    "display": {
        "thirdperson_righthand": {
            "translation": [ 0.25, 2.25, 0.5 ], 
            "scale": [ 0.25, 0.25, 0.25 ]
        }, 
        "thirdperson_lefthand": {
            "translation": [ 0.25, 2.25, 0.5 ], 
            "scale": [ 0.25, 0.25, 0.25 ]
        }, 
        "firstperson_righthand": {
            "translation": [ -2.25, 6.5, 2 ], 
            "scale": [ 0.5, 0.5, 0.5 ]
        }, 
        "firstperson_lefthand": {
            "translation": [ -2.25, 6.5, 2 ], 
            "scale": [ 0.5, 0.5, 0.5 ]
        }, 
        "ground": {
            "translation": [ 0, 0.5, 0 ]
        }, 
        "gui": {
            "rotation": [ 26, -141, 45 ], 
            "translation": [ -1, -1.25, 0 ], 
            "scale": [ 0.77, 0.77, 0.77 ]
        }, 
        "head": {
            "translation": [ 0, 37.75, 0 ], 
            "scale": [ 0, 0, 0 ]
        }, 
        "fixed": {
            "rotation": [ 0, -90, 0 ], 
            "translation": [ -0.25, -1.5, 0.5 ], 
            "scale": [ 0.75, 0.75, 0.75 ]
        }
    }, 
    "groups": [
        {
            "name": ".50 BMG", 
            "origin": [
                7.125, 
                0, 
                2.51875
            ], 
            "color": 0, 
            "children": [
                0, 
                1, 
                2
            ]
        }
    ], 
    "__comment": "Model animated using Fizzy's model animator - http://fizzy81.github.io/animated-models/"
}