{"textures":{"layer0":"mcc:island_cosmetics/trails/rank_shapes/rank_shapes","particle":"mcc:island_cosmetics/trails/rank_shapes/particle_2"},"credit":"Made with Blockbench","texture_size":[128.0,128.0],"elements":[{"from":[4.0,-3.0,8.0],"to":[12.0,5.0,8.0],"rotation":{"angle":45.0,"axis":"y","origin":[8.0,1.0,8.0]},"faces":{"north":{"uv":[11.25,0.0,12.25,1.0],"texture":"#layer0"},"east":{"uv":[7.875,0.0,8.0,0.125],"rotation":90.0,"texture":"#layer0"},"south":{"uv":[11.25,0.0,12.25,1.0],"texture":"#layer0"},"west":{"uv":[7.875,0.0,8.0,0.125],"rotation":270.0,"texture":"#layer0"},"up":{"uv":[7.875,0.0,8.0,0.125],"texture":"#layer0"},"down":{"uv":[7.875,0.0,8.0,0.125],"rotation":180.0,"texture":"#layer0"}}},{"from":[8.0,-3.0,4.0],"to":[8.0,5.0,12.0],"rotation":{"angle":45.0,"axis":"y","origin":[8.0,1.0,8.0]},"faces":{"north":{"uv":[7.875,0.0,8.0,0.125],"rotation":90.0,"texture":"#layer0"},"east":{"uv":[11.25,0.0,12.25,1.0],"texture":"#layer0"},"south":{"uv":[7.875,0.0,8.0,0.125],"rotation":270.0,"texture":"#layer0"},"west":{"uv":[11.25,0.0,12.25,1.0],"texture":"#layer0"},"up":{"uv":[7.875,0.0,8.0,0.125],"rotation":270.0,"texture":"#layer0"},"down":{"uv":[7.875,0.0,8.0,0.125],"rotation":270.0,"texture":"#layer0"}}}],"display":{"ground":{"translation":[0.0,8.5,0.0],"scale":[0.83984,0.83984,0.83984]}}}