{
	"credit": "Made with Blockbench",
	"textures": {
		"0": "fw:guns/20/99",
		"particle": "fw:guns/20/99"
	},
	"elements": [
		{
			"from": [6.8, -0.6, 6.8],
			"to": [9.2, 1.8, 9.2],
			"shade": false,
			"rotation": {"angle": 0, "axis": "y", "origin": [-21, -1.2, -3]},
			"faces": {
				"north": {"uv": [0, 0, 2, 2], "texture": "#0"},
				"east": {"uv": [0, 2, 2, 4], "texture": "#0"},
				"south": {"uv": [2, 0, 4, 2], "texture": "#0"},
				"west": {"uv": [2, 2, 4, 4], "texture": "#0"},
				"up": {"uv": [2, 6, 0, 4], "texture": "#0"},
				"down": {"uv": [6, 0, 4, 2], "texture": "#0"}
			}
		}
	],
	"display": {
		"thirdperson_righthand": {
			"translation": [0.25, 4, 0.5],
			"scale": [0.51, 0.51, 0.51]
		},
		"thirdperson_lefthand": {
			"translation": [0.25, 4.25, 0.5],
			"scale": [0.51, 0.51, 0.51]
		},
		"firstperson_righthand": {
			"translation": [-2.25, 6.25, 2],
			"scale": [0.5, 0.5, 0.5]
		},
		"firstperson_lefthand": {
			"translation": [-2.25, 9, 2],
			"scale": [0.5, 0.5, 0.5]
		},
		"ground": {
			"translation": [0, 1.25, 0],
			"scale": [0.6, 0.61, 0.61]
		},
		"gui": {
			"rotation": [-41.48, -50.03, -36.92],
			"translation": [8.5, 19, 0],
			"scale": [2.86, 2.86, 2.86]
		},
		"head": {
			"translation": [0, 37.75, 0],
			"scale": [0, 0, 0]
		},
		"fixed": {
			"rotation": [0, -90, 0],
			"translation": [-0.25, 4.75, 0.5],
			"scale": [0.75, 0.75, 0.75]
		}
	},
	"groups": [
		{
			"name": "Lead ball",
			"origin": [8.325, 8, 11.00469],
			"color": 0,
			"children": [0]
		}
	]
}