{
	"credit": "Made with Blockbench",
	"textures": {
		"7": "fw:guns/02/9x39mmfinal"
	},
	"elements": [
		{
			"from": [7.2, -2.25, 7.2],
			"to": [8.8, 3.25, 8.8],
			"rotation": {"angle": 0, "axis": "y", "origin": [-20.8, -3.15, 5.2]},
			"faces": {
				"north": {"uv": [0, 0, 0.5, 1.25], "texture": "#7"},
				"east": {"uv": [2, 0, 2.5, 1.25], "texture": "#7"},
				"south": {"uv": [0, 3, 0.5, 4.25], "texture": "#7"},
				"west": {"uv": [2, 3, 2.5, 4.25], "texture": "#7"},
				"up": {"uv": [6.5, 4.5, 6, 4], "texture": "#7"},
				"down": {"uv": [6.5, 6, 6, 6.5], "texture": "#7"}
			}
		},
		{
			"from": [7.4, 2.05, 7.4],
			"to": [8.6, 4.25, 8.6],
			"rotation": {"angle": 0, "axis": "y", "origin": [-20.8, -3.35, 5.2]},
			"faces": {
				"north": {"uv": [6, 0, 6.5, 0.75], "texture": "#7"},
				"east": {"uv": [2, 6, 2.5, 6.75], "texture": "#7"},
				"south": {"uv": [6, 2, 6.5, 2.75], "texture": "#7"},
				"west": {"uv": [4, 6, 4.5, 6.75], "texture": "#7"},
				"up": {"uv": [0.5, 8.5, 0, 8], "texture": "#7"},
				"down": {"uv": [8.5, 0, 8, 0.5], "texture": "#7"}
			}
		},
		{
			"from": [7.28, -2.67, 7.28],
			"to": [8.72, -2.03, 8.72],
			"rotation": {"angle": 0, "axis": "y", "origin": [-20.8, -1.95, 5.2]},
			"faces": {
				"north": {"uv": [8, 8, 8.5, 8.25], "texture": "#7"},
				"east": {"uv": [0, 10, 0.5, 10.25], "texture": "#7"},
				"south": {"uv": [10, 0, 10.5, 0.25], "texture": "#7"},
				"west": {"uv": [2, 10, 2.5, 10.25], "texture": "#7"},
				"up": {"uv": [2.5, 8.5, 2, 8], "texture": "#7"},
				"down": {"uv": [8.5, 2, 8, 2.5], "texture": "#7"}
			}
		},
		{
			"from": [7.16, -2.79, 7.16],
			"to": [8.84, -2.51, 8.84],
			"rotation": {"angle": 0, "axis": "y", "origin": [-20.8, -1.55, 5.2]},
			"faces": {
				"north": {"uv": [10, 2, 10.5, 2.25], "texture": "#7"},
				"east": {"uv": [4, 10, 4.5, 10.25], "texture": "#7"},
				"south": {"uv": [10, 4, 10.5, 4.25], "texture": "#7"},
				"west": {"uv": [6, 10, 6.5, 10.25], "texture": "#7"},
				"up": {"uv": [4.5, 8.5, 4, 8], "texture": "#7"},
				"down": {"uv": [8.5, 4, 8, 4.5], "texture": "#7"}
			}
		},
		{
			"from": [7.44, 2.79, 7.44],
			"to": [8.56, 6.71, 8.56],
			"rotation": {"angle": 0, "axis": "y", "origin": [-20.8, -3.55, 5.2]},
			"faces": {
				"north": {"uv": [4, 0, 4.5, 1], "texture": "#7"},
				"east": {"uv": [4, 2, 4.5, 3], "texture": "#7"},
				"south": {"uv": [4, 4, 4.5, 5], "texture": "#7"},
				"west": {"uv": [0, 6, 0.5, 7], "texture": "#7"},
				"up": {"uv": [6.5, 8.5, 6, 8], "texture": "#7"},
				"down": {"uv": [8.5, 6, 8, 6.5], "texture": "#7"}
			}
		}
	],
	"display": {
		"thirdperson_righthand": {
			"translation": [0.25, 2.25, 0.5],
			"scale": [0.25, 0.25, 0.25]
		},
		"thirdperson_lefthand": {
			"translation": [0.25, 2.25, 0.5],
			"scale": [0.25, 0.25, 0.25]
		},
		"firstperson_righthand": {
			"translation": [-2.25, 6.5, 2],
			"scale": [0.5, 0.5, 0.5]
		},
		"firstperson_lefthand": {
			"translation": [-2.25, 6.5, 2],
			"scale": [0.5, 0.5, 0.5]
		},
		"ground": {
			"translation": [0, 0.5, 0],
			"scale": [0.5, 0.5, 0.5]
		},
		"gui": {
			"rotation": [26, -141, 45],
			"translation": [5.5, 8.75, 0],
			"scale": [1.66, 1.66, 1.66]
		},
		"head": {
			"translation": [0, 37.75, 0],
			"scale": [0, 0, 0]
		},
		"fixed": {
			"rotation": [0, -90, 0],
			"translation": [-0.25, 4.75, 0.5],
			"scale": [0.75, 0.75, 0.75]
		}
	},
	"groups": [
		{
			"name": "7.62x39mm",
			"origin": [8.325, 8, 13.00469],
			"color": 0,
			"children": [0, 1, 2, 3, 4]
		}
	]
}