{
	"credit": "Made with Blockbench",
	"texture_size": [64, 64],
	"textures": {
		"0": "fw:guns/18/fueltank",
		"particle": "fw:guns/18/fueltank"
	},
	"elements": [
		{
			"from": [0, 0, 6],
			"to": [16, 17, 10],
			"faces": {
				"north": {"uv": [0, 0, 4, 4.25], "texture": "#0"},
				"east": {"uv": [0, 4.25, 1, 8.5], "texture": "#0"},
				"south": {"uv": [4, 0, 8, 4.25], "texture": "#0"},
				"west": {"uv": [1, 4.25, 2, 8.5], "texture": "#0"},
				"up": {"uv": [6, 5.25, 2, 4.25], "texture": "#0"},
				"down": {"uv": [6, 5.25, 2, 6.25], "texture": "#0"}
			}
		},
		{
			"from": [0, 17, 6],
			"to": [6, 21, 10],
			"faces": {
				"north": {"uv": [8, 8, 9.5, 9], "texture": "#0"},
				"east": {"uv": [7.75, 9, 8.75, 10], "texture": "#0"},
				"south": {"uv": [2, 8.25, 3.5, 9.25], "texture": "#0"},
				"west": {"uv": [8.75, 9, 9.75, 10], "texture": "#0"},
				"up": {"uv": [5, 9.25, 3.5, 8.25], "texture": "#0"},
				"down": {"uv": [6.5, 8.25, 5, 9.25], "texture": "#0"}
			}
		},
		{
			"from": [9, 17, 6],
			"to": [11, 19, 10],
			"faces": {
				"north": {"uv": [0.75, 9.5, 1.25, 10], "texture": "#0"},
				"east": {"uv": [10, 1.25, 11, 1.75], "texture": "#0"},
				"south": {"uv": [9, 10, 9.5, 10.5], "texture": "#0"},
				"west": {"uv": [1.75, 10, 2.75, 10.5], "texture": "#0"},
				"up": {"uv": [10.5, 2.75, 10, 1.75], "texture": "#0"},
				"down": {"uv": [3.25, 10, 2.75, 11], "texture": "#0"}
			}
		},
		{
			"from": [6, 19, 6],
			"to": [11, 21, 10],
			"faces": {
				"north": {"uv": [9.5, 8, 10.75, 8.5], "texture": "#0"},
				"east": {"uv": [0.75, 10, 1.75, 10.5], "texture": "#0"},
				"south": {"uv": [9.5, 8.5, 10.75, 9], "texture": "#0"},
				"west": {"uv": [10, 0.75, 11, 1.25], "texture": "#0"},
				"up": {"uv": [7.75, 9.25, 6.5, 8.25], "texture": "#0"},
				"down": {"uv": [1.25, 8.5, 0, 9.5], "texture": "#0"}
			}
		},
		{
			"from": [5, 20, 6.1],
			"to": [8, 23, 9.9],
			"rotation": {"angle": -22.5, "axis": "z", "origin": [0, 0, 0]},
			"faces": {
				"north": {"uv": [1.25, 8.5, 2, 9.25], "texture": "#0"},
				"east": {"uv": [1.25, 9.25, 2.25, 10], "texture": "#0"},
				"south": {"uv": [9.75, 9, 10.5, 9.75], "texture": "#0"},
				"west": {"uv": [2.25, 9.25, 3.25, 10], "texture": "#0"},
				"up": {"uv": [4, 10.25, 3.25, 9.25], "texture": "#0"},
				"down": {"uv": [4.75, 9.25, 4, 10.25], "texture": "#0"}
			}
		},
		{
			"from": [5, 23, 6.1],
			"to": [8, 26, 9.9],
			"rotation": {"angle": -22.5, "axis": "z", "origin": [0, 0, 0]},
			"faces": {
				"north": {"uv": [9.75, 9.75, 10.5, 10.5], "texture": "#0"},
				"east": {"uv": [4.75, 9.25, 5.75, 10], "texture": "#0"},
				"south": {"uv": [10, 0, 10.75, 0.75], "texture": "#0"},
				"west": {"uv": [5.75, 9.25, 6.75, 10], "texture": "#0"},
				"up": {"uv": [7.5, 10.25, 6.75, 9.25], "texture": "#0"},
				"down": {"uv": [0.75, 9.5, 0, 10.5], "texture": "#0"}
			}
		},
		{
			"from": [0, 0, 5.5],
			"to": [7.5, 8, 6],
			"faces": {
				"north": {"uv": [6, 4.25, 8, 6.25], "texture": "#0"},
				"east": {"uv": [7.5, 9.25, 7.75, 11.25], "texture": "#0"},
				"south": {"uv": [2, 6.25, 4, 8.25], "texture": "#0"},
				"west": {"uv": [10, 2.75, 10.25, 4.75], "texture": "#0"},
				"up": {"uv": [6.75, 10.25, 4.75, 10], "texture": "#0"},
				"down": {"uv": [12, 4.75, 10, 5], "texture": "#0"}
			}
		},
		{
			"from": [0, 9, 5.5],
			"to": [7.5, 17, 6],
			"faces": {
				"north": {"uv": [4, 6.25, 6, 8.25], "texture": "#0"},
				"east": {"uv": [10, 5, 10.25, 7], "texture": "#0"},
				"south": {"uv": [6, 6.25, 8, 8.25], "texture": "#0"},
				"west": {"uv": [7.75, 10, 8, 12], "texture": "#0"},
				"up": {"uv": [12, 7.25, 10, 7], "texture": "#0"},
				"down": {"uv": [12, 7.25, 10, 7.5], "texture": "#0"}
			}
		},
		{
			"from": [8.5, 9, 5.5],
			"to": [16, 17, 6],
			"faces": {
				"north": {"uv": [8, 0, 10, 2], "texture": "#0"},
				"east": {"uv": [8, 10, 8.25, 12], "texture": "#0"},
				"south": {"uv": [8, 2, 10, 4], "texture": "#0"},
				"west": {"uv": [8.25, 10, 8.5, 12], "texture": "#0"},
				"up": {"uv": [12, 7.75, 10, 7.5], "texture": "#0"},
				"down": {"uv": [12, 7.75, 10, 8], "texture": "#0"}
			}
		},
		{
			"from": [8.5, 0, 5.5],
			"to": [16, 8, 6],
			"faces": {
				"north": {"uv": [8, 4, 10, 6], "texture": "#0"},
				"east": {"uv": [8.5, 10, 8.75, 12], "texture": "#0"},
				"south": {"uv": [8, 6, 10, 8], "texture": "#0"},
				"west": {"uv": [8.75, 10, 9, 12], "texture": "#0"},
				"up": {"uv": [12.25, 3, 10.25, 2.75], "texture": "#0"},
				"down": {"uv": [12.25, 3, 10.25, 3.25], "texture": "#0"}
			}
		}
	],
	"display": {
		"thirdperson_righthand": {
			"rotation": [0, 180, 0],
			"translation": [0, 4, 0],
			"scale": [0.57, 0.57, 0.57]
		},
		"thirdperson_lefthand": {
			"rotation": [0, 180, 0],
			"translation": [0, 4, 0],
			"scale": [0.57, 0.57, 0.57]
		},
		"firstperson_righthand": {
			"rotation": [0, 97, 0],
			"translation": [0, -5.75, -0.5]
		},
		"firstperson_lefthand": {
			"rotation": [0, -97, 0],
			"translation": [0, -5.75, 0.25]
		},
		"ground": {
			"rotation": [-90, -180, 0],
			"translation": [0, -1, 0],
			"scale": [0.68, 0.68, 0.68]
		},
		"gui": {
			"rotation": [0, 145, 0],
			"translation": [0, -2, 0],
			"scale": [0.7, 0.7, 0.7]
		},
		"head": {
			"translation": [0, 14, 0]
		}
	}
}