{"textures":{"0":"mcc:island_cosmetics/accessory/offhand_faction","1":"mcc:island_cosmetics/accessory/faction_flag_shine_anim","particle":"mcc:island_cosmetics/accessory/offhand_faction","f":"mcc:island_cosmetics/accessory/faction_flag/flag_red"},"credit":"Made with Blockbench","texture_size":[64.0,64.0],"elements":[{"from":[7.0,-3.0,7.0],"to":[9.0,22.0,9.0],"rotation":{"angle":0.0,"axis":"y","origin":[9.0,18.0,6.875]},"faces":{"north":{"uv":[0.25,9.875,0.0,13.0],"texture":"#0"},"east":{"uv":[0.0,9.875,0.25,13.0],"texture":"#0"},"south":{"uv":[0.25,9.875,0.0,13.0],"texture":"#0"},"west":{"uv":[0.0,9.875,0.25,13.0],"texture":"#0"},"up":{"uv":[0.875,10.125,1.0,10.25],"texture":"#0"},"down":{"uv":[0.875,10.125,1.0,10.25],"texture":"#missing"}}},{"from":[6.5,14.0,6.5],"to":[9.5,19.0,9.5],"rotation":{"angle":0.0,"axis":"y","origin":[8.5,18.0,7.375]},"faces":{"north":{"uv":[2.5,14.875,2.875,15.5],"texture":"#0"},"east":{"uv":[2.875,14.875,2.5,15.5],"texture":"#0"},"south":{"uv":[2.5,14.875,2.875,15.5],"texture":"#0"},"west":{"uv":[2.875,14.875,2.5,15.5],"texture":"#0"},"up":{"uv":[2.125,15.25,2.5,15.625],"texture":"#0"},"down":{"uv":[2.125,15.25,2.5,15.625],"texture":"#0"}}},{"from":[6.5,-8.0,6.5],"to":[9.5,-3.0,9.5],"rotation":{"angle":0.0,"axis":"y","origin":[8.5,18.0,7.375]},"faces":{"north":{"uv":[2.5,14.875,2.875,15.5],"texture":"#0"},"east":{"uv":[2.875,14.875,2.5,15.5],"texture":"#0"},"south":{"uv":[2.5,14.875,2.875,15.5],"texture":"#0"},"west":{"uv":[2.875,14.875,2.5,15.5],"texture":"#0"},"up":{"uv":[2.125,15.25,2.5,15.625],"texture":"#0"},"down":{"uv":[2.125,15.25,2.5,15.625],"texture":"#0"}}},{"from":[-9.5,12.0,8.0],"to":[7.5,24.0,8.0],"rotation":{"angle":0.0,"axis":"y","origin":[8.5,18.0,7.375]},"faces":{"north":{"uv":[6.5,0.0,2.25,3.0],"texture":"#f"},"east":{"uv":[6.875,10.375,6.375,10.625],"texture":"#missing"},"south":{"uv":[2.25,0.0,6.5,3.0],"texture":"#f"},"west":{"uv":[6.875,10.375,6.375,10.625],"texture":"#missing"},"up":{"uv":[8.125,8.5,7.625,9.0],"texture":"#missing"},"down":{"uv":[8.625,8.5,8.125,9.0],"texture":"#missing"}}},{"from":[6.5,21.0,6.5],"to":[9.5,24.0,9.5],"rotation":{"angle":0.0,"axis":"y","origin":[8.5,19.0,7.375]},"faces":{"north":{"uv":[2.5,14.875,2.125,15.25],"texture":"#0"},"east":{"uv":[2.125,14.875,2.5,15.25],"texture":"#0"},"south":{"uv":[2.5,14.875,2.125,15.25],"texture":"#0"},"west":{"uv":[2.125,14.875,2.5,15.25],"texture":"#0"},"up":{"uv":[2.125,15.25,2.5,15.625],"texture":"#0"},"down":{"uv":[2.125,15.25,2.5,15.625],"texture":"#0"}}},{"from":[6.5,24.0,6.5],"to":[9.5,27.0,9.5],"rotation":{"angle":-45.0,"axis":"y","origin":[8.0,25.5,8.0]},"faces":{"north":{"uv":[0.0,0.0,0.75,0.75],"texture":"#f"},"east":{"uv":[0.75,0.0,0.0,0.75],"texture":"#f"},"south":{"uv":[0.0,0.0,0.75,0.75],"texture":"#f"},"west":{"uv":[0.75,0.0,0.0,0.75],"texture":"#f"},"up":{"uv":[0.75,0.0,1.5,0.75],"texture":"#f"},"down":{"uv":[0.0,0.5,0.25,0.75],"texture":"#f"}}},{"from":[7.0,0.0,7.0],"to":[9.0,8.0,9.0],"rotation":{"angle":0.0,"axis":"y","origin":[9.0,18.0,6.875]},"faces":{"north":{"uv":[2.0,0.0,1.5,2.0],"texture":"#f"},"east":{"uv":[1.5,0.0,2.0,2.0],"texture":"#f"},"south":{"uv":[2.0,0.0,1.5,2.0],"texture":"#f"},"west":{"uv":[1.5,0.0,2.0,2.0],"texture":"#f"},"up":{"uv":[5.125,15.5,5.25,15.625],"texture":"#0"},"down":{"uv":[5.125,15.5,5.25,15.625],"texture":"#0"}}},{"from":[5.75,24.5,5.75],"to":[10.75,29.5,5.75],"rotation":{"angle":22.5,"axis":"x","origin":[8.25,26.5,5.75]},"faces":{"north":{"uv":[5.0,6.0,10.0,11.0],"texture":"#1"},"east":{"uv":[0.0,0.0,0.125,0.125],"texture":"#missing"},"south":{"uv":[5.0,6.0,10.0,11.0],"texture":"#1"},"west":{"uv":[0.0,0.0,0.125,0.125],"texture":"#missing"},"up":{"uv":[0.0,0.0,0.125,0.125],"texture":"#missing"},"down":{"uv":[0.0,0.0,0.125,0.125],"texture":"#missing"}}}],"gui_light":"front","display":{"thirdperson_righthand":{"rotation":[-123.57,-51.88,-168.25],"translation":[2.5,4.5,5.25]},"thirdperson_lefthand":{"rotation":[60.49,41.68,-24.0],"translation":[2.5,4.5,5.25]},"firstperson_righthand":{"rotation":[55.55,-72.72,57.42],"translation":[11.5,1.0,-7.25],"scale":[0.64453,0.64453,0.64453]},"firstperson_lefthand":{"rotation":[-158.87,77.19,152.62],"translation":[11.5,1.0,-7.25],"scale":[0.64453,0.64453,0.64453]},"ground":{"translation":[0.0,4.25,0.0],"scale":[0.43945,0.43945,0.43945]},"gui":{"rotation":[-177.39,0.63,-153.0],"translation":[-3.25,-0.75,0.0],"scale":[0.48204,0.48204,0.48204]},"head":{"rotation":[0.0,3.25,0.0],"translation":[0.0,4.25,0.0],"scale":[1.6,1.6,1.6]}}}