{"textures":{"0":"mcc:island_cosmetics/accessory/offhand_faction","particle":"mcc:island_cosmetics/accessory/offhand_faction","f":"mcc:island_cosmetics/accessory/faction_flag/flag_red"},"credit":"Made with Blockbench","texture_size":[64.0,64.0],"elements":[{"from":[7.0,-3.0,7.0],"to":[9.0,22.0,9.0],"rotation":{"angle":0.0,"axis":"y","origin":[9.0,18.0,6.875]},"faces":{"north":{"uv":[1.5,9.875,1.25,13.0],"texture":"#0"},"east":{"uv":[1.5,9.875,1.25,13.0],"texture":"#0"},"south":{"uv":[1.5,9.875,1.25,13.0],"texture":"#0"},"west":{"uv":[1.5,9.875,1.25,13.0],"texture":"#0"},"up":{"uv":[1.25,10.5,1.0,10.75],"texture":"#0"},"down":{"uv":[1.25,10.5,1.0,10.75],"texture":"#0"}}},{"from":[6.5,-8.0,6.5],"to":[9.5,-3.0,9.5],"rotation":{"angle":0.0,"axis":"y","origin":[8.5,18.0,7.375]},"faces":{"north":{"uv":[0.875,9.875,1.25,10.5],"texture":"#0"},"east":{"uv":[1.25,9.875,0.875,10.5],"texture":"#0"},"south":{"uv":[0.875,9.875,1.25,10.5],"texture":"#0"},"west":{"uv":[1.25,9.875,0.875,10.5],"texture":"#0"},"up":{"uv":[0.5,10.25,0.875,10.625],"texture":"#0"},"down":{"uv":[0.5,10.25,0.875,10.625],"texture":"#0"}}},{"from":[-9.5,11.0,8.0],"to":[7.5,23.0,8.0],"rotation":{"angle":0.0,"axis":"y","origin":[8.5,18.0,7.375]},"faces":{"north":{"uv":[6.5,3.25,2.25,6.25],"texture":"#f"},"east":{"uv":[6.875,10.375,6.375,10.625],"texture":"#missing"},"south":{"uv":[2.25,3.25,6.5,6.25],"texture":"#f"},"west":{"uv":[6.875,10.375,6.375,10.625],"texture":"#missing"},"up":{"uv":[8.125,8.5,7.625,9.0],"texture":"#missing"},"down":{"uv":[8.625,8.5,8.125,9.0],"texture":"#missing"}}},{"from":[6.5,21.0,6.5],"to":[9.5,24.0,9.5],"rotation":{"angle":0.0,"axis":"y","origin":[8.5,19.0,7.375]},"faces":{"north":{"uv":[0.875,9.875,0.5,10.25],"texture":"#0"},"east":{"uv":[0.5,9.875,0.875,10.25],"texture":"#0"},"south":{"uv":[0.875,9.875,0.5,10.25],"texture":"#0"},"west":{"uv":[0.5,9.875,0.875,10.25],"texture":"#0"},"up":{"uv":[0.5,10.25,0.875,10.625],"texture":"#0"},"down":{"uv":[0.5,10.25,0.875,10.625],"texture":"#0"}}}],"gui_light":"front","display":{"thirdperson_righthand":{"rotation":[-123.57,-51.88,-168.25],"translation":[2.5,4.5,5.25]},"thirdperson_lefthand":{"rotation":[60.49,41.68,-24.0],"translation":[2.5,4.5,5.25]},"firstperson_righthand":{"rotation":[0.53,-75.64,-12.13],"translation":[11.75,1.0,-6.0],"scale":[0.53906,0.53906,0.53906]},"firstperson_lefthand":{"rotation":[-123.88,81.22,141.95],"translation":[11.75,1.0,-6.0],"scale":[0.53906,0.53906,0.53906]},"ground":{"translation":[0.0,4.25,0.0],"scale":[0.43945,0.43945,0.43945]},"gui":{"rotation":[-177.39,0.63,-153.0],"translation":[-3.25,0.25,0.0],"scale":[0.48204,0.48204,0.48204]},"head":{"rotation":[0.0,3.25,0.0],"translation":[0.0,4.25,0.0],"scale":[1.6,1.6,1.6]}}}