{"textures":{"0":"mcc:island_cosmetics/accessory/offhand_faction","particle":"mcc:island_cosmetics/accessory/offhand_faction","f":"mcc:island_cosmetics/accessory/faction_flag/flag_red"},"credit":"Made with Blockbench","texture_size":[64.0,64.0],"elements":[{"from":[7.0,-8.0,7.0],"to":[9.0,24.0,9.0],"rotation":{"angle":0.0,"axis":"y","origin":[9.0,18.0,6.875]},"faces":{"north":{"uv":[2.75,9.875,2.5,13.875],"texture":"#0"},"east":{"uv":[2.5,9.875,2.75,13.875],"texture":"#0"},"south":{"uv":[2.75,9.875,2.5,13.875],"texture":"#0"},"west":{"uv":[2.5,9.875,2.75,13.875],"texture":"#0"},"up":{"uv":[1.25,10.5,1.0,10.75],"texture":"#0"},"down":{"uv":[1.25,10.5,1.0,10.75],"texture":"#0"}}},{"from":[2.0,-4.0,8.0],"to":[7.0,7.0,8.0],"rotation":{"angle":0.0,"axis":"y","origin":[9.0,18.0,6.875]},"faces":{"north":{"uv":[1.75,11.75,2.375,13.125],"texture":"#0"},"east":{"uv":[1.75,9.875,1.5,13.0],"texture":"#0"},"south":{"uv":[2.375,11.75,1.75,13.125],"texture":"#0"},"west":{"uv":[1.75,9.875,1.5,13.0],"texture":"#0"},"up":{"uv":[6.875,9.75,7.0,9.875],"texture":"#missing","tintindex":0.0},"down":{"uv":[6.875,9.75,7.0,9.875],"texture":"#missing","tintindex":0.0}}},{"from":[9.0,10.0,8.0],"to":[14.0,21.0,8.0],"rotation":{"angle":0.0,"axis":"y","origin":[9.0,18.0,6.875]},"faces":{"north":{"uv":[2.375,10.625,1.75,12.0],"texture":"#0"},"east":{"uv":[1.75,9.875,1.5,13.0],"texture":"#0"},"south":{"uv":[1.75,10.625,2.375,12.0],"texture":"#0"},"west":{"uv":[1.75,9.875,1.5,13.0],"texture":"#0"},"up":{"uv":[6.875,9.75,7.0,9.875],"texture":"#missing","tintindex":0.0},"down":{"uv":[6.875,9.75,7.0,9.875],"texture":"#missing","tintindex":0.0}}},{"from":[-9.5,11.0,8.0],"to":[7.5,23.0,8.0],"rotation":{"angle":0.0,"axis":"y","origin":[8.5,18.0,7.375]},"faces":{"north":{"uv":[15.0,3.25,10.75,6.25],"texture":"#f"},"east":{"uv":[6.875,10.375,6.375,10.625],"texture":"#missing"},"south":{"uv":[10.75,3.25,15.0,6.25],"texture":"#f"},"west":{"uv":[6.875,10.375,6.375,10.625],"texture":"#missing"},"up":{"uv":[8.125,8.5,7.625,9.0],"texture":"#missing"},"down":{"uv":[8.625,8.5,8.125,9.0],"texture":"#missing"}}}],"gui_light":"front","display":{"thirdperson_righthand":{"rotation":[-123.57,-51.88,-168.25],"translation":[2.5,4.5,5.25]},"thirdperson_lefthand":{"rotation":[60.49,41.68,-24.0],"translation":[2.5,4.5,5.25]},"firstperson_righthand":{"rotation":[0.53,-75.64,-12.13],"translation":[11.75,1.0,-6.0],"scale":[0.53906,0.53906,0.53906]},"firstperson_lefthand":{"rotation":[-123.88,81.22,141.95],"translation":[11.75,1.0,-6.0],"scale":[0.53906,0.53906,0.53906]},"ground":{"translation":[0.0,4.25,0.0],"scale":[0.43945,0.43945,0.43945]},"gui":{"rotation":[-177.39,0.63,-153.0],"translation":[-3.25,0.25,0.0],"scale":[0.48204,0.48204,0.48204]},"head":{"rotation":[0.0,3.25,0.0],"translation":[0.0,4.25,0.0],"scale":[1.6,1.6,1.6]}}}