{"textures":{"0":"mcc:island_cosmetics/head/head_3","1":"mcc:island_cosmetics/head_variant/variant_baseball_cap","particle":"mcc:island_cosmetics/head/head_3"},"credit":"Made with Blockbench","texture_size":[128.0,128.0],"elements":[{"from":[3.5,9.0,3.5],"to":[12.5,14.0,12.5],"rotation":{"angle":0.0,"axis":"y","origin":[0.5,0.0,-1.5]},"faces":{"north":{"uv":[3.625,0.125,2.5,0.75],"texture":"#1"},"east":{"uv":[2.5,0.125,1.375,0.75],"texture":"#1"},"south":{"uv":[0.25,0.125,1.375,0.75],"texture":"#1"},"west":{"uv":[2.5,0.125,1.375,0.75],"texture":"#1"},"up":{"uv":[0.25,0.875,1.375,2.0],"texture":"#1"},"down":{"uv":[0.0,0.0,0.0,0.0],"texture":"#1"}}},{"from":[3.5,9.0,12.5],"to":[12.5,14.0,12.5],"rotation":{"angle":0.0,"axis":"y","origin":[0.5,0.0,-1.5]},"faces":{"north":{"uv":[0.25,2.0,1.375,2.625],"texture":"#1","tintindex":0.0},"south":{"uv":[0.25,2.0,1.375,2.625],"texture":"#1","tintindex":0.0}}},{"from":[3.5,10.0,3.5],"to":[12.5,14.0,3.5],"rotation":{"angle":0.0,"axis":"y","origin":[0.5,0.0,-1.5]},"faces":{"north":{"uv":[3.625,0.625,2.5,1.125],"texture":"#1","tintindex":0.0},"south":{"uv":[3.625,0.625,2.5,1.125],"texture":"#1","tintindex":0.0}}},{"from":[3.5,8.999,-2.5],"to":[12.5,9.999,3.5],"rotation":{"angle":0.0,"axis":"y","origin":[8.0,8.999,0.5]},"faces":{"north":{"uv":[5.375,7.375,5.5,7.25],"rotation":270.0,"texture":"#0","tintindex":0.0},"east":{"uv":[5.375,7.25,4.625,7.125],"rotation":180.0,"texture":"#0","tintindex":0.0},"south":{"uv":[5.375,7.375,5.5,7.25],"rotation":270.0,"texture":"#0","tintindex":0.0},"west":{"uv":[5.375,7.25,4.625,7.125],"texture":"#0","tintindex":0.0},"up":{"uv":[4.625,7.125,5.375,8.25],"rotation":270.0,"texture":"#0","tintindex":0.0},"down":{"uv":[4.25,8.5,4.125,8.625],"rotation":270.0,"texture":"#0","tintindex":0.0}}},{"name":"cube inverted","from":[9.0,14.25,9.0],"to":[7.0,14.25,7.0],"rotation":{"angle":0.0,"axis":"y","origin":[0.5,0.0,17.5]},"faces":{"north":{"uv":[14.0,6.375,12.75,6.0],"texture":"#0","tintindex":0.0},"east":{"uv":[14.0,6.375,12.75,6.0],"texture":"#0","tintindex":0.0},"south":{"uv":[14.0,6.375,12.75,6.0],"texture":"#0","tintindex":0.0},"west":{"uv":[14.0,6.375,12.75,6.0],"texture":"#0","tintindex":0.0},"up":{"uv":[3.75,9.75,3.5,9.5],"texture":"#0","tintindex":0.0},"down":{"uv":[3.75,9.75,3.5,9.5],"texture":"#0","tintindex":0.0}}},{"name":"cube inverted","from":[12.5,9.999,3.5],"to":[3.5,8.999,-2.5],"rotation":{"angle":0.0,"axis":"y","origin":[8.0,8.999,0.5]},"faces":{"north":{"uv":[5.5,7.375,5.375,7.25],"rotation":270.0,"texture":"#0","tintindex":0.0},"east":{"uv":[5.375,7.125,4.625,7.25],"texture":"#0","tintindex":0.0},"south":{"uv":[5.5,7.375,5.375,7.25],"rotation":270.0,"texture":"#0","tintindex":0.0},"west":{"uv":[5.375,7.125,4.625,7.25],"rotation":180.0,"texture":"#0","tintindex":0.0},"up":{"uv":[4.25,8.625,4.125,8.5],"rotation":270.0,"texture":"#0","tintindex":0.0},"down":{"uv":[4.625,8.25,5.375,7.125],"rotation":270.0,"texture":"#0","tintindex":0.0}}},{"name":"cube inverted","from":[12.5,14.0,12.5],"to":[3.5,9.0,3.5],"rotation":{"angle":0.0,"axis":"y","origin":[0.5,0.0,-1.5]},"faces":{"north":{"uv":[0.25,0.75,1.375,0.125],"texture":"#1"},"east":{"uv":[2.5,0.75,1.375,0.125],"texture":"#1"},"south":{"uv":[3.625,0.75,2.5,0.125],"texture":"#1"},"west":{"uv":[2.5,0.75,1.375,0.125],"texture":"#1"},"up":{"uv":[0.0,0.0,0.0,0.0],"texture":"#1"},"down":{"uv":[1.375,0.875,0.25,2.0],"texture":"#1"}}}],"gui_light":"front","display":{"thirdperson_righthand":{"rotation":[55.5,34.0,0.0],"translation":[0.0,1.0,0.75],"scale":[0.52539,0.52539,0.52539]},"thirdperson_lefthand":{"rotation":[55.5,34.0,0.0],"translation":[0.0,1.0,0.75],"scale":[0.52539,0.52539,0.52539]},"firstperson_righthand":{"rotation":[21.0,114.5,-13.75],"translation":[9.5,0.0,-5.75],"scale":[0.41992,0.41992,0.41992]},"firstperson_lefthand":{"rotation":[21.0,114.5,-13.75],"translation":[9.5,0.0,-5.75],"scale":[0.41992,0.41992,0.41992]},"gui":{"rotation":[-149.61,-31.92,-180.0],"translation":[-1.5,-1.25,0.0],"scale":[0.96484,0.96484,0.96484]},"head":{"rotation":[2.5,0.0,0.0],"translation":[0.0,-0.25,-0.25],"scale":[1.64492,1.64492,1.64492]}}}