{"textures":{"0":"mcc:island_cosmetics/head/head_3","2":"mcc:island_cosmetics/head_variant/variant_beanie","particle":"mcc:island_cosmetics/head/head_3"},"credit":"Made with Blockbench","texture_size":[128.0,128.0],"elements":[{"from":[3.2,6.5,3.2],"to":[12.8,9.1,12.8],"rotation":{"angle":0.0,"axis":"x","origin":[8.38333,7.5,8.2]},"faces":{"north":{"uv":[1.25,0.125,2.375,0.375],"texture":"#2","tintindex":0.0},"east":{"uv":[1.25,0.125,2.375,0.375],"texture":"#2","tintindex":0.0},"south":{"uv":[1.25,0.125,2.375,0.375],"texture":"#2","tintindex":0.0},"west":{"uv":[1.25,0.125,2.375,0.375],"texture":"#2","tintindex":0.0},"up":{"uv":[5.25,3.0,5.375,3.125],"texture":"#0","tintindex":0.0},"down":{"uv":[5.25,3.0,5.375,3.125],"texture":"#0","tintindex":0.0}}},{"from":[3.5,6.75,3.5],"to":[12.5,12.75,12.5],"rotation":{"angle":0.0,"axis":"x","origin":[8.0,10.5,8.0]},"faces":{"north":{"uv":[3.75,0.125,4.875,0.875],"texture":"#2","tintindex":0.0},"east":{"uv":[3.75,0.125,4.875,0.875],"texture":"#2","tintindex":0.0},"south":{"uv":[3.75,0.125,4.875,0.875],"texture":"#2","tintindex":0.0},"west":{"uv":[3.75,0.125,4.875,0.875],"texture":"#2","tintindex":0.0},"up":{"uv":[6.875,0.0,8.0,1.125],"texture":"#0","tintindex":0.0}}},{"from":[3.5,6.75,3.5],"to":[12.5,12.75,12.5],"rotation":{"angle":0.0,"axis":"x","origin":[8.0,10.5,8.0]},"faces":{"north":{"uv":[5.0,0.125,6.125,0.875],"texture":"#2"},"east":{"uv":[5.0,0.125,6.125,0.875],"texture":"#2"},"south":{"uv":[5.0,0.125,6.125,0.875],"texture":"#2"},"west":{"uv":[5.0,0.125,6.125,0.875],"texture":"#2"}}},{"name":"cube inverted","from":[12.8,9.1,12.8],"to":[3.2,6.5,3.2],"rotation":{"angle":0.0,"axis":"x","origin":[8.38333,7.5,8.2]},"faces":{"north":{"uv":[1.25,0.375,2.375,0.125],"texture":"#2","tintindex":0.0},"east":{"uv":[1.25,0.375,2.375,0.125],"texture":"#2","tintindex":0.0},"south":{"uv":[1.25,0.375,2.375,0.125],"texture":"#2","tintindex":0.0},"west":{"uv":[1.25,0.375,2.375,0.125],"texture":"#2","tintindex":0.0},"up":{"uv":[5.375,3.0,5.25,3.125],"texture":"#0","tintindex":0.0},"down":{"uv":[5.375,3.0,5.25,3.125],"texture":"#0","tintindex":0.0}}},{"name":"cube inverted","from":[12.5,12.75,12.5],"to":[3.5,6.75,3.5],"rotation":{"angle":0.0,"axis":"x","origin":[8.0,10.5,8.0]},"faces":{"north":{"uv":[3.75,0.875,4.875,0.125],"texture":"#2","tintindex":0.0},"east":{"uv":[3.75,0.875,4.875,0.125],"texture":"#2","tintindex":0.0},"south":{"uv":[3.75,0.875,4.875,0.125],"texture":"#2","tintindex":0.0},"west":{"uv":[3.75,0.875,4.875,0.125],"texture":"#2","tintindex":0.0},"down":{"uv":[8.0,0.0,6.875,1.125],"texture":"#0","tintindex":0.0}}},{"name":"cube inverted","from":[12.5,12.75,12.5],"to":[3.5,6.75,3.5],"rotation":{"angle":0.0,"axis":"x","origin":[8.0,10.5,8.0]},"faces":{"north":{"uv":[5.0,0.875,6.125,0.125],"texture":"#2"},"east":{"uv":[5.0,0.875,6.125,0.125],"texture":"#2"},"south":{"uv":[5.0,0.875,6.125,0.125],"texture":"#2"},"west":{"uv":[5.0,0.875,6.125,0.125],"texture":"#2"}}}],"gui_light":"front","display":{"thirdperson_righthand":{"rotation":[55.5,34.0,0.0],"translation":[0.0,1.0,0.75],"scale":[0.52539,0.52539,0.52539]},"thirdperson_lefthand":{"rotation":[55.5,34.0,0.0],"translation":[0.0,1.0,0.75],"scale":[0.52539,0.52539,0.52539]},"firstperson_righthand":{"rotation":[21.0,114.5,-13.75],"translation":[9.5,0.0,-5.75],"scale":[0.41992,0.41992,0.41992]},"firstperson_lefthand":{"rotation":[21.0,114.5,-13.75],"translation":[9.5,0.0,-5.75],"scale":[0.41992,0.41992,0.41992]},"gui":{"rotation":[-168.09,-34.89,169.2],"translation":[0.0,-1.5,0.0],"scale":[1.0664,1.0664,1.0664]},"head":{"rotation":[5.73,0.0,0.0],"translation":[-0.25,2.75,0.25],"scale":[1.7504,1.7504,1.7504]}}}