{"textures":{"0":"mcc:island_cosmetics/head/head","1":"mcc:island_cosmetics/head_variant/head_extra","2":"mcc:island_cosmetics/head_variant/chefs_hat_rat","particle":"mcc:island_cosmetics/head/head"},"credit":"Made with Blockbench","texture_size":[128.0,128.0],"elements":[{"from":[3.0,0.0,3.0],"to":[13.0,2.0,13.0],"faces":{"north":{"uv":[3.875,1.0,5.125,1.25],"texture":"#0"},"east":{"uv":[3.875,1.0,5.125,1.25],"texture":"#0"},"south":{"uv":[3.875,1.0,5.125,1.25],"texture":"#0"},"west":{"uv":[3.875,1.0,5.125,1.25],"texture":"#0"},"up":{"uv":[4.25,4.5,5.5,5.75],"texture":"#0"},"down":{"uv":[9.125,0.0,10.375,1.25],"texture":"#0"}}},{"from":[3.0,2.0,3.0],"to":[13.0,4.0,13.0],"faces":{"north":{"uv":[3.875,0.75,5.125,1.0],"texture":"#0","tintindex":0.0},"east":{"uv":[3.875,0.75,5.125,1.0],"texture":"#0","tintindex":0.0},"south":{"uv":[3.875,0.75,5.125,1.0],"texture":"#0","tintindex":0.0},"west":{"uv":[3.875,0.75,5.125,1.0],"texture":"#0","tintindex":0.0},"up":{"uv":[9.125,0.0,10.375,1.25],"texture":"#0"},"down":{"uv":[9.125,0.0,10.375,1.25],"texture":"#0","tintindex":0.0}}},{"from":[1.0,4.0,1.0],"to":[15.0,10.0,15.0],"faces":{"north":{"uv":[4.375,0.0,6.125,0.75],"texture":"#1"},"east":{"uv":[3.875,0.0,5.625,0.75],"texture":"#0"},"south":{"uv":[4.375,0.0,6.125,0.75],"texture":"#1"},"west":{"uv":[3.875,0.0,5.625,0.75],"texture":"#0"},"up":{"uv":[5.625,0.0,7.375,1.75],"texture":"#0"},"down":{"uv":[7.375,0.0,9.125,1.75],"texture":"#0"}}},{"from":[2.0,10.0,4.0],"to":[5.0,13.0,8.0],"rotation":{"angle":-22.5,"axis":"y","origin":[4.88582,12.5,7.07403]},"faces":{"north":{"uv":[8.0,1.0,11.0,4.0],"texture":"#2","tintindex":0.0},"east":{"uv":[2.5,0.375,3.0,0.75],"texture":"#1","tintindex":0.0},"south":{"uv":[3.375,0.0,3.75,0.375],"texture":"#1","tintindex":0.0},"west":{"uv":[3.0,0.375,2.5,0.75],"texture":"#1","tintindex":0.0},"up":{"uv":[3.0,0.0,3.375,0.5],"texture":"#1","tintindex":0.0},"down":{"uv":[7.375,0.0,9.125,1.75],"texture":"#0","tintindex":0.0}}},{"from":[2.0,10.0,4.0],"to":[5.0,13.0,8.0],"rotation":{"angle":-22.5,"axis":"y","origin":[4.88582,12.5,7.07403]},"faces":{"north":{"uv":[12.0,1.0,15.0,4.0],"texture":"#2"},"east":{"uv":[2.875,0.0,3.0,0.125],"texture":"#1"},"south":{"uv":[2.875,0.0,3.0,0.125],"texture":"#1"},"west":{"uv":[2.875,0.0,3.0,0.125],"texture":"#1"},"up":{"uv":[2.875,0.0,3.0,0.125],"texture":"#1"},"down":{"uv":[2.875,0.0,3.0,0.125],"texture":"#1"}}},{"from":[3.37766,10.0,7.44728],"to":[9.37766,13.0,7.44728],"rotation":{"angle":-45.0,"axis":"y","origin":[3.37245,11.5,7.2705]},"faces":{"north":{"uv":[1.0,0.0,7.0,3.0],"texture":"#2"},"east":{"uv":[3.375,0.0,3.75,0.375],"texture":"#1"},"south":{"uv":[7.0,0.0,1.0,3.0],"texture":"#2"},"west":{"uv":[2.5,0.0,2.875,0.375],"texture":"#1"},"up":{"uv":[3.0,0.0,3.375,0.5],"rotation":270.0,"texture":"#1"},"down":{"uv":[7.375,0.0,9.125,1.75],"rotation":90.0,"texture":"#0"}}},{"from":[3.19568,10.0,7.27571],"to":[3.19568,13.0,13.27571],"rotation":{"angle":22.5,"axis":"y","origin":[3.37245,11.5,7.2705]},"faces":{"north":{"uv":[2.5,0.0,2.875,0.375],"texture":"#1"},"east":{"uv":[1.0,3.0,7.0,6.0],"texture":"#2"},"south":{"uv":[3.375,0.0,3.75,0.375],"texture":"#1"},"west":{"uv":[1.0,3.0,7.0,6.0],"texture":"#2"},"up":{"uv":[3.0,0.0,3.375,0.5],"texture":"#1"},"down":{"uv":[7.375,0.0,9.125,1.75],"texture":"#0"}}},{"from":[3.19568,10.0,7.27571],"to":[3.19568,13.0,13.27571],"rotation":{"angle":0.0,"axis":"y","origin":[3.37245,11.5,7.2705]},"faces":{"north":{"uv":[2.5,0.0,2.875,0.375],"texture":"#1"},"east":{"uv":[1.0,6.0,7.0,9.0],"texture":"#2"},"south":{"uv":[3.375,0.0,3.75,0.375],"texture":"#1"},"west":{"uv":[1.0,6.0,7.0,9.0],"texture":"#2"},"up":{"uv":[3.0,0.0,3.375,0.5],"texture":"#1"},"down":{"uv":[7.375,0.0,9.125,1.75],"texture":"#0"}}},{"from":[1.0,12.0,5.0],"to":[6.0,15.0,5.0],"rotation":{"angle":-22.5,"axis":"y","origin":[4.88582,12.5,7.07403]},"faces":{"north":{"uv":[3.75,0.0,4.375,0.375],"texture":"#1"},"east":{"uv":[2.5,0.375,3.0,0.75],"texture":"#1"},"south":{"uv":[3.75,0.0,4.375,0.375],"texture":"#1"},"west":{"uv":[3.0,0.375,2.5,0.75],"texture":"#1"},"up":{"uv":[3.0,0.0,3.375,0.5],"texture":"#1"},"down":{"uv":[7.375,0.0,9.125,1.75],"texture":"#0"}}}],"gui_light":"front","display":{"thirdperson_righthand":{"rotation":[64.25,0.0,0.0],"scale":[0.44336,0.44336,0.44336]},"thirdperson_lefthand":{"rotation":[64.25,0.0,0.0],"scale":[0.44336,0.44336,0.44336]},"firstperson_righthand":{"scale":[0.0,0.0,0.0]},"firstperson_lefthand":{"scale":[0.0,0.0,0.0]},"ground":{"translation":[0.0,4.25,0.0],"scale":[0.43945,0.43945,0.43945]},"gui":{"rotation":[23.0,-153.0,0.0],"translation":[0.0,2.0,0.0],"scale":[0.73828,0.73828,0.73828]},"head":{"rotation":[5.25,0.0,0.0],"translation":[0.0,13.75,0.99],"scale":[1.51992,1.51992,1.51992]}}}