{"textures":{"0":"mcc:island_cosmetics/head/head_mcc","1":"mcc:island_cosmetics/head_variant/head_mcc_extra","particle":"mcc:island_cosmetics/head/head_mcc"},"credit":"Made with Blockbench","texture_size":[128.0,128.0],"elements":[{"from":[3.0,0.0,3.0],"to":[13.0,12.0,13.0],"faces":{"north":{"uv":[0.0,1.25,1.25,2.75],"texture":"#1"},"east":{"uv":[2.5,1.25,1.25,2.75],"texture":"#1"},"south":{"uv":[2.625,1.25,3.875,2.75],"texture":"#1"},"west":{"uv":[1.25,0.5,2.5,2.0],"texture":"#0"},"up":{"uv":[1.75,1.25,3.0,0.0],"texture":"#1"},"down":{"uv":[3.0,0.0,4.25,1.25],"texture":"#1"}}},{"from":[10.0,6.0,2.0],"to":[15.0,11.0,6.0],"rotation":{"angle":0.0,"axis":"y","origin":[16.0,0.0,0.0]},"faces":{"north":{"uv":[0.0,0.0,0.625,0.625],"texture":"#1"},"east":{"uv":[0.625,0.0,1.125,0.625],"texture":"#1"},"south":{"uv":[0.0,0.625,0.625,1.25],"texture":"#1"},"west":{"uv":[0.625,0.625,1.125,1.25],"texture":"#1"},"up":{"uv":[1.125,0.0,1.75,0.5],"texture":"#1"},"down":{"uv":[1.125,0.5,1.75,1.0],"texture":"#1"}}},{"from":[12.5,8.0,-7.0],"to":[12.5,9.0,2.0],"rotation":{"angle":0.0,"axis":"y","origin":[16.0,0.0,0.0]},"faces":{"north":{"uv":[0.0,0.0,0.625,0.625],"texture":"#1"},"east":{"uv":[3.875,1.25,5.0,1.375],"texture":"#1"},"south":{"uv":[0.0,0.625,0.625,1.25],"texture":"#1"},"west":{"uv":[5.0,1.25,3.875,1.375],"texture":"#1"},"up":{"uv":[1.125,0.0,1.75,0.5],"texture":"#1"},"down":{"uv":[1.125,0.5,1.75,1.0],"texture":"#1"}}},{"from":[2.0,6.0,2.0],"to":[5.0,10.0,6.0],"faces":{"north":{"uv":[1.0,3.625,0.625,4.125],"texture":"#0"},"east":{"uv":[0.5,4.125,0.0,4.625],"texture":"#0"},"south":{"uv":[1.875,3.625,1.5,4.125],"texture":"#0"},"west":{"uv":[1.5,3.625,1.0,4.125],"texture":"#0"},"up":{"uv":[1.25,4.125,0.875,4.625],"texture":"#0"},"down":{"uv":[0.875,4.125,0.5,4.625],"texture":"#0"}}},{"from":[7.0,9.99889,2.85275],"to":[9.0,14.99889,7.85275],"rotation":{"angle":22.5,"axis":"x","origin":[8.0,12.49889,5.35275]},"faces":{"north":{"uv":[3.625,1.25,3.375,1.875],"texture":"#0"},"east":{"uv":[3.125,1.25,2.5,1.875],"texture":"#0"},"south":{"uv":[3.875,1.25,3.625,1.875],"texture":"#0"},"west":{"uv":[2.5,1.25,3.125,1.875],"texture":"#0"},"up":{"uv":[3.125,1.25,3.375,1.875],"texture":"#0"},"down":{"uv":[4.125,1.25,3.875,1.875],"texture":"#0"}}},{"from":[8.0,9.73528,-0.84619],"to":[8.0,18.73528,9.15381],"rotation":{"angle":-22.5,"axis":"x","origin":[8.0,13.24784,4.58058]},"faces":{"north":{"uv":[3.125,1.25,3.375,1.875],"rotation":180.0,"texture":"#0"},"east":{"uv":[3.5,1.875,2.5,3.0],"rotation":90.0,"texture":"#0"},"south":{"uv":[0.0,0.0,1.25,1.25],"texture":"#missing"},"west":{"uv":[3.5,3.0,2.5,1.875],"rotation":90.0,"texture":"#0"},"up":{"uv":[3.875,1.25,3.625,1.875],"texture":"#0"},"down":{"uv":[3.625,1.25,3.375,1.875],"rotation":180.0,"texture":"#0"}}},{"from":[4.0,4.0,-2.0],"to":[12.0,7.0,3.0],"faces":{"north":{"uv":[0.0,2.0,1.0,2.375],"texture":"#0"},"east":{"uv":[1.0,2.0,1.625,2.375],"texture":"#0"},"south":{"uv":[1.25,0.5,2.5,2.0],"texture":"#0"},"west":{"uv":[1.625,2.0,1.0,2.375],"texture":"#0"},"up":{"uv":[0.0,2.375,1.0,3.0],"texture":"#0"},"down":{"uv":[0.0,3.0,1.0,3.625],"texture":"#0"}}},{"from":[6.0,0.0,0.0],"to":[10.0,4.0,3.0],"faces":{"north":{"uv":[1.0,2.375,1.5,2.875],"texture":"#0"},"east":{"uv":[1.5,2.375,1.875,2.875],"texture":"#0"},"south":{"uv":[1.25,0.5,2.5,2.0],"texture":"#0"},"west":{"uv":[1.875,2.375,1.5,2.875],"texture":"#0"},"up":{"uv":[0.0,2.375,1.0,3.0],"texture":"#0"},"down":{"uv":[1.0,2.875,1.5,3.25],"texture":"#0"}}},{"from":[3.0,-2.77545,2.84475],"to":[13.0,1.22455,2.84475],"rotation":{"angle":22.5,"axis":"x","origin":[0.0,0.22455,-0.15525]},"faces":{"north":{"uv":[4.25,0.0,5.5,0.5],"texture":"#1"},"east":{"uv":[0.0,0.0,0.0,0.5],"texture":"#missing"},"south":{"uv":[5.5,0.0,4.25,0.5],"texture":"#1"},"west":{"uv":[0.0,0.0,0.0,0.5],"texture":"#missing"},"up":{"uv":[0.0,0.0,1.25,0.0],"texture":"#missing"},"down":{"uv":[0.0,0.0,1.25,0.0],"texture":"#missing"}}},{"from":[3.0,-2.77545,13.15525],"to":[13.0,1.22455,13.15525],"rotation":{"angle":-22.5,"axis":"x","origin":[0.0,0.22455,16.15525]},"faces":{"north":{"uv":[4.25,0.0,5.5,0.5],"texture":"#1"},"east":{"uv":[0.0,0.0,0.0,0.5],"texture":"#missing"},"south":{"uv":[5.5,0.0,4.25,0.5],"texture":"#1"},"west":{"uv":[0.0,0.0,0.0,0.5],"texture":"#missing"},"up":{"uv":[0.0,0.0,1.25,0.0],"texture":"#missing"},"down":{"uv":[0.0,0.0,1.25,0.0],"texture":"#missing"}}},{"from":[2.84475,-2.77545,2.84475],"to":[2.84475,1.22455,12.84475],"rotation":{"angle":-22.5,"axis":"z","origin":[-0.15525,0.22455,-0.15525]},"faces":{"north":{"uv":[0.0,0.0,0.0,0.5],"texture":"#missing"},"east":{"uv":[1.25,0.0,0.0,0.5],"texture":"#0"},"south":{"uv":[0.0,0.0,0.0,0.5],"texture":"#missing"},"west":{"uv":[1.25,0.0,0.0,0.5],"texture":"#0"},"up":{"uv":[0.0,0.0,1.25,0.0],"rotation":90.0,"texture":"#missing"},"down":{"uv":[0.0,0.0,1.25,0.0],"rotation":270.0,"texture":"#missing"}}},{"from":[13.15525,-2.77545,2.84475],"to":[13.15525,1.22455,12.84475],"rotation":{"angle":22.5,"axis":"z","origin":[16.15525,0.22455,-0.15525]},"faces":{"north":{"uv":[0.0,0.0,0.0,0.5],"texture":"#missing"},"east":{"uv":[4.25,0.5,5.5,1.0],"texture":"#1"},"south":{"uv":[0.0,0.0,0.0,0.5],"texture":"#missing"},"west":{"uv":[4.25,0.5,5.5,1.0],"texture":"#1"},"up":{"uv":[0.0,0.0,1.25,0.0],"rotation":90.0,"texture":"#missing"},"down":{"uv":[0.0,0.0,1.25,0.0],"rotation":270.0,"texture":"#missing"}}}],"gui_light":"front","display":{"thirdperson_righthand":{"rotation":[63.0,34.0,0.0],"translation":[0.0,1.0,-1.0],"scale":[0.52539,0.52539,0.52539]},"thirdperson_lefthand":{"rotation":[63.0,34.0,0.0],"translation":[0.0,1.0,-1.0],"scale":[0.52539,0.52539,0.52539]},"firstperson_righthand":{"rotation":[3.0,112.0,-13.0],"translation":[9.5,0.0,-5.75],"scale":[0.41992,0.41992,0.41992]},"firstperson_lefthand":{"rotation":[3.0,112.0,-13.0],"translation":[9.5,0.0,-5.75],"scale":[0.41992,0.41992,0.41992]},"ground":{"translation":[0.0,4.25,0.0],"scale":[0.28906,0.28906,0.28906]},"gui":{"rotation":[-149.61,-31.92,-180.0],"translation":[-0.25,1.75,0.0],"scale":[0.67968,0.67968,0.67968]},"head":{"translation":[0.0,4.75,0.0],"scale":[1.6,1.6,1.6]},"fixed":{"translation":[0.0,-3.25,-7.5]}}}