{"textures":{"0":"mcc:island_cosmetics/head/head_5","1":"mcc:island_cosmetics/head_variant/head_5_extra","particle":"mcc:island_cosmetics/head/head_5"},"credit":"Made with Blockbench","texture_size":[128.0,128.0],"elements":[{"from":[3.0,6.0,3.5],"to":[13.0,17.0,13.5],"rotation":{"angle":0.0,"axis":"y","origin":[1.0,-1.0,-1.5]},"faces":{"north":{"uv":[0.0,9.75,1.25,11.125],"texture":"#1"},"east":{"uv":[4.5,6.875,3.375,8.25],"texture":"#1"},"south":{"uv":[3.375,8.25,4.625,9.625],"texture":"#1"},"west":{"uv":[3.375,6.875,4.5,8.25],"texture":"#1"},"up":{"uv":[2.875,5.75,4.125,6.875],"texture":"#1"},"down":{"uv":[0.0,14.75,1.25,16.0],"texture":"#1"}}},{"from":[2.0,5.0,2.5],"to":[14.0,10.0,7.5],"rotation":{"angle":0.0,"axis":"y","origin":[1.0,-1.0,-1.5]},"faces":{"north":{"uv":[1.25,9.75,2.75,10.375],"texture":"#1"},"east":{"uv":[2.75,9.75,3.375,10.375],"texture":"#1"},"south":{"uv":[3.375,10.25,3.5,10.375],"texture":"#1"},"west":{"uv":[3.375,9.75,2.75,10.375],"texture":"#1"},"up":{"uv":[4.25,10.375,2.75,11.0],"texture":"#1"},"down":{"uv":[4.875,9.75,3.375,10.375],"texture":"#1"}}},{"from":[6.0,9.5,1.5],"to":[10.0,11.5,3.5],"rotation":{"angle":0.0,"axis":"y","origin":[1.5,-1.0,-1.5]},"faces":{"north":{"uv":[1.75,9.875,2.25,10.125],"texture":"#0"},"east":{"uv":[1.5,9.875,1.75,10.125],"texture":"#0"},"south":{"uv":[1.25,5.875,1.75,6.25],"texture":"#0"},"west":{"uv":[1.75,9.875,1.5,10.125],"texture":"#0"},"up":{"uv":[1.75,5.875,2.25,6.125],"texture":"#0"},"down":{"uv":[2.5,6.75,3.0,7.0],"texture":"#0"}}},{"from":[-2.28806,7.80866,4.75],"to":[3.71194,14.80866,11.75],"rotation":{"angle":22.5,"axis":"z","origin":[0.96194,13.55866,8.5]},"faces":{"north":{"uv":[0.75,6.25,0.0,7.125],"texture":"#0","tintindex":0.0},"east":{"uv":[2.5,7.75,1.625,8.625],"texture":"#0","tintindex":0.0},"south":{"uv":[0.0,6.25,0.75,7.125],"texture":"#0","tintindex":0.0},"west":{"uv":[0.875,7.125,0.0,8.0],"texture":"#0","tintindex":0.0},"up":{"uv":[1.5,6.25,0.75,7.125],"texture":"#0","tintindex":0.0},"down":{"uv":[2.25,6.25,1.5,7.125],"texture":"#0","tintindex":0.0}}},{"from":[-2.78806,7.30866,4.25],"to":[4.21194,15.30866,12.25],"rotation":{"angle":22.5,"axis":"z","origin":[0.96194,13.55866,8.5]},"faces":{"north":{"uv":[3.25,8.25,2.5,9.125],"texture":"#0","tintindex":0.0},"east":{"uv":[2.5,7.75,1.625,8.625],"texture":"#0","tintindex":0.0},"south":{"uv":[2.5,8.25,3.25,9.125],"texture":"#0","tintindex":0.0},"west":{"uv":[3.375,9.125,2.5,10.0],"texture":"#0","tintindex":0.0},"up":{"uv":[4.0,8.25,3.25,9.125],"texture":"#0","tintindex":0.0},"down":{"uv":[4.125,9.125,3.375,10.0],"texture":"#0","tintindex":0.0}}},{"name":"cube inverted","from":[4.21194,15.30866,12.25],"to":[-2.78806,7.30866,4.25],"rotation":{"angle":22.5,"axis":"z","origin":[0.96194,13.55866,8.5]},"faces":{"north":{"uv":[2.5,9.125,3.25,8.25],"texture":"#0","tintindex":0.0},"east":{"uv":[3.375,10.0,2.5,9.125],"texture":"#0","tintindex":0.0},"south":{"uv":[3.25,9.125,2.5,8.25],"texture":"#0","tintindex":0.0},"west":{"uv":[2.5,8.625,1.625,7.75],"texture":"#0","tintindex":0.0},"up":{"uv":[3.375,9.125,4.125,10.0],"texture":"#0","tintindex":0.0},"down":{"uv":[3.25,8.25,4.0,9.125],"texture":"#0","tintindex":0.0}}},{"from":[12.28806,7.80866,4.75],"to":[18.28806,14.80866,11.75],"rotation":{"angle":-22.5,"axis":"z","origin":[15.03806,13.55866,8.5]},"faces":{"north":{"uv":[0.0,6.25,0.75,7.125],"texture":"#0","tintindex":0.0},"east":{"uv":[0.0,7.125,0.875,8.0],"texture":"#0","tintindex":0.0},"south":{"uv":[0.75,6.25,0.0,7.125],"texture":"#0","tintindex":0.0},"west":{"uv":[1.625,7.75,2.5,8.625],"texture":"#0","tintindex":0.0},"up":{"uv":[0.75,6.25,1.5,7.125],"texture":"#0","tintindex":0.0},"down":{"uv":[1.5,6.25,2.25,7.125],"texture":"#0","tintindex":0.0}}},{"from":[11.78806,7.30866,4.25],"to":[18.78806,15.30866,12.25],"rotation":{"angle":-22.5,"axis":"z","origin":[15.03806,13.55866,8.5]},"faces":{"north":{"uv":[2.5,8.25,3.25,9.125],"texture":"#0","tintindex":0.0},"east":{"uv":[2.5,9.125,3.375,10.0],"texture":"#0","tintindex":0.0},"south":{"uv":[3.25,8.25,2.5,9.125],"texture":"#0","tintindex":0.0},"west":{"uv":[1.625,7.75,2.5,8.625],"texture":"#0","tintindex":0.0},"up":{"uv":[3.25,8.25,4.0,9.125],"texture":"#0","tintindex":0.0},"down":{"uv":[3.375,9.125,4.125,10.0],"texture":"#0","tintindex":0.0}}},{"name":"cube inverted","from":[18.78806,15.30866,12.25],"to":[11.78806,7.30866,4.25],"rotation":{"angle":-22.5,"axis":"z","origin":[15.03806,13.55866,8.5]},"faces":{"north":{"uv":[3.25,9.125,2.5,8.25],"texture":"#0","tintindex":0.0},"east":{"uv":[1.625,8.625,2.5,7.75],"texture":"#0","tintindex":0.0},"south":{"uv":[2.5,9.125,3.25,8.25],"texture":"#0","tintindex":0.0},"west":{"uv":[2.5,10.0,3.375,9.125],"texture":"#0","tintindex":0.0},"up":{"uv":[4.125,9.125,3.375,10.0],"texture":"#0","tintindex":0.0},"down":{"uv":[4.0,8.25,3.25,9.125],"texture":"#0","tintindex":0.0}}}],"gui_light":"front","display":{"thirdperson_righthand":{"rotation":[63.0,34.0,0.0],"translation":[0.0,1.0,-1.0],"scale":[0.52539,0.52539,0.52539]},"thirdperson_lefthand":{"rotation":[63.0,34.0,0.0],"translation":[0.0,1.0,-1.0],"scale":[0.52539,0.52539,0.52539]},"firstperson_righthand":{"rotation":[3.0,112.0,-13.0],"translation":[9.5,0.0,-5.75],"scale":[0.41992,0.41992,0.41992]},"firstperson_lefthand":{"rotation":[3.0,112.0,-13.0],"translation":[9.5,0.0,-5.75],"scale":[0.41992,0.41992,0.41992]},"ground":{"translation":[0.0,4.25,0.0],"scale":[0.28906,0.28906,0.28906]},"gui":{"rotation":[-149.61,-31.92,-180.0],"translation":[0.0,-1.5,0.0],"scale":[0.6875,0.6875,0.6875]},"head":{"rotation":[-5.0,0.05,-0.75],"translation":[0.0,-4.25,-0.75],"scale":[1.61367,1.61367,1.61367]},"fixed":{"translation":[0.0,-3.25,-7.5]}}}