{"textures":{"2":"mcc:island_cosmetics/head_variant/head_3_extra_2","3":"mcc:island_cosmetics/head_variant/bun_bot_anim"},"credit":"Made with Blockbench","elements":[{"from":[1.0,-1.0,0.5],"to":[15.0,12.0,6.5],"rotation":{"angle":0.0,"axis":"x","origin":[5.0,9.5,7.5]},"faces":{"north":{"uv":[0.375,14.25,2.125,15.875],"texture":"#2"},"east":{"uv":[2.125,14.25,2.875,15.875],"texture":"#2"},"south":{"uv":[0.125,12.625,1.875,14.25],"texture":"#2"},"west":{"uv":[2.875,14.25,2.125,15.875],"texture":"#2"},"up":{"uv":[1.875,13.5,3.625,14.25],"texture":"#2"},"down":{"uv":[1.875,12.0,3.625,12.75],"texture":"#2"}}},{"from":[9.0,10.0,3.5],"to":[14.0,17.0,7.5],"rotation":{"angle":0.0,"axis":"z","origin":[8.0,19.5,3.5]},"faces":{"north":{"uv":[0.125,11.625,0.75,12.5],"texture":"#2"},"east":{"uv":[0.75,11.625,1.25,12.5],"texture":"#2"},"south":{"uv":[0.125,10.25,0.75,11.125],"texture":"#2"},"west":{"uv":[1.25,11.625,0.75,12.5],"texture":"#2"},"up":{"uv":[0.75,11.125,0.125,11.625],"texture":"#2"},"down":{"uv":[1.875,12.0,3.625,12.75],"texture":"#2"}}},{"from":[2.0,10.0,3.5],"to":[7.0,17.0,7.5],"rotation":{"angle":0.0,"axis":"z","origin":[8.0,19.5,3.5]},"faces":{"north":{"uv":[0.75,11.625,0.125,12.5],"texture":"#2"},"east":{"uv":[0.75,11.625,1.25,12.5],"texture":"#2"},"south":{"uv":[0.75,10.25,0.125,11.125],"texture":"#2"},"west":{"uv":[1.25,11.625,0.75,12.5],"texture":"#2"},"up":{"uv":[0.125,11.125,0.75,11.625],"texture":"#2"},"down":{"uv":[3.625,12.0,1.875,12.75],"texture":"#2"}}},{"from":[2.0,0.0,6.5],"to":[14.0,11.0,12.5],"rotation":{"angle":0.0,"axis":"x","origin":[6.0,9.5,7.5]},"faces":{"north":{"uv":[0.0,0.0,0.0,0.0],"texture":"#2"},"east":{"uv":[2.875,14.5,3.625,15.875],"texture":"#2"},"south":{"uv":[5.125,14.5,3.625,15.875],"texture":"#2"},"west":{"uv":[3.625,14.5,2.875,15.875],"texture":"#2"},"up":{"uv":[3.625,13.75,5.125,14.5],"texture":"#2"},"down":{"uv":[3.375,12.75,1.875,13.5],"texture":"#2"}}},{"name":"cube inverted","from":[14.0,11.0,1.5],"to":[2.0,1.0,0.5],"rotation":{"angle":0.0,"axis":"x","origin":[-6.0,9.5,7.5]},"faces":{"north":{"uv":[3.625,13.75,5.125,12.5],"texture":"#2","tintindex":0.0},"east":{"uv":[3.625,13.75,3.75,12.5],"texture":"#2","tintindex":0.0},"west":{"uv":[3.625,13.75,3.75,12.5],"texture":"#2","tintindex":0.0},"up":{"uv":[5.125,13.625,3.625,13.75],"texture":"#2","tintindex":0.0},"down":{"uv":[5.125,12.5,3.625,12.625],"texture":"#2","tintindex":0.0}}},{"name":"cube inverted","from":[2.5,1.0,1.0],"to":[13.5,11.0,1.0],"rotation":{"angle":0.0,"axis":"x","origin":[-18.5,6.5,7.5]},"faces":{"north":{"uv":[3.0,3.0,14.0,13.0],"texture":"#3","tintindex":0.0},"east":{"uv":[3.625,12.5,3.75,13.75],"texture":"#2","tintindex":0.0},"south":{"uv":[3.0,3.0,14.0,13.0],"texture":"#3","tintindex":0.0},"west":{"uv":[3.625,12.5,3.75,13.75],"texture":"#2","tintindex":0.0},"up":{"uv":[5.125,12.625,3.625,12.5],"texture":"#2","tintindex":0.0},"down":{"uv":[5.125,13.75,3.625,13.625],"texture":"#2","tintindex":0.0}}}],"gui_light":"front","display":{"thirdperson_righthand":{"rotation":[55.5,34.0,0.0],"translation":[0.0,1.0,0.75],"scale":[0.52539,0.52539,0.52539]},"thirdperson_lefthand":{"rotation":[55.5,34.0,0.0],"translation":[0.0,1.0,0.75],"scale":[0.52539,0.52539,0.52539]},"firstperson_righthand":{"rotation":[21.0,114.5,-13.75],"translation":[9.5,0.0,-5.75],"scale":[0.41992,0.41992,0.41992]},"firstperson_lefthand":{"rotation":[21.0,114.5,-13.75],"translation":[9.5,0.0,-5.75],"scale":[0.41992,0.41992,0.41992]},"gui":{"rotation":[-149.61,-31.92,-180.0],"translation":[-1.0,1.25,0.0],"scale":[0.6914,0.6914,0.6914]},"head":{"translation":[0.0,6.25,2.0],"scale":[1.62539,1.62539,1.62539]}}}