{"textures":{"0":"mcc:island_cosmetics/head/head_2","1":"mcc:island_cosmetics/head_variant/head_2_extra","particle":"mcc:island_cosmetics/head/head_2"},"credit":"Made with Blockbench","texture_size":[128.0,128.0],"elements":[{"from":[1.0,-0.27,1.0],"to":[15.0,3.73,15.0],"rotation":{"angle":0.0,"axis":"y","origin":[0.02,0.0,0.02]},"faces":{"north":{"uv":[11.375,14.75,13.125,15.25],"texture":"#0","tintindex":0.0},"east":{"uv":[11.375,15.25,13.125,15.75],"texture":"#0","tintindex":0.0},"south":{"uv":[11.375,14.75,13.125,15.25],"texture":"#0","tintindex":0.0},"west":{"uv":[11.375,15.25,13.125,15.75],"texture":"#0","tintindex":0.0},"up":{"uv":[2.25,15.625,2.375,15.75],"texture":"#0","tintindex":0.0},"down":{"uv":[13.125,14.25,14.875,16.0],"texture":"#0","tintindex":0.0}}},{"from":[4.0,-0.26,4.0],"to":[12.0,4.74,12.0],"rotation":{"angle":0.0,"axis":"y","origin":[0.01,0.0,0.01]},"faces":{"north":{"uv":[12.125,14.125,13.125,14.75],"texture":"#0","tintindex":0.0},"east":{"uv":[11.125,14.125,12.125,14.75],"texture":"#0","tintindex":0.0},"south":{"uv":[12.125,14.125,13.125,14.75],"texture":"#0","tintindex":0.0},"west":{"uv":[11.125,14.125,12.125,14.75],"texture":"#0","tintindex":0.0},"up":{"uv":[14.875,15.0,15.875,16.0],"texture":"#0","tintindex":0.0},"down":{"uv":[14.875,14.0,15.875,15.0],"texture":"#0","tintindex":0.0}}},{"from":[3.8,-0.46,3.8],"to":[12.2,1.94,12.2],"rotation":{"angle":0.0,"axis":"y","origin":[0.01,0.0,0.01]},"faces":{"north":{"uv":[11.125,13.875,12.125,14.125],"texture":"#0"},"east":{"uv":[11.125,13.875,12.125,14.125],"texture":"#0"},"south":{"uv":[11.125,13.875,12.125,14.125],"texture":"#0"},"west":{"uv":[11.125,13.875,12.125,14.125],"texture":"#0"},"up":{"uv":[12.0,15.0,12.125,15.125],"texture":"#0"},"down":{"uv":[12.0,15.0,12.125,15.125],"texture":"#0"}}},{"from":[4.0,4.74,4.0],"to":[12.0,5.74,12.0],"rotation":{"angle":0.0,"axis":"y","origin":[0.01,0.0,0.01]},"faces":{"north":{"uv":[12.125,14.0,13.125,14.125],"texture":"#0","tintindex":0.0},"east":{"uv":[13.125,14.0,14.125,14.125],"texture":"#0","tintindex":0.0},"south":{"uv":[12.125,14.0,13.125,14.125],"texture":"#0","tintindex":0.0},"west":{"uv":[13.125,14.0,14.125,14.125],"texture":"#0","tintindex":0.0},"up":{"uv":[10.625,15.125,10.75,15.25],"texture":"#0","tintindex":0.0},"down":{"uv":[10.0,15.25,10.125,15.375],"texture":"#0","tintindex":0.0}}},{"name":"cube inverted","from":[15.0,3.73,15.0],"to":[1.0,-0.27,1.0],"rotation":{"angle":0.0,"axis":"y","origin":[0.02,0.0,0.02]},"faces":{"north":{"uv":[11.375,15.25,13.125,14.75],"texture":"#0","tintindex":0.0},"east":{"uv":[11.375,15.75,13.125,15.25],"texture":"#0","tintindex":0.0},"south":{"uv":[11.375,15.25,13.125,14.75],"texture":"#0","tintindex":0.0},"west":{"uv":[11.375,15.75,13.125,15.25],"texture":"#0","tintindex":0.0},"up":{"uv":[14.875,14.25,13.125,16.0],"texture":"#0","tintindex":0.0},"down":{"uv":[2.375,15.625,2.25,15.75],"texture":"#0","tintindex":0.0}}},{"name":"cube inverted","from":[12.0,5.74,12.0],"to":[4.0,4.74,4.0],"rotation":{"angle":0.0,"axis":"y","origin":[0.01,0.0,0.01]},"faces":{"north":{"uv":[12.125,14.125,13.125,14.0],"texture":"#0","tintindex":0.0},"east":{"uv":[13.125,14.125,14.125,14.0],"texture":"#0","tintindex":0.0},"south":{"uv":[12.125,14.125,13.125,14.0],"texture":"#0","tintindex":0.0},"west":{"uv":[13.125,14.125,14.125,14.0],"texture":"#0","tintindex":0.0},"up":{"uv":[10.125,15.25,10.0,15.375],"texture":"#0","tintindex":0.0},"down":{"uv":[10.75,15.125,10.625,15.25],"texture":"#0","tintindex":0.0}}},{"name":"cube inverted","from":[12.2,1.94,12.2],"to":[3.8,-0.46,3.8],"rotation":{"angle":0.0,"axis":"y","origin":[0.01,0.0,0.01]},"faces":{"north":{"uv":[11.125,14.125,12.125,13.875],"texture":"#0"},"east":{"uv":[11.125,14.125,12.125,13.875],"texture":"#0"},"south":{"uv":[11.125,14.125,12.125,13.875],"texture":"#0"},"west":{"uv":[11.125,14.125,12.125,13.875],"texture":"#0"},"up":{"uv":[12.125,15.0,12.0,15.125],"texture":"#0"},"down":{"uv":[12.125,15.0,12.0,15.125],"texture":"#0"}}},{"from":[4.0,-8.0,4.0],"to":[12.0,-3.0,12.0],"faces":{"north":{"uv":[2.25,3.875,3.25,4.5],"texture":"#1","tintindex":0.0},"east":{"uv":[3.25,3.875,4.25,4.5],"texture":"#1","tintindex":0.0},"south":{"uv":[4.25,3.875,5.25,4.5],"texture":"#1","tintindex":0.0},"west":{"uv":[4.25,3.875,3.25,4.5],"texture":"#1","tintindex":0.0},"up":{"uv":[2.75,2.625,2.875,2.75],"texture":"#1","tintindex":0.0},"down":{"uv":[2.75,2.625,2.875,2.75],"texture":"#1","tintindex":0.0}}},{"from":[5.5,-8.12464,13.07874],"to":[10.5,-3.12464,13.07874],"rotation":{"angle":-22.5,"axis":"x","origin":[8.0,-6.37464,13.57874]},"faces":{"north":{"uv":[2.875,4.5,2.25,5.125],"rotation":90.0,"texture":"#1","tintindex":0.0},"east":{"uv":[2.75,2.625,2.875,2.75],"rotation":180.0,"texture":"#1","tintindex":0.0},"south":{"uv":[2.25,4.5,2.875,5.125],"rotation":270.0,"texture":"#1","tintindex":0.0},"west":{"uv":[2.75,2.625,2.875,2.75],"texture":"#1","tintindex":0.0},"up":{"uv":[2.25,3.875,3.25,4.5],"rotation":270.0,"texture":"#1","tintindex":0.0},"down":{"uv":[4.25,3.875,5.25,4.5],"rotation":270.0,"texture":"#1","tintindex":0.0}}},{"name":"cube inverted","from":[12.0,-3.0,12.0],"to":[4.0,-8.0,4.0],"faces":{"north":{"uv":[4.25,4.5,5.25,3.875],"texture":"#1","tintindex":0.0},"east":{"uv":[4.25,4.5,3.25,3.875],"texture":"#1","tintindex":0.0},"south":{"uv":[2.25,4.5,3.25,3.875],"texture":"#1","tintindex":0.0},"west":{"uv":[3.25,4.5,4.25,3.875],"texture":"#1","tintindex":0.0},"up":{"uv":[2.875,2.625,2.75,2.75],"texture":"#1","tintindex":0.0},"down":{"uv":[2.875,2.625,2.75,2.75],"texture":"#1","tintindex":0.0}}}],"gui_light":"front","display":{"thirdperson_righthand":{"rotation":[64.25,0.0,0.0],"scale":[0.44336,0.44336,0.44336]},"thirdperson_lefthand":{"rotation":[64.25,0.0,0.0],"scale":[0.44336,0.44336,0.44336]},"firstperson_righthand":{"scale":[0.0,0.0,0.0]},"firstperson_lefthand":{"scale":[0.0,0.0,0.0]},"ground":{"translation":[0.0,4.25,0.0],"scale":[0.43945,0.43945,0.43945]},"gui":{"rotation":[-149.61,-31.92,-180.0],"translation":[0.0,6.0,0.0],"scale":[0.77538,0.77538,0.77538]},"head":{"translation":[0.0,17.75,0.0],"scale":[1.80509,1.80509,1.80509]}}}