{"textures":{"0":"mcc:island_cosmetics/head/head_7","2":"mcc:island_cosmetics/head_variant/head_7_extra","3":"mcc:island_cosmetics/head_variant/emojis_anim","particle":"mcc:island_cosmetics/head/head_7"},"credit":"Made with Blockbench","texture_size":[128.0,128.0],"elements":[{"from":[2.0,-0.5,2.0],"to":[14.0,11.5,14.0],"rotation":{"angle":0.0,"axis":"x","origin":[7.0,9.5,7.0]},"faces":{"north":{"uv":[6.75,3.5,9.75,6.5],"texture":"#3"},"east":{"uv":[9.375,5.375,10.875,6.875],"texture":"#0"},"south":{"uv":[9.375,5.375,10.875,6.875],"texture":"#0"},"west":{"uv":[9.375,5.375,10.875,6.875],"texture":"#0"},"up":{"uv":[10.875,5.375,12.375,6.875],"texture":"#0"},"down":{"uv":[12.375,5.375,13.875,6.875],"texture":"#0"}}},{"from":[0.5,3.5,1.5],"to":[15.5,9.5,14.5],"rotation":{"angle":0.0,"axis":"x","origin":[7.5,9.5,6.5]},"faces":{"north":{"uv":[0.25,6.75,4.0,8.25],"texture":"#3"},"east":{"uv":[4.875,0.75,6.5,1.5],"texture":"#2"},"south":{"uv":[0.125,7.25,0.25,7.375],"texture":"#2"},"west":{"uv":[6.5,0.75,4.875,1.5],"texture":"#2"},"up":{"uv":[0.125,7.25,0.25,7.375],"texture":"#2"},"down":{"uv":[0.125,7.25,0.25,7.375],"texture":"#2"}}},{"from":[14.5,12.0,14.5],"to":[1.5,-1.0,1.5],"rotation":{"angle":0.0,"axis":"x","origin":[19.5,9.5,19.5]},"faces":{"north":{"uv":[9.25,6.75,9.375,6.875],"texture":"#0"},"east":{"uv":[9.25,6.75,9.375,6.875],"texture":"#0"},"south":{"uv":[9.25,6.75,9.375,6.875],"texture":"#0"},"west":{"uv":[9.25,6.75,9.375,6.875],"texture":"#0"},"up":{"uv":[9.25,6.75,9.375,6.875],"texture":"#0"},"down":{"uv":[9.25,6.75,9.375,6.875],"texture":"#0"}}},{"name":"cube inverted","from":[15.5,9.5,14.5],"to":[0.5,3.5,1.5],"rotation":{"angle":0.0,"axis":"x","origin":[7.5,9.5,6.5]},"faces":{"north":{"uv":[0.125,7.375,0.25,7.25],"texture":"#2"},"east":{"uv":[6.5,1.5,4.875,0.75],"texture":"#2"},"south":{"uv":[0.25,8.25,4.0,6.75],"texture":"#3"},"west":{"uv":[4.875,1.5,6.5,0.75],"texture":"#2"},"up":{"uv":[0.25,7.25,0.125,7.375],"texture":"#2"},"down":{"uv":[0.25,7.25,0.125,7.375],"texture":"#2"}}}],"gui_light":"front","display":{"thirdperson_righthand":{"rotation":[55.5,34.0,0.0],"translation":[0.0,1.0,0.75],"scale":[0.52539,0.52539,0.52539]},"thirdperson_lefthand":{"rotation":[55.5,34.0,0.0],"translation":[0.0,1.0,0.75],"scale":[0.52539,0.52539,0.52539]},"firstperson_righthand":{"rotation":[21.0,114.5,-13.75],"translation":[9.5,0.0,-5.75],"scale":[0.41992,0.41992,0.41992]},"firstperson_lefthand":{"rotation":[21.0,114.5,-13.75],"translation":[9.5,0.0,-5.75],"scale":[0.41992,0.41992,0.41992]},"gui":{"rotation":[-149.61,-31.92,-180.0],"translation":[-0.25,1.5,0.0],"scale":[0.75195,0.75195,0.75195]},"head":{"translation":[0.0,6.5,0.0],"scale":[1.62734,1.62734,1.62734]}}}