{"textures":{"0":"mcc:island_cosmetics/head/head_3","1":"mcc:island_cosmetics/head_variant/head_3_extra","2":"mcc:island_cosmetics/head_variant/toxic_smoke","particle":"mcc:island_cosmetics/head/head_3"},"credit":"Made with Blockbench","elements":[{"from":[3.5,0.0,3.5],"to":[12.5,9.0,8.5],"rotation":{"angle":0.0,"axis":"x","origin":[7.5,9.5,7.5]},"faces":{"north":{"uv":[1.25,0.25,2.375,1.375],"texture":"#1"},"east":{"uv":[2.5,1.375,3.125,2.5],"texture":"#1"},"south":{"uv":[3.75,0.5,3.875,0.625],"texture":"#1"},"west":{"uv":[3.125,1.375,2.5,2.5],"texture":"#1"},"up":{"uv":[0.875,1.375,2.0,2.0],"texture":"#1"},"down":{"uv":[4.5,0.75,3.375,1.375],"texture":"#1"}}},{"from":[9.5,9.0,8.5],"to":[11.5,9.0,10.5],"rotation":{"angle":-22.5,"axis":"x","origin":[10.5,9.0,8.5]},"faces":{"north":{"uv":[5.875,3.25,4.75,3.875],"rotation":180.0,"texture":"#0"},"east":{"uv":[3.875,3.875,4.5,5.0],"rotation":270.0,"texture":"#0"},"south":{"uv":[2.25,3.875,2.5,3.875],"texture":"#0"},"west":{"uv":[4.5,3.875,3.875,5.0],"rotation":90.0,"texture":"#0"},"up":{"uv":[2.25,3.125,2.5,3.375],"rotation":180.0,"texture":"#0"},"down":{"uv":[2.25,3.125,2.5,3.375],"texture":"#0"}}},{"from":[4.5,9.0,8.5],"to":[6.5,9.0,10.5],"rotation":{"angle":-22.5,"axis":"x","origin":[5.5,9.0,8.5]},"faces":{"north":{"uv":[4.75,3.25,5.875,3.875],"rotation":180.0,"texture":"#0"},"east":{"uv":[3.875,3.875,4.5,5.0],"rotation":270.0,"texture":"#0"},"south":{"uv":[2.5,3.875,2.25,3.875],"texture":"#0"},"west":{"uv":[4.5,3.875,3.875,5.0],"rotation":90.0,"texture":"#0"},"up":{"uv":[2.5,3.125,2.25,3.375],"rotation":180.0,"texture":"#0"},"down":{"uv":[2.5,3.125,2.25,3.375],"texture":"#0"}}},{"from":[12.34056,6.0,8.53191],"to":[12.34056,8.0,10.53191],"rotation":{"angle":22.5,"axis":"y","origin":[12.34056,5.5,8.1177]},"faces":{"north":{"uv":[5.875,3.875,4.75,3.25],"rotation":270.0,"texture":"#0"},"east":{"uv":[2.25,3.375,2.5,3.125],"rotation":90.0,"texture":"#0"},"south":{"uv":[2.25,3.875,2.5,3.875],"rotation":270.0,"texture":"#0"},"west":{"uv":[2.25,3.375,2.5,3.125],"rotation":270.0,"texture":"#0"},"up":{"uv":[3.875,5.0,4.5,3.875],"texture":"#0"},"down":{"uv":[4.5,5.0,3.875,3.875],"rotation":180.0,"texture":"#0"}}},{"from":[12.34056,1.0,8.53191],"to":[12.34056,3.0,10.53191],"rotation":{"angle":22.5,"axis":"y","origin":[12.34056,5.5,8.1177]},"faces":{"north":{"uv":[4.75,3.875,5.875,3.25],"rotation":270.0,"texture":"#0"},"east":{"uv":[2.5,3.375,2.25,3.125],"rotation":90.0,"texture":"#0"},"south":{"uv":[2.5,3.875,2.25,3.875],"rotation":270.0,"texture":"#0"},"west":{"uv":[2.5,3.375,2.25,3.125],"rotation":270.0,"texture":"#0"},"up":{"uv":[3.875,5.0,4.5,3.875],"texture":"#0"},"down":{"uv":[4.5,5.0,3.875,3.875],"rotation":180.0,"texture":"#0"}}},{"from":[3.65944,6.0,8.53191],"to":[3.65944,8.0,10.53191],"rotation":{"angle":-22.5,"axis":"y","origin":[3.65944,5.5,8.1177]},"faces":{"north":{"uv":[5.875,3.25,4.75,3.875],"rotation":270.0,"texture":"#0"},"east":{"uv":[2.25,3.125,2.5,3.375],"rotation":270.0,"texture":"#0"},"south":{"uv":[2.25,3.875,2.5,3.875],"rotation":270.0,"texture":"#0"},"west":{"uv":[2.25,3.125,2.5,3.375],"rotation":90.0,"texture":"#0"},"up":{"uv":[4.5,5.0,3.875,3.875],"texture":"#0"},"down":{"uv":[3.875,5.0,4.5,3.875],"rotation":180.0,"texture":"#0"}}},{"from":[3.65944,1.0,8.53191],"to":[3.65944,3.0,10.53191],"rotation":{"angle":-22.5,"axis":"y","origin":[3.65944,5.5,8.1177]},"faces":{"north":{"uv":[4.75,3.25,5.875,3.875],"rotation":270.0,"texture":"#0"},"east":{"uv":[2.5,3.125,2.25,3.375],"rotation":270.0,"texture":"#0"},"south":{"uv":[2.5,3.875,2.25,3.875],"rotation":270.0,"texture":"#0"},"west":{"uv":[2.5,3.125,2.25,3.375],"rotation":90.0,"texture":"#0"},"up":{"uv":[4.5,5.0,3.875,3.875],"texture":"#0"},"down":{"uv":[3.875,5.0,4.5,3.875],"rotation":180.0,"texture":"#0"}}},{"from":[3.5,0.0,8.5],"to":[12.5,9.0,12.5],"rotation":{"angle":0.0,"axis":"x","origin":[7.5,9.5,7.5]},"faces":{"north":{"uv":[5.125,3.0,5.25,3.125],"texture":"#0"},"east":{"uv":[3.375,3.875,3.875,5.0],"texture":"#0"},"south":{"uv":[4.5,3.875,5.625,5.0],"texture":"#0"},"west":{"uv":[3.875,3.875,3.375,5.0],"texture":"#0"},"up":{"uv":[2.25,4.5,3.375,5.0],"texture":"#0"},"down":{"uv":[5.875,2.75,4.75,3.25],"texture":"#0"}}},{"from":[5.5,-3.0,-1.5],"to":[10.5,2.0,3.5],"rotation":{"angle":-22.5,"axis":"x","origin":[8.5,4.5,-1.0]},"faces":{"north":{"uv":[0.625,0.25,1.25,0.875],"texture":"#1"},"east":{"uv":[0.25,0.875,0.875,1.5],"texture":"#1"},"south":{"uv":[3.25,0.125,3.375,0.25],"texture":"#1","tintindex":0.0},"west":{"uv":[0.25,0.875,0.875,1.5],"rotation":180.0,"texture":"#1"},"up":{"uv":[0.25,0.875,0.875,1.5],"rotation":270.0,"texture":"#1"},"down":{"uv":[0.25,0.875,0.875,1.5],"rotation":90.0,"texture":"#1"}}},{"from":[5.47,-3.03,-1.53],"to":[10.53,2.03,-0.47],"rotation":{"angle":-22.5,"axis":"x","origin":[8.5,4.5,-1.0]},"faces":{"north":{"uv":[0.375,0.5,0.5,0.625],"rotation":90.0,"texture":"#1","tintindex":0.0},"east":{"uv":[0.125,0.875,0.25,1.5],"texture":"#1","tintindex":0.0},"south":{"uv":[0.375,0.5,0.5,0.625],"rotation":90.0,"texture":"#1","tintindex":0.0},"west":{"uv":[0.125,0.875,0.25,1.5],"texture":"#1","tintindex":0.0},"up":{"uv":[0.125,0.875,0.25,1.5],"rotation":90.0,"texture":"#1","tintindex":0.0},"down":{"uv":[0.125,0.875,0.25,1.5],"rotation":90.0,"texture":"#1","tintindex":0.0}}},{"from":[12.9,-1.80075,4.43177],"to":[14.1,2.39925,8.63177],"rotation":{"angle":22.5,"axis":"y","origin":[8.0,1.29925,3.03177]},"faces":{"north":{"uv":[3.375,1.375,3.875,1.5],"rotation":90.0,"texture":"#1","tintindex":0.0},"east":{"uv":[3.625,0.75,3.5,0.875],"texture":"#1","tintindex":0.0},"south":{"uv":[3.375,1.375,3.875,1.5],"rotation":90.0,"texture":"#1","tintindex":0.0},"west":{"uv":[3.625,0.75,3.5,0.875],"texture":"#1","tintindex":0.0},"up":{"uv":[3.375,1.375,3.875,1.5],"rotation":270.0,"texture":"#1","tintindex":0.0},"down":{"uv":[3.375,1.375,3.875,1.5],"rotation":90.0,"texture":"#1","tintindex":0.0}}},{"from":[13.0,-2.0,6.5],"to":[22.0,14.0,6.5],"rotation":{"angle":22.5,"axis":"y","origin":[8.0,1.29925,3.03177]},"faces":{"north":{"uv":[2.0,0.0,11.0,16.0],"texture":"#2","tintindex":0.0},"east":{"uv":[3.625,0.75,3.5,0.875],"texture":"#1","tintindex":0.0},"south":{"uv":[11.0,0.0,2.0,16.0],"texture":"#2","tintindex":0.0},"west":{"uv":[3.625,0.75,3.5,0.875],"texture":"#1","tintindex":0.0},"up":{"uv":[3.375,1.375,3.875,1.5],"rotation":270.0,"texture":"#1","tintindex":0.0},"down":{"uv":[3.375,1.375,3.875,1.5],"rotation":90.0,"texture":"#1","tintindex":0.0}}},{"from":[-6.0,-2.0,6.5],"to":[3.0,14.0,6.5],"rotation":{"angle":-22.5,"axis":"y","origin":[8.0,1.29925,3.03177]},"faces":{"north":{"uv":[11.0,0.0,2.0,16.0],"texture":"#2","tintindex":0.0},"east":{"uv":[3.5,0.75,3.625,0.875],"texture":"#1","tintindex":0.0},"south":{"uv":[2.0,0.0,11.0,16.0],"texture":"#2","tintindex":0.0},"west":{"uv":[3.5,0.75,3.625,0.875],"texture":"#1","tintindex":0.0},"up":{"uv":[3.375,1.5,3.875,1.375],"rotation":270.0,"texture":"#1","tintindex":0.0},"down":{"uv":[3.375,1.5,3.875,1.375],"rotation":90.0,"texture":"#1","tintindex":0.0}}},{"from":[3.61209,3.0,3.57716],"to":[7.61209,7.0,5.57716],"rotation":{"angle":22.5,"axis":"y","origin":[5.61209,5.0,4.57716]},"faces":{"north":{"uv":[2.75,0.75,2.875,0.875],"rotation":90.0,"texture":"#1"},"east":{"uv":[2.75,0.75,2.875,0.875],"rotation":90.0,"texture":"#1"},"south":{"uv":[2.75,0.75,2.875,0.875],"rotation":90.0,"texture":"#1"},"west":{"uv":[2.75,0.75,2.875,0.875],"rotation":90.0,"texture":"#1"},"up":{"uv":[2.75,0.75,2.875,0.875],"rotation":90.0,"texture":"#1"},"down":{"uv":[2.75,0.75,2.875,0.875],"rotation":90.0,"texture":"#1"}}},{"from":[8.38791,3.0,3.57716],"to":[12.38791,7.0,5.57716],"rotation":{"angle":-22.5,"axis":"y","origin":[10.38791,5.0,4.57716]},"faces":{"north":{"uv":[2.75,0.75,2.875,0.875],"rotation":90.0,"texture":"#1"},"east":{"uv":[2.75,0.75,2.875,0.875],"rotation":90.0,"texture":"#1"},"south":{"uv":[2.75,0.75,2.875,0.875],"rotation":90.0,"texture":"#1"},"west":{"uv":[2.75,0.75,2.875,0.875],"rotation":90.0,"texture":"#1"},"up":{"uv":[2.75,0.75,2.875,0.875],"rotation":90.0,"texture":"#1"},"down":{"uv":[2.75,0.75,2.875,0.875],"rotation":90.0,"texture":"#1"}}},{"from":[11.0,-1.70075,4.53177],"to":[13.0,2.29925,8.53177],"rotation":{"angle":22.5,"axis":"y","origin":[8.0,1.29925,3.03177]},"faces":{"north":{"uv":[3.375,0.25,2.875,0.0],"rotation":90.0,"texture":"#1"},"east":{"uv":[3.125,0.0,3.25,0.125],"texture":"#1"},"south":{"uv":[2.875,0.0,3.375,0.25],"rotation":90.0,"texture":"#1"},"west":{"uv":[3.25,0.125,3.375,0.25],"texture":"#1"},"up":{"uv":[3.375,0.0,2.875,0.25],"rotation":90.0,"texture":"#1"},"down":{"uv":[3.375,0.0,2.875,0.25],"rotation":90.0,"texture":"#1"}}},{"from":[13.0,-1.70075,4.53177],"to":[15.0,2.29925,8.53177],"rotation":{"angle":22.5,"axis":"y","origin":[8.0,1.29925,3.03177]},"faces":{"north":{"uv":[1.875,0.25,2.375,0.0],"rotation":90.0,"texture":"#1"},"east":{"uv":[4.375,0.0,3.875,0.5],"texture":"#1"},"south":{"uv":[2.375,0.0,1.875,0.25],"rotation":90.0,"texture":"#1"},"west":{"uv":[0.5,2.25,0.0,2.75],"texture":"#1"},"up":{"uv":[2.375,0.0,1.875,0.25],"rotation":90.0,"texture":"#1"},"down":{"uv":[2.375,0.0,1.875,0.25],"rotation":90.0,"texture":"#1"}}},{"from":[1.0,-1.70075,4.53177],"to":[3.0,2.29925,8.53177],"rotation":{"angle":-22.5,"axis":"y","origin":[8.0,1.29925,3.03177]},"faces":{"north":{"uv":[1.875,0.0,2.375,0.25],"rotation":90.0,"texture":"#1"},"east":{"uv":[0.0,2.25,0.5,2.75],"texture":"#1"},"south":{"uv":[2.375,0.25,1.875,0.0],"rotation":90.0,"texture":"#1"},"west":{"uv":[3.875,0.0,4.375,0.5],"texture":"#1"},"up":{"uv":[2.375,0.25,1.875,0.0],"rotation":90.0,"texture":"#1"},"down":{"uv":[2.375,0.25,1.875,0.0],"rotation":90.0,"texture":"#1"}}},{"from":[1.9,-1.80075,4.43177],"to":[3.1,2.39925,8.63177],"rotation":{"angle":-22.5,"axis":"y","origin":[8.0,1.29925,3.03177]},"faces":{"north":{"uv":[3.375,1.5,3.875,1.375],"rotation":90.0,"texture":"#1","tintindex":0.0},"east":{"uv":[3.5,0.75,3.625,0.875],"texture":"#1","tintindex":0.0},"south":{"uv":[3.375,1.5,3.875,1.375],"rotation":90.0,"texture":"#1","tintindex":0.0},"west":{"uv":[3.5,0.75,3.625,0.875],"texture":"#1","tintindex":0.0},"up":{"uv":[3.375,1.5,3.875,1.375],"rotation":270.0,"texture":"#1","tintindex":0.0},"down":{"uv":[3.375,1.5,3.875,1.375],"rotation":90.0,"texture":"#1","tintindex":0.0}}},{"from":[3.0,-1.70075,4.53177],"to":[5.0,2.29925,8.53177],"rotation":{"angle":-22.5,"axis":"y","origin":[8.0,1.29925,3.03177]},"faces":{"north":{"uv":[3.375,0.0,2.875,0.25],"rotation":90.0,"texture":"#1"},"east":{"uv":[3.375,0.125,3.25,0.25],"texture":"#1"},"south":{"uv":[2.875,0.25,3.375,0.0],"rotation":90.0,"texture":"#1"},"west":{"uv":[3.25,0.0,3.125,0.125],"texture":"#1"},"up":{"uv":[3.375,0.25,2.875,0.0],"rotation":90.0,"texture":"#1"},"down":{"uv":[3.375,0.25,2.875,0.0],"rotation":90.0,"texture":"#1"}}},{"from":[9.0,3.0,2.5],"to":[13.0,7.0,3.5],"rotation":{"angle":-22.5,"axis":"y","origin":[10.5,7.0,3.0]},"faces":{"north":{"uv":[0.0,0.25,0.5,0.75],"texture":"#1"},"east":{"uv":[2.75,0.25,2.875,0.75],"texture":"#1"},"south":{"uv":[0.0,2.25,0.5,2.75],"texture":"#1"},"west":{"uv":[2.75,0.25,2.875,0.75],"texture":"#1"},"up":{"uv":[2.375,0.25,2.875,0.375],"texture":"#1"},"down":{"uv":[2.375,0.25,2.875,0.375],"texture":"#1"}}},{"from":[3.0,3.0,2.5],"to":[7.0,7.0,3.5],"rotation":{"angle":22.5,"axis":"y","origin":[5.5,7.0,3.0]},"faces":{"north":{"uv":[0.0,0.25,0.5,0.75],"texture":"#1"},"east":{"uv":[2.75,0.25,2.875,0.75],"texture":"#1"},"south":{"uv":[0.0,2.25,0.5,2.75],"texture":"#1"},"west":{"uv":[2.75,0.25,2.875,0.75],"texture":"#1"},"up":{"uv":[2.375,0.25,2.875,0.375],"texture":"#1"},"down":{"uv":[2.375,0.25,2.875,0.375],"texture":"#1"}}},{"from":[3.0,3.0,2.5],"to":[7.0,7.0,3.5],"rotation":{"angle":22.5,"axis":"y","origin":[5.5,7.0,3.0]},"faces":{"north":{"uv":[3.375,0.0,3.875,0.5],"texture":"#1","tintindex":0.0},"east":{"uv":[2.5,0.5,2.625,0.625],"texture":"#1"},"south":{"uv":[2.5,0.5,2.625,0.625],"texture":"#1"},"west":{"uv":[2.5,0.5,2.625,0.625],"texture":"#1"},"up":{"uv":[2.5,0.5,2.625,0.625],"texture":"#1"},"down":{"uv":[2.5,0.5,2.625,0.625],"texture":"#1"}}},{"from":[9.0,3.0,2.5],"to":[13.0,7.0,3.5],"rotation":{"angle":-22.5,"axis":"y","origin":[10.5,7.0,3.0]},"faces":{"north":{"uv":[3.875,0.0,3.375,0.5],"texture":"#1","tintindex":0.0},"east":{"uv":[2.625,0.5,2.5,0.625],"texture":"#1"},"south":{"uv":[2.625,0.5,2.5,0.625],"texture":"#1"},"west":{"uv":[2.625,0.5,2.5,0.625],"texture":"#1"},"up":{"uv":[2.625,0.5,2.5,0.625],"texture":"#1"},"down":{"uv":[2.625,0.5,2.5,0.625],"texture":"#1"}}},{"name":"cube inverted","from":[12.5,9.0,8.5],"to":[3.5,0.0,3.5],"rotation":{"angle":0.0,"axis":"x","origin":[7.5,9.5,7.5]},"faces":{"north":{"uv":[3.75,0.625,3.875,0.5],"texture":"#1"},"east":{"uv":[3.125,2.5,2.5,1.375],"texture":"#1"},"south":{"uv":[1.25,1.375,2.375,0.25],"texture":"#1"},"west":{"uv":[2.5,2.5,3.125,1.375],"texture":"#1"},"up":{"uv":[3.375,0.75,4.5,1.375],"texture":"#1"},"down":{"uv":[2.0,1.375,0.875,2.0],"texture":"#1"}}},{"name":"cube inverted","from":[12.5,9.0,12.5],"to":[3.5,0.0,8.5],"rotation":{"angle":0.0,"axis":"x","origin":[7.5,9.5,7.5]},"faces":{"north":{"uv":[4.5,5.0,5.625,3.875],"texture":"#0"},"east":{"uv":[3.875,5.0,3.375,3.875],"texture":"#0"},"south":{"uv":[5.125,3.125,5.25,3.0],"texture":"#0"},"west":{"uv":[3.375,5.0,3.875,3.875],"texture":"#0"},"up":{"uv":[4.75,2.75,5.875,3.25],"texture":"#0"},"down":{"uv":[3.375,4.5,2.25,5.0],"texture":"#0"}}}],"gui_light":"front","display":{"thirdperson_righthand":{"rotation":[55.5,34.0,0.0],"translation":[0.0,1.0,0.75],"scale":[0.52539,0.52539,0.52539]},"thirdperson_lefthand":{"rotation":[55.5,34.0,0.0],"translation":[0.0,1.0,0.75],"scale":[0.52539,0.52539,0.52539]},"firstperson_righthand":{"rotation":[21.0,114.5,-13.75],"translation":[9.5,0.0,-5.75],"scale":[0.41992,0.41992,0.41992]},"firstperson_lefthand":{"rotation":[21.0,114.5,-13.75],"translation":[9.5,0.0,-5.75],"scale":[0.41992,0.41992,0.41992]},"gui":{"rotation":[-149.61,-31.92,-180.0],"translation":[-2.5,3.25,0.0],"scale":[0.71093,0.71093,0.71093]},"head":{"translation":[0.0,5.75,0.0],"scale":[1.63126,1.63126,1.63126]}}}