{"textures":{"0":"mcc:island_cosmetics/accessory/offhand_2","particle":"mcc:island_cosmetics/accessory/offhand_2"},"credit":"Made with Blockbench","ambientocclusion":false,"texture_size":[128.0,128.0],"elements":[{"from":[4.5,4.0,4.5],"to":[11.5,10.0,11.5],"rotation":{"angle":0.0,"axis":"y","origin":[6.5,17.0,8.375]},"faces":{"north":{"uv":[9.875,2.375,10.75,3.125],"texture":"#0","tintindex":0.0},"east":{"uv":[11.125,2.375,12.0,3.125],"texture":"#0","tintindex":0.0},"south":{"uv":[11.625,3.875,10.75,4.625],"texture":"#0","tintindex":0.0},"west":{"uv":[11.5,3.125,12.375,3.875],"texture":"#0","tintindex":0.0},"up":{"uv":[9.875,3.5,10.75,4.375],"texture":"#0","tintindex":0.0},"down":{"uv":[12.5,3.875,11.625,4.75],"texture":"#0","tintindex":0.0}}},{"from":[5.5,10.0,5.5],"to":[10.5,13.0,10.5],"rotation":{"angle":0.0,"axis":"y","origin":[6.5,17.0,8.375]},"faces":{"north":{"uv":[9.875,3.125,10.5,3.5],"texture":"#0","tintindex":0.0},"east":{"uv":[9.875,3.125,10.5,3.5],"texture":"#0","tintindex":0.0},"south":{"uv":[9.875,3.125,10.5,3.5],"texture":"#0","tintindex":0.0},"west":{"uv":[9.875,3.125,10.5,3.5],"texture":"#0","tintindex":0.0},"up":{"uv":[13.125,3.5,12.5,4.125],"texture":"#0"},"down":{"uv":[2.625,3.75,3.375,4.5],"texture":"#missing","tintindex":0.0}}},{"from":[5.3,9.8,5.3],"to":[10.7,13.2,10.7],"rotation":{"angle":0.0,"axis":"y","origin":[6.5,17.0,8.375]},"faces":{"north":{"uv":[10.875,3.5,11.5,3.875],"texture":"#0"},"east":{"uv":[10.875,3.125,11.5,3.5],"texture":"#0"},"south":{"uv":[10.875,3.5,11.5,3.875],"texture":"#0"},"west":{"uv":[10.875,3.5,11.5,3.875],"texture":"#0"},"up":{"uv":[11.0,3.25,10.875,3.375],"texture":"#0"},"down":{"uv":[2.625,3.75,3.375,4.5],"texture":"#missing"}}},{"name":"cube inverted","from":[10.7,13.2,10.7],"to":[5.3,9.8,5.3],"rotation":{"angle":0.0,"axis":"y","origin":[6.5,17.0,8.375]},"faces":{"north":{"uv":[10.875,3.875,11.5,3.5],"texture":"#0"},"east":{"uv":[10.875,3.875,11.5,3.5],"texture":"#0"},"south":{"uv":[10.875,3.875,11.5,3.5],"texture":"#0"},"west":{"uv":[10.875,3.5,11.5,3.125],"texture":"#0"},"up":{"uv":[3.375,3.75,2.625,4.5],"texture":"#missing"},"down":{"uv":[10.875,3.25,11.0,3.375],"texture":"#0"}}}],"gui_light":"front","display":{"thirdperson_righthand":{"rotation":[90.0,0.0,0.0],"translation":[0.0,-2.0,1.0],"scale":[1.00821,1.00821,1.00821]},"thirdperson_lefthand":{"rotation":[-90.0,0.23,-180.0],"translation":[0.0,-2.0,1.0],"scale":[1.00821,1.00821,1.00821]},"firstperson_righthand":{"rotation":[94.85,-72.09,-19.65],"translation":[8.25,-0.5,-5.75],"scale":[0.74219,0.74219,0.74219]},"firstperson_lefthand":{"rotation":[96.36,76.45,13.62],"translation":[8.25,-1.0,-5.75],"scale":[0.74219,0.74219,0.74219]},"ground":{"translation":[0.0,4.25,0.0],"scale":[0.43945,0.43945,0.43945]},"gui":{"rotation":[176.59,37.27,39.74],"translation":[0.0,0.5,0.0],"scale":[1.11681,1.11681,1.11681]},"head":{"rotation":[0.0,3.25,0.0],"translation":[0.0,4.25,0.0],"scale":[1.6,1.6,1.6]}}}