{"textures":{"0":"mcc:island_cosmetics/head/hairstyles","particle":"mcc:island_cosmetics/head/hairstyles"},"credit":"Made with Blockbench","texture_size":[128.0,128.0],"elements":[{"from":[2.0,1.0,5.0],"to":[14.0,11.0,14.0],"rotation":{"angle":0.0,"axis":"y","origin":[15.0,9.0,15.0]},"faces":{"north":{"uv":[3.875,4.0,5.375,5.25],"texture":"#0","tintindex":0.0},"east":{"uv":[5.375,4.0,6.5,5.25],"texture":"#0","tintindex":0.0},"south":{"uv":[3.875,4.0,5.375,5.25],"texture":"#0","tintindex":0.0},"west":{"uv":[6.5,4.0,5.375,5.25],"texture":"#0","tintindex":0.0},"up":{"uv":[5.375,6.375,3.875,5.25],"texture":"#0","tintindex":0.0},"down":{"uv":[6.875,5.25,5.375,6.375],"texture":"#0","tintindex":0.0}}},{"from":[4.0,-1.5,4.0],"to":[12.0,6.5,6.0],"rotation":{"angle":0.0,"axis":"y","origin":[15.0,9.0,15.0]},"faces":{"north":{"uv":[9.25,14.875,10.25,15.875],"texture":"#0","tintindex":0.0},"east":{"uv":[10.25,14.875,10.5,15.875],"texture":"#0","tintindex":0.0},"south":{"uv":[12.75,15.375,12.875,15.5],"texture":"#0","tintindex":0.0},"west":{"uv":[10.5,14.875,10.25,15.875],"texture":"#0","tintindex":0.0},"up":{"uv":[9.25,14.625,10.25,14.875],"texture":"#0","tintindex":0.0},"down":{"uv":[9.625,15.125,9.75,15.25],"texture":"#0","tintindex":0.0}}},{"from":[1.8,0.8,4.8],"to":[14.2,11.2,14.2],"rotation":{"angle":0.0,"axis":"y","origin":[15.0,9.0,15.0]},"faces":{"north":{"uv":[6.375,14.75,7.875,16.0],"texture":"#0","tintindex":0.0},"east":{"uv":[7.875,14.75,9.0,16.0],"texture":"#0","tintindex":0.0},"south":{"uv":[6.375,14.75,7.875,16.0],"texture":"#0","tintindex":0.0},"west":{"uv":[7.875,14.75,9.0,16.0],"texture":"#0","tintindex":0.0},"up":{"uv":[6.375,13.625,7.875,14.75],"texture":"#0","tintindex":0.0},"down":{"uv":[5.25,13.125,5.375,13.25],"texture":"#0","tintindex":0.0}}}],"gui_light":"front","display":{"thirdperson_righthand":{"rotation":[65.75,0.0,0.0],"translation":[0.0,1.5,1.25],"scale":[0.0,0.0,0.0]},"thirdperson_lefthand":{"rotation":[65.75,0.0,0.0],"translation":[0.0,1.5,1.25],"scale":[0.0,0.0,0.0]},"firstperson_righthand":{"scale":[0.0,0.0,0.0]},"firstperson_lefthand":{"scale":[0.0,0.0,0.0]},"ground":{"translation":[0.0,4.25,0.0],"scale":[0.47265,0.47265,0.47265]},"gui":{"rotation":[-149.61,-31.92,-180.0],"translation":[0.75,1.0,0.0],"scale":[0.84374,0.84374,0.84374]},"head":{"translation":[0.0,10.0,0.0],"scale":[1.82031,1.82031,1.82031]}}}