{"textures":{"0":"mcc:island_cosmetics/head/hairstyles","particle":"mcc:island_cosmetics/head/hairstyles"},"credit":"Made with Blockbench","texture_size":[128.0,128.0],"elements":[{"from":[4.0,0.0,4.0],"to":[12.0,7.0,12.0],"rotation":{"angle":0.0,"axis":"y","origin":[15.0,8.0,14.0]},"faces":{"north":{"uv":[13.5,1.875,14.5,2.75],"texture":"#0","tintindex":0.0},"east":{"uv":[14.5,0.875,15.5,1.75],"texture":"#0","tintindex":0.0},"south":{"uv":[13.625,0.875,14.375,1.375],"texture":"#0","tintindex":0.0},"west":{"uv":[15.5,0.875,14.5,1.75],"texture":"#0","tintindex":0.0},"up":{"uv":[12.125,1.0,12.375,1.25],"texture":"#0","tintindex":0.0},"down":{"uv":[12.0,1.875,13.0,2.875],"texture":"#0","tintindex":0.0}}},{"from":[4.0,-8.0,4.5],"to":[12.0,-3.0,4.5],"rotation":{"angle":0.0,"axis":"y","origin":[15.0,10.0,14.5]},"faces":{"north":{"uv":[10.25,3.0,11.25,3.625],"texture":"#0","tintindex":0.0},"east":{"uv":[10.25,3.0,10.25,3.625],"texture":"#0","tintindex":0.0},"south":{"uv":[11.25,3.0,10.25,3.625],"texture":"#0","tintindex":0.0},"west":{"uv":[11.25,3.0,11.25,3.625],"texture":"#0","tintindex":0.0},"up":{"uv":[11.25,3.0,10.25,3.0],"texture":"#0","tintindex":0.0},"down":{"uv":[12.25,3.0,11.25,3.0],"texture":"#0","tintindex":0.0}}},{"from":[4.0,-4.0,4.0],"to":[12.0,0.0,6.0],"rotation":{"angle":0.0,"axis":"y","origin":[15.0,7.0,15.0]},"faces":{"north":{"uv":[8.25,2.5,9.25,3.0],"texture":"#0","tintindex":0.0},"east":{"uv":[8.0,2.5,8.25,3.0],"texture":"#0","tintindex":0.0},"south":{"uv":[8.25,2.5,9.25,3.0],"texture":"#0","tintindex":0.0},"west":{"uv":[9.25,2.5,9.5,3.0],"texture":"#0","tintindex":0.0},"up":{"uv":[8.25,2.5,9.25,2.625],"texture":"#0","tintindex":0.0},"down":{"uv":[10.25,2.25,9.25,2.5],"texture":"#0","tintindex":0.0}}},{"name":"cube inverted","from":[12.0,7.0,12.0],"to":[4.0,0.0,4.0],"rotation":{"angle":0.0,"axis":"y","origin":[-15.0,-8.0,-14.0]},"faces":{"north":{"uv":[13.625,1.375,14.375,0.875],"texture":"#0","tintindex":0.0},"east":{"uv":[15.5,1.75,14.5,0.875],"texture":"#0","tintindex":0.0},"south":{"uv":[13.5,2.75,14.5,1.875],"texture":"#0","tintindex":0.0},"west":{"uv":[14.5,1.75,15.5,0.875],"texture":"#0","tintindex":0.0},"up":{"uv":[13.0,1.875,12.0,2.875],"texture":"#0","tintindex":0.0},"down":{"uv":[12.375,1.0,12.125,1.25],"texture":"#0","tintindex":0.0}}}],"gui_light":"front","display":{"thirdperson_righthand":{"rotation":[65.75,0.0,0.0],"translation":[0.0,1.5,1.25],"scale":[0.0,0.0,0.0]},"thirdperson_lefthand":{"rotation":[65.75,0.0,0.0],"translation":[0.0,1.5,1.25],"scale":[0.0,0.0,0.0]},"firstperson_righthand":{"scale":[0.0,0.0,0.0]},"firstperson_lefthand":{"scale":[0.0,0.0,0.0]},"ground":{"translation":[0.0,4.25,0.0],"scale":[0.47265,0.47265,0.47265]},"gui":{"rotation":[-149.61,-31.92,-180.0],"translation":[0.0,5.75,0.0],"scale":[0.7871,0.7871,0.7871]},"head":{"translation":[0.0,8.25,0.0],"scale":[1.82031,1.82031,1.82031]}}}