{"textures":{"0":"mcc:island_cosmetics/head/hairstyles","particle":"mcc:island_cosmetics/head/hairstyles"},"credit":"Made with Blockbench","texture_size":[128.0,128.0],"elements":[{"from":[4.0,-1.0,4.0],"to":[12.0,7.0,12.0],"rotation":{"angle":0.0,"axis":"y","origin":[15.0,8.0,14.0]},"faces":{"north":{"uv":[5.375,6.375,6.375,7.375],"texture":"#0","tintindex":0.0},"east":{"uv":[4.375,6.375,5.375,7.375],"texture":"#0","tintindex":0.0},"south":{"uv":[8.875,6.625,9.875,7.625],"texture":"#0","tintindex":0.0},"west":{"uv":[5.375,6.375,4.375,7.375],"texture":"#0","tintindex":0.0},"up":{"uv":[1.875,3.0,0.875,2.0],"texture":"#0","tintindex":0.0},"down":{"uv":[3.625,1.5,3.5,1.625],"texture":"#0","tintindex":0.0}}},{"from":[4.0,-0.75,11.25],"to":[12.0,-0.75,13.25],"rotation":{"angle":45.0,"axis":"x","origin":[8.0,-0.75,12.75]},"faces":{"north":{"uv":[5.375,6.375,6.375,7.375],"texture":"#0","tintindex":0.0},"east":{"uv":[4.375,6.375,5.375,7.375],"texture":"#0","tintindex":0.0},"south":{"uv":[8.875,6.625,9.875,7.625],"texture":"#0","tintindex":0.0},"west":{"uv":[5.375,6.375,4.375,7.375],"texture":"#0","tintindex":0.0},"up":{"uv":[9.875,7.625,8.875,7.875],"texture":"#0","tintindex":0.0},"down":{"uv":[9.875,7.875,8.875,7.625],"texture":"#0","tintindex":0.0}}},{"from":[1.0,-1.0,6.0],"to":[15.0,13.0,6.0],"rotation":{"angle":22.5,"axis":"y","origin":[8.0,6.0,6.0]},"faces":{"north":{"uv":[0.0,7.5,1.75,9.25],"texture":"#0","tintindex":0.0},"east":{"uv":[0.0,1.0,1.0,2.0],"texture":"#0","tintindex":0.0},"south":{"uv":[1.75,7.5,0.0,9.25],"texture":"#0","tintindex":0.0},"west":{"uv":[1.0,1.0,0.0,2.0],"texture":"#0","tintindex":0.0},"up":{"uv":[1.875,3.0,0.875,2.0],"texture":"#0","tintindex":0.0},"down":{"uv":[3.625,1.5,3.5,1.625],"texture":"#0","tintindex":0.0}}},{"from":[1.0,7.0,9.0],"to":[15.0,13.0,9.0],"rotation":{"angle":-22.5,"axis":"y","origin":[8.0,6.0,9.0]},"faces":{"north":{"uv":[0.0,11.0,1.75,11.75],"texture":"#0","tintindex":0.0},"east":{"uv":[0.0,1.0,1.0,2.0],"texture":"#0","tintindex":0.0},"south":{"uv":[1.75,11.0,0.0,11.75],"texture":"#0","tintindex":0.0},"west":{"uv":[1.0,1.0,0.0,2.0],"texture":"#0","tintindex":0.0},"up":{"uv":[1.875,3.0,0.875,2.0],"texture":"#0","tintindex":0.0},"down":{"uv":[3.625,1.5,3.5,1.625],"texture":"#0","tintindex":0.0}}},{"from":[-1.0,-1.0,8.0],"to":[8.0,13.0,8.0],"rotation":{"angle":22.5,"axis":"y","origin":[8.0,6.0,8.0]},"faces":{"north":{"uv":[0.0,9.25,1.125,11.0],"texture":"#0","tintindex":0.0},"east":{"uv":[0.0,1.0,1.0,2.0],"texture":"#0","tintindex":0.0},"south":{"uv":[1.125,9.25,0.0,11.0],"texture":"#0","tintindex":0.0},"west":{"uv":[1.0,1.0,0.0,2.0],"texture":"#0","tintindex":0.0},"up":{"uv":[1.875,3.0,0.875,2.0],"texture":"#0","tintindex":0.0},"down":{"uv":[3.625,1.5,3.5,1.625],"texture":"#0","tintindex":0.0}}},{"from":[8.0,-1.0,8.0],"to":[17.0,13.0,8.0],"rotation":{"angle":-22.5,"axis":"y","origin":[8.0,6.0,8.0]},"faces":{"north":{"uv":[1.125,9.25,0.0,11.0],"texture":"#0","tintindex":0.0},"east":{"uv":[0.0,1.0,1.0,2.0],"texture":"#0","tintindex":0.0},"south":{"uv":[0.0,9.25,1.125,11.0],"texture":"#0","tintindex":0.0},"west":{"uv":[1.0,1.0,0.0,2.0],"texture":"#0","tintindex":0.0},"up":{"uv":[0.875,3.0,1.875,2.0],"texture":"#0","tintindex":0.0},"down":{"uv":[3.5,1.5,3.625,1.625],"texture":"#0","tintindex":0.0}}},{"name":"cube inverted","from":[12.0,7.0,12.0],"to":[4.0,-1.0,4.0],"rotation":{"angle":0.0,"axis":"y","origin":[-15.0,-8.0,-14.0]},"faces":{"north":{"uv":[8.875,7.625,9.875,6.625],"texture":"#0","tintindex":0.0},"east":{"uv":[5.375,7.375,4.375,6.375],"texture":"#0","tintindex":0.0},"south":{"uv":[5.375,7.375,6.375,6.375],"texture":"#0","tintindex":0.0},"west":{"uv":[4.375,7.375,5.375,6.375],"texture":"#0","tintindex":0.0},"up":{"uv":[3.5,1.5,3.625,1.625],"texture":"#0","tintindex":0.0},"down":{"uv":[0.875,3.0,1.875,2.0],"texture":"#0","tintindex":0.0}}}],"gui_light":"front","display":{"thirdperson_righthand":{"rotation":[65.75,0.0,0.0],"translation":[0.0,1.5,1.25],"scale":[0.0,0.0,0.0]},"thirdperson_lefthand":{"rotation":[65.75,0.0,0.0],"translation":[0.0,1.5,1.25],"scale":[0.0,0.0,0.0]},"firstperson_righthand":{"scale":[0.0,0.0,0.0]},"firstperson_lefthand":{"scale":[0.0,0.0,0.0]},"ground":{"translation":[0.0,4.25,0.0],"scale":[0.47265,0.47265,0.47265]},"gui":{"rotation":[-159.36,-31.92,-180.0],"translation":[1.5,2.75,0.0],"scale":[0.99609,0.99609,0.99609]},"head":{"translation":[0.0,9.25,0.0],"scale":[1.82031,1.82031,1.82031]}}}