{"textures":{"0":"mcc:island_cosmetics/head/hairstyles","particle":"mcc:island_cosmetics/head/hairstyles"},"credit":"Made with Blockbench","texture_size":[128.0,128.0],"elements":[{"from":[4.0,-11.0,4.0],"to":[12.0,7.0,12.0],"rotation":{"angle":0.0,"axis":"y","origin":[15.0,8.0,14.0]},"faces":{"north":{"uv":[0.0,11.75,1.0,14.0],"texture":"#0","tintindex":0.0},"east":{"uv":[2.0,11.75,3.0,14.0],"texture":"#0","tintindex":0.0},"south":{"uv":[3.0,11.75,4.0,14.0],"texture":"#0","cullface":"north","tintindex":0.0},"west":{"uv":[3.0,11.75,2.0,14.0],"texture":"#0","tintindex":0.0},"up":{"uv":[1.0,15.0,0.0,14.0],"texture":"#0","tintindex":0.0},"down":{"uv":[0.625,8.5,0.75,8.625],"texture":"#0","cullface":"south","tintindex":0.0}}},{"from":[4.0,3.0,3.0],"to":[12.0,7.0,4.0],"rotation":{"angle":0.0,"axis":"y","origin":[15.0,8.0,14.0]},"faces":{"north":{"uv":[1.0,11.75,2.0,12.25],"texture":"#0","tintindex":0.0},"east":{"uv":[1.0,11.75,1.125,12.25],"texture":"#0","tintindex":0.0},"south":{"uv":[3.375,2.25,3.5,2.375],"texture":"#0","tintindex":0.0},"west":{"uv":[1.0,11.75,1.125,12.25],"texture":"#0","tintindex":0.0},"up":{"uv":[2.0,11.75,1.0,11.875],"texture":"#0","tintindex":0.0},"down":{"uv":[2.0,11.375,1.0,11.5],"texture":"#0","tintindex":0.0}}},{"name":"cube inverted","from":[12.0,7.0,12.0],"to":[4.0,-11.0,4.0],"rotation":{"angle":0.0,"axis":"y","origin":[-15.0,-8.0,-14.0]},"faces":{"north":{"uv":[3.0,14.0,4.0,11.75],"texture":"#0","cullface":"north","tintindex":0.0},"east":{"uv":[3.0,14.0,2.0,11.75],"texture":"#0","tintindex":0.0},"south":{"uv":[0.0,14.0,1.0,11.75],"texture":"#0","tintindex":0.0},"west":{"uv":[2.0,14.0,3.0,11.75],"texture":"#0","tintindex":0.0},"up":{"uv":[0.75,8.5,0.625,8.625],"texture":"#0","cullface":"south","tintindex":0.0},"down":{"uv":[0.0,15.0,1.0,14.0],"texture":"#0","tintindex":0.0}}}],"gui_light":"front","display":{"thirdperson_righthand":{"rotation":[65.75,0.0,0.0],"translation":[0.0,1.5,1.25],"scale":[0.0,0.0,0.0]},"thirdperson_lefthand":{"rotation":[65.75,0.0,0.0],"translation":[0.0,1.5,1.25],"scale":[0.0,0.0,0.0]},"firstperson_righthand":{"scale":[0.0,0.0,0.0]},"firstperson_lefthand":{"scale":[0.0,0.0,0.0]},"ground":{"translation":[0.0,4.25,0.0],"scale":[0.47265,0.47265,0.47265]},"gui":{"rotation":[-149.61,-31.92,-180.0],"translation":[0.0,6.25,0.0],"scale":[0.73632,0.73632,0.73632]},"head":{"translation":[0.0,9.6,1.5],"scale":[1.82031,1.82031,1.82031]}}}