{"textures":{"0":"mcc:island_cosmetics/head/hairstyles","particle":"mcc:island_cosmetics/head/hairstyles"},"credit":"Made with Blockbench","texture_size":[128.0,128.0],"elements":[{"from":[3.99,-4.01,2.99],"to":[12.01,0.01,5.01],"rotation":{"angle":0.0,"axis":"y","origin":[15.0,7.0,14.0]},"faces":{"north":{"uv":[8.25,2.5,9.25,3.0],"texture":"#0","tintindex":0.0},"east":{"uv":[8.0,2.5,8.25,3.0],"texture":"#0","tintindex":0.0},"south":{"uv":[8.25,2.5,9.25,3.0],"texture":"#0","tintindex":0.0},"west":{"uv":[9.25,2.5,9.5,3.0],"texture":"#0","tintindex":0.0},"up":{"uv":[8.25,2.5,9.25,2.625],"texture":"#0","tintindex":0.0},"down":{"uv":[10.25,2.25,9.25,2.5],"texture":"#0","tintindex":0.0}}},{"from":[4.0,-1.0,4.0],"to":[12.0,7.0,12.0],"rotation":{"angle":0.0,"axis":"y","origin":[15.0,8.0,14.0]},"faces":{"north":{"uv":[14.25,9.5,15.25,10.5],"texture":"#0","tintindex":0.0},"east":{"uv":[10.25,7.5,11.25,8.5],"texture":"#0","tintindex":0.0},"south":{"uv":[8.0,1.0,7.0,2.0],"texture":"#0","tintindex":0.0},"west":{"uv":[11.25,7.5,10.25,8.5],"texture":"#0","tintindex":0.0},"up":{"uv":[1.875,3.0,0.875,2.0],"texture":"#0","tintindex":0.0},"down":{"uv":[3.625,1.5,3.5,1.625],"texture":"#0","tintindex":0.0}}},{"from":[6.0,-11.0,4.0],"to":[10.0,-4.0,4.0],"rotation":{"angle":0.0,"axis":"y","origin":[15.0,11.0,14.0]},"faces":{"north":{"uv":[14.875,3.375,15.375,4.25],"texture":"#0","tintindex":0.0},"east":{"uv":[10.25,3.0,10.25,3.625],"texture":"#0","tintindex":0.0},"south":{"uv":[14.875,3.375,15.375,4.25],"texture":"#0","tintindex":0.0},"west":{"uv":[11.25,3.0,11.25,3.625],"texture":"#0","tintindex":0.0},"up":{"uv":[11.25,3.0,10.25,3.0],"texture":"#0","tintindex":0.0},"down":{"uv":[12.25,3.0,11.25,3.0],"texture":"#0","tintindex":0.0}}},{"from":[11.15,-7.85,3.4],"to":[13.35,-6.65,4.1],"rotation":{"angle":0.0,"axis":"y","origin":[19.25,12.25,13.75]},"faces":{"north":{"uv":[14.625,3.625,14.875,3.75],"texture":"#0","tintindex":0.0},"east":{"uv":[14.625,3.625,14.75,3.75],"texture":"#0","tintindex":0.0},"south":{"uv":[14.625,3.625,14.875,3.75],"texture":"#0","tintindex":0.0},"west":{"uv":[14.625,3.625,14.75,3.75],"texture":"#0","tintindex":0.0},"up":{"uv":[14.625,3.625,14.75,3.75],"texture":"#0","tintindex":0.0},"down":{"uv":[14.625,3.625,14.75,3.75],"texture":"#0","tintindex":0.0}}},{"from":[2.65,-7.85,3.4],"to":[4.85,-6.65,4.1],"rotation":{"angle":0.0,"axis":"y","origin":[-3.25,12.25,13.75]},"faces":{"north":{"uv":[14.875,3.625,14.625,3.75],"texture":"#0","tintindex":0.0},"east":{"uv":[14.75,3.625,14.625,3.75],"texture":"#0","tintindex":0.0},"south":{"uv":[14.875,3.625,14.625,3.75],"texture":"#0","tintindex":0.0},"west":{"uv":[14.75,3.625,14.625,3.75],"texture":"#0","tintindex":0.0},"up":{"uv":[14.75,3.625,14.625,3.75],"texture":"#0","tintindex":0.0},"down":{"uv":[14.75,3.625,14.625,3.75],"texture":"#0","tintindex":0.0}}},{"from":[7.0,-9.0,3.75],"to":[9.0,-8.0,4.25],"rotation":{"angle":0.0,"axis":"y","origin":[15.0,11.0,14.0]},"faces":{"north":{"uv":[14.625,3.625,14.875,3.75],"texture":"#0","tintindex":0.0},"east":{"uv":[14.625,3.625,14.75,3.75],"texture":"#0","tintindex":0.0},"south":{"uv":[14.625,3.625,14.875,3.75],"texture":"#0","tintindex":0.0},"west":{"uv":[14.625,3.625,14.75,3.75],"texture":"#0","tintindex":0.0},"up":{"uv":[14.625,3.625,14.75,3.75],"texture":"#0","tintindex":0.0},"down":{"uv":[14.625,3.625,14.75,3.75],"texture":"#0","tintindex":0.0}}},{"from":[11.25,-4.5,2.5],"to":[13.25,-1.5,10.5],"rotation":{"angle":-45.0,"axis":"x","origin":[12.25,-3.0,6.5]},"faces":{"north":{"uv":[0.875,3.0,0.625,3.375],"rotation":180.0,"texture":"#0","tintindex":0.0},"east":{"uv":[0.0,3.375,0.375,4.375],"rotation":270.0,"texture":"#0","tintindex":0.0},"south":{"uv":[0.625,3.375,0.375,3.0],"texture":"#0","tintindex":0.0},"west":{"uv":[0.625,3.375,1.0,4.375],"rotation":90.0,"texture":"#0","tintindex":0.0},"up":{"uv":[0.375,3.375,0.625,4.375],"rotation":180.0,"texture":"#0","tintindex":0.0},"down":{"uv":[1.0,3.375,1.25,4.375],"texture":"#0","tintindex":0.0}}},{"from":[2.75,-4.5,2.5],"to":[4.75,-1.5,10.5],"rotation":{"angle":-45.0,"axis":"x","origin":[3.75,-3.0,6.5]},"faces":{"north":{"uv":[0.625,3.0,0.875,3.375],"rotation":180.0,"texture":"#0","tintindex":0.0},"east":{"uv":[0.625,4.375,1.0,3.375],"rotation":90.0,"texture":"#0","tintindex":0.0},"south":{"uv":[0.375,3.375,0.625,3.0],"texture":"#0","tintindex":0.0},"west":{"uv":[0.0,4.375,0.375,3.375],"rotation":270.0,"texture":"#0","tintindex":0.0},"up":{"uv":[0.625,3.375,0.375,4.375],"rotation":180.0,"texture":"#0","tintindex":0.0},"down":{"uv":[1.25,3.375,1.0,4.375],"texture":"#0","tintindex":0.0}}},{"from":[10.25,-10.67284,3.61209],"to":[14.25,-5.67284,3.61209],"rotation":{"angle":0.0,"axis":"y","origin":[12.25,-8.17284,3.61209]},"faces":{"north":{"uv":[14.875,3.75,15.375,4.375],"texture":"#0","tintindex":0.0},"east":{"uv":[1.25,3.0,1.25,3.625],"texture":"#0","tintindex":0.0},"south":{"uv":[14.875,3.75,15.375,4.375],"texture":"#0","tintindex":0.0},"west":{"uv":[1.75,3.0,1.75,3.625],"texture":"#0","tintindex":0.0},"up":{"uv":[1.75,3.0,1.25,3.0],"texture":"#0","tintindex":0.0},"down":{"uv":[2.25,3.0,1.75,3.0],"texture":"#0","tintindex":0.0}}},{"from":[1.75,-10.67284,3.61209],"to":[5.75,-5.67284,3.61209],"rotation":{"angle":0.0,"axis":"y","origin":[3.75,-8.17284,3.61209]},"faces":{"north":{"uv":[15.375,3.75,14.875,4.375],"texture":"#0","tintindex":0.0},"east":{"uv":[1.75,3.0,1.75,3.625],"texture":"#0","tintindex":0.0},"south":{"uv":[15.375,3.75,14.875,4.375],"texture":"#0","tintindex":0.0},"west":{"uv":[1.25,3.0,1.25,3.625],"texture":"#0","tintindex":0.0},"up":{"uv":[1.25,3.0,1.75,3.0],"texture":"#0","tintindex":0.0},"down":{"uv":[1.75,3.0,2.25,3.0],"texture":"#0","tintindex":0.0}}},{"from":[4.0,-8.0,4.0],"to":[12.0,-1.0,12.0],"rotation":{"angle":0.0,"axis":"y","origin":[15.0,8.0,14.0]},"faces":{"north":{"uv":[12.375,2.75,12.625,2.875],"texture":"#0","tintindex":0.0},"east":{"uv":[13.0,0.0,14.0,0.875],"texture":"#0","tintindex":0.0},"south":{"uv":[14.0,0.0,15.0,0.875],"texture":"#0","tintindex":0.0},"west":{"uv":[14.0,0.0,13.0,0.875],"texture":"#0","tintindex":0.0},"up":{"uv":[8.75,0.875,8.375,0.5],"texture":"#0","tintindex":0.0},"down":{"uv":[9.75,0.625,9.5,0.875],"texture":"#0","tintindex":0.0}}},{"name":"cube inverted","from":[12.0,-1.0,12.0],"to":[4.0,-8.0,4.0],"rotation":{"angle":0.0,"axis":"y","origin":[-15.0,-8.0,-14.0]},"faces":{"north":{"uv":[14.0,0.875,15.0,0.0],"texture":"#0","tintindex":0.0},"east":{"uv":[14.0,0.875,13.0,0.0],"texture":"#0","tintindex":0.0},"south":{"uv":[12.375,2.875,12.625,2.75],"texture":"#0","tintindex":0.0},"west":{"uv":[13.0,0.875,14.0,0.0],"texture":"#0","tintindex":0.0},"up":{"uv":[9.5,0.625,9.75,0.875],"texture":"#0","tintindex":0.0},"down":{"uv":[8.375,0.875,8.75,0.5],"texture":"#0","tintindex":0.0}}},{"name":"cube inverted","from":[12.0,7.0,12.0],"to":[4.0,-1.0,4.0],"rotation":{"angle":0.0,"axis":"y","origin":[-15.0,-8.0,-14.0]},"faces":{"north":{"uv":[8.0,2.0,7.0,1.0],"texture":"#0","tintindex":0.0},"east":{"uv":[11.25,8.5,10.25,7.5],"texture":"#0","tintindex":0.0},"south":{"uv":[14.25,10.5,15.25,9.5],"texture":"#0","tintindex":0.0},"west":{"uv":[10.25,8.5,11.25,7.5],"texture":"#0","tintindex":0.0},"up":{"uv":[3.5,1.5,3.625,1.625],"texture":"#0","tintindex":0.0},"down":{"uv":[0.875,3.0,1.875,2.0],"texture":"#0","tintindex":0.0}}}],"gui_light":"front","display":{"thirdperson_righthand":{"rotation":[65.75,0.0,0.0],"translation":[0.0,1.5,1.25],"scale":[0.0,0.0,0.0]},"thirdperson_lefthand":{"rotation":[65.75,0.0,0.0],"translation":[0.0,1.5,1.25],"scale":[0.0,0.0,0.0]},"firstperson_righthand":{"scale":[0.0,0.0,0.0]},"firstperson_lefthand":{"scale":[0.0,0.0,0.0]},"ground":{"translation":[0.0,4.25,0.0],"scale":[0.47265,0.47265,0.47265]},"gui":{"rotation":[-149.61,-31.92,-180.0],"translation":[-0.25,6.25,0.0],"scale":[0.73632,0.73632,0.73632]},"head":{"translation":[0.0,9.25,0.0],"scale":[1.82031,1.82031,1.82031]}}}