{"textures":{"0":"mcc:island_cosmetics/head/hairstyles","particle":"mcc:island_cosmetics/head/hairstyles"},"credit":"Made with Blockbench","texture_size":[128.0,128.0],"elements":[{"from":[4.0,-1.0,4.0],"to":[12.0,7.0,12.0],"rotation":{"angle":0.0,"axis":"y","origin":[15.0,8.0,14.0]},"faces":{"north":{"uv":[9.875,9.75,10.875,10.75],"texture":"#0","tintindex":0.0},"east":{"uv":[14.0,13.125,15.0,14.125],"texture":"#0","tintindex":0.0},"south":{"uv":[14.0,12.125,15.0,13.125],"texture":"#0","tintindex":0.0},"west":{"uv":[15.0,13.125,14.0,14.125],"texture":"#0","tintindex":0.0},"up":{"uv":[1.875,3.0,0.875,2.0],"texture":"#0","tintindex":0.0},"down":{"uv":[3.625,1.5,3.5,1.625],"texture":"#0","tintindex":0.0}}},{"from":[4.01,5.17478,5.23625],"to":[11.99,14.15478,13.21625],"rotation":{"angle":22.5,"axis":"x","origin":[8.0,9.16478,9.22625]},"faces":{"north":{"uv":[14.0,14.875,15.0,16.0],"texture":"#0","tintindex":0.0},"east":{"uv":[14.0,14.875,15.0,16.0],"texture":"#0","tintindex":0.0},"south":{"uv":[14.0,14.875,15.0,16.0],"texture":"#0","tintindex":0.0},"west":{"uv":[14.0,14.875,15.0,16.0],"texture":"#0","tintindex":0.0},"up":{"uv":[5.125,5.125,4.125,4.125],"texture":"#0","tintindex":0.0},"down":{"uv":[3.625,1.5,3.5,1.625],"texture":"#0","tintindex":0.0}}},{"from":[3.81,4.97478,5.03625],"to":[12.19,14.35478,13.41625],"rotation":{"angle":22.5,"axis":"x","origin":[8.0,9.16478,9.22625]},"faces":{"north":{"uv":[9.25,13.125,10.25,14.25],"texture":"#0","tintindex":0.0},"east":{"uv":[10.25,13.125,9.25,14.25],"texture":"#0","tintindex":0.0},"south":{"uv":[9.25,13.125,10.25,14.25],"texture":"#0","tintindex":0.0},"west":{"uv":[10.25,13.125,9.25,14.25],"texture":"#0","tintindex":0.0},"up":{"uv":[9.75,13.875,9.875,14.0],"texture":"#0","tintindex":0.0},"down":{"uv":[9.75,13.875,9.875,14.0],"texture":"#0","tintindex":0.0}}},{"from":[3.81,12.97478,3.53625],"to":[12.19,18.35478,11.91625],"rotation":{"angle":45.0,"axis":"x","origin":[8.0,9.16478,9.22625]},"faces":{"north":{"uv":[9.25,13.125,10.2475,13.7475],"texture":"#0","tintindex":0.0},"east":{"uv":[10.2475,13.125,9.25,13.7475],"texture":"#0","tintindex":0.0},"south":{"uv":[9.25,13.125,10.2475,13.7475],"texture":"#0","tintindex":0.0},"west":{"uv":[10.2475,13.125,9.25,13.7475],"texture":"#0","tintindex":0.0},"up":{"uv":[9.25,12.0,10.25,13.0],"texture":"#0","tintindex":0.0},"down":{"uv":[9.75,13.875,9.875,14.0],"texture":"#0","tintindex":0.0}}},{"from":[4.02,11.33492,9.12101],"to":[11.98,17.29492,17.08101],"rotation":{"angle":45.0,"axis":"x","origin":[8.0,15.31492,13.10101]},"faces":{"north":{"uv":[14.0,14.875,15.0,15.625],"texture":"#0","tintindex":0.0},"east":{"uv":[14.0,14.875,15.0,15.625],"texture":"#0","tintindex":0.0},"south":{"uv":[14.0,14.875,15.0,15.625],"texture":"#0","tintindex":0.0},"west":{"uv":[14.0,14.875,15.0,15.625],"texture":"#0","tintindex":0.0},"up":{"uv":[14.0,15.0,15.0,16.0],"texture":"#0","tintindex":0.0},"down":{"uv":[3.625,1.5,3.5,1.625],"texture":"#0","tintindex":0.0}}},{"name":"cube inverted","from":[12.0,7.0,12.0],"to":[4.0,-1.0,4.0],"rotation":{"angle":0.0,"axis":"y","origin":[-15.0,-8.0,-14.0]},"faces":{"north":{"uv":[14.0,13.125,15.0,12.125],"texture":"#0","tintindex":0.0},"east":{"uv":[15.0,14.125,14.0,13.125],"texture":"#0","tintindex":0.0},"south":{"uv":[9.875,10.75,10.875,9.75],"texture":"#0","tintindex":0.0},"west":{"uv":[14.0,14.125,15.0,13.125],"texture":"#0","tintindex":0.0},"up":{"uv":[3.5,1.5,3.625,1.625],"texture":"#0","tintindex":0.0},"down":{"uv":[0.875,3.0,1.875,2.0],"texture":"#0","tintindex":0.0}}}],"gui_light":"front","display":{"thirdperson_righthand":{"rotation":[65.75,0.0,0.0],"translation":[0.0,1.5,1.25],"scale":[0.0,0.0,0.0]},"thirdperson_lefthand":{"rotation":[65.75,0.0,0.0],"translation":[0.0,1.5,1.25],"scale":[0.0,0.0,0.0]},"firstperson_righthand":{"scale":[0.0,0.0,0.0]},"firstperson_lefthand":{"scale":[0.0,0.0,0.0]},"ground":{"translation":[0.0,4.25,0.0],"scale":[0.47265,0.47265,0.47265]},"gui":{"rotation":[-149.61,-31.92,-180.0],"translation":[0.75,-2.0,0.0],"scale":[0.77538,0.77538,0.77538]},"head":{"translation":[0.0,9.0,0.0],"scale":[1.82031,1.82031,1.82031]}}}