{"textures":{"0":"mcc:island_cosmetics/head/hairstyles","particle":"mcc:island_cosmetics/head/hairstyles"},"credit":"Made with Blockbench","texture_size":[128.0,128.0],"elements":[{"from":[4.0,-1.0,4.0],"to":[12.0,7.0,12.0],"rotation":{"angle":0.0,"axis":"y","origin":[15.0,8.0,14.0]},"faces":{"north":{"uv":[5.875,9.25,6.875,10.25],"texture":"#0","tintindex":0.0},"east":{"uv":[15.0,13.25,16.0,14.25],"texture":"#0","tintindex":0.0},"south":{"uv":[15.0,14.125,16.0,15.125],"texture":"#0","tintindex":0.0},"west":{"uv":[16.0,13.25,15.0,14.25],"texture":"#0","tintindex":0.0},"up":{"uv":[7.875,6.625,8.875,7.625],"texture":"#0","tintindex":0.0},"down":{"uv":[3.625,1.5,3.5,1.625],"texture":"#0","tintindex":0.0}}},{"from":[11.5631,3.1038,3.99],"to":[12.5831,7.1238,12.01],"rotation":{"angle":22.5,"axis":"z","origin":[12.5731,5.6138,8.0]},"faces":{"north":{"uv":[6.75,8.75,6.875,9.25],"texture":"#0","tintindex":0.0},"east":{"uv":[5.875,8.75,6.875,9.25],"texture":"#0","tintindex":0.0},"south":{"uv":[5.875,8.75,6.0,9.25],"texture":"#0","tintindex":0.0},"west":{"uv":[6.875,8.75,5.875,9.25],"texture":"#0","tintindex":0.0},"up":{"uv":[6.875,8.75,5.875,8.875],"rotation":90.0,"texture":"#0","tintindex":0.0},"down":{"uv":[5.875,9.125,6.875,9.25],"rotation":90.0,"texture":"#0","tintindex":0.0}}},{"from":[3.4169,3.1038,3.99],"to":[4.4369,7.1238,12.01],"rotation":{"angle":-22.5,"axis":"z","origin":[3.4269,5.6138,8.0]},"faces":{"north":{"uv":[6.875,8.75,6.75,9.25],"texture":"#0","tintindex":0.0},"east":{"uv":[5.875,8.75,6.875,9.25],"texture":"#0","tintindex":0.0},"south":{"uv":[6.0,8.75,5.875,9.25],"texture":"#0","tintindex":0.0},"west":{"uv":[6.875,8.75,5.875,9.25],"texture":"#0","tintindex":0.0},"up":{"uv":[6.875,8.875,5.875,8.75],"rotation":90.0,"texture":"#0","tintindex":0.0},"down":{"uv":[5.875,9.25,6.875,9.125],"rotation":90.0,"texture":"#0","tintindex":0.0}}},{"from":[4.0,3.09112,11.55861],"to":[12.02,7.11112,12.57861],"rotation":{"angle":-22.5,"axis":"x","origin":[8.01,5.60112,12.56861]},"faces":{"north":{"uv":[6.875,8.75,5.875,9.25],"texture":"#0","tintindex":0.0},"east":{"uv":[6.75,8.75,6.875,9.25],"texture":"#0","tintindex":0.0},"south":{"uv":[6.875,8.75,5.875,9.25],"texture":"#0","tintindex":0.0},"west":{"uv":[5.875,8.75,6.0,9.25],"texture":"#0","tintindex":0.0},"up":{"uv":[6.875,8.75,5.875,8.875],"rotation":180.0,"texture":"#0","tintindex":0.0},"down":{"uv":[6.875,9.125,5.875,9.25],"texture":"#0","tintindex":0.0}}},{"from":[4.0,4.11456,3.42505],"to":[12.0,7.11456,3.42505],"rotation":{"angle":22.5,"axis":"x","origin":[8.0,5.61456,3.42505]},"faces":{"north":{"uv":[5.875,8.875,6.875,9.25],"texture":"#0","tintindex":0.0},"east":{"uv":[0.0,1.0,1.0,2.0],"texture":"#0","tintindex":0.0},"south":{"uv":[6.875,8.875,5.875,9.25],"texture":"#0","tintindex":0.0},"west":{"uv":[1.0,1.0,0.0,2.0],"texture":"#0","tintindex":0.0},"up":{"uv":[1.875,3.0,0.875,2.0],"texture":"#0","tintindex":0.0},"down":{"uv":[3.625,1.5,3.5,1.625],"texture":"#0","tintindex":0.0}}},{"name":"cube inverted","from":[12.0,7.0,12.0],"to":[4.0,-1.0,4.0],"rotation":{"angle":0.0,"axis":"y","origin":[-15.0,-8.0,-14.0]},"faces":{"north":{"uv":[15.0,15.125,16.0,14.125],"texture":"#0","tintindex":0.0},"east":{"uv":[16.0,14.25,15.0,13.25],"texture":"#0","tintindex":0.0},"south":{"uv":[5.875,10.25,6.875,9.25],"texture":"#0","tintindex":0.0},"west":{"uv":[15.0,14.25,16.0,13.25],"texture":"#0","tintindex":0.0},"up":{"uv":[3.5,1.5,3.625,1.625],"texture":"#0","tintindex":0.0},"down":{"uv":[8.875,6.625,7.875,7.625],"texture":"#0","tintindex":0.0}}}],"gui_light":"front","display":{"thirdperson_righthand":{"rotation":[65.75,0.0,0.0],"translation":[0.0,1.5,1.25],"scale":[0.0,0.0,0.0]},"thirdperson_lefthand":{"rotation":[65.75,0.0,0.0],"translation":[0.0,1.5,1.25],"scale":[0.0,0.0,0.0]},"firstperson_righthand":{"scale":[0.0,0.0,0.0]},"firstperson_lefthand":{"scale":[0.0,0.0,0.0]},"ground":{"translation":[0.0,4.25,0.0],"scale":[0.47265,0.47265,0.47265]},"gui":{"rotation":[-149.61,-31.92,-180.0],"translation":[0.0,4.0,0.0],"scale":[1.01952,1.01952,1.01952]},"head":{"translation":[0.0,9.25,0.0],"scale":[1.82031,1.82031,1.82031]}}}