{"textures":{"0":"mcc:island_cosmetics/head/hairstyles","particle":"mcc:island_cosmetics/head/hairstyles"},"credit":"Made with Blockbench","texture_size":[128.0,128.0],"elements":[{"from":[4.0,-1.0,4.0],"to":[12.0,7.0,12.0],"rotation":{"angle":0.0,"axis":"y","origin":[15.0,8.0,14.0]},"faces":{"north":{"uv":[0.0,15.0,1.0,16.0],"texture":"#0","tintindex":0.0},"east":{"uv":[1.0,15.0,2.0,16.0],"texture":"#0","tintindex":0.0},"south":{"uv":[3.0,15.0,4.0,16.0],"texture":"#0","tintindex":0.0},"west":{"uv":[2.0,15.0,1.0,16.0],"texture":"#0","tintindex":0.0},"up":{"uv":[1.0,15.0,0.0,14.0],"texture":"#0","tintindex":0.0},"down":{"uv":[2.0,15.0,3.0,16.0],"texture":"#0","tintindex":0.0}}},{"from":[10.74,-2.01,3.99],"to":[12.76,3.01,12.01],"rotation":{"angle":22.5,"axis":"z","origin":[8.75,2.0,8.0]},"faces":{"north":{"uv":[2.0,14.375,2.25,15.0],"texture":"#0","tintindex":0.0},"east":{"uv":[1.0,14.375,2.0,15.0],"texture":"#0","tintindex":0.0},"south":{"uv":[2.25,14.375,2.0,15.0],"texture":"#0","tintindex":0.0},"west":{"uv":[2.75,13.75,2.875,13.875],"texture":"#0","tintindex":0.0},"up":{"uv":[2.75,13.75,2.875,13.875],"texture":"#0","tintindex":0.0},"down":{"uv":[2.25,14.75,3.25,15.0],"rotation":90.0,"texture":"#0","tintindex":0.0}}},{"from":[3.24,-2.01,3.99],"to":[5.26,3.01,12.01],"rotation":{"angle":-22.5,"axis":"z","origin":[7.25,2.0,8.0]},"faces":{"north":{"uv":[2.25,14.375,2.0,15.0],"texture":"#0","tintindex":0.0},"east":{"uv":[2.875,13.75,2.75,13.875],"texture":"#0","tintindex":0.0},"south":{"uv":[2.0,14.375,2.25,15.0],"texture":"#0","tintindex":0.0},"west":{"uv":[2.0,14.375,1.0,15.0],"texture":"#0","tintindex":0.0},"up":{"uv":[2.875,13.75,2.75,13.875],"texture":"#0","tintindex":0.0},"down":{"uv":[2.25,15.0,3.25,14.75],"rotation":90.0,"texture":"#0","tintindex":0.0}}},{"from":[4.0,4.0,3.0],"to":[12.0,7.0,4.0],"rotation":{"angle":0.0,"axis":"y","origin":[15.0,8.0,14.0]},"faces":{"north":{"uv":[1.0,11.875,2.0,12.25],"texture":"#0","tintindex":0.0},"east":{"uv":[1.0,11.875,1.125,12.25],"texture":"#0","tintindex":0.0},"south":{"uv":[1.75,12.125,1.875,12.25],"texture":"#0","tintindex":0.0},"west":{"uv":[1.0,11.875,1.125,12.25],"texture":"#0","tintindex":0.0},"up":{"uv":[2.0,11.875,1.0,12.0],"texture":"#0","tintindex":0.0},"down":{"uv":[1.75,12.125,1.875,12.25],"texture":"#0","tintindex":0.0}}},{"name":"cube inverted","from":[12.0,7.0,12.0],"to":[4.0,-1.0,4.0],"rotation":{"angle":0.0,"axis":"y","origin":[15.0,8.0,14.0]},"faces":{"north":{"uv":[3.0,16.0,4.0,15.0],"texture":"#0","tintindex":0.0},"east":{"uv":[2.0,16.0,1.0,15.0],"texture":"#0","tintindex":0.0},"south":{"uv":[0.0,16.0,1.0,15.0],"texture":"#0","tintindex":0.0},"west":{"uv":[1.0,16.0,2.0,15.0],"texture":"#0","tintindex":0.0},"up":{"uv":[3.0,15.0,2.0,16.0],"texture":"#0","tintindex":0.0},"down":{"uv":[0.0,15.0,1.0,14.0],"texture":"#0","tintindex":0.0}}},{"name":"cube inverted","from":[12.0,7.0,4.0],"to":[4.0,4.0,3.0],"rotation":{"angle":0.0,"axis":"y","origin":[15.0,8.0,14.0]},"faces":{"north":{"uv":[1.75,12.25,1.875,12.125],"texture":"#0","tintindex":0.0},"east":{"uv":[1.0,12.25,1.125,11.875],"texture":"#0","tintindex":0.0},"south":{"uv":[1.0,12.25,2.0,11.875],"texture":"#0","tintindex":0.0},"west":{"uv":[1.0,12.25,1.125,11.875],"texture":"#0","tintindex":0.0},"up":{"uv":[1.875,12.125,1.75,12.25],"texture":"#0","tintindex":0.0},"down":{"uv":[1.0,11.875,2.0,12.0],"texture":"#0","tintindex":0.0}}},{"name":"cube inverted","from":[5.26,3.01,12.01],"to":[3.24,-2.01,3.99],"rotation":{"angle":-22.5,"axis":"z","origin":[7.25,2.0,8.0]},"faces":{"north":{"uv":[2.0,15.0,2.25,14.375],"texture":"#0","tintindex":0.0},"east":{"uv":[2.0,15.0,1.0,14.375],"texture":"#0","tintindex":0.0},"south":{"uv":[2.25,15.0,2.0,14.375],"texture":"#0","tintindex":0.0},"west":{"uv":[2.875,13.875,2.75,13.75],"texture":"#0","tintindex":0.0},"up":{"uv":[2.25,14.75,3.25,15.0],"rotation":90.0,"texture":"#0","tintindex":0.0},"down":{"uv":[2.75,13.75,2.875,13.875],"texture":"#0","tintindex":0.0}}},{"name":"cube inverted","from":[12.76,3.01,12.01],"to":[10.74,-2.01,3.99],"rotation":{"angle":22.5,"axis":"z","origin":[8.75,2.0,8.0]},"faces":{"north":{"uv":[2.25,15.0,2.0,14.375],"texture":"#0","tintindex":0.0},"east":{"uv":[2.75,13.875,2.875,13.75],"texture":"#0","tintindex":0.0},"south":{"uv":[2.0,15.0,2.25,14.375],"texture":"#0","tintindex":0.0},"west":{"uv":[1.0,15.0,2.0,14.375],"texture":"#0","tintindex":0.0},"up":{"uv":[2.25,15.0,3.25,14.75],"rotation":90.0,"texture":"#0","tintindex":0.0},"down":{"uv":[2.875,13.75,2.75,13.875],"texture":"#0","tintindex":0.0}}}],"gui_light":"front","display":{"thirdperson_righthand":{"rotation":[65.75,0.0,0.0],"translation":[0.0,1.5,1.25],"scale":[0.0,0.0,0.0]},"thirdperson_lefthand":{"rotation":[65.75,0.0,0.0],"translation":[0.0,1.5,1.25],"scale":[0.0,0.0,0.0]},"firstperson_righthand":{"scale":[0.0,0.0,0.0]},"firstperson_lefthand":{"scale":[0.0,0.0,0.0]},"ground":{"translation":[0.0,4.25,0.0],"scale":[0.47265,0.47265,0.47265]},"gui":{"rotation":[-149.61,-31.92,-180.0],"translation":[0.0,4.5,0.0],"scale":[0.99023,0.99023,0.99023]},"head":{"translation":[0.0,9.1,0.0],"scale":[1.82031,1.82031,1.82031]}}}