{"textures":{"0":"mcc:island_cosmetics/head/hairstyles","particle":"mcc:island_cosmetics/head/hairstyles"},"credit":"Made with Blockbench","texture_size":[128.0,128.0],"elements":[{"from":[4.0,-1.0,4.0],"to":[12.0,7.0,12.0],"rotation":{"angle":0.0,"axis":"y","origin":[15.0,8.0,14.0]},"faces":{"north":{"uv":[3.0,1.0,4.0,2.0],"texture":"#0","tintindex":0.0},"east":{"uv":[0.0,1.0,1.0,2.0],"texture":"#0","tintindex":0.0},"south":{"uv":[2.0,1.0,3.0,2.0],"texture":"#0","tintindex":0.0},"west":{"uv":[1.0,1.0,0.0,2.0],"texture":"#0","tintindex":0.0},"up":{"uv":[1.875,3.0,0.875,2.0],"texture":"#0","tintindex":0.0},"down":{"uv":[3.625,1.5,3.5,1.625],"texture":"#0","tintindex":0.0}}},{"from":[5.0,6.25,6.75],"to":[11.0,11.25,10.75],"rotation":{"angle":-45.0,"axis":"x","origin":[15.0,12.25,12.75]},"faces":{"north":{"uv":[2.875,0.375,3.0,0.5],"rotation":90.0,"texture":"#0","tintindex":0.0},"east":{"uv":[9.625,11.75,10.25,11.25],"rotation":90.0,"texture":"#0","tintindex":0.0},"south":{"uv":[2.0,0.0,2.75,0.625],"texture":"#0","tintindex":0.0},"west":{"uv":[9.625,11.25,10.25,11.75],"rotation":90.0,"texture":"#0","tintindex":0.0},"up":{"uv":[3.5,0.5,2.75,0.0],"texture":"#0","tintindex":0.0},"down":{"uv":[2.75,0.0,3.5,0.5],"texture":"#0","tintindex":0.0}}},{"name":"cube inverted","from":[12.0,7.0,12.0],"to":[4.0,-1.0,4.0],"rotation":{"angle":0.0,"axis":"y","origin":[-15.0,-8.0,-14.0]},"faces":{"north":{"uv":[2.0,2.0,3.0,1.0],"texture":"#0","tintindex":0.0},"east":{"uv":[1.0,2.0,0.0,1.0],"texture":"#0","tintindex":0.0},"south":{"uv":[3.0,2.0,4.0,1.0],"texture":"#0","tintindex":0.0},"west":{"uv":[0.0,2.0,1.0,1.0],"texture":"#0","tintindex":0.0},"up":{"uv":[3.5,1.5,3.625,1.625],"texture":"#0","tintindex":0.0},"down":{"uv":[0.875,3.0,1.875,2.0],"texture":"#0","tintindex":0.0}}}],"gui_light":"front","display":{"thirdperson_righthand":{"rotation":[65.75,0.0,0.0],"translation":[0.0,1.5,1.25],"scale":[0.0,0.0,0.0]},"thirdperson_lefthand":{"rotation":[65.75,0.0,0.0],"translation":[0.0,1.5,1.25],"scale":[0.0,0.0,0.0]},"firstperson_righthand":{"scale":[0.0,0.0,0.0]},"firstperson_lefthand":{"scale":[0.0,0.0,0.0]},"ground":{"translation":[0.0,4.25,0.0],"scale":[0.47265,0.47265,0.47265]},"gui":{"rotation":[-149.61,-31.92,-180.0],"translation":[0.0,2.25,0.0],"scale":[1.06249,1.06249,1.06249]},"head":{"translation":[0.0,9.25,0.0],"scale":[1.82031,1.82031,1.82031]}}}