{"textures":{"0":"mcc:island_cosmetics/head/hairstyles","particle":"mcc:island_cosmetics/head/hairstyles"},"credit":"Made with Blockbench","texture_size":[128.0,128.0],"elements":[{"from":[4.0,-1.0,4.0],"to":[12.0,7.0,12.0],"rotation":{"angle":0.0,"axis":"y","origin":[15.0,8.0,14.0]},"faces":{"north":{"uv":[13.25,5.0,12.125,4.0],"texture":"#0","tintindex":0.0},"east":{"uv":[11.125,4.0,12.125,5.0],"texture":"#0","tintindex":0.0},"south":{"uv":[10.0,5.0,11.125,6.0],"texture":"#0","tintindex":0.0},"west":{"uv":[12.125,4.0,11.125,5.0],"texture":"#0","tintindex":0.0},"up":{"uv":[11.125,5.0,10.0,4.0],"texture":"#0","tintindex":0.0},"down":{"uv":[3.625,1.5,3.5,1.625],"texture":"#0","tintindex":0.0}}},{"name":"cube inverted","from":[12.0,7.0,12.0],"to":[4.0,-1.0,4.0],"rotation":{"angle":0.0,"axis":"y","origin":[-15.0,-8.0,-14.0]},"faces":{"north":{"uv":[10.0,6.0,11.125,5.0],"texture":"#0","tintindex":0.0},"east":{"uv":[12.125,5.0,11.125,4.0],"texture":"#0","tintindex":0.0},"south":{"uv":[13.25,4.0,12.125,5.0],"texture":"#0","tintindex":0.0},"west":{"uv":[11.125,5.0,12.125,4.0],"texture":"#0","tintindex":0.0},"up":{"uv":[3.5,1.5,3.625,1.625],"texture":"#0","tintindex":0.0},"down":{"uv":[10.0,5.0,11.125,4.0],"texture":"#0","tintindex":0.0}}}],"gui_light":"front","display":{"thirdperson_righthand":{"rotation":[65.75,0.0,0.0],"translation":[0.0,1.5,1.25],"scale":[0.0,0.0,0.0]},"thirdperson_lefthand":{"rotation":[65.75,0.0,0.0],"translation":[0.0,1.5,1.25],"scale":[0.0,0.0,0.0]},"firstperson_righthand":{"scale":[0.0,0.0,0.0]},"firstperson_lefthand":{"scale":[0.0,0.0,0.0]},"ground":{"translation":[0.0,4.25,0.0],"scale":[0.47265,0.47265,0.47265]},"gui":{"rotation":[-149.61,-31.92,-180.0],"translation":[0.0,3.75,0.0],"scale":[1.11327,1.11327,1.11327]},"head":{"translation":[0.0,9.25,0.0],"scale":[1.82031,1.82031,1.82031]}}}