{"textures":{"0":"mcc:island_cosmetics/head/hairstyles","particle":"mcc:island_cosmetics/head/hairstyles"},"credit":"Made with Blockbench","texture_size":[128.0,128.0],"elements":[{"from":[4.0,-1.0,4.0],"to":[12.0,7.0,12.0],"rotation":{"angle":0.0,"axis":"y","origin":[15.0,8.0,14.0]},"faces":{"north":{"uv":[9.125,0.0,10.125,1.0],"texture":"#0","tintindex":0.0},"east":{"uv":[9.25,3.0,10.25,4.0],"texture":"#0","tintindex":0.0},"south":{"uv":[8.25,3.0,9.25,4.0],"texture":"#0","tintindex":0.0},"west":{"uv":[10.25,3.0,9.25,4.0],"texture":"#0","tintindex":0.0},"up":{"uv":[5.0,1.0,4.0,0.0],"texture":"#0","tintindex":0.0},"down":{"uv":[3.125,2.25,3.0,2.375],"texture":"#0","tintindex":0.0}}},{"from":[4.0,-6.0,12.0],"to":[12.0,-1.0,12.0],"rotation":{"angle":0.0,"axis":"y","origin":[15.0,8.0,14.0]},"faces":{"north":{"uv":[8.0,12.75,9.0,13.375],"texture":"#0","tintindex":0.0},"east":{"uv":[9.25,3.0,10.25,4.0],"texture":"#0","tintindex":0.0},"south":{"uv":[8.0,12.75,9.0,13.375],"texture":"#0","tintindex":0.0},"west":{"uv":[10.25,3.0,9.25,4.0],"texture":"#0","tintindex":0.0},"up":{"uv":[5.0,1.0,4.0,0.0],"texture":"#0","tintindex":0.0},"down":{"uv":[3.125,2.25,3.0,2.375],"texture":"#0","tintindex":0.0}}},{"from":[8.96194,-5.80866,5.0],"to":[15.96194,5.19134,5.0],"rotation":{"angle":22.5,"axis":"y","origin":[11.46194,1.19134,5.0]},"faces":{"north":{"uv":[10.125,0.0,11.0,1.375],"texture":"#0","tintindex":0.0},"east":{"uv":[10.5,0.0,11.0,1.0],"texture":"#0","tintindex":0.0},"south":{"uv":[11.0,0.0,10.125,1.375],"texture":"#0","tintindex":0.0},"west":{"uv":[1.0,0.0,0.0,1.0],"texture":"#0","tintindex":0.0},"up":{"uv":[2.0,1.0,1.0,0.0],"texture":"#0","tintindex":0.0},"down":{"uv":[1.75,1.125,1.625,1.25],"texture":"#0","tintindex":0.0}}},{"from":[9.0,-6.0,9.0],"to":[16.0,5.0,9.0],"rotation":{"angle":0.0,"axis":"z","origin":[11.0,1.0,9.0]},"faces":{"north":{"uv":[10.125,0.0,11.0,1.375],"texture":"#0","tintindex":0.0},"east":{"uv":[10.5,0.0,11.0,1.0],"texture":"#0","tintindex":0.0},"south":{"uv":[11.0,0.0,10.125,1.375],"texture":"#0","tintindex":0.0},"west":{"uv":[1.0,0.0,0.0,1.0],"texture":"#0","tintindex":0.0},"up":{"uv":[2.0,1.0,1.0,0.0],"texture":"#0","tintindex":0.0},"down":{"uv":[1.75,1.125,1.625,1.25],"texture":"#0","tintindex":0.0}}},{"from":[9.0,-6.0,11.0],"to":[16.0,5.0,11.0],"rotation":{"angle":-22.5,"axis":"y","origin":[11.0,1.0,11.0]},"faces":{"north":{"uv":[10.125,0.0,11.0,1.375],"texture":"#0","tintindex":0.0},"east":{"uv":[10.5,0.0,11.0,1.0],"texture":"#0","tintindex":0.0},"south":{"uv":[11.0,0.0,10.125,1.375],"texture":"#0","tintindex":0.0},"west":{"uv":[1.0,0.0,0.0,1.0],"texture":"#0","tintindex":0.0},"up":{"uv":[2.0,1.0,1.0,0.0],"texture":"#0","tintindex":0.0},"down":{"uv":[1.75,1.125,1.625,1.25],"texture":"#0","tintindex":0.0}}},{"from":[0.0,-6.0,9.0],"to":[7.0,5.0,9.0],"rotation":{"angle":0.0,"axis":"z","origin":[5.0,1.0,9.0]},"faces":{"north":{"uv":[11.0,0.0,10.125,1.375],"texture":"#0","tintindex":0.0},"east":{"uv":[0.0,0.0,1.0,1.0],"texture":"#0","tintindex":0.0},"south":{"uv":[10.125,0.0,11.0,1.375],"texture":"#0","tintindex":0.0},"west":{"uv":[11.0,0.0,10.5,1.0],"texture":"#0","tintindex":0.0},"up":{"uv":[1.0,1.0,2.0,0.0],"texture":"#0","tintindex":0.0},"down":{"uv":[1.625,1.125,1.75,1.25],"texture":"#0","tintindex":0.0}}},{"from":[0.03806,-5.80866,5.0],"to":[7.03806,5.19134,5.0],"rotation":{"angle":-22.5,"axis":"y","origin":[4.53806,1.19134,5.0]},"faces":{"north":{"uv":[11.0,0.0,10.125,1.375],"texture":"#0","tintindex":0.0},"east":{"uv":[0.0,0.0,1.0,1.0],"texture":"#0","tintindex":0.0},"south":{"uv":[10.125,0.0,11.0,1.375],"texture":"#0","tintindex":0.0},"west":{"uv":[11.0,0.0,10.5,1.0],"texture":"#0","tintindex":0.0},"up":{"uv":[1.0,1.0,2.0,0.0],"texture":"#0","tintindex":0.0},"down":{"uv":[1.625,1.125,1.75,1.25],"texture":"#0","tintindex":0.0}}},{"from":[0.0,-6.0,11.0],"to":[7.0,5.0,11.0],"rotation":{"angle":22.5,"axis":"y","origin":[5.0,1.0,11.0]},"faces":{"north":{"uv":[11.0,0.0,10.125,1.375],"texture":"#0","tintindex":0.0},"east":{"uv":[0.0,0.0,1.0,1.0],"texture":"#0","tintindex":0.0},"south":{"uv":[10.125,0.0,11.0,1.375],"texture":"#0","tintindex":0.0},"west":{"uv":[11.0,0.0,10.5,1.0],"texture":"#0","tintindex":0.0},"up":{"uv":[1.0,1.0,2.0,0.0],"texture":"#0","tintindex":0.0},"down":{"uv":[1.625,1.125,1.75,1.25],"texture":"#0","tintindex":0.0}}},{"name":"cube inverted","from":[12.0,7.0,12.0],"to":[4.0,-1.0,4.0],"rotation":{"angle":0.0,"axis":"y","origin":[-15.0,-8.0,-14.0]},"faces":{"north":{"uv":[8.25,4.0,9.25,3.0],"texture":"#0","tintindex":0.0},"east":{"uv":[10.25,4.0,9.25,3.0],"texture":"#0","tintindex":0.0},"south":{"uv":[9.125,1.0,10.125,0.0],"texture":"#0","tintindex":0.0},"west":{"uv":[9.25,4.0,10.25,3.0],"texture":"#0","tintindex":0.0},"up":{"uv":[3.5,2.625,3.625,2.75],"texture":"#0","tintindex":0.0},"down":{"uv":[4.0,1.0,5.0,0.0],"texture":"#0","tintindex":0.0}}}],"gui_light":"front","display":{"thirdperson_righthand":{"rotation":[65.75,0.0,0.0],"translation":[0.0,1.5,1.25],"scale":[0.0,0.0,0.0]},"thirdperson_lefthand":{"rotation":[65.75,0.0,0.0],"translation":[0.0,1.5,1.25],"scale":[0.0,0.0,0.0]},"firstperson_righthand":{"scale":[0.0,0.0,0.0]},"firstperson_lefthand":{"scale":[0.0,0.0,0.0]},"ground":{"translation":[0.0,4.25,0.0],"scale":[0.47265,0.47265,0.47265]},"gui":{"rotation":[-149.61,-31.92,-180.0],"translation":[0.0,5.75,0.0],"scale":[0.83593,0.83593,0.83593]},"head":{"translation":[0.0,9.25,0.0],"scale":[1.82031,1.82031,1.82031]}}}