{"textures":{"0":"mcc:island_cosmetics/head/hairstyles","particle":"mcc:island_cosmetics/head/hairstyles"},"credit":"Made with Blockbench","texture_size":[128.0,128.0],"elements":[{"from":[5.0,0.25,4.0],"to":[11.0,3.25,4.0],"rotation":{"angle":0.0,"axis":"y","origin":[15.0,4.0,8.0]},"faces":{"north":{"uv":[12.5,8.5,13.25,8.875],"texture":"#0","tintindex":0.0},"east":{"uv":[13.25,7.125,14.0,7.5],"texture":"#0","tintindex":0.0},"south":{"uv":[12.5,8.5,13.25,8.875],"texture":"#0","tintindex":0.0},"west":{"uv":[13.25,7.125,14.0,7.5],"texture":"#0","tintindex":0.0},"up":{"uv":[13.375,7.625,13.25,7.5],"texture":"#0","tintindex":0.0},"down":{"uv":[3.375,1.375,3.25,1.5],"texture":"#0","tintindex":0.0}}},{"from":[4.0,3.0,6.0],"to":[12.0,6.0,12.0],"rotation":{"angle":0.0,"axis":"y","origin":[15.0,8.0,14.0]},"faces":{"north":{"uv":[12.25,7.125,13.25,7.5],"texture":"#0","tintindex":0.0},"east":{"uv":[13.25,7.125,14.0,7.5],"texture":"#0","tintindex":0.0},"south":{"uv":[13.25,7.125,14.25,7.5],"texture":"#0","tintindex":0.0},"west":{"uv":[13.25,7.125,14.0,7.5],"texture":"#0","tintindex":0.0},"up":{"uv":[11.25,7.75,12.25,8.5],"texture":"#0","tintindex":0.0},"down":{"uv":[3.375,1.375,3.25,1.5],"texture":"#0","tintindex":0.0}}},{"name":"cube inverted","from":[12.0,6.0,12.0],"to":[4.0,3.0,6.0],"rotation":{"angle":0.0,"axis":"y","origin":[-15.0,-8.0,-14.0]},"faces":{"north":{"uv":[13.25,7.5,14.25,7.125],"texture":"#0","tintindex":0.0},"east":{"uv":[13.25,7.5,14.0,7.125],"texture":"#0","tintindex":0.0},"south":{"uv":[12.25,7.5,13.25,7.125],"texture":"#0","tintindex":0.0},"west":{"uv":[13.25,7.5,14.0,7.125],"texture":"#0","tintindex":0.0},"up":{"uv":[3.25,1.375,3.375,1.5],"texture":"#0","tintindex":0.0},"down":{"uv":[12.25,7.75,11.25,8.5],"texture":"#0","tintindex":0.0}}}],"gui_light":"front","display":{"thirdperson_righthand":{"rotation":[65.75,0.0,0.0],"translation":[0.0,1.5,1.25],"scale":[0.0,0.0,0.0]},"thirdperson_lefthand":{"rotation":[65.75,0.0,0.0],"translation":[0.0,1.5,1.25],"scale":[0.0,0.0,0.0]},"firstperson_righthand":{"scale":[0.0,0.0,0.0]},"firstperson_lefthand":{"scale":[0.0,0.0,0.0]},"ground":{"translation":[0.0,4.25,0.0],"scale":[0.47265,0.47265,0.47265]},"gui":{"rotation":[-149.61,-31.92,-180.0],"translation":[0.0,4.75,0.0],"scale":[1.13085,1.13085,1.13085]},"head":{"translation":[0.0,9.0,0.0],"scale":[1.82031,1.82031,1.82031]}}}