{"textures":{"0":"mcc:island_cosmetics/head/hairstyles","particle":"mcc:island_cosmetics/head/hairstyles"},"credit":"Made with Blockbench","texture_size":[128.0,128.0],"elements":[{"from":[4.0,-1.0,4.0],"to":[12.0,7.0,12.0],"rotation":{"angle":0.0,"axis":"y","origin":[15.0,8.0,14.0]},"faces":{"north":{"uv":[10.25,7.125,11.25,6.125],"texture":"#0","tintindex":0.0},"east":{"uv":[11.25,6.125,12.25,7.125],"texture":"#0","tintindex":0.0},"south":{"uv":[12.25,6.125,13.25,7.125],"texture":"#0","tintindex":0.0},"west":{"uv":[12.25,6.125,11.25,7.125],"texture":"#0","tintindex":0.0},"up":{"uv":[13.25,6.125,14.25,7.125],"texture":"#0","tintindex":0.0},"down":{"uv":[3.625,1.5,3.5,1.625],"texture":"#0","tintindex":0.0}}},{"from":[12.0,-1.0,5.0],"to":[15.0,7.0,5.0],"rotation":{"angle":22.5,"axis":"y","origin":[11.0,3.0,5.0]},"faces":{"north":{"uv":[9.875,7.125,10.25,6.125],"texture":"#0","tintindex":0.0},"east":{"uv":[11.125,4.0,12.125,5.0],"texture":"#0","tintindex":0.0},"south":{"uv":[10.25,7.125,9.875,6.125],"texture":"#0","tintindex":0.0},"west":{"uv":[12.125,4.0,11.125,5.0],"texture":"#0","tintindex":0.0},"up":{"uv":[11.125,5.0,10.0,4.0],"texture":"#0","tintindex":0.0},"down":{"uv":[3.625,1.5,3.5,1.625],"texture":"#0","tintindex":0.0}}},{"from":[1.0,-1.0,5.0],"to":[4.0,7.0,5.0],"rotation":{"angle":-22.5,"axis":"y","origin":[5.0,3.0,5.0]},"faces":{"north":{"uv":[10.25,7.125,9.875,6.125],"texture":"#0","tintindex":0.0},"east":{"uv":[11.125,4.0,12.125,5.0],"texture":"#0","tintindex":0.0},"south":{"uv":[9.875,7.125,10.25,6.125],"texture":"#0","tintindex":0.0},"west":{"uv":[12.125,4.0,11.125,5.0],"texture":"#0","tintindex":0.0},"up":{"uv":[10.0,5.0,11.125,4.0],"texture":"#0","tintindex":0.0},"down":{"uv":[3.5,1.5,3.625,1.625],"texture":"#0","tintindex":0.0}}},{"from":[12.0,-3.0,6.0],"to":[15.0,5.0,6.0],"rotation":{"angle":22.5,"axis":"y","origin":[11.0,1.0,6.0]},"faces":{"north":{"uv":[9.875,7.125,10.25,6.125],"texture":"#0","tintindex":0.0},"east":{"uv":[11.125,4.0,12.125,5.0],"texture":"#0","tintindex":0.0},"south":{"uv":[10.25,7.125,9.875,6.125],"texture":"#0","tintindex":0.0},"west":{"uv":[12.125,4.0,11.125,5.0],"texture":"#0","tintindex":0.0},"up":{"uv":[11.125,5.0,10.0,4.0],"texture":"#0","tintindex":0.0},"down":{"uv":[3.625,1.5,3.5,1.625],"texture":"#0","tintindex":0.0}}},{"from":[1.0,-3.0,6.0],"to":[4.0,5.0,6.0],"rotation":{"angle":-22.5,"axis":"y","origin":[5.0,1.0,6.0]},"faces":{"north":{"uv":[10.25,7.125,9.875,6.125],"texture":"#0","tintindex":0.0},"east":{"uv":[11.125,4.0,12.125,5.0],"texture":"#0","tintindex":0.0},"south":{"uv":[9.875,7.125,10.25,6.125],"texture":"#0","tintindex":0.0},"west":{"uv":[12.125,4.0,11.125,5.0],"texture":"#0","tintindex":0.0},"up":{"uv":[10.0,5.0,11.125,4.0],"texture":"#0","tintindex":0.0},"down":{"uv":[3.5,1.5,3.625,1.625],"texture":"#0","tintindex":0.0}}},{"from":[12.0,-3.0,10.0],"to":[15.0,5.0,10.0],"rotation":{"angle":22.5,"axis":"y","origin":[11.0,1.0,10.0]},"faces":{"north":{"uv":[9.875,7.125,10.25,6.125],"texture":"#0","tintindex":0.0},"east":{"uv":[11.125,4.0,12.125,5.0],"texture":"#0","tintindex":0.0},"south":{"uv":[10.25,7.125,9.875,6.125],"texture":"#0","tintindex":0.0},"west":{"uv":[12.125,4.0,11.125,5.0],"texture":"#0","tintindex":0.0},"up":{"uv":[11.125,5.0,10.0,4.0],"texture":"#0","tintindex":0.0},"down":{"uv":[3.625,1.5,3.5,1.625],"texture":"#0","tintindex":0.0}}},{"from":[1.0,-3.0,10.0],"to":[4.0,5.0,10.0],"rotation":{"angle":-22.5,"axis":"y","origin":[5.0,1.0,10.0]},"faces":{"north":{"uv":[10.25,7.125,9.875,6.125],"texture":"#0","tintindex":0.0},"east":{"uv":[11.125,4.0,12.125,5.0],"texture":"#0","tintindex":0.0},"south":{"uv":[9.875,7.125,10.25,6.125],"texture":"#0","tintindex":0.0},"west":{"uv":[12.125,4.0,11.125,5.0],"texture":"#0","tintindex":0.0},"up":{"uv":[10.0,5.0,11.125,4.0],"texture":"#0","tintindex":0.0},"down":{"uv":[3.5,1.5,3.625,1.625],"texture":"#0","tintindex":0.0}}},{"from":[12.0,-1.0,8.0],"to":[15.0,7.0,8.0],"rotation":{"angle":22.5,"axis":"y","origin":[11.0,3.0,8.0]},"faces":{"north":{"uv":[9.875,7.125,10.25,6.125],"texture":"#0","tintindex":0.0},"east":{"uv":[11.125,4.0,12.125,5.0],"texture":"#0","tintindex":0.0},"south":{"uv":[10.25,7.125,9.875,6.125],"texture":"#0","tintindex":0.0},"west":{"uv":[12.125,4.0,11.125,5.0],"texture":"#0","tintindex":0.0},"up":{"uv":[11.125,5.0,10.0,4.0],"texture":"#0","tintindex":0.0},"down":{"uv":[3.625,1.5,3.5,1.625],"texture":"#0","tintindex":0.0}}},{"from":[1.0,-1.0,8.0],"to":[4.0,7.0,8.0],"rotation":{"angle":-22.5,"axis":"y","origin":[5.0,3.0,8.0]},"faces":{"north":{"uv":[10.25,7.125,9.875,6.125],"texture":"#0","tintindex":0.0},"east":{"uv":[11.125,4.0,12.125,5.0],"texture":"#0","tintindex":0.0},"south":{"uv":[9.875,7.125,10.25,6.125],"texture":"#0","tintindex":0.0},"west":{"uv":[12.125,4.0,11.125,5.0],"texture":"#0","tintindex":0.0},"up":{"uv":[10.0,5.0,11.125,4.0],"texture":"#0","tintindex":0.0},"down":{"uv":[3.5,1.5,3.625,1.625],"texture":"#0","tintindex":0.0}}},{"from":[12.0,-1.0,11.0],"to":[15.0,7.0,11.0],"rotation":{"angle":-45.0,"axis":"y","origin":[11.0,3.0,11.0]},"faces":{"north":{"uv":[9.875,7.125,10.25,6.125],"texture":"#0","tintindex":0.0},"east":{"uv":[11.125,4.0,12.125,5.0],"texture":"#0","tintindex":0.0},"south":{"uv":[10.25,7.125,9.875,6.125],"texture":"#0","tintindex":0.0},"west":{"uv":[12.125,4.0,11.125,5.0],"texture":"#0","tintindex":0.0},"up":{"uv":[11.125,5.0,10.0,4.0],"texture":"#0","tintindex":0.0},"down":{"uv":[3.625,1.5,3.5,1.625],"texture":"#0","tintindex":0.0}}},{"from":[1.0,-1.0,11.0],"to":[4.0,7.0,11.0],"rotation":{"angle":45.0,"axis":"y","origin":[5.0,3.0,11.0]},"faces":{"north":{"uv":[10.25,7.125,9.875,6.125],"texture":"#0","tintindex":0.0},"east":{"uv":[11.125,4.0,12.125,5.0],"texture":"#0","tintindex":0.0},"south":{"uv":[9.875,7.125,10.25,6.125],"texture":"#0","tintindex":0.0},"west":{"uv":[12.125,4.0,11.125,5.0],"texture":"#0","tintindex":0.0},"up":{"uv":[10.0,5.0,11.125,4.0],"texture":"#0","tintindex":0.0},"down":{"uv":[3.5,1.5,3.625,1.625],"texture":"#0","tintindex":0.0}}},{"name":"cube inverted","from":[12.0,7.0,12.0],"to":[4.0,-1.0,4.0],"rotation":{"angle":0.0,"axis":"y","origin":[-15.0,-8.0,-14.0]},"faces":{"north":{"uv":[12.25,7.125,13.25,6.125],"texture":"#0","tintindex":0.0},"east":{"uv":[12.25,7.125,11.25,6.125],"texture":"#0","tintindex":0.0},"south":{"uv":[10.25,6.125,11.25,7.125],"texture":"#0","tintindex":0.0},"west":{"uv":[11.25,7.125,12.25,6.125],"texture":"#0","tintindex":0.0},"up":{"uv":[3.5,1.5,3.625,1.625],"texture":"#0","tintindex":0.0},"down":{"uv":[14.25,6.125,13.25,7.125],"texture":"#0","tintindex":0.0}}}],"gui_light":"front","display":{"thirdperson_righthand":{"rotation":[65.75,0.0,0.0],"translation":[0.0,1.5,1.25],"scale":[0.0,0.0,0.0]},"thirdperson_lefthand":{"rotation":[65.75,0.0,0.0],"translation":[0.0,1.5,1.25],"scale":[0.0,0.0,0.0]},"firstperson_righthand":{"scale":[0.0,0.0,0.0]},"firstperson_lefthand":{"scale":[0.0,0.0,0.0]},"ground":{"translation":[0.0,4.25,0.0],"scale":[0.47265,0.47265,0.47265]},"gui":{"rotation":[-149.61,-31.92,-180.0],"translation":[0.0,5.0,0.0],"scale":[0.92187,0.92187,0.92187]},"head":{"translation":[0.0,9.25,0.0],"scale":[1.82031,1.82031,1.82031]}}}