{"textures":{"0":"mcc:island_cosmetics/head/hairstyles","particle":"mcc:island_cosmetics/head/hairstyles"},"credit":"Made with Blockbench","texture_size":[128.0,128.0],"elements":[{"from":[4.0,-5.0,3.0],"to":[12.0,1.0,5.0],"rotation":{"angle":0.0,"axis":"y","origin":[15.0,8.0,14.0]},"faces":{"north":{"uv":[2.0,3.25,3.0,4.0],"texture":"#0","tintindex":0.0},"east":{"uv":[1.75,3.25,2.0,4.0],"texture":"#0","tintindex":0.0},"south":{"uv":[2.0,3.25,3.0,4.0],"texture":"#0","tintindex":0.0},"west":{"uv":[3.0,3.25,3.25,4.0],"texture":"#0","tintindex":0.0},"up":{"uv":[3.0,3.25,2.0,3.0],"texture":"#0","tintindex":0.0},"down":{"uv":[4.0,3.0,3.0,3.25],"texture":"#0","tintindex":0.0}}},{"from":[4.0,-10.0,4.0],"to":[12.0,-5.0,4.0],"rotation":{"angle":0.0,"axis":"y","origin":[15.0,8.0,14.0]},"faces":{"north":{"uv":[1.75,4.375,2.75,5.0],"texture":"#0","tintindex":0.0},"east":{"uv":[1.75,4.375,1.75,5.0],"texture":"#0","tintindex":0.0},"south":{"uv":[2.75,4.375,1.75,5.0],"texture":"#0","tintindex":0.0},"west":{"uv":[2.75,4.375,2.75,5.0],"texture":"#0","tintindex":0.0},"up":{"uv":[2.75,4.375,1.75,4.375],"texture":"#0","tintindex":0.0},"down":{"uv":[3.75,4.375,2.75,4.375],"texture":"#0","tintindex":0.0}}},{"from":[3.0,1.0,3.75],"to":[13.0,3.0,3.75],"rotation":{"angle":0.0,"axis":"y","origin":[15.0,8.0,14.0]},"faces":{"north":{"uv":[1.625,4.125,2.875,4.375],"texture":"#0","tintindex":0.0},"east":{"uv":[1.625,4.125,1.625,4.375],"texture":"#0","tintindex":0.0},"south":{"uv":[1.625,4.125,2.875,4.375],"texture":"#0","tintindex":0.0},"west":{"uv":[2.875,4.125,2.875,4.375],"texture":"#0","tintindex":0.0},"up":{"uv":[2.875,4.125,1.625,4.125],"texture":"#0","tintindex":0.0},"down":{"uv":[4.125,4.125,2.875,4.125],"texture":"#0","tintindex":0.0}}}],"gui_light":"front","display":{"thirdperson_righthand":{"rotation":[65.75,0.0,0.0],"translation":[0.0,1.5,1.25],"scale":[0.0,0.0,0.0]},"thirdperson_lefthand":{"rotation":[65.75,0.0,0.0],"translation":[0.0,1.5,1.25],"scale":[0.0,0.0,0.0]},"firstperson_righthand":{"scale":[0.0,0.0,0.0]},"firstperson_lefthand":{"scale":[0.0,0.0,0.0]},"ground":{"translation":[0.0,4.25,0.0],"scale":[0.47265,0.47265,0.47265]},"gui":{"rotation":[-149.61,-31.92,-180.0],"translation":[-2.25,11.5,0.0],"scale":[1.01366,1.01366,1.01366]},"head":{"translation":[0.0,7.5,0.5],"scale":[1.82031,1.82031,1.82031]}}}