{"textures":{"0":"mcc:island_cosmetics/head/hairstyles","1":"mcc:island_cosmetics/head/hairstyles_2","particle":"mcc:island_cosmetics/head/hairstyles"},"credit":"Made with Blockbench","texture_size":[128.0,128.0],"elements":[{"from":[4.0,-1.0,4.0],"to":[12.0,8.0,12.0],"rotation":{"angle":0.0,"axis":"y","origin":[15.0,8.0,14.0]},"faces":{"north":{"uv":[7.875,5.0,8.875,6.125],"texture":"#0","tintindex":0.0},"east":{"uv":[8.875,5.0,9.875,6.125],"texture":"#0","tintindex":0.0},"south":{"uv":[1.25,0.125,2.25,1.25],"texture":"#1","tintindex":0.0},"west":{"uv":[9.875,5.0,8.875,6.125],"texture":"#0","tintindex":0.0},"up":{"uv":[1.875,3.0,0.875,2.0],"texture":"#0","tintindex":0.0},"down":{"uv":[3.375,1.375,3.25,1.5],"texture":"#0","tintindex":0.0}}},{"from":[3.99,4.99,1.99],"to":[12.01,9.01,10.01],"rotation":{"angle":0.0,"axis":"y","origin":[8.0,7.0,6.0]},"faces":{"north":{"uv":[7.875,6.125,8.875,6.625],"texture":"#0","tintindex":0.0},"east":{"uv":[8.875,6.125,9.875,6.625],"texture":"#0","tintindex":0.0},"south":{"uv":[7.875,7.5,8.875,7.625],"texture":"#0","tintindex":0.0},"west":{"uv":[9.875,6.125,8.875,6.625],"texture":"#0","tintindex":0.0},"up":{"uv":[0.125,0.125,1.125,1.125],"texture":"#1","tintindex":0.0},"down":{"uv":[8.875,6.5,7.875,6.625],"texture":"#0","tintindex":0.0}}},{"name":"cube inverted","from":[12.0,8.0,12.0],"to":[4.0,-1.0,4.0],"rotation":{"angle":0.0,"axis":"y","origin":[15.0,8.0,14.0]},"faces":{"north":{"uv":[1.25,1.25,2.25,0.125],"texture":"#1","tintindex":0.0},"east":{"uv":[9.875,6.125,8.875,5.0],"texture":"#0","tintindex":0.0},"south":{"uv":[7.875,6.125,8.875,5.0],"texture":"#0","tintindex":0.0},"west":{"uv":[8.875,6.125,9.875,5.0],"texture":"#0","tintindex":0.0},"up":{"uv":[3.25,1.375,3.375,1.5],"texture":"#0","tintindex":0.0},"down":{"uv":[0.875,3.0,1.875,2.0],"texture":"#0","tintindex":0.0}}}],"gui_light":"front","display":{"thirdperson_righthand":{"rotation":[65.75,0.0,0.0],"translation":[0.0,1.5,1.25],"scale":[0.0,0.0,0.0]},"thirdperson_lefthand":{"rotation":[65.75,0.0,0.0],"translation":[0.0,1.5,1.25],"scale":[0.0,0.0,0.0]},"firstperson_righthand":{"scale":[0.0,0.0,0.0]},"firstperson_lefthand":{"scale":[0.0,0.0,0.0]},"ground":{"translation":[0.0,4.25,0.0],"scale":[0.47265,0.47265,0.47265]},"gui":{"rotation":[-149.61,-31.92,-180.0],"translation":[-0.25,3.25,0.0],"scale":[1.07616,1.07616,1.07616]},"head":{"translation":[0.0,8.5,0.0],"scale":[1.82031,1.82031,1.82031]}}}