{"textures":{"0":"mcc:island_cosmetics/head/hairstyles","particle":"mcc:island_cosmetics/head/hairstyles"},"credit":"Made with Blockbench","texture_size":[128.0,128.0],"elements":[{"from":[4.0,-1.0,4.0],"to":[12.0,7.0,12.0],"rotation":{"angle":0.0,"axis":"y","origin":[15.0,8.0,14.0]},"faces":{"north":{"uv":[6.5,4.0,7.5,5.0],"texture":"#0","tintindex":0.0},"east":{"uv":[7.75,4.0,8.75,5.0],"texture":"#0","tintindex":0.0},"south":{"uv":[8.75,4.0,9.75,5.0],"texture":"#0","tintindex":0.0},"west":{"uv":[8.75,4.0,7.75,5.0],"texture":"#0","tintindex":0.0},"up":{"uv":[1.875,3.0,0.875,2.0],"texture":"#0","tintindex":0.0},"down":{"uv":[3.375,1.375,3.25,1.5],"texture":"#0","tintindex":0.0}}},{"from":[2.0,-1.0,4.0],"to":[4.0,7.0,4.0],"rotation":{"angle":-45.0,"axis":"y","origin":[4.0,3.0,4.0]},"faces":{"north":{"uv":[7.5,4.0,7.75,5.0],"texture":"#0","tintindex":0.0},"east":{"uv":[0.0,1.0,1.0,2.0],"texture":"#0","tintindex":0.0},"south":{"uv":[7.75,4.0,7.5,5.0],"texture":"#0","tintindex":0.0},"west":{"uv":[1.0,1.0,0.0,2.0],"texture":"#0","tintindex":0.0},"up":{"uv":[1.875,3.0,0.875,2.0],"texture":"#0","tintindex":0.0},"down":{"uv":[1.75,0.375,1.625,0.5],"texture":"#0","tintindex":0.0}}},{"from":[2.0,-1.0,12.0],"to":[4.0,7.0,12.0],"rotation":{"angle":45.0,"axis":"y","origin":[4.0,3.0,12.0]},"faces":{"north":{"uv":[9.75,4.0,10.0,5.0],"texture":"#0","tintindex":0.0},"east":{"uv":[1.0,1.0,0.0,2.0],"texture":"#0","tintindex":0.0},"south":{"uv":[10.0,4.0,9.75,5.0],"texture":"#0","tintindex":0.0},"west":{"uv":[0.0,1.0,1.0,2.0],"texture":"#0","tintindex":0.0},"up":{"uv":[1.875,2.0,0.875,3.0],"texture":"#0","tintindex":0.0},"down":{"uv":[1.75,0.5,1.625,0.375],"texture":"#0","tintindex":0.0}}},{"from":[12.0,-1.0,12.0],"to":[14.0,7.0,12.0],"rotation":{"angle":-45.0,"axis":"y","origin":[12.0,3.0,12.0]},"faces":{"north":{"uv":[10.0,4.0,9.75,5.0],"texture":"#0","tintindex":0.0},"east":{"uv":[1.0,1.0,0.0,2.0],"texture":"#0","tintindex":0.0},"south":{"uv":[9.75,4.0,10.0,5.0],"texture":"#0","tintindex":0.0},"west":{"uv":[0.0,1.0,1.0,2.0],"texture":"#0","tintindex":0.0},"up":{"uv":[0.875,2.0,1.875,3.0],"texture":"#0","tintindex":0.0},"down":{"uv":[1.625,0.5,1.75,0.375],"texture":"#0","tintindex":0.0}}},{"name":"cube inverted","from":[12.0,7.0,12.0],"to":[4.0,-1.0,4.0],"rotation":{"angle":0.0,"axis":"y","origin":[-15.0,-8.0,-14.0]},"faces":{"north":{"uv":[8.75,5.0,9.75,4.0],"texture":"#0","tintindex":0.0},"east":{"uv":[8.75,5.0,7.75,4.0],"texture":"#0","tintindex":0.0},"south":{"uv":[6.5,5.0,7.5,4.0],"texture":"#0","tintindex":0.0},"west":{"uv":[7.75,5.0,8.75,4.0],"texture":"#0","tintindex":0.0},"up":{"uv":[3.25,1.375,3.375,1.5],"texture":"#0","tintindex":0.0},"down":{"uv":[0.875,3.0,1.875,2.0],"texture":"#0","tintindex":0.0}}}],"gui_light":"front","display":{"thirdperson_righthand":{"rotation":[65.75,0.0,0.0],"translation":[0.0,1.5,1.25],"scale":[0.0,0.0,0.0]},"thirdperson_lefthand":{"rotation":[65.75,0.0,0.0],"translation":[0.0,1.5,1.25],"scale":[0.0,0.0,0.0]},"firstperson_righthand":{"scale":[0.0,0.0,0.0]},"firstperson_lefthand":{"scale":[0.0,0.0,0.0]},"ground":{"translation":[0.0,4.25,0.0],"scale":[0.47265,0.47265,0.47265]},"gui":{"rotation":[-149.61,-31.92,-180.0],"translation":[0.0,4.25,0.0],"scale":[1.04687,1.04687,1.04687]},"head":{"translation":[0.0,9.0,0.0],"scale":[1.82031,1.82031,1.82031]}}}