{"textures":{"0":"mcc:island_cosmetics/head/hairstyles","particle":"mcc:island_cosmetics/head/hairstyles"},"credit":"Made with Blockbench","texture_size":[128.0,128.0],"elements":[{"from":[4.0,-1.0,4.0],"to":[12.0,7.0,12.0],"rotation":{"angle":0.0,"axis":"y","origin":[15.0,8.0,14.0]},"faces":{"north":{"uv":[5.375,7.375,6.375,8.375],"texture":"#0","tintindex":0.0},"east":{"uv":[4.375,7.375,5.375,8.375],"texture":"#0","tintindex":0.0},"south":{"uv":[3.375,7.375,4.375,8.375],"texture":"#0","tintindex":0.0},"west":{"uv":[5.375,7.375,4.375,8.375],"texture":"#0","tintindex":0.0},"up":{"uv":[1.875,3.0,0.875,2.0],"texture":"#0","tintindex":0.0},"down":{"uv":[3.625,1.5,3.5,1.625],"texture":"#0","tintindex":0.0}}},{"from":[4.0,7.0,4.0],"to":[12.0,9.0,12.0],"rotation":{"angle":0.0,"axis":"y","origin":[15.0,15.0,14.0]},"faces":{"north":{"uv":[6.375,7.375,7.375,7.625],"texture":"#0","tintindex":0.0},"east":{"uv":[6.375,7.75,7.375,8.0],"texture":"#0","tintindex":0.0},"south":{"uv":[6.375,7.75,6.5,8.125],"texture":"#0","tintindex":0.0},"west":{"uv":[7.375,7.75,6.375,8.0],"texture":"#0","tintindex":0.0},"up":{"uv":[6.375,7.75,6.5,8.125],"texture":"#0","tintindex":0.0},"down":{"uv":[3.625,1.5,3.5,1.625],"texture":"#0","tintindex":0.0}}},{"name":"cube inverted","from":[12.0,7.0,12.0],"to":[4.0,-1.0,4.0],"rotation":{"angle":0.0,"axis":"y","origin":[-15.0,-8.0,-14.0]},"faces":{"north":{"uv":[3.375,8.375,4.375,7.375],"texture":"#0","tintindex":0.0},"east":{"uv":[5.375,8.375,4.375,7.375],"texture":"#0","tintindex":0.0},"south":{"uv":[5.375,8.375,6.375,7.375],"texture":"#0","tintindex":0.0},"west":{"uv":[4.375,8.375,5.375,7.375],"texture":"#0","tintindex":0.0},"up":{"uv":[3.5,1.5,3.625,1.625],"texture":"#0","tintindex":0.0},"down":{"uv":[0.875,3.0,1.875,2.0],"texture":"#0","tintindex":0.0}}},{"name":"cube inverted","from":[12.0,9.0,12.0],"to":[4.0,7.0,4.0],"rotation":{"angle":0.0,"axis":"y","origin":[15.0,15.0,14.0]},"faces":{"north":{"uv":[6.375,8.125,6.5,7.75],"texture":"#0","tintindex":0.0},"east":{"uv":[7.375,8.0,6.375,7.75],"texture":"#0","tintindex":0.0},"south":{"uv":[6.375,7.625,7.375,7.375],"texture":"#0","tintindex":0.0},"west":{"uv":[6.375,8.0,7.375,7.75],"texture":"#0","tintindex":0.0},"up":{"uv":[3.5,1.5,3.625,1.625],"texture":"#0","tintindex":0.0},"down":{"uv":[6.5,7.75,6.375,8.125],"texture":"#0","tintindex":0.0}}}],"gui_light":"front","display":{"thirdperson_righthand":{"rotation":[65.75,0.0,0.0],"translation":[0.0,1.5,1.25],"scale":[0.0,0.0,0.0]},"thirdperson_lefthand":{"rotation":[65.75,0.0,0.0],"translation":[0.0,1.5,1.25],"scale":[0.0,0.0,0.0]},"firstperson_righthand":{"scale":[0.0,0.0,0.0]},"firstperson_lefthand":{"scale":[0.0,0.0,0.0]},"ground":{"translation":[0.0,4.25,0.0],"scale":[0.47265,0.47265,0.47265]},"gui":{"rotation":[-149.61,-31.92,-180.0],"translation":[0.0,3.25,0.0],"scale":[1.08007,1.08007,1.08007]},"head":{"translation":[0.0,8.75,0.0],"scale":[1.82031,1.82031,1.82031]}}}