{"textures":{"0":"mcc:island_cosmetics/head/hairstyles","particle":"mcc:island_cosmetics/head/hairstyles"},"credit":"Made with Blockbench","texture_size":[128.0,128.0],"elements":[{"from":[7.0,-1.0,3.0],"to":[10.0,0.0,4.0],"rotation":{"angle":0.0,"axis":"y","origin":[15.0,7.0,14.0]},"faces":{"north":{"uv":[11.25,3.0,11.625,3.125],"texture":"#0","tintindex":0.0},"east":{"uv":[11.25,3.0,11.375,3.125],"texture":"#0","tintindex":0.0},"south":{"uv":[11.25,3.0,11.625,3.125],"texture":"#0","tintindex":0.0},"west":{"uv":[11.25,3.0,11.375,3.125],"texture":"#0","tintindex":0.0},"up":{"uv":[11.25,3.0,11.625,3.125],"texture":"#0","tintindex":0.0},"down":{"uv":[11.25,3.0,11.625,3.125],"texture":"#0","tintindex":0.0}}},{"from":[7.0,-3.0,3.5],"to":[10.0,-1.0,3.5],"rotation":{"angle":0.0,"axis":"y","origin":[15.0,10.0,13.5]},"faces":{"north":{"uv":[11.25,3.125,11.625,3.375],"texture":"#0","tintindex":0.0},"east":{"uv":[10.25,3.0,10.25,3.625],"texture":"#0","tintindex":0.0},"south":{"uv":[11.25,3.125,11.625,3.375],"texture":"#0","tintindex":0.0},"west":{"uv":[11.25,3.0,11.25,3.625],"texture":"#0","tintindex":0.0},"up":{"uv":[11.25,3.0,10.25,3.0],"texture":"#0","tintindex":0.0},"down":{"uv":[12.25,3.0,11.25,3.0],"texture":"#0","tintindex":0.0}}}],"gui_light":"front","display":{"thirdperson_righthand":{"rotation":[65.75,0.0,0.0],"translation":[0.0,1.5,1.25],"scale":[0.0,0.0,0.0]},"thirdperson_lefthand":{"rotation":[65.75,0.0,0.0],"translation":[0.0,1.5,1.25],"scale":[0.0,0.0,0.0]},"firstperson_righthand":{"scale":[0.0,0.0,0.0]},"firstperson_lefthand":{"scale":[0.0,0.0,0.0]},"ground":{"translation":[0.0,4.25,0.0],"scale":[0.47265,0.47265,0.47265]},"gui":{"rotation":[-149.61,-31.92,-180.0],"translation":[-5.25,28.5,0.0],"scale":[2.83788,2.83788,2.83788]},"head":{"translation":[-1.0,8.75,2.5],"scale":[1.82031,1.82031,1.82031]}}}