{"textures":{"0":"mcc:island_cosmetics/head/hairstyles","1":"mcc:island_cosmetics/head/hairstyles_2","particle":"mcc:island_cosmetics/head/hairstyles"},"credit":"Made with Blockbench","texture_size":[128.0,128.0],"elements":[{"from":[4.0,-5.0,3.0],"to":[12.0,1.0,5.0],"rotation":{"angle":0.0,"axis":"y","origin":[15.0,8.0,14.0]},"faces":{"north":{"uv":[2.0,3.25,3.0,4.0],"texture":"#0","tintindex":0.0},"east":{"uv":[1.75,3.25,2.0,4.0],"texture":"#0","tintindex":0.0},"south":{"uv":[2.0,3.25,3.0,4.0],"texture":"#0","tintindex":0.0},"west":{"uv":[3.0,3.25,3.25,4.0],"texture":"#0","tintindex":0.0},"up":{"uv":[3.0,3.25,2.0,3.0],"texture":"#0","tintindex":0.0},"down":{"uv":[4.0,3.0,3.0,3.25],"texture":"#0","tintindex":0.0}}},{"from":[4.0,-10.0,3.75],"to":[12.0,-5.0,3.75],"rotation":{"angle":0.0,"axis":"y","origin":[15.0,8.0,13.75]},"faces":{"north":{"uv":[10.625,12.625,11.625,13.25],"texture":"#0","tintindex":0.0},"east":{"uv":[1.75,4.375,1.75,5.0],"texture":"#0","tintindex":0.0},"south":{"uv":[5.5,8.75,4.5,9.375],"texture":"#0","tintindex":0.0},"west":{"uv":[2.75,4.375,2.75,5.0],"texture":"#0","tintindex":0.0},"up":{"uv":[2.75,4.375,1.75,4.375],"texture":"#0","tintindex":0.0},"down":{"uv":[3.75,4.375,2.75,4.375],"texture":"#0","tintindex":0.0}}},{"from":[3.0,1.0,3.75],"to":[13.0,3.0,3.75],"rotation":{"angle":0.0,"axis":"y","origin":[15.0,8.0,14.0]},"faces":{"north":{"uv":[10.625,11.375,11.875,11.625],"texture":"#0","tintindex":0.0},"east":{"uv":[1.625,4.125,1.625,4.375],"texture":"#0","tintindex":0.0},"south":{"uv":[4.375,8.375,5.625,8.625],"texture":"#0","tintindex":0.0},"west":{"uv":[2.875,4.125,2.875,4.375],"texture":"#0","tintindex":0.0},"up":{"uv":[2.875,4.125,1.625,4.125],"texture":"#0","tintindex":0.0},"down":{"uv":[4.125,4.125,2.875,4.125],"texture":"#0","tintindex":0.0}}},{"from":[4.04,0.04,4.04],"to":[11.96,7.96,11.96],"rotation":{"angle":0.0,"axis":"y","origin":[15.0,9.0,14.0]},"faces":{"north":{"uv":[12.75,11.0,13.75,12.0],"texture":"#0","tintindex":0.0},"east":{"uv":[2.375,8.375,3.375,9.375],"texture":"#0","tintindex":0.0},"south":{"uv":[4.375,4.0,3.375,5.0],"texture":"#1","tintindex":0.0},"west":{"uv":[3.375,8.375,2.375,9.375],"texture":"#0","tintindex":0.0},"up":{"uv":[1.875,3.0,0.875,2.0],"texture":"#0","tintindex":0.0},"down":{"uv":[3.625,1.5,3.5,1.625],"texture":"#0","tintindex":0.0}}},{"from":[0.98,-7.52,3.98],"to":[8.02,0.52,12.02],"rotation":{"angle":0.0,"axis":"y","origin":[-2.10294,3.19793,14.0]},"faces":{"north":{"uv":[12.625,11.625,11.625,12.625],"texture":"#0","tintindex":0.0},"east":{"uv":[12.375,11.625,12.125,12.625],"texture":"#0","tintindex":0.0},"south":{"uv":[11.625,11.625,10.625,12.625],"texture":"#0","tintindex":0.0},"west":{"uv":[11.625,11.625,10.625,12.625],"texture":"#0","tintindex":0.0},"up":{"uv":[12.125,11.625,12.25,12.625],"texture":"#0","tintindex":0.0},"down":{"uv":[3.5,1.5,3.625,1.625],"texture":"#0","tintindex":0.0}}},{"from":[2.018,-1.38547,4.0],"to":[5.018,6.61453,12.0],"rotation":{"angle":-22.5,"axis":"z","origin":[6.24844,2.11619,8.0]},"faces":{"north":{"uv":[14.0,12.0,13.625,13.0],"texture":"#0","tintindex":0.0},"east":{"uv":[0.75,8.5,0.875,9.5],"texture":"#0","tintindex":0.0},"south":{"uv":[13.625,12.0,14.0,13.0],"texture":"#0","tintindex":0.0},"west":{"uv":[13.625,12.0,12.625,13.0],"texture":"#0","tintindex":0.0},"up":{"uv":[13.625,12.0,14.0,12.125],"texture":"#0","tintindex":0.0},"down":{"uv":[13.625,12.875,14.0,13.0],"texture":"#0","tintindex":0.0}}},{"from":[10.982,-1.38547,4.0],"to":[13.982,6.61453,12.0],"rotation":{"angle":22.5,"axis":"z","origin":[9.75156,2.11619,8.0]},"faces":{"north":{"uv":[13.625,12.0,14.0,13.0],"texture":"#0","tintindex":0.0},"east":{"uv":[12.625,12.0,13.625,13.0],"texture":"#0","tintindex":0.0},"south":{"uv":[14.0,12.0,13.625,13.0],"texture":"#0","tintindex":0.0},"west":{"uv":[0.875,8.5,0.75,9.5],"texture":"#0","tintindex":0.0},"up":{"uv":[14.0,12.0,13.625,12.125],"texture":"#0","tintindex":0.0},"down":{"uv":[14.0,12.875,13.625,13.0],"texture":"#0","tintindex":0.0}}},{"from":[7.98,-7.52,3.98],"to":[15.02,0.52,12.02],"rotation":{"angle":0.0,"axis":"y","origin":[18.10294,3.19793,14.0]},"faces":{"north":{"uv":[11.625,11.625,12.625,12.625],"texture":"#0","tintindex":0.0},"east":{"uv":[10.625,11.625,11.625,12.625],"texture":"#0","tintindex":0.0},"south":{"uv":[10.625,11.625,11.625,12.625],"texture":"#0","tintindex":0.0},"west":{"uv":[12.125,11.625,12.375,12.625],"texture":"#0","tintindex":0.0},"up":{"uv":[12.25,11.625,12.125,12.625],"texture":"#0","tintindex":0.0},"down":{"uv":[3.625,1.5,3.5,1.625],"texture":"#0","tintindex":0.0}}},{"name":"cube inverted","from":[13.982,6.61453,12.0],"to":[10.982,-1.38547,4.0],"rotation":{"angle":22.5,"axis":"z","origin":[9.75156,2.11619,8.0]},"faces":{"north":{"uv":[14.0,13.0,13.625,12.0],"texture":"#0","tintindex":0.0},"east":{"uv":[0.875,9.5,0.75,8.5],"texture":"#0","tintindex":0.0},"south":{"uv":[13.625,13.0,14.0,12.0],"texture":"#0","tintindex":0.0},"west":{"uv":[12.625,13.0,13.625,12.0],"texture":"#0","tintindex":0.0},"up":{"uv":[13.625,12.875,14.0,13.0],"texture":"#0","tintindex":0.0},"down":{"uv":[13.625,12.0,14.0,12.125],"texture":"#0","tintindex":0.0}}},{"name":"cube inverted","from":[15.02,0.52,12.02],"to":[7.98,-7.52,3.98],"rotation":{"angle":0.0,"axis":"y","origin":[18.10294,3.19793,14.0]},"faces":{"north":{"uv":[10.625,12.625,11.625,11.625],"texture":"#0","tintindex":0.0},"east":{"uv":[12.125,12.625,12.375,11.625],"texture":"#0","tintindex":0.0},"south":{"uv":[11.625,12.625,12.625,11.625],"texture":"#0","tintindex":0.0},"west":{"uv":[10.625,12.625,11.625,11.625],"texture":"#0","tintindex":0.0},"up":{"uv":[3.5,1.5,3.625,1.625],"texture":"#0","tintindex":0.0},"down":{"uv":[12.125,11.625,12.25,12.625],"texture":"#0","tintindex":0.0}}},{"name":"cube inverted","from":[11.96,7.96,11.96],"to":[4.04,0.04,4.04],"rotation":{"angle":0.0,"axis":"y","origin":[15.0,9.0,14.0]},"faces":{"north":{"uv":[4.375,5.0,3.375,4.0],"texture":"#1","tintindex":0.0},"east":{"uv":[3.375,9.375,2.375,8.375],"texture":"#0","tintindex":0.0},"south":{"uv":[12.75,12.0,13.75,11.0],"texture":"#0","tintindex":0.0},"west":{"uv":[2.375,9.375,3.375,8.375],"texture":"#0","tintindex":0.0},"up":{"uv":[3.5,1.5,3.625,1.625],"texture":"#0","tintindex":0.0},"down":{"uv":[0.875,3.0,1.875,2.0],"texture":"#0","tintindex":0.0}}},{"name":"cube inverted","from":[5.018,6.61453,12.0],"to":[2.018,-1.38547,4.0],"rotation":{"angle":-22.5,"axis":"z","origin":[6.24844,2.11619,8.0]},"faces":{"north":{"uv":[13.625,13.0,14.0,12.0],"texture":"#0","tintindex":0.0},"east":{"uv":[13.625,13.0,12.625,12.0],"texture":"#0","tintindex":0.0},"south":{"uv":[14.0,13.0,13.625,12.0],"texture":"#0","tintindex":0.0},"west":{"uv":[0.75,9.5,0.875,8.5],"texture":"#0","tintindex":0.0},"up":{"uv":[14.0,12.875,13.625,13.0],"texture":"#0","tintindex":0.0},"down":{"uv":[14.0,12.0,13.625,12.125],"texture":"#0","tintindex":0.0}}},{"name":"cube inverted","from":[8.02,0.52,12.02],"to":[0.98,-7.52,3.98],"rotation":{"angle":0.0,"axis":"y","origin":[-2.10294,3.19793,14.0]},"faces":{"north":{"uv":[11.625,12.625,10.625,11.625],"texture":"#0","tintindex":0.0},"east":{"uv":[11.625,12.625,10.625,11.625],"texture":"#0","tintindex":0.0},"south":{"uv":[12.625,12.625,11.625,11.625],"texture":"#0","tintindex":0.0},"west":{"uv":[12.375,12.625,12.125,11.625],"texture":"#0","tintindex":0.0},"up":{"uv":[3.625,1.5,3.5,1.625],"texture":"#0","tintindex":0.0},"down":{"uv":[12.25,11.625,12.125,12.625],"texture":"#0","tintindex":0.0}}}],"gui_light":"front","display":{"thirdperson_righthand":{"rotation":[65.75,0.0,0.0],"translation":[0.0,1.5,1.25],"scale":[0.0,0.0,0.0]},"thirdperson_lefthand":{"rotation":[65.75,0.0,0.0],"translation":[0.0,1.5,1.25],"scale":[0.0,0.0,0.0]},"firstperson_righthand":{"scale":[0.0,0.0,0.0]},"firstperson_lefthand":{"scale":[0.0,0.0,0.0]},"ground":{"translation":[0.0,4.25,0.0],"scale":[0.47265,0.47265,0.47265]},"gui":{"rotation":[-149.61,-31.92,-180.0],"translation":[0.0,5.25,0.0],"scale":[0.69921,0.69921,0.69921]},"head":{"translation":[0.0,7.5,0.0],"scale":[1.82031,1.82031,1.84961]}}}