{"textures":{"0":"mcc:island_cosmetics/head/hairstyles","1":"mcc:island_cosmetics/head/hairstyles_2","particle":"mcc:island_cosmetics/head/hairstyles"},"credit":"Made with Blockbench","texture_size":[128.0,128.0],"elements":[{"from":[4.0,-1.0,4.0],"to":[12.0,7.0,12.0],"rotation":{"angle":0.0,"axis":"y","origin":[15.0,8.0,14.0]},"faces":{"north":{"uv":[9.875,9.75,10.875,10.75],"texture":"#0","tintindex":0.0},"east":{"uv":[7.875,8.875,8.875,9.875],"texture":"#0","tintindex":0.0},"south":{"uv":[6.875,8.875,7.875,9.875],"texture":"#0","tintindex":0.0},"west":{"uv":[8.875,8.875,7.875,9.875],"texture":"#0","tintindex":0.0},"up":{"uv":[3.5,1.5,3.625,1.625],"texture":"#0","tintindex":0.0},"down":{"uv":[3.625,1.5,3.5,1.625],"texture":"#0","tintindex":0.0}}},{"from":[4.0,7.0,4.0],"to":[12.0,10.0,12.0],"rotation":{"angle":0.0,"axis":"y","origin":[15.0,8.0,14.0]},"faces":{"north":{"uv":[7.875,9.875,8.875,10.25],"texture":"#0","tintindex":0.0},"east":{"uv":[7.875,9.875,8.875,10.25],"texture":"#0","tintindex":0.0},"south":{"uv":[7.875,9.875,8.875,10.25],"texture":"#0","tintindex":0.0},"west":{"uv":[7.875,9.875,8.875,10.25],"texture":"#0","tintindex":0.0},"up":{"uv":[4.375,3.875,3.375,2.875],"texture":"#1","tintindex":0.0},"down":{"uv":[3.625,1.5,3.5,1.625],"texture":"#0","tintindex":0.0}}},{"from":[3.9,3.9,3.9],"to":[12.1,10.1,12.1],"rotation":{"angle":0.0,"axis":"y","origin":[15.0,8.0,14.0]},"faces":{"north":{"uv":[4.5,4.25,5.5,5.0],"texture":"#1","tintindex":0.0},"east":{"uv":[6.625,4.25,5.625,5.0],"texture":"#1","tintindex":0.0},"south":{"uv":[4.5,4.25,5.5,5.0],"texture":"#1","tintindex":0.0},"west":{"uv":[5.625,4.25,6.625,5.0],"texture":"#1","tintindex":0.0},"up":{"uv":[4.5,2.875,5.5,3.875],"texture":"#1","tintindex":0.0},"down":{"uv":[1.875,4.625,2.0,4.75],"texture":"#1","tintindex":0.0}}},{"name":"cube inverted","from":[12.0,7.0,12.0],"to":[4.0,-1.0,4.0],"rotation":{"angle":0.0,"axis":"y","origin":[15.0,8.0,14.0]},"faces":{"north":{"uv":[6.875,9.875,7.875,8.875],"texture":"#0","tintindex":0.0},"east":{"uv":[8.875,9.875,7.875,8.875],"texture":"#0","tintindex":0.0},"south":{"uv":[9.875,10.75,10.875,9.75],"texture":"#0","tintindex":0.0},"west":{"uv":[7.875,9.875,8.875,8.875],"texture":"#0","tintindex":0.0},"up":{"uv":[3.5,1.5,3.625,1.625],"texture":"#0","tintindex":0.0},"down":{"uv":[3.625,1.5,3.5,1.625],"texture":"#0","tintindex":0.0}}},{"name":"cube inverted","from":[12.0,10.0,12.0],"to":[4.0,7.0,4.0],"rotation":{"angle":0.0,"axis":"y","origin":[15.0,8.0,14.0]},"faces":{"north":{"uv":[7.875,10.25,8.875,9.875],"texture":"#0","tintindex":0.0},"east":{"uv":[7.875,10.25,8.875,9.875],"texture":"#0","tintindex":0.0},"south":{"uv":[7.875,10.25,8.875,9.875],"texture":"#0","tintindex":0.0},"west":{"uv":[7.875,10.25,8.875,9.875],"texture":"#0","tintindex":0.0},"up":{"uv":[3.5,1.5,3.625,1.625],"texture":"#0","tintindex":0.0},"down":{"uv":[3.375,3.875,4.375,2.875],"texture":"#1","tintindex":0.0}}}],"gui_light":"front","display":{"thirdperson_righthand":{"rotation":[65.75,0.0,0.0],"translation":[0.0,1.5,1.25],"scale":[0.0,0.0,0.0]},"thirdperson_lefthand":{"rotation":[65.75,0.0,0.0],"translation":[0.0,1.5,1.25],"scale":[0.0,0.0,0.0]},"firstperson_righthand":{"scale":[0.0,0.0,0.0]},"firstperson_lefthand":{"scale":[0.0,0.0,0.0]},"ground":{"translation":[0.0,4.25,0.0],"scale":[0.47265,0.47265,0.47265]},"gui":{"rotation":[-149.61,-31.92,-180.0],"translation":[0.0,1.75,0.0],"scale":[1.04491,1.04491,1.04491]},"head":{"translation":[0.0,9.25,0.0],"scale":[1.82031,1.82031,1.82031]}}}