{"textures":{"0":"mcc:island_cosmetics/head/hairstyles","particle":"mcc:island_cosmetics/head/hairstyles"},"credit":"Made with Blockbench","texture_size":[128.0,128.0],"elements":[{"from":[4.0,-1.0,4.0],"to":[12.0,7.0,12.0],"rotation":{"angle":0.0,"axis":"y","origin":[15.0,8.0,14.0]},"faces":{"north":{"uv":[14.25,9.5,15.25,10.5],"texture":"#0","tintindex":0.0},"east":{"uv":[13.25,9.5,14.25,10.5],"texture":"#0","tintindex":0.0},"south":{"uv":[2.0,1.0,3.0,2.0],"texture":"#0","tintindex":0.0},"west":{"uv":[14.25,9.5,13.25,10.5],"texture":"#0","tintindex":0.0},"up":{"uv":[1.875,3.0,0.875,2.0],"texture":"#0","tintindex":0.0},"down":{"uv":[3.625,1.5,3.5,1.625],"texture":"#0","tintindex":0.0}}},{"from":[4.0,-3.0,4.0],"to":[12.0,-1.0,6.0],"rotation":{"angle":0.0,"axis":"y","origin":[15.0,6.0,14.0]},"faces":{"north":{"uv":[14.25,10.5,15.25,10.75],"texture":"#0","tintindex":0.0},"east":{"uv":[14.0,10.5,14.25,10.75],"texture":"#0","tintindex":0.0},"south":{"uv":[14.0,10.5,14.125,10.75],"texture":"#0","tintindex":0.0},"west":{"uv":[14.25,10.5,14.0,10.75],"texture":"#0","tintindex":0.0},"up":{"uv":[1.875,3.0,0.875,2.0],"texture":"#0","tintindex":0.0},"down":{"uv":[3.625,1.5,3.5,1.625],"texture":"#0","tintindex":0.0}}},{"from":[6.0,3.4467,11.39645],"to":[10.0,7.4467,15.39645],"rotation":{"angle":0.0,"axis":"x","origin":[8.0,4.9467,13.39645]},"faces":{"north":{"uv":[2.875,0.375,3.0,0.5],"rotation":90.0,"texture":"#0","tintindex":0.0},"east":{"uv":[2.875,0.5,3.375,0.0],"rotation":90.0,"texture":"#0","tintindex":0.0},"south":{"uv":[2.25,14.25,2.75,14.75],"texture":"#0","tintindex":0.0},"west":{"uv":[2.875,0.0,3.375,0.5],"rotation":90.0,"texture":"#0","tintindex":0.0},"up":{"uv":[2.875,0.5,3.375,0.0],"texture":"#0","tintindex":0.0},"down":{"uv":[3.0,0.0,3.5,0.5],"texture":"#0","tintindex":0.0}}},{"name":"cube inverted","from":[12.0,7.0,12.0],"to":[4.0,-1.0,4.0],"rotation":{"angle":0.0,"axis":"y","origin":[-15.0,-8.0,-14.0]},"faces":{"north":{"uv":[2.0,2.0,3.0,1.0],"texture":"#0","tintindex":0.0},"east":{"uv":[14.25,10.5,13.25,9.5],"texture":"#0","tintindex":0.0},"south":{"uv":[14.25,10.5,15.25,9.5],"texture":"#0","tintindex":0.0},"west":{"uv":[13.25,10.5,14.25,9.5],"texture":"#0","tintindex":0.0},"up":{"uv":[3.5,1.5,3.625,1.625],"texture":"#0","tintindex":0.0},"down":{"uv":[0.875,3.0,1.875,2.0],"texture":"#0","tintindex":0.0}}}],"gui_light":"front","display":{"thirdperson_righthand":{"rotation":[65.75,0.0,0.0],"translation":[0.0,1.5,1.25],"scale":[0.0,0.0,0.0]},"thirdperson_lefthand":{"rotation":[65.75,0.0,0.0],"translation":[0.0,1.5,1.25],"scale":[0.0,0.0,0.0]},"firstperson_righthand":{"scale":[0.0,0.0,0.0]},"firstperson_lefthand":{"scale":[0.0,0.0,0.0]},"ground":{"translation":[0.0,4.25,0.0],"scale":[0.47265,0.47265,0.47265]},"gui":{"rotation":[-149.61,-31.92,-180.0],"translation":[0.0,4.0,0.0],"scale":[0.91601,0.91601,0.91601]},"head":{"translation":[0.0,9.25,0.0],"scale":[1.82031,1.82031,1.82031]}}}