{"textures":{"0":"mcc:island_cosmetics/head/hairstyles","particle":"mcc:island_cosmetics/head/hairstyles"},"credit":"Made with Blockbench","texture_size":[128.0,128.0],"elements":[{"from":[1.0,-2.0,3.75],"to":[15.0,4.0,3.75],"rotation":{"angle":0.0,"axis":"y","origin":[14.0,6.0,14.0]},"faces":{"north":{"uv":[14.25,4.875,16.0,5.625],"texture":"#0","tintindex":0.0},"east":{"uv":[10.5,2.5,10.5,3.0],"texture":"#0","tintindex":0.0},"south":{"uv":[14.25,4.875,16.0,5.625],"texture":"#0","tintindex":0.0},"west":{"uv":[11.75,2.5,11.75,3.0],"texture":"#0","tintindex":0.0},"up":{"uv":[11.75,2.5,10.5,2.5],"texture":"#0","tintindex":0.0},"down":{"uv":[13.0,2.5,11.75,2.5],"texture":"#0","tintindex":0.0}}}],"gui_light":"front","display":{"thirdperson_righthand":{"rotation":[65.75,0.0,0.0],"translation":[0.0,1.5,1.25],"scale":[0.0,0.0,0.0]},"thirdperson_lefthand":{"rotation":[65.75,0.0,0.0],"translation":[0.0,1.5,1.25],"scale":[0.0,0.0,0.0]},"firstperson_righthand":{"scale":[0.0,0.0,0.0]},"firstperson_lefthand":{"scale":[0.0,0.0,0.0]},"ground":{"translation":[0.0,4.25,0.0],"scale":[0.47265,0.47265,0.47265]},"gui":{"rotation":[-149.61,-31.92,-180.0],"translation":[-3.5,12.0,0.0],"scale":[1.55273,1.55273,1.55273]},"head":{"translation":[0.0,5.75,0.5],"scale":[1.82031,1.82031,1.82031]}}}