{"textures":{"0":"mcc:island_cosmetics/head/hairstyles","particle":"mcc:island_cosmetics/head/hairstyles"},"credit":"Made with Blockbench","texture_size":[128.0,128.0],"elements":[{"from":[4.0,-5.0,3.0],"to":[12.0,1.0,5.0],"rotation":{"angle":0.0,"axis":"y","origin":[15.0,8.0,14.0]},"faces":{"north":{"uv":[2.0,3.25,3.0,4.0],"texture":"#0","tintindex":0.0},"east":{"uv":[1.75,3.25,2.0,4.0],"texture":"#0","tintindex":0.0},"south":{"uv":[2.0,3.25,3.0,4.0],"texture":"#0","tintindex":0.0},"west":{"uv":[3.0,3.25,3.25,4.0],"texture":"#0","tintindex":0.0},"up":{"uv":[3.0,3.25,2.0,3.0],"texture":"#0","tintindex":0.0},"down":{"uv":[4.0,3.0,3.0,3.25],"texture":"#0","tintindex":0.0}}},{"from":[4.0,-10.0,4.0],"to":[12.0,-5.0,4.0],"rotation":{"angle":0.0,"axis":"y","origin":[15.0,8.0,14.0]},"faces":{"north":{"uv":[4.5,8.75,5.5,9.375],"texture":"#0","tintindex":0.0},"east":{"uv":[1.75,4.375,1.75,5.0],"texture":"#0","tintindex":0.0},"south":{"uv":[5.5,8.75,4.5,9.375],"texture":"#0","tintindex":0.0},"west":{"uv":[2.75,4.375,2.75,5.0],"texture":"#0","tintindex":0.0},"up":{"uv":[2.75,4.375,1.75,4.375],"texture":"#0","tintindex":0.0},"down":{"uv":[3.75,4.375,2.75,4.375],"texture":"#0","tintindex":0.0}}},{"from":[12.0,1.0,11.0],"to":[14.0,6.0,11.0],"rotation":{"angle":0.0,"axis":"y","origin":[17.0,19.0,21.0]},"faces":{"north":{"uv":[4.5,9.375,4.75,10.0],"texture":"#0","tintindex":0.0},"east":{"uv":[1.75,4.375,1.75,5.0],"texture":"#0","tintindex":0.0},"south":{"uv":[4.75,9.375,4.5,10.0],"texture":"#0","tintindex":0.0},"west":{"uv":[2.75,4.375,2.75,5.0],"texture":"#0","tintindex":0.0},"up":{"uv":[2.75,4.375,1.75,4.375],"texture":"#0","tintindex":0.0},"down":{"uv":[3.75,4.375,2.75,4.375],"texture":"#0","tintindex":0.0}}},{"from":[2.0,1.0,11.0],"to":[4.0,6.0,11.0],"rotation":{"angle":0.0,"axis":"y","origin":[-1.0,19.0,21.0]},"faces":{"north":{"uv":[4.75,9.375,4.5,10.0],"texture":"#0","tintindex":0.0},"east":{"uv":[2.75,4.375,2.75,5.0],"texture":"#0","tintindex":0.0},"south":{"uv":[4.5,9.375,4.75,10.0],"texture":"#0","tintindex":0.0},"west":{"uv":[1.75,4.375,1.75,5.0],"texture":"#0","tintindex":0.0},"up":{"uv":[1.75,4.375,2.75,4.375],"texture":"#0","tintindex":0.0},"down":{"uv":[2.75,4.375,3.75,4.375],"texture":"#0","tintindex":0.0}}},{"from":[3.0,1.0,3.75],"to":[13.0,3.0,3.75],"rotation":{"angle":0.0,"axis":"y","origin":[15.0,8.0,14.0]},"faces":{"north":{"uv":[4.375,8.375,5.625,8.625],"texture":"#0","tintindex":0.0},"east":{"uv":[1.625,4.125,1.625,4.375],"texture":"#0","tintindex":0.0},"south":{"uv":[4.375,8.375,5.625,8.625],"texture":"#0","tintindex":0.0},"west":{"uv":[2.875,4.125,2.875,4.375],"texture":"#0","tintindex":0.0},"up":{"uv":[2.875,4.125,1.625,4.125],"texture":"#0","tintindex":0.0},"down":{"uv":[4.125,4.125,2.875,4.125],"texture":"#0","tintindex":0.0}}},{"from":[4.0,-5.0,4.0],"to":[12.0,0.0,12.0],"rotation":{"angle":0.0,"axis":"y","origin":[15.0,1.0,14.0]},"faces":{"north":{"uv":[4.5,3.25,4.375,3.125],"texture":"#0","tintindex":0.0},"east":{"uv":[2.375,9.375,3.375,10.0],"texture":"#0","tintindex":0.0},"south":{"uv":[4.375,9.375,3.375,10.0],"texture":"#0","tintindex":0.0},"west":{"uv":[3.375,9.375,2.375,10.0],"texture":"#0","tintindex":0.0},"up":{"uv":[4.5,3.25,4.375,3.125],"texture":"#0","tintindex":0.0},"down":{"uv":[3.625,1.5,3.5,1.625],"texture":"#0","tintindex":0.0}}},{"from":[4.0,0.0,4.0],"to":[12.0,8.0,12.0],"rotation":{"angle":0.0,"axis":"y","origin":[15.0,9.0,14.0]},"faces":{"north":{"uv":[2.375,7.375,3.375,8.375],"texture":"#0","tintindex":0.0},"east":{"uv":[2.375,8.375,3.375,9.375],"texture":"#0","tintindex":0.0},"south":{"uv":[4.375,8.375,3.375,9.375],"texture":"#0","tintindex":0.0},"west":{"uv":[3.375,8.375,2.375,9.375],"texture":"#0","tintindex":0.0},"up":{"uv":[1.875,3.0,0.875,2.0],"texture":"#0","tintindex":0.0},"down":{"uv":[3.625,1.5,3.5,1.625],"texture":"#0","tintindex":0.0}}},{"name":"cube inverted","from":[12.0,8.0,12.0],"to":[4.0,0.0,4.0],"rotation":{"angle":0.0,"axis":"y","origin":[-15.0,-9.0,-14.0]},"faces":{"north":{"uv":[4.375,9.375,3.375,8.375],"texture":"#0","tintindex":0.0},"east":{"uv":[3.375,9.375,2.375,8.375],"texture":"#0","tintindex":0.0},"south":{"uv":[2.375,8.375,3.375,7.375],"texture":"#0","tintindex":0.0},"west":{"uv":[2.375,9.375,3.375,8.375],"texture":"#0","tintindex":0.0},"up":{"uv":[3.5,1.5,3.625,1.625],"texture":"#0","tintindex":0.0},"down":{"uv":[0.875,3.0,1.875,2.0],"texture":"#0","tintindex":0.0}}},{"name":"cube inverted","from":[12.0,0.0,12.0],"to":[4.0,-5.0,4.0],"rotation":{"angle":0.0,"axis":"y","origin":[-15.0,-1.0,-14.0]},"faces":{"north":{"uv":[4.375,10.0,3.375,9.375],"texture":"#0","tintindex":0.0},"east":{"uv":[3.375,10.0,2.375,9.375],"texture":"#0","tintindex":0.0},"south":{"uv":[4.5,3.125,4.375,3.25],"texture":"#0","tintindex":0.0},"west":{"uv":[2.375,10.0,3.375,9.375],"texture":"#0","tintindex":0.0},"up":{"uv":[3.5,1.5,3.625,1.625],"texture":"#0","tintindex":0.0},"down":{"uv":[4.375,3.25,4.5,3.125],"texture":"#0","tintindex":0.0}}}],"gui_light":"front","display":{"thirdperson_righthand":{"rotation":[65.75,0.0,0.0],"translation":[0.0,1.5,1.25],"scale":[0.0,0.0,0.0]},"thirdperson_lefthand":{"rotation":[65.75,0.0,0.0],"translation":[0.0,1.5,1.25],"scale":[0.0,0.0,0.0]},"firstperson_righthand":{"scale":[0.0,0.0,0.0]},"firstperson_lefthand":{"scale":[0.0,0.0,0.0]},"ground":{"translation":[0.0,4.25,0.0],"scale":[0.47265,0.47265,0.47265]},"gui":{"rotation":[-149.61,-31.92,-180.0],"translation":[0.0,5.25,0.0],"scale":[0.70312,0.70312,0.70312]},"head":{"translation":[0.0,7.25,0.5],"scale":[1.82031,1.82031,1.82031]}}}