{"textures":{"0":"mcc:island_cosmetics/head/hairstyles","1":"mcc:island_cosmetics/head/hairstyles_2","particle":"mcc:island_cosmetics/head/hairstyles"},"credit":"Made with Blockbench","texture_size":[128.0,128.0],"elements":[{"from":[3.99,-1.01,3.99],"to":[12.01,7.01,12.01],"rotation":{"angle":0.0,"axis":"y","origin":[15.0,8.0,14.0]},"faces":{"north":{"uv":[11.25,8.75,12.25,9.75],"texture":"#0","tintindex":0.0},"east":{"uv":[8.875,8.875,9.875,9.875],"texture":"#0","tintindex":0.0},"south":{"uv":[1.0025,5.125,0.0025,6.125],"texture":"#1","tintindex":0.0},"west":{"uv":[9.875,8.875,8.875,9.875],"texture":"#0","tintindex":0.0},"up":{"uv":[6.875,1.75,5.875,0.75],"texture":"#1","tintindex":0.0},"down":{"uv":[3.625,1.5,3.5,1.625],"texture":"#0","tintindex":0.0}}},{"from":[11.75,-3.0,4.0],"to":[14.75,0.0,12.0],"rotation":{"angle":0.0,"axis":"y","origin":[19.75,5.0,12.0]},"faces":{"north":{"uv":[10.875,8.75,11.25,9.125],"texture":"#0","tintindex":0.0},"east":{"uv":[9.875,8.75,10.875,9.125],"texture":"#0","tintindex":0.0},"south":{"uv":[11.25,8.75,10.875,9.125],"texture":"#0","tintindex":0.0},"west":{"uv":[1.25,5.125,2.25,5.5],"texture":"#1","tintindex":0.0},"up":{"uv":[10.875,8.875,9.875,8.75],"rotation":90.0,"texture":"#0","tintindex":0.0},"down":{"uv":[1.25,5.5,2.25,5.875],"rotation":90.0,"texture":"#1","tintindex":0.0}}},{"from":[4.0,-3.0,11.75],"to":[12.0,0.0,14.75],"rotation":{"angle":0.0,"axis":"y","origin":[8.0,0.5,13.0]},"faces":{"north":{"uv":[1.25,5.125,2.25,5.5],"texture":"#1","tintindex":0.0},"east":{"uv":[10.875,8.75,11.25,9.125],"texture":"#0","tintindex":0.0},"south":{"uv":[9.875,8.75,10.875,9.125],"texture":"#0","tintindex":0.0},"west":{"uv":[11.25,8.75,10.875,9.125],"texture":"#0","tintindex":0.0},"up":{"uv":[10.875,8.875,9.875,8.75],"rotation":180.0,"texture":"#0","tintindex":0.0},"down":{"uv":[1.25,5.5,2.25,5.875],"texture":"#1","tintindex":0.0}}},{"from":[1.25,-3.0,4.0],"to":[4.25,0.0,12.0],"rotation":{"angle":0.0,"axis":"y","origin":[-3.75,5.0,12.0]},"faces":{"north":{"uv":[11.25,8.75,10.875,9.125],"texture":"#0","tintindex":0.0},"east":{"uv":[1.25,5.125,2.25,5.5],"texture":"#1","tintindex":0.0},"south":{"uv":[10.875,8.75,11.25,9.125],"texture":"#0","tintindex":0.0},"west":{"uv":[10.875,8.75,9.875,9.125],"texture":"#0","tintindex":0.0},"up":{"uv":[10.875,8.75,9.875,8.875],"rotation":90.0,"texture":"#0","tintindex":0.0},"down":{"uv":[1.25,5.5,2.25,5.875],"rotation":270.0,"texture":"#1","tintindex":0.0}}},{"from":[11.75,0.0,4.0],"to":[13.75,5.0,12.0],"rotation":{"angle":0.0,"axis":"y","origin":[19.75,8.0,12.0]},"faces":{"north":{"uv":[10.875,9.125,11.125,9.75],"texture":"#0","tintindex":0.0},"east":{"uv":[9.875,9.125,10.875,9.75],"texture":"#0","tintindex":0.0},"south":{"uv":[11.125,9.125,10.875,9.75],"texture":"#0","tintindex":0.0},"west":{"uv":[9.875,9.125,10.875,9.75],"texture":"#0","tintindex":0.0},"up":{"uv":[10.875,9.125,9.875,9.375],"rotation":90.0,"texture":"#0","tintindex":0.0},"down":{"uv":[9.875,9.625,10.875,9.75],"rotation":90.0,"texture":"#0","tintindex":0.0}}},{"from":[4.0,0.0,11.75],"to":[12.0,5.0,13.75],"rotation":{"angle":0.0,"axis":"y","origin":[8.0,0.5,13.0]},"faces":{"north":{"uv":[9.875,9.125,10.875,9.75],"texture":"#0","tintindex":0.0},"east":{"uv":[10.875,9.125,11.125,9.75],"texture":"#0","tintindex":0.0},"south":{"uv":[9.875,9.125,10.875,9.75],"texture":"#0","tintindex":0.0},"west":{"uv":[11.125,9.125,10.875,9.75],"texture":"#0","tintindex":0.0},"up":{"uv":[10.875,9.125,9.875,9.375],"rotation":180.0,"texture":"#0","tintindex":0.0},"down":{"uv":[9.875,9.625,10.875,9.75],"texture":"#0","tintindex":0.0}}},{"from":[2.25,0.0,4.0],"to":[4.25,5.0,12.0],"rotation":{"angle":0.0,"axis":"y","origin":[-3.75,8.0,12.0]},"faces":{"north":{"uv":[11.125,9.125,10.875,9.75],"texture":"#0","tintindex":0.0},"east":{"uv":[10.875,9.125,9.875,9.75],"texture":"#0","tintindex":0.0},"south":{"uv":[10.875,9.125,11.125,9.75],"texture":"#0","tintindex":0.0},"west":{"uv":[10.875,9.125,9.875,9.75],"texture":"#0","tintindex":0.0},"up":{"uv":[10.875,9.375,9.875,9.125],"rotation":90.0,"texture":"#0","tintindex":0.0},"down":{"uv":[9.875,9.75,10.875,9.625],"rotation":90.0,"texture":"#0","tintindex":0.0}}},{"name":"cube inverted","from":[12.01,7.01,12.01],"to":[3.99,-1.01,3.99],"rotation":{"angle":0.0,"axis":"y","origin":[15.0,8.0,14.0]},"faces":{"north":{"uv":[1.0025,6.125,0.0025,5.125],"texture":"#1","tintindex":0.0},"east":{"uv":[9.875,9.875,8.875,8.875],"texture":"#0","tintindex":0.0},"south":{"uv":[11.25,9.75,12.25,8.75],"texture":"#0","tintindex":0.0},"west":{"uv":[8.875,9.875,9.875,8.875],"texture":"#0","tintindex":0.0},"up":{"uv":[3.5,1.5,3.625,1.625],"texture":"#0","tintindex":0.0},"down":{"uv":[5.875,1.75,6.875,0.75],"texture":"#1","tintindex":0.0}}}],"gui_light":"front","display":{"thirdperson_righthand":{"rotation":[65.75,0.0,0.0],"translation":[0.0,1.5,1.25],"scale":[0.0,0.0,0.0]},"thirdperson_lefthand":{"rotation":[65.75,0.0,0.0],"translation":[0.0,1.5,1.25],"scale":[0.0,0.0,0.0]},"firstperson_righthand":{"scale":[0.0,0.0,0.0]},"firstperson_lefthand":{"scale":[0.0,0.0,0.0]},"ground":{"translation":[0.0,4.25,0.0],"scale":[0.47265,0.47265,0.47265]},"gui":{"rotation":[-149.61,-31.92,-180.0],"translation":[0.0,4.75,0.0],"scale":[0.82616,0.82616,0.82616]},"head":{"translation":[0.0,11.75,0.0],"scale":[1.82031,1.82031,1.82031]}}}