{"textures":{"0":"mcc:island_cosmetics/head/hairstyles","particle":"mcc:island_cosmetics/head/hairstyles"},"credit":"Made with Blockbench","texture_size":[128.0,128.0],"elements":[{"from":[4.0,-1.0,4.0],"to":[12.0,7.0,12.0],"rotation":{"angle":0.0,"axis":"y","origin":[15.0,8.0,14.0]},"faces":{"north":{"uv":[5.0,1.0,6.0,2.0],"texture":"#0","tintindex":0.0},"east":{"uv":[4.0,1.0,5.0,2.0],"texture":"#0","tintindex":0.0},"south":{"uv":[7.0,1.0,8.0,2.0],"texture":"#0","tintindex":0.0},"west":{"uv":[5.0,1.0,4.0,2.0],"texture":"#0","tintindex":0.0},"up":{"uv":[6.0,1.0,5.0,0.0],"texture":"#0","tintindex":0.0},"down":{"uv":[9.375,1.0,9.5,1.125],"texture":"#0","tintindex":0.0}}},{"from":[4.0,-11.0,4.0],"to":[12.0,-1.0,12.0],"rotation":{"angle":0.0,"axis":"y","origin":[15.0,8.0,14.0]},"faces":{"north":{"uv":[9.0,1.0,10.0,2.25],"texture":"#0","tintindex":0.0},"east":{"uv":[8.0,1.0,9.0,2.25],"texture":"#0","tintindex":0.0},"south":{"uv":[11.0,1.0,12.0,2.25],"texture":"#0","tintindex":0.0},"west":{"uv":[9.0,1.0,8.0,2.25],"texture":"#0","tintindex":0.0},"up":{"uv":[9.375,1.0,9.5,1.125],"texture":"#0","tintindex":0.0},"down":{"uv":[9.375,1.0,9.5,1.125],"texture":"#0","tintindex":0.0}}},{"from":[4.01,7.01,4.01],"to":[8.99,7.99,10.99],"rotation":{"angle":0.0,"axis":"y","origin":[15.0,8.0,13.0]},"faces":{"north":{"uv":[4.875,2.875,5.5,3.0],"texture":"#0","tintindex":0.0},"east":{"uv":[4.0,2.875,4.875,3.0],"texture":"#0","tintindex":0.0},"south":{"uv":[6.375,2.875,7.0,3.0],"texture":"#0","tintindex":0.0},"west":{"uv":[5.5,2.875,6.375,3.0],"texture":"#0","tintindex":0.0},"up":{"uv":[5.5,2.875,4.875,2.0],"texture":"#0","tintindex":0.0},"down":{"uv":[6.125,2.0,5.5,2.875],"texture":"#0","tintindex":0.0}}},{"name":"cube inverted","from":[12.0,7.0,12.0],"to":[4.0,-1.0,4.0],"rotation":{"angle":0.0,"axis":"y","origin":[-15.0,-8.0,-14.0]},"faces":{"north":{"uv":[7.0,2.0,8.0,1.0],"texture":"#0","tintindex":0.0},"east":{"uv":[5.0,2.0,4.0,1.0],"texture":"#0","tintindex":0.0},"south":{"uv":[5.0,2.0,6.0,1.0],"texture":"#0","tintindex":0.0},"west":{"uv":[4.0,2.0,5.0,1.0],"texture":"#0","tintindex":0.0},"up":{"uv":[9.5,1.0,9.375,1.125],"texture":"#0","tintindex":0.0},"down":{"uv":[5.0,1.0,6.0,0.0],"texture":"#0","tintindex":0.0}}},{"name":"cube inverted","from":[12.0,-1.0,12.0],"to":[4.0,-11.0,4.0],"rotation":{"angle":0.0,"axis":"y","origin":[-15.0,-8.0,-14.0]},"faces":{"north":{"uv":[11.0,2.25,12.0,1.0],"texture":"#0","tintindex":0.0},"east":{"uv":[9.0,2.25,8.0,1.0],"texture":"#0","tintindex":0.0},"south":{"uv":[9.0,2.25,10.0,1.0],"texture":"#0","tintindex":0.0},"west":{"uv":[8.0,2.25,9.0,1.0],"texture":"#0","tintindex":0.0},"up":{"uv":[9.5,1.0,9.375,1.125],"texture":"#0","tintindex":0.0},"down":{"uv":[9.5,1.0,9.375,1.125],"texture":"#0","tintindex":0.0}}}],"gui_light":"front","display":{"thirdperson_righthand":{"rotation":[65.75,0.0,0.0],"translation":[0.0,1.5,1.25],"scale":[0.0,0.0,0.0]},"thirdperson_lefthand":{"rotation":[65.75,0.0,0.0],"translation":[0.0,1.5,1.25],"scale":[0.0,0.0,0.0]},"firstperson_righthand":{"scale":[0.0,0.0,0.0]},"firstperson_lefthand":{"scale":[0.0,0.0,0.0]},"ground":{"translation":[0.0,4.25,0.0],"scale":[0.47265,0.47265,0.47265]},"gui":{"rotation":[-149.61,-31.92,-180.0],"translation":[0.0,5.5,0.0],"scale":[0.77734,0.77734,0.77734]},"head":{"translation":[0.0,9.1,0.0],"scale":[1.82031,1.82031,1.82031]}}}