{"textures":{"0":"mcc:island_cosmetics/head/hairstyles","particle":"mcc:island_cosmetics/head/hairstyles"},"credit":"Made with Blockbench","texture_size":[128.0,128.0],"elements":[{"from":[7.0,7.0,5.0],"to":[9.0,9.0,12.0],"rotation":{"angle":0.0,"axis":"y","origin":[15.0,8.0,15.0]},"faces":{"north":{"uv":[0.0,6.375,0.125,6.5],"rotation":180.0,"texture":"#0","tintindex":0.0},"east":{"uv":[0.875,6.375,0.0,6.25],"rotation":180.0,"texture":"#0","tintindex":0.0},"south":{"uv":[0.0,6.25,0.125,7.375],"texture":"#0","tintindex":0.0},"west":{"uv":[0.0,6.25,0.875,6.375],"rotation":180.0,"texture":"#0","tintindex":0.0},"up":{"uv":[0.875,6.375,0.0,6.25],"rotation":90.0,"texture":"#0","tintindex":0.0},"down":{"uv":[0.0,6.25,0.875,6.375],"rotation":90.0,"texture":"#0","tintindex":0.0}}},{"from":[7.0,0.0,12.0],"to":[9.0,9.0,14.0],"rotation":{"angle":0.0,"axis":"y","origin":[15.0,8.0,15.0]},"faces":{"north":{"uv":[0.0,6.25,0.125,7.375],"rotation":180.0,"texture":"#0","tintindex":0.0},"east":{"uv":[0.0,6.25,0.125,7.375],"rotation":180.0,"texture":"#0","tintindex":0.0},"south":{"uv":[0.0,6.25,0.125,7.375],"rotation":180.0,"texture":"#0","tintindex":0.0},"west":{"uv":[0.0,6.25,0.125,7.375],"rotation":180.0,"texture":"#0","tintindex":0.0},"up":{"uv":[0.0,6.5,0.125,6.625],"rotation":180.0,"texture":"#0","tintindex":0.0},"down":{"uv":[0.0,6.375,0.125,6.5],"rotation":180.0,"texture":"#0","tintindex":0.0}}},{"from":[8.0,-1.0,3.0],"to":[8.0,16.0,20.0],"rotation":{"angle":0.0,"axis":"y","origin":[15.0,10.0,14.0]},"faces":{"north":{"uv":[1.25,6.25,1.5,7.5],"texture":"#0","tintindex":0.0},"east":{"uv":[1.5,5.125,3.625,7.25],"texture":"#0","tintindex":0.0},"south":{"uv":[1.25,6.25,1.5,7.5],"texture":"#0","tintindex":0.0},"west":{"uv":[3.625,5.125,1.5,7.25],"texture":"#0","tintindex":0.0},"up":{"uv":[1.25,6.25,1.5,7.5],"texture":"#0","tintindex":0.0},"down":{"uv":[1.25,6.25,1.5,7.5],"texture":"#0","tintindex":0.0}}}],"gui_light":"front","display":{"thirdperson_righthand":{"rotation":[65.75,0.0,0.0],"translation":[0.0,1.5,1.25],"scale":[0.0,0.0,0.0]},"thirdperson_lefthand":{"rotation":[65.75,0.0,0.0],"translation":[0.0,1.5,1.25],"scale":[0.0,0.0,0.0]},"firstperson_righthand":{"scale":[0.0,0.0,0.0]},"firstperson_lefthand":{"scale":[0.0,0.0,0.0]},"ground":{"translation":[0.0,4.25,0.0],"scale":[0.47265,0.47265,0.47265]},"gui":{"rotation":[-149.61,-31.92,-180.0],"translation":[1.5,-1.5,0.0],"scale":[0.89648,0.89648,0.89648]},"head":{"translation":[0.0,6.25,-2.75],"scale":[1.57227,1.57227,1.57227]}}}