{"textures":{"0":"mcc:island_cosmetics/head/hairstyles","particle":"mcc:island_cosmetics/head/hairstyles"},"credit":"Made with Blockbench","texture_size":[128.0,128.0],"elements":[{"from":[4.0,-1.0,4.0],"to":[12.0,7.0,12.0],"rotation":{"angle":0.0,"axis":"y","origin":[15.0,8.0,14.0]},"faces":{"north":{"uv":[13.5,0.875,14.5,1.875],"texture":"#0","tintindex":0.0},"east":{"uv":[14.5,0.875,15.5,1.875],"texture":"#0","tintindex":0.0},"south":{"uv":[3.625,2.25,3.75,2.375],"texture":"#0","tintindex":0.0},"west":{"uv":[15.5,0.875,14.5,1.875],"texture":"#0","tintindex":0.0},"up":{"uv":[12.125,1.0,12.375,1.25],"texture":"#0","tintindex":0.0},"down":{"uv":[12.0,1.875,13.0,2.875],"texture":"#0","tintindex":0.0}}},{"name":"cube inverted","from":[12.0,7.0,12.0],"to":[4.0,-1.0,4.0],"rotation":{"angle":0.0,"axis":"y","origin":[-15.0,-8.0,-14.0]},"faces":{"north":{"uv":[3.625,2.375,3.75,2.25],"texture":"#0","tintindex":0.0},"east":{"uv":[15.5,1.875,14.5,0.875],"texture":"#0","tintindex":0.0},"south":{"uv":[13.5,1.875,14.5,0.875],"texture":"#0","tintindex":0.0},"west":{"uv":[14.5,1.875,15.5,0.875],"texture":"#0","tintindex":0.0},"up":{"uv":[13.0,1.875,12.0,2.875],"texture":"#0","tintindex":0.0},"down":{"uv":[12.375,1.0,12.125,1.25],"texture":"#0","tintindex":0.0}}}],"gui_light":"front","display":{"thirdperson_righthand":{"rotation":[65.75,0.0,0.0],"translation":[0.0,1.5,1.25],"scale":[0.0,0.0,0.0]},"thirdperson_lefthand":{"rotation":[65.75,0.0,0.0],"translation":[0.0,1.5,1.25],"scale":[0.0,0.0,0.0]},"firstperson_righthand":{"scale":[0.0,0.0,0.0]},"firstperson_lefthand":{"scale":[0.0,0.0,0.0]},"ground":{"translation":[0.0,4.25,0.0],"scale":[0.47265,0.47265,0.47265]},"gui":{"rotation":[-149.61,-31.92,-180.0],"translation":[-0.75,7.25,0.0],"scale":[1.19335,1.19335,1.19335]},"head":{"translation":[0.0,7.25,-0.5],"scale":[1.8125,1.73242,1.73242]}}}