{"textures":{"0":"mcc:island_cosmetics/head/hairstyles","particle":"mcc:island_cosmetics/head/hairstyles"},"credit":"Made with Blockbench","texture_size":[128.0,128.0],"elements":[{"from":[4.0,0.0,4.0],"to":[12.0,8.0,12.0],"rotation":{"angle":0.0,"axis":"y","origin":[15.0,9.0,14.0]},"faces":{"north":{"uv":[1.0,1.0,2.0,2.0],"texture":"#0","tintindex":0.0},"east":{"uv":[0.0,0.0,1.0,1.0],"texture":"#0","tintindex":0.0},"south":{"uv":[2.0,1.0,3.0,2.0],"texture":"#0","tintindex":0.0},"west":{"uv":[1.0,0.0,0.0,1.0],"texture":"#0","tintindex":0.0},"up":{"uv":[13.25,7.125,14.25,6.125],"texture":"#0","tintindex":0.0},"down":{"uv":[1.75,1.25,1.625,1.375],"texture":"#0","tintindex":0.0}}},{"from":[3.0,8.0,8.0],"to":[13.0,13.0,8.0],"rotation":{"angle":45.0,"axis":"y","origin":[8.0,11.5,8.0]},"faces":{"north":{"uv":[14.5,8.5,15.75,9.125],"texture":"#0","tintindex":0.0},"east":{"uv":[0.0,0.0,1.0,1.0],"texture":"#0","tintindex":0.0},"south":{"uv":[14.5,8.5,15.75,9.125],"texture":"#0","tintindex":0.0},"west":{"uv":[1.0,0.0,0.0,1.0],"texture":"#0","tintindex":0.0},"up":{"uv":[13.25,7.125,14.25,6.125],"texture":"#0","tintindex":0.0},"down":{"uv":[1.75,1.25,1.625,1.375],"texture":"#0","tintindex":0.0}}},{"from":[8.0,8.0,3.0],"to":[8.0,13.0,13.0],"rotation":{"angle":45.0,"axis":"y","origin":[8.0,11.0,8.0]},"faces":{"north":{"uv":[1.0,0.0,0.0,1.0],"texture":"#0","tintindex":0.0},"east":{"uv":[14.5,8.5,15.75,9.125],"texture":"#0","tintindex":0.0},"south":{"uv":[0.0,0.0,1.0,1.0],"texture":"#0","tintindex":0.0},"west":{"uv":[14.5,8.5,15.75,9.125],"texture":"#0","tintindex":0.0},"up":{"uv":[13.25,7.125,14.25,6.125],"rotation":90.0,"texture":"#0","tintindex":0.0},"down":{"uv":[1.75,1.25,1.625,1.375],"rotation":270.0,"texture":"#0","tintindex":0.0}}},{"from":[7.01,8.01,7.01],"to":[8.99,8.99,8.99],"rotation":{"angle":-45.0,"axis":"y","origin":[8.0,8.5,8.0]},"faces":{"north":{"uv":[1.375,3.125,1.5,3.0],"texture":"#0"},"east":{"uv":[1.375,3.125,1.5,3.0],"texture":"#0"},"south":{"uv":[1.375,3.125,1.5,3.0],"texture":"#0"},"west":{"uv":[1.375,3.125,1.5,3.0],"texture":"#0"},"up":{"uv":[1.375,3.125,1.5,3.0],"texture":"#0"},"down":{"uv":[1.375,3.125,1.5,3.0],"texture":"#0"}}},{"name":"cube inverted","from":[12.0,8.0,12.0],"to":[4.0,0.0,4.0],"rotation":{"angle":0.0,"axis":"y","origin":[-15.0,-9.0,-14.0]},"faces":{"north":{"uv":[2.0,2.0,3.0,1.0],"texture":"#0","tintindex":0.0},"east":{"uv":[1.0,1.0,0.0,0.0],"texture":"#0","tintindex":0.0},"south":{"uv":[1.0,2.0,2.0,1.0],"texture":"#0","tintindex":0.0},"west":{"uv":[0.0,1.0,1.0,0.0],"texture":"#0","tintindex":0.0},"up":{"uv":[1.625,1.25,1.75,1.375],"texture":"#0","tintindex":0.0},"down":{"uv":[14.25,7.125,13.25,6.125],"texture":"#0","tintindex":0.0}}}],"gui_light":"front","display":{"thirdperson_righthand":{"rotation":[65.75,0.0,0.0],"translation":[0.0,1.5,1.25],"scale":[0.0,0.0,0.0]},"thirdperson_lefthand":{"rotation":[65.75,0.0,0.0],"translation":[0.0,1.5,1.25],"scale":[0.0,0.0,0.0]},"firstperson_righthand":{"scale":[0.0,0.0,0.0]},"firstperson_lefthand":{"scale":[0.0,0.0,0.0]},"ground":{"translation":[0.0,4.25,0.0],"scale":[0.47265,0.47265,0.47265]},"gui":{"rotation":[-149.61,-31.92,-180.0],"translation":[0.0,1.5,0.0],"scale":[0.96288,0.96288,0.96288]},"head":{"translation":[0.0,7.25,0.0],"scale":[1.82031,1.82031,1.82031]}}}