{"textures":{"0":"mcc:island_cosmetics/head/hairstyles","particle":"mcc:island_cosmetics/head/hairstyles"},"credit":"Made with Blockbench","texture_size":[128.0,128.0],"elements":[{"from":[4.0,-1.0,4.0],"to":[12.0,7.0,12.0],"rotation":{"angle":0.0,"axis":"y","origin":[15.0,8.0,14.0]},"faces":{"north":{"uv":[1.0,1.0,2.0,2.0],"texture":"#0","tintindex":0.0},"east":{"uv":[0.0,0.0,1.0,1.0],"texture":"#0","tintindex":0.0},"south":{"uv":[2.0,1.0,3.0,2.0],"texture":"#0","tintindex":0.0},"west":{"uv":[1.0,0.0,0.0,1.0],"texture":"#0","tintindex":0.0},"up":{"uv":[1.875,3.0,0.875,2.0],"texture":"#0","tintindex":0.0},"down":{"uv":[1.0,0.0,1.125,0.125],"texture":"#0","tintindex":0.0}}},{"from":[12.5,5.0,7.0],"to":[15.5,8.0,10.0],"rotation":{"angle":22.5,"axis":"z","origin":[14.5,6.5,8.5]},"faces":{"north":{"uv":[3.5,4.0,3.875,4.375],"texture":"#0","tintindex":0.0},"east":{"uv":[8.625,12.0,8.25,12.375],"texture":"#0","tintindex":0.0},"south":{"uv":[3.875,4.0,3.5,4.375],"texture":"#0","tintindex":0.0},"west":{"uv":[3.75,4.0,3.875,4.375],"texture":"#0","tintindex":0.0},"up":{"uv":[8.625,12.0,9.0,12.375],"texture":"#0","tintindex":0.0},"down":{"uv":[3.875,4.25,3.5,4.375],"texture":"#0","tintindex":0.0}}},{"from":[0.5,5.0,7.0],"to":[3.5,8.0,10.0],"rotation":{"angle":-22.5,"axis":"z","origin":[1.5,6.5,8.5]},"faces":{"north":{"uv":[3.875,4.0,3.5,4.375],"texture":"#0","tintindex":0.0},"east":{"uv":[3.875,4.0,3.75,4.375],"texture":"#0","tintindex":0.0},"south":{"uv":[3.5,4.0,3.875,4.375],"texture":"#0","tintindex":0.0},"west":{"uv":[8.625,12.0,8.25,12.375],"texture":"#0","tintindex":0.0},"up":{"uv":[9.0,12.0,8.625,12.375],"texture":"#0","tintindex":0.0},"down":{"uv":[3.5,4.25,3.875,4.375],"texture":"#0","tintindex":0.0}}},{"from":[11.75,5.5,7.5],"to":[12.75,7.5,9.5],"rotation":{"angle":22.5,"axis":"z","origin":[14.75,6.0,9.0]},"faces":{"north":{"uv":[1.375,3.0,1.5,3.125],"texture":"#0"},"east":{"uv":[1.375,3.0,1.5,3.125],"texture":"#0"},"south":{"uv":[1.375,3.0,1.5,3.125],"texture":"#0"},"west":{"uv":[1.375,3.0,1.5,3.125],"texture":"#0"},"up":{"uv":[1.375,3.0,1.5,3.125],"texture":"#0"},"down":{"uv":[1.375,3.0,1.5,3.125],"texture":"#0"}}},{"from":[3.25,5.5,7.5],"to":[4.25,7.5,9.5],"rotation":{"angle":-22.5,"axis":"z","origin":[1.25,6.0,9.0]},"faces":{"north":{"uv":[1.5,3.0,1.375,3.125],"texture":"#0"},"east":{"uv":[1.5,3.0,1.375,3.125],"texture":"#0"},"south":{"uv":[1.5,3.0,1.375,3.125],"texture":"#0"},"west":{"uv":[1.5,3.0,1.375,3.125],"texture":"#0"},"up":{"uv":[1.5,3.0,1.375,3.125],"texture":"#0"},"down":{"uv":[1.5,3.0,1.375,3.125],"texture":"#0"}}},{"from":[13.25,-1.0,8.5],"to":[17.25,8.0,8.5],"rotation":{"angle":0.0,"axis":"z","origin":[15.25,6.5,8.0]},"faces":{"north":{"uv":[3.0,4.0,3.5,5.125],"texture":"#0","tintindex":0.0},"east":{"uv":[0.0,0.0,0.0,1.0],"texture":"#missing","tintindex":0.0},"south":{"uv":[3.5,4.0,3.0,5.125],"texture":"#0","tintindex":0.0},"west":{"uv":[0.5,0.0,0.5,1.0],"texture":"#missing","tintindex":0.0},"up":{"uv":[0.5,0.0,0.0,0.0],"texture":"#missing","tintindex":0.0},"down":{"uv":[1.0,0.0,0.5,0.0],"texture":"#missing","tintindex":0.0}}},{"from":[-1.25,-1.0,8.5],"to":[2.75,8.0,8.5],"rotation":{"angle":0.0,"axis":"z","origin":[0.75,6.5,8.0]},"faces":{"north":{"uv":[3.5,4.0,3.0,5.125],"texture":"#0","tintindex":0.0},"east":{"uv":[0.5,0.0,0.5,1.0],"texture":"#missing","tintindex":0.0},"south":{"uv":[3.0,4.0,3.5,5.125],"texture":"#0","tintindex":0.0},"west":{"uv":[0.0,0.0,0.0,1.0],"texture":"#missing","tintindex":0.0},"up":{"uv":[0.0,0.0,0.5,0.0],"texture":"#missing","tintindex":0.0},"down":{"uv":[0.5,0.0,1.0,0.0],"texture":"#missing","tintindex":0.0}}},{"name":"cube inverted","from":[12.0,7.0,12.0],"to":[4.0,-1.0,4.0],"rotation":{"angle":0.0,"axis":"y","origin":[-15.0,-8.0,-14.0]},"faces":{"north":{"uv":[2.0,2.0,3.0,1.0],"texture":"#0","tintindex":0.0},"east":{"uv":[1.0,1.0,0.0,0.0],"texture":"#0","tintindex":0.0},"south":{"uv":[1.0,2.0,2.0,1.0],"texture":"#0","tintindex":0.0},"west":{"uv":[0.0,1.0,1.0,0.0],"texture":"#0","tintindex":0.0},"up":{"uv":[1.125,0.0,1.0,0.125],"texture":"#0","tintindex":0.0},"down":{"uv":[0.875,3.0,1.875,2.0],"texture":"#0","tintindex":0.0}}}],"gui_light":"front","display":{"thirdperson_righthand":{"rotation":[65.75,0.0,0.0],"translation":[0.0,1.5,1.25],"scale":[0.0,0.0,0.0]},"thirdperson_lefthand":{"rotation":[65.75,0.0,0.0],"translation":[0.0,1.5,1.25],"scale":[0.0,0.0,0.0]},"firstperson_righthand":{"scale":[0.0,0.0,0.0]},"firstperson_lefthand":{"scale":[0.0,0.0,0.0]},"ground":{"translation":[0.0,4.25,0.0],"scale":[0.47265,0.47265,0.47265]},"gui":{"rotation":[-149.61,-31.92,-180.0],"translation":[0.0,3.5,0.0],"scale":[0.82226,0.82226,0.82226]},"head":{"translation":[0.0,9.25,0.0],"scale":[1.82031,1.82031,1.82031]}}}