{"textures":{"0":"mcc:island_cosmetics/head/hairstyles","particle":"mcc:island_cosmetics/head/hairstyles"},"credit":"Made with Blockbench","texture_size":[128.0,128.0],"elements":[{"from":[4.0,0.0,4.0],"to":[12.0,8.0,12.0],"rotation":{"angle":0.0,"axis":"y","origin":[15.0,9.0,14.0]},"faces":{"north":{"uv":[1.0,1.0,2.0,2.0],"texture":"#0","tintindex":0.0},"east":{"uv":[0.0,0.0,1.0,1.0],"texture":"#0","tintindex":0.0},"south":{"uv":[2.0,1.0,3.0,2.0],"texture":"#0","tintindex":0.0},"west":{"uv":[1.0,0.0,0.0,1.0],"texture":"#0","tintindex":0.0},"up":{"uv":[13.25,7.125,14.25,6.125],"texture":"#0","tintindex":0.0},"down":{"uv":[1.75,1.25,1.625,1.375],"texture":"#0","tintindex":0.0}}},{"from":[6.0,-3.0,13.0],"to":[10.0,8.0,17.0],"rotation":{"angle":0.0,"axis":"y","origin":[15.0,9.0,21.0]},"faces":{"north":{"uv":[0.5,4.875,1.0,6.25],"texture":"#0","tintindex":0.0},"east":{"uv":[0.0,4.875,0.5,6.25],"texture":"#0","tintindex":0.0},"south":{"uv":[0.5,4.875,1.0,6.25],"texture":"#0","tintindex":0.0},"west":{"uv":[0.5,4.875,0.0,6.25],"texture":"#0","tintindex":0.0},"up":{"uv":[1.0,4.875,0.5,4.375],"texture":"#0","tintindex":0.0},"down":{"uv":[1.5,4.375,1.0,4.875],"texture":"#0","tintindex":0.0}}},{"from":[5.99,2.99,11.99],"to":[10.01,7.01,13.01],"rotation":{"angle":0.0,"axis":"y","origin":[15.0,8.0,20.0]},"faces":{"north":{"uv":[0.0,4.375,0.125,4.5],"texture":"#0"},"east":{"uv":[0.0,4.375,0.125,4.5],"texture":"#0"},"south":{"uv":[0.0,4.375,0.125,4.5],"texture":"#0"},"west":{"uv":[0.0,4.375,0.125,4.5],"texture":"#0"},"up":{"uv":[0.0,4.375,0.125,4.5],"texture":"#0"},"down":{"uv":[0.0,4.375,0.125,4.5],"texture":"#0"}}},{"from":[8.0,-7.0,13.0],"to":[8.0,-3.0,18.0],"rotation":{"angle":0.0,"axis":"y","origin":[15.0,9.0,21.0]},"faces":{"north":{"uv":[2.75,5.0,2.75,6.25],"texture":"#0","tintindex":0.0},"east":{"uv":[0.25,2.375,0.875,2.875],"texture":"#0","tintindex":0.0},"south":{"uv":[3.5,5.0,3.5,6.25],"texture":"#0","tintindex":0.0},"west":{"uv":[0.875,2.375,0.25,2.875],"texture":"#0","tintindex":0.0},"up":{"uv":[2.75,5.0,2.75,4.25],"texture":"#0","tintindex":0.0},"down":{"uv":[2.75,4.25,2.75,5.0],"texture":"#0","tintindex":0.0}}},{"name":"cube inverted","from":[12.0,8.0,12.0],"to":[4.0,0.0,4.0],"rotation":{"angle":0.0,"axis":"y","origin":[-15.0,-9.0,-14.0]},"faces":{"north":{"uv":[2.0,2.0,3.0,1.0],"texture":"#0","tintindex":0.0},"east":{"uv":[1.0,1.0,0.0,0.0],"texture":"#0","tintindex":0.0},"south":{"uv":[1.0,2.0,2.0,1.0],"texture":"#0","tintindex":0.0},"west":{"uv":[0.0,1.0,1.0,0.0],"texture":"#0","tintindex":0.0},"up":{"uv":[1.625,1.25,1.75,1.375],"texture":"#0","tintindex":0.0},"down":{"uv":[14.25,7.125,13.25,6.125],"texture":"#0","tintindex":0.0}}}],"gui_light":"front","display":{"thirdperson_righthand":{"rotation":[65.75,0.0,0.0],"translation":[0.0,1.5,1.25],"scale":[0.0,0.0,0.0]},"thirdperson_lefthand":{"rotation":[65.75,0.0,0.0],"translation":[0.0,1.5,1.25],"scale":[0.0,0.0,0.0]},"firstperson_righthand":{"scale":[0.0,0.0,0.0]},"firstperson_lefthand":{"scale":[0.0,0.0,0.0]},"ground":{"translation":[0.0,4.25,0.0],"scale":[0.47265,0.47265,0.47265]},"gui":{"rotation":[-149.61,-31.92,-180.0],"translation":[0.75,3.0,0.0],"scale":[0.99609,0.99609,0.99609]},"head":{"translation":[0.0,7.25,0.0],"scale":[1.82031,1.82031,1.82031]}}}