{"textures":{"0":"mcc:island_cosmetics/head/hairstyles","particle":"mcc:island_cosmetics/head/hairstyles"},"credit":"Made with Blockbench","texture_size":[128.0,128.0],"elements":[{"from":[4.0,-1.0,4.0],"to":[12.0,7.0,12.0],"rotation":{"angle":0.0,"axis":"y","origin":[15.0,8.0,14.0]},"faces":{"north":{"uv":[14.25,7.5,15.25,8.5],"texture":"#0","tintindex":0.0},"east":{"uv":[13.25,8.5,14.25,9.5],"texture":"#0","tintindex":0.0},"south":{"uv":[13.25,6.125,14.25,7.125],"texture":"#0","tintindex":0.0},"west":{"uv":[14.25,8.5,13.25,9.5],"texture":"#0","tintindex":0.0},"up":{"uv":[1.875,3.0,0.875,2.0],"texture":"#0","tintindex":0.0},"down":{"uv":[3.375,1.375,3.25,1.5],"texture":"#0","tintindex":0.0}}},{"from":[4.0,-2.0,4.0],"to":[12.0,-1.0,12.0],"rotation":{"angle":0.0,"axis":"y","origin":[15.0,7.0,14.0]},"faces":{"north":{"uv":[13.75,9.375,14.25,9.5],"texture":"#0","tintindex":0.0},"east":{"uv":[13.25,9.375,14.25,9.5],"texture":"#0","tintindex":0.0},"south":{"uv":[13.25,7.0,14.25,7.125],"texture":"#0","tintindex":0.0},"west":{"uv":[14.25,9.375,13.25,9.5],"texture":"#0","tintindex":0.0},"up":{"uv":[14.0,8.25,13.625,7.875],"texture":"#0","tintindex":0.0},"down":{"uv":[3.375,1.375,3.25,1.5],"texture":"#0","tintindex":0.0}}},{"from":[12.0,-2.0,10.0],"to":[12.0,7.0,12.0],"rotation":{"angle":45.0,"axis":"y","origin":[12.0,3.0,10.0]},"faces":{"north":{"uv":[14.25,7.5,15.25,8.5],"texture":"#0","tintindex":0.0},"east":{"uv":[14.25,8.375,14.5,9.5],"texture":"#0","tintindex":0.0},"south":{"uv":[8.75,4.0,9.75,5.0],"texture":"#0","tintindex":0.0},"west":{"uv":[14.5,8.375,14.25,9.5],"texture":"#0","tintindex":0.0},"up":{"uv":[1.875,3.0,0.875,2.0],"texture":"#0","tintindex":0.0},"down":{"uv":[3.375,1.375,3.25,1.5],"texture":"#0","tintindex":0.0}}},{"from":[4.0,-2.0,10.0],"to":[4.0,7.0,12.0],"rotation":{"angle":-45.0,"axis":"y","origin":[4.0,3.0,10.0]},"faces":{"north":{"uv":[15.25,7.5,14.25,8.5],"texture":"#0","tintindex":0.0},"east":{"uv":[14.25,8.375,14.5,9.5],"texture":"#0","tintindex":0.0},"south":{"uv":[9.75,4.0,8.75,5.0],"texture":"#0","tintindex":0.0},"west":{"uv":[14.5,8.375,14.25,9.5],"texture":"#0","tintindex":0.0},"up":{"uv":[0.875,3.0,1.875,2.0],"texture":"#0","tintindex":0.0},"down":{"uv":[3.25,1.375,3.375,1.5],"texture":"#0","tintindex":0.0}}},{"from":[3.0,0.0,4.0],"to":[8.0,8.0,4.0],"rotation":{"angle":-22.5,"axis":"y","origin":[5.5,4.0,4.0]},"faces":{"north":{"uv":[15.25,7.5,15.875,8.5],"texture":"#0","tintindex":0.0},"east":{"uv":[7.75,4.0,8.75,5.0],"texture":"#0","tintindex":0.0},"south":{"uv":[15.875,7.5,15.25,8.5],"texture":"#0","tintindex":0.0},"west":{"uv":[8.75,4.0,7.75,5.0],"texture":"#0","tintindex":0.0},"up":{"uv":[1.875,3.0,0.875,2.0],"texture":"#0","tintindex":0.0},"down":{"uv":[3.375,1.375,3.25,1.5],"texture":"#0","tintindex":0.0}}},{"from":[8.0,0.0,4.0],"to":[13.0,8.0,4.0],"rotation":{"angle":22.5,"axis":"y","origin":[10.5,4.0,4.0]},"faces":{"north":{"uv":[15.875,7.5,15.25,8.5],"texture":"#0","tintindex":0.0},"east":{"uv":[7.75,4.0,8.75,5.0],"texture":"#0","tintindex":0.0},"south":{"uv":[15.25,7.5,15.875,8.5],"texture":"#0","tintindex":0.0},"west":{"uv":[8.75,4.0,7.75,5.0],"texture":"#0","tintindex":0.0},"up":{"uv":[0.875,3.0,1.875,2.0],"texture":"#0","tintindex":0.0},"down":{"uv":[3.25,1.375,3.375,1.5],"texture":"#0","tintindex":0.0}}},{"name":"cube inverted","from":[12.0,7.0,12.0],"to":[4.0,-1.0,4.0],"rotation":{"angle":0.0,"axis":"y","origin":[15.0,8.0,14.0]},"faces":{"north":{"uv":[13.25,7.125,14.25,6.125],"texture":"#0","tintindex":0.0},"east":{"uv":[14.25,9.5,13.25,8.5],"texture":"#0","tintindex":0.0},"south":{"uv":[14.25,8.5,15.25,7.5],"texture":"#0","tintindex":0.0},"west":{"uv":[13.25,9.5,14.25,8.5],"texture":"#0","tintindex":0.0},"up":{"uv":[3.25,1.375,3.375,1.5],"texture":"#0","tintindex":0.0},"down":{"uv":[0.875,3.0,1.875,2.0],"texture":"#0","tintindex":0.0}}}],"gui_light":"front","display":{"thirdperson_righthand":{"rotation":[65.75,0.0,0.0],"translation":[0.0,1.5,1.25],"scale":[0.0,0.0,0.0]},"thirdperson_lefthand":{"rotation":[65.75,0.0,0.0],"translation":[0.0,1.5,1.25],"scale":[0.0,0.0,0.0]},"firstperson_righthand":{"scale":[0.0,0.0,0.0]},"firstperson_lefthand":{"scale":[0.0,0.0,0.0]},"ground":{"translation":[0.0,4.25,0.0],"scale":[0.47265,0.47265,0.47265]},"gui":{"rotation":[-149.61,-31.92,-180.0],"translation":[0.0,4.5,0.0],"scale":[1.03905,1.03905,1.03905]},"head":{"translation":[0.0,9.0,0.0],"scale":[1.82031,1.82031,1.82031]}}}