{"textures":{"0":"mcc:island_cosmetics/head/hairstyles","1":"mcc:island_cosmetics/head/hairstyles_2","particle":"mcc:island_cosmetics/head/hairstyles"},"credit":"Made with Blockbench","texture_size":[128.0,128.0],"elements":[{"from":[4.0,-1.0,4.0],"to":[12.0,7.0,12.0],"rotation":{"angle":0.0,"axis":"y","origin":[15.0,8.0,14.0]},"faces":{"north":{"uv":[4.0,14.25,5.0,15.25],"texture":"#0","tintindex":0.0},"east":{"uv":[5.0,14.25,6.0,15.25],"texture":"#0","tintindex":0.0},"south":{"uv":[7.25,10.625,8.25,11.625],"texture":"#0","tintindex":0.0},"west":{"uv":[6.0,14.25,5.0,15.25],"texture":"#0","tintindex":0.0},"up":{"uv":[7.25,11.625,6.25,10.625],"texture":"#0","tintindex":0.0},"down":{"uv":[3.625,1.5,3.5,1.625],"texture":"#0","tintindex":0.0}}},{"from":[11.5,0.0,5.0],"to":[14.5,6.0,11.0],"rotation":{"angle":0.0,"axis":"x","origin":[8.0,3.0,8.0]},"faces":{"north":{"uv":[4.75,15.25,5.125,16.0],"texture":"#0","tintindex":0.0},"east":{"uv":[4.0,15.25,4.75,16.0],"texture":"#0","tintindex":0.0},"south":{"uv":[5.125,15.25,4.75,16.0],"texture":"#0","tintindex":0.0},"west":{"uv":[2.5,4.25,3.25,5.0],"texture":"#1","tintindex":0.0},"up":{"uv":[5.5,15.25,5.875,16.0],"texture":"#0","tintindex":0.0},"down":{"uv":[5.125,15.25,5.5,16.0],"texture":"#0","tintindex":0.0}}},{"from":[1.5,0.0,5.0],"to":[4.5,6.0,11.0],"rotation":{"angle":0.0,"axis":"x","origin":[8.0,3.0,8.0]},"faces":{"north":{"uv":[5.125,15.25,4.75,16.0],"texture":"#0","tintindex":0.0},"east":{"uv":[2.5,4.25,3.25,5.0],"texture":"#1","tintindex":0.0},"south":{"uv":[4.75,15.25,5.125,16.0],"texture":"#0","tintindex":0.0},"west":{"uv":[4.75,15.25,4.0,16.0],"texture":"#0","tintindex":0.0},"up":{"uv":[5.875,15.25,5.5,16.0],"texture":"#0","tintindex":0.0},"down":{"uv":[5.5,15.25,5.125,16.0],"texture":"#0","tintindex":0.0}}},{"name":"cube inverted","from":[12.0,7.0,12.0],"to":[4.0,-1.0,4.0],"rotation":{"angle":0.0,"axis":"y","origin":[15.0,8.0,14.0]},"faces":{"north":{"uv":[7.25,11.625,8.25,10.625],"texture":"#0","tintindex":0.0},"east":{"uv":[6.0,15.25,5.0,14.25],"texture":"#0","tintindex":0.0},"south":{"uv":[4.0,15.25,5.0,14.25],"texture":"#0","tintindex":0.0},"west":{"uv":[5.0,15.25,6.0,14.25],"texture":"#0","tintindex":0.0},"up":{"uv":[3.5,1.5,3.625,1.625],"texture":"#0","tintindex":0.0},"down":{"uv":[6.25,11.625,7.25,10.625],"texture":"#0","tintindex":0.0}}}],"gui_light":"front","display":{"thirdperson_righthand":{"rotation":[65.75,0.0,0.0],"translation":[0.0,1.5,1.25],"scale":[0.0,0.0,0.0]},"thirdperson_lefthand":{"rotation":[65.75,0.0,0.0],"translation":[0.0,1.5,1.25],"scale":[0.0,0.0,0.0]},"firstperson_righthand":{"scale":[0.0,0.0,0.0]},"firstperson_lefthand":{"scale":[0.0,0.0,0.0]},"ground":{"translation":[0.0,4.25,0.0],"scale":[0.47265,0.47265,0.47265]},"gui":{"rotation":[-149.61,-31.92,-180.0],"translation":[0.0,4.0,0.0],"scale":[0.9453,0.9453,0.9453]},"head":{"translation":[0.0,9.25,0.0],"scale":[1.82031,1.82031,1.82031]}}}