{"textures":{"0":"mcc:island_cosmetics/head/hairstyles","1":"mcc:island_cosmetics/head/hairstyles_2","particle":"mcc:island_cosmetics/head/hairstyles"},"credit":"Made with Blockbench","texture_size":[128.0,128.0],"elements":[{"from":[5.0,0.0,4.0],"to":[11.0,2.0,4.0],"rotation":{"angle":0.0,"axis":"y","origin":[15.0,4.0,7.75]},"faces":{"north":{"uv":[12.5,8.625,13.25,8.875],"texture":"#0","tintindex":0.0},"east":{"uv":[13.25,7.125,14.0,7.5],"texture":"#0","tintindex":0.0},"south":{"uv":[12.5,8.625,13.25,8.875],"texture":"#0","tintindex":0.0},"west":{"uv":[13.25,7.125,14.0,7.5],"texture":"#0","tintindex":0.0},"up":{"uv":[13.375,7.625,13.25,7.5],"texture":"#0","tintindex":0.0},"down":{"uv":[3.375,1.375,3.25,1.5],"texture":"#0","tintindex":0.0}}},{"from":[3.5,3.0,6.0],"to":[12.5,6.0,12.0],"rotation":{"angle":0.0,"axis":"y","origin":[15.5,8.0,14.0]},"faces":{"north":{"uv":[0.0,3.75,1.125,4.125],"texture":"#1","tintindex":0.0},"east":{"uv":[1.25,3.75,2.0,4.125],"texture":"#1","tintindex":0.0},"south":{"uv":[3.25,3.75,2.125,4.125],"texture":"#1","tintindex":0.0},"west":{"uv":[2.0,3.75,1.25,4.125],"texture":"#1","tintindex":0.0},"up":{"uv":[0.0,4.25,1.125,5.0],"texture":"#1","tintindex":0.0},"down":{"uv":[1.25,4.25,2.375,5.0],"texture":"#1","tintindex":0.0}}},{"from":[10.5,1.0,11.0],"to":[18.5,8.0,11.0],"rotation":{"angle":-45.0,"axis":"y","origin":[14.5,4.5,11.0]},"faces":{"north":{"uv":[4.0,13.25,5.0,14.125],"texture":"#0","tintindex":0.0},"east":{"uv":[4.25,12.75,4.875,13.25],"texture":"#0","tintindex":0.0},"south":{"uv":[5.0,13.25,4.0,14.125],"texture":"#0","tintindex":0.0},"west":{"uv":[4.25,12.75,4.875,13.25],"texture":"#0","tintindex":0.0},"up":{"uv":[4.25,12.75,4.875,12.875],"texture":"#0","tintindex":0.0},"down":{"uv":[4.25,13.125,4.875,13.25],"rotation":90.0,"texture":"#0","tintindex":0.0}}},{"from":[11.5,1.0,9.0],"to":[11.5,8.0,17.0],"rotation":{"angle":22.5,"axis":"y","origin":[11.5,4.5,12.0]},"faces":{"north":{"uv":[4.25,12.75,4.875,13.25],"texture":"#0","tintindex":0.0},"east":{"uv":[4.0,13.25,5.0,14.125],"texture":"#0","tintindex":0.0},"south":{"uv":[4.25,12.75,4.875,13.25],"texture":"#0","tintindex":0.0},"west":{"uv":[5.0,13.25,4.0,14.125],"texture":"#0","tintindex":0.0},"up":{"uv":[4.25,12.75,4.875,12.875],"rotation":90.0,"texture":"#0","tintindex":0.0},"down":{"uv":[4.25,13.125,4.875,13.25],"texture":"#0","tintindex":0.0}}},{"from":[4.5,1.0,9.0],"to":[4.5,8.0,17.0],"rotation":{"angle":-22.5,"axis":"y","origin":[4.5,4.5,12.0]},"faces":{"north":{"uv":[4.875,12.75,4.25,13.25],"texture":"#0","tintindex":0.0},"east":{"uv":[4.0,13.25,5.0,14.125],"texture":"#0","tintindex":0.0},"south":{"uv":[4.875,12.75,4.25,13.25],"texture":"#0","tintindex":0.0},"west":{"uv":[5.0,13.25,4.0,14.125],"texture":"#0","tintindex":0.0},"up":{"uv":[4.25,12.875,4.875,12.75],"rotation":90.0,"texture":"#0","tintindex":0.0},"down":{"uv":[4.875,13.125,4.25,13.25],"texture":"#0","tintindex":0.0}}},{"from":[-2.5,1.0,11.0],"to":[5.5,8.0,11.0],"rotation":{"angle":45.0,"axis":"y","origin":[1.5,4.5,11.0]},"faces":{"north":{"uv":[5.0,13.25,4.0,14.125],"texture":"#0","tintindex":0.0},"east":{"uv":[4.875,12.75,4.25,13.25],"texture":"#0","tintindex":0.0},"south":{"uv":[4.0,13.25,5.0,14.125],"texture":"#0","tintindex":0.0},"west":{"uv":[4.875,12.75,4.25,13.25],"texture":"#0","tintindex":0.0},"up":{"uv":[4.875,12.75,4.25,12.875],"texture":"#0","tintindex":0.0},"down":{"uv":[4.25,13.25,4.875,13.125],"rotation":90.0,"texture":"#0","tintindex":0.0}}},{"name":"cube inverted","from":[12.5,6.0,12.0],"to":[3.5,3.0,6.0],"rotation":{"angle":0.0,"axis":"y","origin":[15.5,8.0,14.0]},"faces":{"north":{"uv":[3.25,4.125,2.125,3.75],"texture":"#1","tintindex":0.0},"east":{"uv":[2.0,4.125,1.25,3.75],"texture":"#1","tintindex":0.0},"south":{"uv":[0.0,4.125,1.125,3.75],"texture":"#1","tintindex":0.0},"west":{"uv":[1.25,4.125,2.0,3.75],"texture":"#1","tintindex":0.0},"up":{"uv":[2.375,4.25,1.25,5.0],"texture":"#1","tintindex":0.0},"down":{"uv":[1.125,4.25,0.0,5.0],"texture":"#1","tintindex":0.0}}}],"gui_light":"front","display":{"thirdperson_righthand":{"rotation":[65.75,0.0,0.0],"translation":[0.0,1.5,1.25],"scale":[0.0,0.0,0.0]},"thirdperson_lefthand":{"rotation":[65.75,0.0,0.0],"translation":[0.0,1.5,1.25],"scale":[0.0,0.0,0.0]},"firstperson_righthand":{"scale":[0.0,0.0,0.0]},"firstperson_lefthand":{"scale":[0.0,0.0,0.0]},"ground":{"translation":[0.0,4.25,0.0],"scale":[0.47265,0.47265,0.47265]},"gui":{"rotation":[-149.61,-31.92,-180.0],"translation":[2.5,1.75,0.0],"scale":[0.87304,0.87304,0.87304]},"head":{"translation":[0.0,9.25,0.0],"scale":[1.82031,1.82031,1.82031]}}}