{"textures":{"0":"mcc:island_cosmetics/head/hairstyles","particle":"mcc:island_cosmetics/head/hairstyles"},"credit":"Made with Blockbench","texture_size":[128.0,128.0],"elements":[{"from":[4.0,-1.0,4.0],"to":[12.0,7.0,12.0],"rotation":{"angle":0.0,"axis":"y","origin":[15.0,8.0,14.0]},"faces":{"north":{"uv":[11.25,7.5,12.25,8.5],"texture":"#0","tintindex":0.0},"east":{"uv":[12.25,7.5,13.25,8.5],"texture":"#0","tintindex":0.0},"south":{"uv":[2.0,1.0,3.0,2.0],"texture":"#0","tintindex":0.0},"west":{"uv":[13.25,7.5,12.25,8.5],"texture":"#0","tintindex":0.0},"up":{"uv":[1.875,3.0,0.875,2.0],"texture":"#0","tintindex":0.0},"down":{"uv":[3.625,1.5,3.5,1.625],"texture":"#0","tintindex":0.0}}},{"from":[7.0,-3.0,11.5],"to":[9.0,3.0,13.5],"rotation":{"angle":-22.5,"axis":"x","origin":[8.0,0.5,12.5]},"faces":{"north":{"uv":[14.75,6.75,15.0,7.5],"texture":"#0","tintindex":0.0},"east":{"uv":[15.0,6.75,14.75,7.5],"texture":"#0","tintindex":0.0},"south":{"uv":[14.75,6.75,15.0,7.5],"texture":"#0","tintindex":0.0},"west":{"uv":[15.0,6.75,14.75,7.5],"texture":"#0","tintindex":0.0},"up":{"uv":[14.875,6.75,15.0,6.875],"texture":"#0","tintindex":0.0},"down":{"uv":[14.875,6.75,15.0,6.875],"texture":"#0","tintindex":0.0}}},{"from":[6.5,-7.33291,14.57088],"to":[9.5,-2.33291,14.57088],"rotation":{"angle":0.0,"axis":"x","origin":[8.75,-2.48671,14.5873]},"faces":{"north":{"uv":[1.75,3.0,1.375,3.625],"texture":"#0","tintindex":0.0},"east":{"uv":[15.0,6.75,14.75,7.5],"texture":"#0","tintindex":0.0},"south":{"uv":[1.375,3.0,1.75,3.625],"texture":"#0","tintindex":0.0},"west":{"uv":[15.0,6.75,14.75,7.5],"texture":"#0","tintindex":0.0},"up":{"uv":[14.875,6.75,15.0,6.875],"texture":"#0","tintindex":0.0},"down":{"uv":[14.875,6.75,15.0,6.875],"texture":"#0","tintindex":0.0}}},{"name":"cube inverted","from":[12.0,7.0,12.0],"to":[4.0,-1.0,4.0],"rotation":{"angle":0.0,"axis":"y","origin":[-15.0,-8.0,-14.0]},"faces":{"north":{"uv":[2.0,2.0,3.0,1.0],"texture":"#0","tintindex":0.0},"east":{"uv":[13.25,8.5,12.25,7.5],"texture":"#0","tintindex":0.0},"south":{"uv":[11.25,8.5,12.25,7.5],"texture":"#0","tintindex":0.0},"west":{"uv":[12.25,8.5,13.25,7.5],"texture":"#0","tintindex":0.0},"up":{"uv":[3.5,1.5,3.625,1.625],"texture":"#0","tintindex":0.0},"down":{"uv":[0.875,3.0,1.875,2.0],"texture":"#0","tintindex":0.0}}}],"gui_light":"front","display":{"thirdperson_righthand":{"rotation":[65.75,0.0,0.0],"translation":[0.0,1.5,1.25],"scale":[0.0,0.0,0.0]},"thirdperson_lefthand":{"rotation":[65.75,0.0,0.0],"translation":[0.0,1.5,1.25],"scale":[0.0,0.0,0.0]},"firstperson_righthand":{"scale":[0.0,0.0,0.0]},"firstperson_lefthand":{"scale":[0.0,0.0,0.0]},"ground":{"translation":[0.0,4.25,0.0],"scale":[0.47265,0.47265,0.47265]},"gui":{"rotation":[-149.61,-31.92,-180.0],"translation":[0.25,4.75,0.0],"scale":[1.0078,1.0078,1.0078]},"head":{"translation":[0.0,9.25,0.0],"scale":[1.82031,1.82031,1.82031]}}}