{"textures":{"0":"mcc:island_cosmetics/head/hairstyles","particle":"mcc:island_cosmetics/head/hairstyles"},"credit":"Made with Blockbench","texture_size":[128.0,128.0],"elements":[{"from":[4.0,-1.0,4.0],"to":[12.0,7.0,12.0],"rotation":{"angle":0.0,"axis":"y","origin":[15.0,8.0,14.0]},"faces":{"north":{"uv":[2.25,10.625,3.25,11.625],"texture":"#0","tintindex":0.0},"east":{"uv":[3.25,10.625,4.25,11.625],"texture":"#0","tintindex":0.0},"south":{"uv":[7.875,6.75,8.875,7.75],"texture":"#0","tintindex":0.0},"west":{"uv":[4.25,10.625,3.25,11.625],"texture":"#0","tintindex":0.0},"up":{"uv":[1.875,3.0,0.875,2.0],"texture":"#0","tintindex":0.0},"down":{"uv":[3.625,1.5,3.5,1.625],"texture":"#0","tintindex":0.0}}},{"from":[3.9,0.9,3.9],"to":[12.1,3.1,8.1],"rotation":{"angle":0.0,"axis":"y","origin":[12.0,8.0,12.0]},"faces":{"north":{"uv":[15.0,15.75,16.0,16.0],"texture":"#0"},"east":{"uv":[15.375,15.75,15.5,16.0],"texture":"#0"},"south":{"uv":[15.375,15.875,15.625,16.0],"texture":"#0"},"west":{"uv":[15.375,15.75,15.5,16.0],"texture":"#0"},"up":{"uv":[15.375,15.875,15.625,16.0],"texture":"#0"},"down":{"uv":[15.375,15.875,15.625,16.0],"texture":"#0"}}},{"name":"cube inverted","from":[12.0,7.0,12.0],"to":[4.0,-1.0,4.0],"rotation":{"angle":0.0,"axis":"y","origin":[15.0,8.0,14.0]},"faces":{"north":{"uv":[7.875,7.75,8.875,6.75],"texture":"#0","tintindex":0.0},"east":{"uv":[4.25,11.625,3.25,10.625],"texture":"#0","tintindex":0.0},"south":{"uv":[2.25,11.625,3.25,10.625],"texture":"#0","tintindex":0.0},"west":{"uv":[3.25,11.625,4.25,10.625],"texture":"#0","tintindex":0.0},"up":{"uv":[3.5,1.5,3.625,1.625],"texture":"#0","tintindex":0.0},"down":{"uv":[0.875,3.0,1.875,2.0],"texture":"#0","tintindex":0.0}}},{"name":"cube inverted","from":[12.1,3.1,8.1],"to":[3.9,0.9,3.9],"rotation":{"angle":0.0,"axis":"y","origin":[12.0,8.0,12.0]},"faces":{"north":{"uv":[15.375,16.0,15.625,15.875],"texture":"#0"},"east":{"uv":[15.375,16.0,15.5,15.75],"texture":"#0"},"south":{"uv":[15.0,16.0,16.0,15.75],"texture":"#0"},"west":{"uv":[15.375,16.0,15.5,15.75],"texture":"#0"},"up":{"uv":[15.625,15.875,15.375,16.0],"texture":"#0"},"down":{"uv":[15.625,15.875,15.375,16.0],"texture":"#0"}}}],"gui_light":"front","display":{"thirdperson_righthand":{"rotation":[65.75,0.0,0.0],"translation":[0.0,1.5,1.25],"scale":[0.0,0.0,0.0]},"thirdperson_lefthand":{"rotation":[65.75,0.0,0.0],"translation":[0.0,1.5,1.25],"scale":[0.0,0.0,0.0]},"firstperson_righthand":{"scale":[0.0,0.0,0.0]},"firstperson_lefthand":{"scale":[0.0,0.0,0.0]},"ground":{"translation":[0.0,4.25,0.0],"scale":[0.47265,0.47265,0.47265]},"gui":{"rotation":[-149.61,-31.92,-180.0],"translation":[0.0,4.25,0.0],"scale":[1.10155,1.10155,1.10155]},"head":{"translation":[0.0,9.25,0.0],"scale":[1.82031,1.82031,1.82031]}}}