{"textures":{"0":"mcc:island_cosmetics/head/hairstyles","1":"mcc:island_cosmetics/head/hairstyles_2","particle":"mcc:island_cosmetics/head/hairstyles"},"credit":"Made with Blockbench","texture_size":[128.0,128.0],"elements":[{"from":[4.0,3.99,4.0],"to":[12.0,6.99,12.0],"rotation":{"angle":0.0,"axis":"y","origin":[15.01,8.0,14.01]},"faces":{"north":{"uv":[11.25,8.75,12.2525,9.1275],"texture":"#0","tintindex":0.0},"east":{"uv":[1.375,2.625,1.75,3.625],"rotation":90.0,"texture":"#1","tintindex":0.0},"south":{"uv":[1.875,3.625,2.25,2.625],"rotation":90.0,"texture":"#1","tintindex":0.0},"west":{"uv":[1.375,3.625,1.75,2.625],"rotation":90.0,"texture":"#1","tintindex":0.0},"up":{"uv":[9.875,10.125,8.875,9.125],"texture":"#0","tintindex":0.0},"down":{"uv":[3.625,1.5,3.5,1.625],"texture":"#0","tintindex":0.0}}},{"from":[3.49,-1.51,4.24],"to":[12.51,2.51,4.24],"rotation":{"angle":0.0,"axis":"y","origin":[15.5,7.5,14.0]},"faces":{"north":{"uv":[6.25,11.625,7.375,12.125],"texture":"#0","tintindex":0.0},"east":{"uv":[6.25,11.625,6.375,12.125],"texture":"#0","tintindex":0.0},"south":{"uv":[6.25,11.625,7.5,11.75],"texture":"#0","tintindex":0.0},"west":{"uv":[6.25,11.625,6.375,12.125],"texture":"#0","tintindex":0.0},"up":{"uv":[6.25,11.625,7.5,11.75],"texture":"#0","tintindex":0.0},"down":{"uv":[6.25,12.0,7.375,12.125],"texture":"#0","tintindex":0.0}}},{"from":[3.0,-3.01,3.99],"to":[13.0,3.99,11.99],"rotation":{"angle":0.0,"axis":"y","origin":[16.01,4.0,14.0]},"faces":{"north":{"uv":[0.0,1.625,1.25,2.5],"texture":"#1","tintindex":0.0},"east":{"uv":[1.375,1.625,2.375,2.5],"texture":"#1","tintindex":0.0},"south":{"uv":[3.75,1.625,2.5,2.5],"texture":"#1","tintindex":0.0},"west":{"uv":[2.375,1.625,1.375,2.5],"texture":"#1","tintindex":0.0},"up":{"uv":[0.0,2.625,1.25,3.625],"texture":"#1","tintindex":0.0},"down":{"uv":[5.625,12.625,5.75,12.875],"texture":"#0","tintindex":0.0}}},{"name":"cube inverted","from":[13.0,3.99,11.99],"to":[3.0,-3.01,3.99],"rotation":{"angle":0.0,"axis":"y","origin":[16.01,4.0,14.0]},"faces":{"north":{"uv":[3.75,2.5,2.5,1.625],"texture":"#1","tintindex":0.0},"east":{"uv":[2.375,2.5,1.375,1.625],"texture":"#1","tintindex":0.0},"south":{"uv":[0.0,2.5,1.25,1.625],"texture":"#1","tintindex":0.0},"west":{"uv":[1.375,2.5,2.375,1.625],"texture":"#1","tintindex":0.0},"up":{"uv":[5.75,12.625,5.625,12.875],"texture":"#0","tintindex":0.0},"down":{"uv":[1.25,2.625,0.0,3.625],"texture":"#1","tintindex":0.0}}},{"name":"cube inverted","from":[12.0,6.99,12.0],"to":[4.0,3.99,4.0],"rotation":{"angle":0.0,"axis":"y","origin":[15.01,8.0,14.01]},"faces":{"north":{"uv":[2.25,3.625,1.875,2.625],"rotation":90.0,"texture":"#1","tintindex":0.0},"east":{"uv":[1.75,3.625,1.375,2.625],"rotation":90.0,"texture":"#1","tintindex":0.0},"south":{"uv":[11.25,9.1275,12.2525,8.75],"texture":"#0","tintindex":0.0},"west":{"uv":[1.75,2.625,1.375,3.625],"rotation":90.0,"texture":"#1","tintindex":0.0},"up":{"uv":[3.5,1.5,3.625,1.625],"texture":"#0","tintindex":0.0},"down":{"uv":[8.875,10.125,9.875,9.125],"texture":"#0","tintindex":0.0}}}],"gui_light":"front","display":{"thirdperson_righthand":{"rotation":[65.75,0.0,0.0],"translation":[0.0,1.5,1.25],"scale":[0.0,0.0,0.0]},"thirdperson_lefthand":{"rotation":[65.75,0.0,0.0],"translation":[0.0,1.5,1.25],"scale":[0.0,0.0,0.0]},"firstperson_righthand":{"scale":[0.0,0.0,0.0]},"firstperson_lefthand":{"scale":[0.0,0.0,0.0]},"ground":{"translation":[0.0,4.25,0.0],"scale":[0.47265,0.47265,0.47265]},"gui":{"rotation":[-149.61,-31.92,-180.0],"translation":[0.0,5.0,0.0],"scale":[0.92773,0.92773,0.92773]},"head":{"translation":[0.0,9.25,0.0],"scale":[1.82031,1.82031,1.82031]}}}