{"textures":{"0":"mcc:island_cosmetics/head/hairstyles","1":"mcc:island_cosmetics/head/hairstyles_2","particle":"mcc:island_cosmetics/head/hairstyles"},"credit":"Made with Blockbench","texture_size":[128.0,128.0],"elements":[{"from":[4.0,-1.0,4.0],"to":[12.0,7.0,12.0],"rotation":{"angle":0.0,"axis":"y","origin":[15.0,8.0,14.0]},"faces":{"north":{"uv":[3.0,1.0,4.0,2.0],"texture":"#0","tintindex":0.0},"east":{"uv":[0.0,1.0,1.0,2.0],"texture":"#0","tintindex":0.0},"south":{"uv":[2.0,1.0,3.0,2.0],"texture":"#0","tintindex":0.0},"west":{"uv":[1.0,1.0,0.0,2.0],"texture":"#0","tintindex":0.0},"up":{"uv":[1.875,3.0,0.875,2.0],"texture":"#0","tintindex":0.0},"down":{"uv":[3.625,1.5,3.5,1.625],"texture":"#0","tintindex":0.0}}},{"from":[2.0,5.0,10.0],"to":[6.0,9.0,14.0],"rotation":{"angle":0.0,"axis":"y","origin":[3.0,6.9467,11.39645]},"faces":{"north":{"uv":[3.375,0.5,2.875,0.0],"rotation":180.0,"texture":"#0","tintindex":0.0},"east":{"uv":[3.375,0.0,2.875,0.5],"texture":"#0","tintindex":0.0},"south":{"uv":[3.375,0.0,2.875,0.5],"texture":"#0","tintindex":0.0},"west":{"uv":[3.375,0.5,2.875,0.0],"rotation":180.0,"texture":"#0","tintindex":0.0},"up":{"uv":[15.0,10.75,14.5,11.25],"texture":"#0","tintindex":0.0},"down":{"uv":[4.625,0.125,5.125,0.625],"rotation":270.0,"texture":"#1","tintindex":0.0}}},{"from":[10.0,5.0,10.0],"to":[14.0,9.0,14.0],"rotation":{"angle":0.0,"axis":"y","origin":[13.0,6.9467,11.39645]},"faces":{"north":{"uv":[2.875,0.5,3.375,0.0],"rotation":180.0,"texture":"#0","tintindex":0.0},"east":{"uv":[2.875,0.5,3.375,0.0],"rotation":180.0,"texture":"#0","tintindex":0.0},"south":{"uv":[2.875,0.0,3.375,0.5],"texture":"#0","tintindex":0.0},"west":{"uv":[2.875,0.0,3.375,0.5],"texture":"#0","tintindex":0.0},"up":{"uv":[14.5,10.75,15.0,11.25],"texture":"#0","tintindex":0.0},"down":{"uv":[4.625,0.625,5.125,0.125],"rotation":270.0,"texture":"#1","tintindex":0.0}}},{"name":"cube inverted","from":[12.0,7.0,12.0],"to":[4.0,-1.0,4.0],"rotation":{"angle":0.0,"axis":"y","origin":[-15.0,-8.0,-14.0]},"faces":{"north":{"uv":[2.0,2.0,3.0,1.0],"texture":"#0","tintindex":0.0},"east":{"uv":[1.0,2.0,0.0,1.0],"texture":"#0","tintindex":0.0},"south":{"uv":[3.0,2.0,4.0,1.0],"texture":"#0","tintindex":0.0},"west":{"uv":[0.0,2.0,1.0,1.0],"texture":"#0","tintindex":0.0},"up":{"uv":[3.5,1.5,3.625,1.625],"texture":"#0","tintindex":0.0},"down":{"uv":[0.875,3.0,1.875,2.0],"texture":"#0","tintindex":0.0}}}],"gui_light":"front","display":{"thirdperson_righthand":{"rotation":[65.75,0.0,0.0],"translation":[0.0,1.5,1.25],"scale":[0.0,0.0,0.0]},"thirdperson_lefthand":{"rotation":[65.75,0.0,0.0],"translation":[0.0,1.5,1.25],"scale":[0.0,0.0,0.0]},"firstperson_righthand":{"scale":[0.0,0.0,0.0]},"firstperson_lefthand":{"scale":[0.0,0.0,0.0]},"ground":{"translation":[0.0,4.25,0.0],"scale":[0.47265,0.47265,0.47265]},"gui":{"rotation":[-149.61,-31.92,-180.0],"translation":[1.25,1.5,0.0],"scale":[0.98437,0.98437,0.98437]},"head":{"translation":[0.0,9.25,0.0],"scale":[1.82031,1.82031,1.82031]}}}