{"textures":{"0":"mcc:island_cosmetics/head/hairstyles","1":"mcc:island_cosmetics/head/hairstyles_2","particle":"mcc:island_cosmetics/head/hairstyles"},"credit":"Made with Blockbench","texture_size":[128.0,128.0],"elements":[{"from":[4.0,-1.0,4.0],"to":[12.0,7.0,12.0],"rotation":{"angle":0.0,"axis":"y","origin":[15.0,8.0,14.0]},"faces":{"north":{"uv":[5.375,7.375,6.375,8.375],"texture":"#0","tintindex":0.0},"east":{"uv":[4.375,7.375,5.375,8.375],"texture":"#0","tintindex":0.0},"south":{"uv":[3.375,7.375,4.375,8.375],"texture":"#0","tintindex":0.0},"west":{"uv":[5.375,7.375,4.375,8.375],"texture":"#0","tintindex":0.0},"up":{"uv":[1.875,3.0,0.875,2.0],"texture":"#0","tintindex":0.0},"down":{"uv":[3.625,1.5,3.5,1.625],"texture":"#0","tintindex":0.0}}},{"from":[4.0,7.0,4.0],"to":[12.0,8.0,12.0],"rotation":{"angle":0.0,"axis":"y","origin":[15.0,15.0,14.0]},"faces":{"north":{"uv":[14.0,11.875,15.0,12.0],"texture":"#0","tintindex":0.0},"east":{"uv":[14.0,11.625,15.0,11.75],"texture":"#0","tintindex":0.0},"south":{"uv":[14.0,12.0,15.0,12.125],"texture":"#0","tintindex":0.0},"west":{"uv":[15.0,11.625,14.0,11.75],"texture":"#0","tintindex":0.0},"up":{"uv":[3.5,0.125,4.5,1.125],"texture":"#1","tintindex":0.0},"down":{"uv":[3.625,1.5,3.5,1.625],"texture":"#0","tintindex":0.0}}},{"from":[4.0,6.07574,12.38176],"to":[12.0,8.07574,12.38176],"rotation":{"angle":-22.5,"axis":"x","origin":[8.0,7.07574,12.38176]},"faces":{"north":{"uv":[14.0,11.375,15.0,11.625],"texture":"#0","tintindex":0.0},"east":{"uv":[14.0,11.625,15.0,11.875],"texture":"#0","tintindex":0.0},"south":{"uv":[14.0,11.375,15.0,11.625],"texture":"#0","tintindex":0.0},"west":{"uv":[15.0,11.625,14.0,11.875],"texture":"#0","tintindex":0.0},"up":{"uv":[14.0,11.875,15.0,12.125],"texture":"#0","tintindex":0.0},"down":{"uv":[3.625,1.5,3.5,1.625],"texture":"#0","tintindex":0.0}}},{"name":"cube inverted","from":[12.0,7.0,12.0],"to":[4.0,-1.0,4.0],"rotation":{"angle":0.0,"axis":"y","origin":[-15.0,-8.0,-14.0]},"faces":{"north":{"uv":[3.375,8.375,4.375,7.375],"texture":"#0","tintindex":0.0},"east":{"uv":[5.375,8.375,4.375,7.375],"texture":"#0","tintindex":0.0},"south":{"uv":[5.375,8.375,6.375,7.375],"texture":"#0","tintindex":0.0},"west":{"uv":[4.375,8.375,5.375,7.375],"texture":"#0","tintindex":0.0},"up":{"uv":[3.5,1.5,3.625,1.625],"texture":"#0","tintindex":0.0},"down":{"uv":[0.875,3.0,1.875,2.0],"texture":"#0","tintindex":0.0}}}],"gui_light":"front","display":{"thirdperson_righthand":{"rotation":[65.75,0.0,0.0],"translation":[0.0,1.5,1.25],"scale":[0.0,0.0,0.0]},"thirdperson_lefthand":{"rotation":[65.75,0.0,0.0],"translation":[0.0,1.5,1.25],"scale":[0.0,0.0,0.0]},"firstperson_righthand":{"scale":[0.0,0.0,0.0]},"firstperson_lefthand":{"scale":[0.0,0.0,0.0]},"ground":{"translation":[0.0,4.25,0.0],"scale":[0.47265,0.47265,0.47265]},"gui":{"rotation":[-149.61,-31.92,-180.0],"translation":[0.0,3.0,0.0],"scale":[1.14257,1.14257,1.14257]},"head":{"translation":[0.0,8.75,0.0],"scale":[1.82031,1.82031,1.82031]}}}