{"textures":{"0":"mcc:island_cosmetics/head/hairstyles","particle":"mcc:island_cosmetics/head/hairstyles"},"credit":"Made with Blockbench","texture_size":[128.0,128.0],"elements":[{"from":[4.0,-4.0,3.0],"to":[12.0,0.0,5.0],"rotation":{"angle":0.0,"axis":"y","origin":[15.0,7.0,14.0]},"faces":{"north":{"uv":[8.25,2.5,9.25,3.0],"texture":"#0","tintindex":0.0},"east":{"uv":[8.0,2.5,8.25,3.0],"texture":"#0","tintindex":0.0},"south":{"uv":[8.25,2.5,9.25,3.0],"texture":"#0","tintindex":0.0},"west":{"uv":[9.25,2.5,9.5,3.0],"texture":"#0","tintindex":0.0},"up":{"uv":[8.25,2.5,9.25,2.625],"texture":"#0","tintindex":0.0},"down":{"uv":[10.25,2.25,9.25,2.5],"texture":"#0","tintindex":0.0}}},{"from":[4.0,-12.0,4.0],"to":[12.0,-3.0,4.0],"rotation":{"angle":0.0,"axis":"y","origin":[15.0,10.0,14.0]},"faces":{"north":{"uv":[14.625,3.125,15.625,4.25],"texture":"#0","tintindex":0.0},"east":{"uv":[10.25,3.0,10.25,3.625],"texture":"#0","tintindex":0.0},"south":{"uv":[14.625,3.125,15.625,4.25],"texture":"#0","tintindex":0.0},"west":{"uv":[11.25,3.0,11.25,3.625],"texture":"#0","tintindex":0.0},"up":{"uv":[11.25,3.0,10.25,3.0],"texture":"#0","tintindex":0.0},"down":{"uv":[12.25,3.0,11.25,3.0],"texture":"#0","tintindex":0.0}}},{"from":[6.96,-10.04,3.71],"to":[9.04,-8.96,4.29],"rotation":{"angle":0.0,"axis":"y","origin":[15.0,10.0,14.0]},"faces":{"north":{"uv":[14.625,3.625,14.875,3.75],"texture":"#0"},"east":{"uv":[14.625,3.625,14.75,3.75],"texture":"#0"},"south":{"uv":[14.875,3.625,14.625,3.75],"texture":"#0"},"west":{"uv":[14.75,3.625,14.875,3.75],"texture":"#0"},"up":{"uv":[14.625,3.625,14.875,3.75],"rotation":180.0,"texture":"#0"},"down":{"uv":[14.625,3.625,14.75,3.75],"texture":"#0"}}},{"from":[3.96,-8.04,3.71],"to":[6.04,-6.96,4.29],"rotation":{"angle":0.0,"axis":"y","origin":[12.0,12.0,14.0]},"faces":{"north":{"uv":[14.625,3.625,14.875,3.75],"texture":"#0"},"east":{"uv":[14.625,3.625,14.75,3.75],"texture":"#0"},"south":{"uv":[14.875,3.625,14.625,3.75],"texture":"#0"},"west":{"uv":[14.75,3.625,14.875,3.75],"texture":"#0"},"up":{"uv":[14.625,3.625,14.875,3.75],"rotation":180.0,"texture":"#0"},"down":{"uv":[14.625,3.625,14.75,3.75],"texture":"#0"}}},{"from":[9.96,-8.04,3.71],"to":[12.04,-6.96,4.29],"rotation":{"angle":0.0,"axis":"y","origin":[18.0,12.0,14.0]},"faces":{"north":{"uv":[14.625,3.625,14.875,3.75],"texture":"#0"},"east":{"uv":[14.625,3.625,14.75,3.75],"texture":"#0"},"south":{"uv":[14.875,3.625,14.625,3.75],"texture":"#0"},"west":{"uv":[14.75,3.625,14.875,3.75],"texture":"#0"},"up":{"uv":[14.625,3.625,14.875,3.75],"rotation":180.0,"texture":"#0"},"down":{"uv":[14.625,3.625,14.75,3.75],"texture":"#0"}}},{"from":[7.0,-10.0,3.75],"to":[9.0,-9.0,4.25],"rotation":{"angle":0.0,"axis":"y","origin":[15.0,10.0,14.0]},"faces":{"north":{"uv":[14.625,3.625,14.875,3.75],"texture":"#0","tintindex":0.0},"east":{"uv":[14.625,3.625,14.75,3.75],"texture":"#0","tintindex":0.0},"south":{"uv":[14.625,3.625,14.875,3.75],"texture":"#0","tintindex":0.0},"west":{"uv":[14.625,3.625,14.75,3.75],"texture":"#0","tintindex":0.0},"up":{"uv":[14.625,3.625,14.75,3.75],"texture":"#0","tintindex":0.0},"down":{"uv":[14.625,3.625,14.75,3.75],"texture":"#0","tintindex":0.0}}},{"from":[3.0,-3.0,3.75],"to":[13.0,4.0,3.75],"rotation":{"angle":0.0,"axis":"y","origin":[15.0,8.0,14.0]},"faces":{"north":{"uv":[13.375,3.125,14.625,4.0],"texture":"#0","tintindex":0.0},"east":{"uv":[10.5,2.5,10.5,3.0],"texture":"#0","tintindex":0.0},"south":{"uv":[13.375,3.125,14.625,4.0],"texture":"#0","tintindex":0.0},"west":{"uv":[11.75,2.5,11.75,3.0],"texture":"#0","tintindex":0.0},"up":{"uv":[11.75,2.5,10.5,2.5],"texture":"#0","tintindex":0.0},"down":{"uv":[13.0,2.5,11.75,2.5],"texture":"#0","tintindex":0.0}}}],"gui_light":"front","display":{"thirdperson_righthand":{"rotation":[65.75,0.0,0.0],"translation":[0.0,1.5,1.25],"scale":[0.0,0.0,0.0]},"thirdperson_lefthand":{"rotation":[65.75,0.0,0.0],"translation":[0.0,1.5,1.25],"scale":[0.0,0.0,0.0]},"firstperson_righthand":{"scale":[0.0,0.0,0.0]},"firstperson_lefthand":{"scale":[0.0,0.0,0.0]},"ground":{"translation":[0.0,4.25,0.0],"scale":[0.47265,0.47265,0.47265]},"gui":{"rotation":[-149.61,-31.92,-180.0],"translation":[-2.5,12.5,0.0],"scale":[1.0078,1.0078,1.0078]},"head":{"translation":[0.0,8.25,0.5],"scale":[1.82031,1.82031,1.82031]}}}