{"textures":{"0":"mcc:island_cosmetics/head/hairstyles","1":"mcc:island_cosmetics/head/hairstyles_2","particle":"mcc:island_cosmetics/head/hairstyles"},"credit":"Made with Blockbench","texture_size":[128.0,128.0],"elements":[{"from":[4.0,-1.0,4.0],"to":[12.0,7.0,12.0],"rotation":{"angle":0.0,"axis":"y","origin":[15.0,8.0,14.0]},"faces":{"north":{"uv":[8.125,0.0,9.125,1.0],"texture":"#0","tintindex":0.0},"east":{"uv":[4.0,0.0,5.0,1.0],"texture":"#0","tintindex":0.0},"south":{"uv":[7.0,1.0,8.0,2.0],"texture":"#0","tintindex":0.0},"west":{"uv":[5.0,0.0,4.0,1.0],"texture":"#0","tintindex":0.0},"up":{"uv":[6.0,1.0,5.0,0.0],"texture":"#0","tintindex":0.0},"down":{"uv":[6.5,0.0,6.25,0.125],"texture":"#0","tintindex":0.0}}},{"from":[10.99,-3.01,3.99],"to":[14.01,0.01,12.01],"rotation":{"angle":0.0,"axis":"z","origin":[12.5,-1.1,8.0]},"faces":{"north":{"uv":[7.0,0.375,7.375,0.75],"rotation":90.0,"texture":"#0","tintindex":0.0},"east":{"uv":[2.375,0.5,3.375,0.125],"texture":"#1","tintindex":0.0},"south":{"uv":[7.0,0.75,7.375,0.375],"rotation":90.0,"texture":"#0","tintindex":0.0},"west":{"uv":[3.375,1.125,2.375,1.5],"texture":"#1","tintindex":0.0},"up":{"uv":[7.125,0.0,8.125,0.375],"rotation":270.0,"texture":"#0","tintindex":0.0},"down":{"uv":[3.375,0.625,2.375,1.0],"rotation":270.0,"texture":"#1","tintindex":0.0}}},{"from":[1.99,-3.01,3.99],"to":[5.01,0.01,12.01],"rotation":{"angle":0.0,"axis":"z","origin":[2.7,-2.3,7.8]},"faces":{"north":{"uv":[7.0,0.75,7.375,0.375],"rotation":90.0,"texture":"#0","tintindex":0.0},"east":{"uv":[3.375,1.125,2.375,1.5],"texture":"#1","tintindex":0.0},"south":{"uv":[7.0,0.375,7.375,0.75],"rotation":90.0,"texture":"#0","tintindex":0.0},"west":{"uv":[8.125,0.375,7.125,0.25],"texture":"#0","tintindex":0.0},"up":{"uv":[7.125,0.375,8.125,0.0],"rotation":270.0,"texture":"#0","tintindex":0.0},"down":{"uv":[3.375,1.0,2.375,0.625],"rotation":270.0,"texture":"#1","tintindex":0.0}}},{"from":[4.0,-3.0,12.0],"to":[12.0,-1.0,12.0],"rotation":{"angle":0.0,"axis":"y","origin":[15.0,8.0,14.0]},"faces":{"north":{"uv":[6.0,0.5,7.0,0.75],"texture":"#0","tintindex":0.0},"east":{"uv":[6.0,0.25,7.0,0.5],"texture":"#0","tintindex":0.0},"south":{"uv":[6.0,0.5,7.0,0.75],"texture":"#0","tintindex":0.0},"west":{"uv":[6.0,0.25,7.0,0.5],"texture":"#0","tintindex":0.0},"up":{"uv":[9.75,0.5,9.375,0.75],"texture":"#0","tintindex":0.0},"down":{"uv":[9.75,0.5,9.375,0.75],"texture":"#0","tintindex":0.0}}},{"from":[2.0,-3.0,12.0],"to":[4.0,0.0,12.0],"rotation":{"angle":0.0,"axis":"y","origin":[15.0,8.0,14.0]},"faces":{"north":{"uv":[3.5,3.25,3.25,3.625],"texture":"#0","tintindex":0.0},"east":{"uv":[6.0,0.25,7.0,0.5],"texture":"#0","tintindex":0.0},"south":{"uv":[3.25,3.25,3.5,3.625],"texture":"#0","tintindex":0.0},"west":{"uv":[6.0,0.25,7.0,0.5],"texture":"#0","tintindex":0.0},"up":{"uv":[10.0,1.0,9.0,0.0],"texture":"#0","tintindex":0.0},"down":{"uv":[11.0,0.0,10.0,1.0],"texture":"#0","tintindex":0.0}}},{"from":[12.0,-3.0,12.0],"to":[14.0,0.0,12.0],"rotation":{"angle":0.0,"axis":"y","origin":[1.0,8.0,14.0]},"faces":{"north":{"uv":[3.25,3.25,3.5,3.625],"texture":"#0","tintindex":0.0},"east":{"uv":[7.0,0.25,6.0,0.5],"texture":"#0","tintindex":0.0},"south":{"uv":[3.5,3.25,3.25,3.625],"texture":"#0","tintindex":0.0},"west":{"uv":[7.0,0.25,6.0,0.5],"texture":"#0","tintindex":0.0},"up":{"uv":[9.0,1.0,10.0,0.0],"texture":"#0","tintindex":0.0},"down":{"uv":[10.0,0.0,11.0,1.0],"texture":"#0","tintindex":0.0}}},{"from":[3.99,6.99,3.99],"to":[9.01,8.01,11.01],"rotation":{"angle":0.0,"axis":"y","origin":[15.0,8.0,13.0]},"faces":{"north":{"uv":[4.875,2.875,5.5,3.0],"texture":"#0","tintindex":0.0},"east":{"uv":[4.0,2.875,4.875,3.0],"texture":"#0","tintindex":0.0},"south":{"uv":[6.375,2.875,7.0,3.0],"texture":"#0","tintindex":0.0},"west":{"uv":[5.5,2.875,6.375,3.0],"texture":"#0","tintindex":0.0},"up":{"uv":[5.5,2.875,4.875,2.0],"texture":"#0","tintindex":0.0},"down":{"uv":[6.125,2.0,5.5,2.875],"texture":"#0","tintindex":0.0}}},{"name":"cube inverted","from":[12.0,7.0,12.0],"to":[4.0,-1.0,4.0],"rotation":{"angle":0.0,"axis":"y","origin":[15.0,8.0,14.0]},"faces":{"north":{"uv":[7.0,2.0,8.0,1.0],"texture":"#0","tintindex":0.0},"east":{"uv":[5.0,1.0,4.0,0.0],"texture":"#0","tintindex":0.0},"south":{"uv":[8.125,1.0,9.125,0.0],"texture":"#0","tintindex":0.0},"west":{"uv":[4.0,1.0,5.0,0.0],"texture":"#0","tintindex":0.0},"up":{"uv":[6.25,0.0,6.5,0.125],"texture":"#0","tintindex":0.0},"down":{"uv":[5.0,1.0,6.0,0.0],"texture":"#0","tintindex":0.0}}}],"gui_light":"front","display":{"thirdperson_righthand":{"rotation":[65.75,0.0,0.0],"translation":[0.0,1.5,1.25],"scale":[0.0,0.0,0.0]},"thirdperson_lefthand":{"rotation":[65.75,0.0,0.0],"translation":[0.0,1.5,1.25],"scale":[0.0,0.0,0.0]},"firstperson_righthand":{"scale":[0.0,0.0,0.0]},"firstperson_lefthand":{"scale":[0.0,0.0,0.0]},"ground":{"translation":[0.0,4.25,0.0],"scale":[0.47265,0.47265,0.47265]},"gui":{"rotation":[-149.61,-31.92,-180.0],"translation":[0.0,4.75,0.0],"scale":[0.89843,0.89843,0.89843]},"head":{"translation":[0.0,9.75,0.0],"scale":[1.82031,1.82031,1.82031]}}}