{"textures":{"0":"mcc:island_cosmetics/head/hairstyles","particle":"mcc:island_cosmetics/head/hairstyles"},"credit":"Made with Blockbench","texture_size":[128.0,128.0],"elements":[{"from":[4.0,-1.0,4.0],"to":[12.0,7.0,12.0],"rotation":{"angle":0.0,"axis":"y","origin":[15.0,8.0,14.0]},"faces":{"north":{"uv":[4.0,3.0,5.0,4.0],"texture":"#0","tintindex":0.0},"east":{"uv":[5.0,3.0,6.0,4.0],"texture":"#0","tintindex":0.0},"south":{"uv":[11.0,0.0,12.0,1.0],"texture":"#0","tintindex":0.0},"west":{"uv":[7.0,3.0,6.0,4.0],"texture":"#0","tintindex":0.0},"up":{"uv":[6.0,1.0,5.0,0.0],"texture":"#0","tintindex":0.0},"down":{"uv":[6.125,0.0,6.0,0.25],"texture":"#0","tintindex":0.0}}},{"from":[4.0,-8.0,4.0],"to":[12.0,-1.0,12.0],"rotation":{"angle":0.0,"axis":"y","origin":[15.0,8.0,14.0]},"faces":{"north":{"uv":[12.0,0.0,13.0,0.875],"texture":"#0","tintindex":0.0},"east":{"uv":[13.0,0.0,14.0,0.875],"texture":"#0","tintindex":0.0},"south":{"uv":[14.0,0.0,15.0,0.875],"texture":"#0","tintindex":0.0},"west":{"uv":[14.0,0.0,13.0,0.875],"texture":"#0","tintindex":0.0},"up":{"uv":[8.75,0.875,8.375,0.5],"texture":"#0","tintindex":0.0},"down":{"uv":[9.75,0.625,9.5,0.875],"texture":"#0","tintindex":0.0}}},{"from":[4.0,7.0,4.0],"to":[9.0,8.0,11.0],"rotation":{"angle":0.0,"axis":"y","origin":[15.0,8.0,13.0]},"faces":{"north":{"uv":[4.875,2.875,5.5,3.0],"texture":"#0","tintindex":0.0},"east":{"uv":[4.0,2.875,4.875,3.0],"texture":"#0","tintindex":0.0},"south":{"uv":[6.375,2.875,7.0,3.0],"texture":"#0","tintindex":0.0},"west":{"uv":[5.5,2.875,6.375,3.0],"texture":"#0","tintindex":0.0},"up":{"uv":[5.5,2.875,4.875,2.0],"texture":"#0","tintindex":0.0},"down":{"uv":[6.125,2.0,5.5,2.875],"texture":"#0","tintindex":0.0}}},{"name":"cube inverted","from":[12.0,7.0,12.0],"to":[4.0,-1.0,4.0],"rotation":{"angle":0.0,"axis":"y","origin":[-15.0,-8.0,-14.0]},"faces":{"north":{"uv":[11.0,1.0,12.0,0.0],"texture":"#0","tintindex":0.0},"east":{"uv":[7.0,4.0,6.0,3.0],"texture":"#0","tintindex":0.0},"south":{"uv":[4.0,4.0,5.0,3.0],"texture":"#0","tintindex":0.0},"west":{"uv":[5.0,4.0,6.0,3.0],"texture":"#0","tintindex":0.0},"up":{"uv":[6.0,0.0,6.125,0.25],"texture":"#0","tintindex":0.0},"down":{"uv":[5.0,1.0,6.0,0.0],"texture":"#0","tintindex":0.0}}},{"name":"cube inverted","from":[12.0,-1.0,12.0],"to":[4.0,-8.0,4.0],"rotation":{"angle":0.0,"axis":"y","origin":[-15.0,-8.0,-14.0]},"faces":{"north":{"uv":[14.0,0.875,15.0,0.0],"texture":"#0","tintindex":0.0},"east":{"uv":[14.0,0.875,13.0,0.0],"texture":"#0","tintindex":0.0},"south":{"uv":[12.0,0.875,13.0,0.0],"texture":"#0","tintindex":0.0},"west":{"uv":[13.0,0.875,14.0,0.0],"texture":"#0","tintindex":0.0},"up":{"uv":[9.5,0.625,9.75,0.875],"texture":"#0","tintindex":0.0},"down":{"uv":[8.375,0.875,8.75,0.5],"texture":"#0","tintindex":0.0}}}],"gui_light":"front","display":{"thirdperson_righthand":{"rotation":[65.75,0.0,0.0],"translation":[0.0,1.5,1.25],"scale":[0.0,0.0,0.0]},"thirdperson_lefthand":{"rotation":[65.75,0.0,0.0],"translation":[0.0,1.5,1.25],"scale":[0.0,0.0,0.0]},"firstperson_righthand":{"scale":[0.0,0.0,0.0]},"firstperson_lefthand":{"scale":[0.0,0.0,0.0]},"ground":{"translation":[0.0,4.25,0.0],"scale":[0.47265,0.47265,0.47265]},"gui":{"rotation":[-149.61,-31.92,-180.0],"translation":[0.0,5.5,0.0],"scale":[0.77343,0.77343,0.77343]},"head":{"translation":[0.0,9.25,0.0],"scale":[1.82031,1.82031,1.82031]}}}