{"textures":{"0":"mcc:island_cosmetics/head/hairstyles","particle":"mcc:island_cosmetics/head/hairstyles"},"credit":"Made with Blockbench","texture_size":[128.0,128.0],"elements":[{"from":[4.0,-1.0,4.0],"to":[12.0,7.0,12.0],"rotation":{"angle":0.0,"axis":"y","origin":[15.0,8.0,14.0]},"faces":{"north":{"uv":[4.25,10.625,5.25,11.625],"texture":"#0","tintindex":0.0},"east":{"uv":[5.25,10.625,6.25,11.625],"texture":"#0","tintindex":0.0},"south":{"uv":[7.25,10.625,8.25,11.625],"texture":"#0","tintindex":0.0},"west":{"uv":[6.25,10.625,5.25,11.625],"texture":"#0","tintindex":0.0},"up":{"uv":[7.25,11.625,6.25,10.625],"texture":"#0","tintindex":0.0},"down":{"uv":[3.625,1.5,3.5,1.625],"texture":"#0","tintindex":0.0}}},{"from":[11.25,-4.25,2.5],"to":[13.25,-1.25,10.5],"rotation":{"angle":-45.0,"axis":"x","origin":[12.25,-2.75,6.5]},"faces":{"north":{"uv":[0.875,3.0,0.625,3.375],"rotation":180.0,"texture":"#0","tintindex":0.0},"east":{"uv":[0.0,3.375,0.375,4.375],"rotation":270.0,"texture":"#0","tintindex":0.0},"south":{"uv":[0.625,3.375,0.375,3.0],"texture":"#0","tintindex":0.0},"west":{"uv":[0.625,3.375,1.0,4.375],"rotation":90.0,"texture":"#0","tintindex":0.0},"up":{"uv":[0.375,3.375,0.625,4.375],"rotation":180.0,"texture":"#0","tintindex":0.0},"down":{"uv":[1.0,3.375,1.25,4.375],"texture":"#0","tintindex":0.0}}},{"from":[2.75,-4.25,2.5],"to":[4.75,-1.25,10.5],"rotation":{"angle":-45.0,"axis":"x","origin":[3.75,-2.75,6.5]},"faces":{"north":{"uv":[0.625,3.0,0.875,3.375],"rotation":180.0,"texture":"#0","tintindex":0.0},"east":{"uv":[0.625,4.375,1.0,3.375],"rotation":90.0,"texture":"#0","tintindex":0.0},"south":{"uv":[0.375,3.375,0.625,3.0],"texture":"#0","tintindex":0.0},"west":{"uv":[0.0,4.375,0.375,3.375],"rotation":270.0,"texture":"#0","tintindex":0.0},"up":{"uv":[0.625,3.375,0.375,4.375],"rotation":180.0,"texture":"#0","tintindex":0.0},"down":{"uv":[1.25,3.375,1.0,4.375],"texture":"#0","tintindex":0.0}}},{"from":[10.25,-10.42284,3.61209],"to":[13.25,-5.42284,3.61209],"rotation":{"angle":0.0,"axis":"y","origin":[12.25,-7.92284,3.61209]},"faces":{"north":{"uv":[1.375,3.0,1.75,3.625],"texture":"#0","tintindex":0.0},"east":{"uv":[1.25,3.0,1.25,3.625],"texture":"#0","tintindex":0.0},"south":{"uv":[1.75,3.0,1.375,3.625],"texture":"#0","tintindex":0.0},"west":{"uv":[1.75,3.0,1.75,3.625],"texture":"#0","tintindex":0.0},"up":{"uv":[1.75,3.0,1.25,3.0],"texture":"#0","tintindex":0.0},"down":{"uv":[2.25,3.0,1.75,3.0],"texture":"#0","tintindex":0.0}}},{"from":[2.75,-10.42284,3.61209],"to":[5.75,-5.42284,3.61209],"rotation":{"angle":0.0,"axis":"y","origin":[3.75,-7.92284,3.61209]},"faces":{"north":{"uv":[1.75,3.0,1.375,3.625],"texture":"#0","tintindex":0.0},"east":{"uv":[1.75,3.0,1.75,3.625],"texture":"#0","tintindex":0.0},"south":{"uv":[1.375,3.0,1.75,3.625],"texture":"#0","tintindex":0.0},"west":{"uv":[1.25,3.0,1.25,3.625],"texture":"#0","tintindex":0.0},"up":{"uv":[1.25,3.0,1.75,3.0],"texture":"#0","tintindex":0.0},"down":{"uv":[1.75,3.0,2.25,3.0],"texture":"#0","tintindex":0.0}}},{"name":"cube inverted","from":[12.0,7.0,12.0],"to":[4.0,-1.0,4.0],"rotation":{"angle":0.0,"axis":"y","origin":[-15.0,-8.0,-14.0]},"faces":{"north":{"uv":[7.25,11.625,8.25,10.625],"texture":"#0","tintindex":0.0},"east":{"uv":[6.25,11.625,5.25,10.625],"texture":"#0","tintindex":0.0},"south":{"uv":[4.25,11.625,5.25,10.625],"texture":"#0","tintindex":0.0},"west":{"uv":[5.25,11.625,6.25,10.625],"texture":"#0","tintindex":0.0},"up":{"uv":[3.5,1.5,3.625,1.625],"texture":"#0","tintindex":0.0},"down":{"uv":[6.25,11.625,7.25,10.625],"texture":"#0","tintindex":0.0}}}],"gui_light":"front","display":{"thirdperson_righthand":{"rotation":[65.75,0.0,0.0],"translation":[0.0,1.5,1.25],"scale":[0.0,0.0,0.0]},"thirdperson_lefthand":{"rotation":[65.75,0.0,0.0],"translation":[0.0,1.5,1.25],"scale":[0.0,0.0,0.0]},"firstperson_righthand":{"scale":[0.0,0.0,0.0]},"firstperson_lefthand":{"scale":[0.0,0.0,0.0]},"ground":{"translation":[0.0,4.25,0.0],"scale":[0.47265,0.47265,0.47265]},"gui":{"rotation":[-149.61,-31.92,-180.0],"translation":[-0.25,6.0,0.0],"scale":[0.71484,0.71484,0.71484]},"head":{"translation":[0.0,9.25,0.0],"scale":[1.82031,1.82031,1.82031]}}}