{"textures":{"0":"mcc:island_cosmetics/head/hairstyles","particle":"mcc:island_cosmetics/head/hairstyles"},"credit":"Made with Blockbench","texture_size":[128.0,128.0],"elements":[{"from":[6.0,-5.0,3.0],"to":[10.0,1.0,5.0],"rotation":{"angle":0.0,"axis":"y","origin":[15.0,8.0,14.0]},"faces":{"north":{"uv":[6.375,6.375,6.875,7.125],"texture":"#0","tintindex":0.0},"east":{"uv":[6.625,6.375,6.375,7.125],"texture":"#0","tintindex":0.0},"south":{"uv":[6.875,6.375,6.375,7.125],"texture":"#0","tintindex":0.0},"west":{"uv":[6.75,6.375,6.875,7.125],"texture":"#0","tintindex":0.0},"up":{"uv":[6.875,6.375,6.375,6.5],"texture":"#0","tintindex":0.0},"down":{"uv":[6.875,7.0,6.375,7.125],"texture":"#0","tintindex":0.0}}},{"from":[4.0,-13.0,3.75],"to":[12.0,3.0,3.75],"rotation":{"angle":0.0,"axis":"y","origin":[15.0,8.0,14.0]},"faces":{"north":{"uv":[6.875,5.25,7.875,7.25],"texture":"#0","tintindex":0.0},"east":{"uv":[1.625,4.125,1.625,4.375],"texture":"#0","tintindex":0.0},"south":{"uv":[7.875,5.25,6.875,7.25],"texture":"#0","tintindex":0.0},"west":{"uv":[2.875,4.125,2.875,4.375],"texture":"#0","tintindex":0.0},"up":{"uv":[2.875,4.125,1.625,4.125],"texture":"#0","tintindex":0.0},"down":{"uv":[4.125,4.125,2.875,4.125],"texture":"#0","tintindex":0.0}}}],"gui_light":"front","display":{"thirdperson_righthand":{"rotation":[65.75,0.0,0.0],"translation":[0.0,1.5,1.25],"scale":[0.0,0.0,0.0]},"thirdperson_lefthand":{"rotation":[65.75,0.0,0.0],"translation":[0.0,1.5,1.25],"scale":[0.0,0.0,0.0]},"firstperson_righthand":{"scale":[0.0,0.0,0.0]},"firstperson_lefthand":{"scale":[0.0,0.0,0.0]},"ground":{"translation":[0.0,4.25,0.0],"scale":[0.47265,0.47265,0.47265]},"gui":{"rotation":[-149.61,-31.92,-180.0],"translation":[-2.0,11.5,0.0],"scale":[0.88866,0.88866,0.88866]},"head":{"translation":[0.0,7.75,0.5],"scale":[1.82031,1.82031,1.82031]}}}