{
	"credit": "Made with Blockbench",
	"textures": {
		"0": "fw:guns/13/50bmg",
		"particle": "fw:guns/13/50bmg"
	},
	"elements": [
		{
			"from": [7.71875, 7.81875, 7.14375],
			"to": [8.28125, 8.38125, 10.08125],
			"rotation": {"angle": 0, "axis": "x", "origin": [8, 8.1, 8]},
			"faces": {
				"north": {"uv": [10, 1.5, 9, 2.5], "rotation": 180, "texture": "#0"},
				"east": {"uv": [6, 6.5, 7, 12.5], "rotation": 270, "texture": "#0"},
				"south": {"uv": [10, 1, 9, 0], "texture": "#0"},
				"west": {"uv": [7.5, 6.5, 8.5, 12.5], "rotation": 90, "texture": "#0"},
				"up": {"uv": [6, 0, 7, 6], "rotation": 180, "texture": "#0"},
				"down": {"uv": [7.5, 0, 8.5, 6], "texture": "#0"}
			}
		},
		{
			"from": [7.71875, 7.81875, 7.01875],
			"to": [8.28125, 8.38125, 7.05625],
			"rotation": {"angle": 0, "axis": "x", "origin": [8, 8.1, 8]},
			"faces": {
				"north": {"uv": [10, 4.5, 9, 5.5], "rotation": 180, "texture": "#0"},
				"east": {"uv": [10.5, 2.5, 11.5, 3], "rotation": 270, "texture": "#0"},
				"south": {"uv": [10, 4, 9, 3], "texture": "#0"},
				"west": {"uv": [10.5, 4.5, 11.5, 5], "rotation": 90, "texture": "#0"},
				"up": {"uv": [10.5, 1.5, 11.5, 2], "rotation": 180, "texture": "#0"},
				"down": {"uv": [10.5, 3.5, 11.5, 4], "texture": "#0"}
			}
		},
		{
			"from": [7.75, 7.85, 7.03125],
			"to": [8.25, 8.35, 10.89375],
			"rotation": {"angle": 0, "axis": "x", "origin": [8, 8.1, 8]},
			"faces": {
				"north": {"uv": [10, 7.5, 9, 8.5], "rotation": 180, "texture": "#0"},
				"east": {"uv": [1.5, 0, 2.5, 7.5], "rotation": 270, "texture": "#0"},
				"south": {"uv": [10, 7, 9, 6], "texture": "#0"},
				"west": {"uv": [4.5, 0, 5.5, 7.5], "rotation": 90, "texture": "#0"},
				"up": {"uv": [0, 0, 1, 7.5], "rotation": 180, "texture": "#0"},
				"down": {"uv": [3, 0, 4, 7.5], "texture": "#0"}
			}
		}
	],
	"display": {
		"thirdperson_righthand": {
			"translation": [0.25, 2.25, 0.5],
			"scale": [0.25, 0.25, 0.25]
		},
		"thirdperson_lefthand": {
			"translation": [0.25, 2.25, 0.5],
			"scale": [0.25, 0.25, 0.25]
		},
		"firstperson_righthand": {
			"translation": [-2.25, 6.5, 2],
			"scale": [0.5, 0.5, 0.5]
		},
		"firstperson_lefthand": {
			"translation": [-2.25, 6.5, 2],
			"scale": [0.5, 0.5, 0.5]
		},
		"ground": {
			"translation": [0, 0.5, 0]
		},
		"gui": {
			"rotation": [26, -141, 45],
			"translation": [-1, -1.25, 0],
			"scale": [0.77, 0.77, 0.77]
		},
		"head": {
			"translation": [0, 37.75, 0],
			"scale": [0, 0, 0]
		},
		"fixed": {
			"rotation": [0, -90, 0],
			"translation": [-0.25, -1.5, 0.5],
			"scale": [0.75, 0.75, 0.75]
		}
	},
	"groups": [
		{
			"name": ".50 BMG",
			"origin": [7.125, 0, 2.51875],
			"color": 0,
			"children": [0, 1, 2]
		}
	]
}