{
	"credit": "Made with Blockbench",
	"ambientocclusion": false,
	"texture_size": [4, 4],
	"textures": {
		"0": "fw:guns/01/smart_pistol",
		"particle": "fw:player/steve"
	},
	"elements": [
		{
			"from": [7.6925, 5.96898, 3.03387],
			"to": [8.3075, 6.58398, 12.96613],
			"rotation": {"angle": 0, "axis": "y", "origin": [7.385, 1.51023, 9.89112]},
			"faces": {
				"north": {"uv": [1.5, 9.25, 1.75, 9.5], "texture": "#0"},
				"east": {"uv": [4.75, 1.5, 8.75, 1.75], "texture": "#0"},
				"south": {"uv": [9.25, 2.25, 9.5, 2.5], "texture": "#0"},
				"west": {"uv": [4.75, 2, 8.75, 2.25], "texture": "#0"},
				"up": {"uv": [3.5, 8, 3.25, 4], "texture": "#0"},
				"down": {"uv": [5, 2.5, 4.75, 6.5], "texture": "#0"}
			}
		}
	],
	"display": {
		"thirdperson_righthand": {
			"rotation": [90, 0, 0],
			"translation": [0.25, 2, 1.5],
			"scale": [0.51, 0.51, 0.51]
		},
		"thirdperson_lefthand": {
			"rotation": [90, 0, 0],
			"translation": [0.25, 2, 1.5],
			"scale": [0.51, 0.51, 0.51]
		},
		"firstperson_righthand": {
			"rotation": [90, 0, 0],
			"translation": [0, 4.5, 0.5]
		},
		"firstperson_lefthand": {
			"rotation": [90, 0, 0],
			"translation": [0, 4.5, 0.5]
		},
		"gui": {
			"rotation": [16, -144, 7],
			"translation": [0.5, 2.25, 0],
			"scale": [1.49, 1.49, 1.49]
		},
		"head": {
			"rotation": [-64, 0, 0],
			"translation": [-7, -29, -6.75],
			"scale": [0, 0, 0]
		},
		"fixed": {
			"rotation": [90, 54.75, -90],
			"translation": [0.75, 1.25, 0]
		}
	},
	"groups": [
		{
			"name": "Pistol",
			"origin": [8, 8, 5.4858],
			"color": 0,
			"children": [
				{
					"name": "Barrel",
					"origin": [8, 8, 5.4858],
					"color": 0,
					"children": [0]
				}
			]
		}
	]
}