{
	"credit": "Made with Blockbench",
	"ambientocclusion": false,
	"texture_size": [4, 4],
	"textures": {
		"0": "fw:guns/01/smart_pistol",
		"particle": "fw:player/steve"
	},
	"elements": [
		{
			"from": [7.385, 5.81523, 2.00375],
			"to": [8.615, 6.73773, 9.99875],
			"rotation": {"angle": 0, "axis": "y", "origin": [7.385, 1.51023, 6.30875]},
			"faces": {
				"north": {"uv": [0.75, 3.5, 1.25, 3.875], "texture": "#0"},
				"east": {"uv": [1.5, 0, 4.75, 0.375], "texture": "#0"},
				"south": {"uv": [7, 8.25, 7.5, 8.625], "texture": "#0"},
				"west": {"uv": [1.5, 0.75, 4.75, 1.125], "texture": "#0"},
				"up": {"uv": [0.5, 3.25, 0, 0], "texture": "#0"},
				"down": {"uv": [1.25, 0, 0.75, 3.25], "texture": "#0"}
			}
		},
		{
			"from": [7.4465, 5.87673, 9.93725],
			"to": [8.5535, 6.67623, 10.06025],
			"rotation": {"angle": 0, "axis": "y", "origin": [7.385, 1.51023, 6.278]},
			"faces": {
				"north": {"uv": [7.75, 8.25, 8.25, 8.625], "texture": "#0"},
				"east": {"uv": [9.25, 9.5, 9.375, 9.875], "texture": "#0"},
				"south": {"uv": [0.5, 8.5, 1, 8.875], "texture": "#0"},
				"west": {"uv": [0.5, 9.75, 0.625, 10.125], "texture": "#0"},
				"up": {"uv": [9.75, 2.875, 9.25, 2.75], "texture": "#0"},
				"down": {"uv": [5.75, 9.25, 5.25, 9.375], "texture": "#0"}
			}
		}
	],
	"display": {
		"thirdperson_righthand": {
			"rotation": [90, 0, 0],
			"translation": [0.25, 0.75, 2.25]
		},
		"thirdperson_lefthand": {
			"rotation": [90, 0, 0],
			"translation": [0.25, 0.75, 2.25]
		},
		"firstperson_righthand": {
			"rotation": [20, 1.64, 4.26],
			"translation": [-5.75, 7, 4.75]
		},
		"firstperson_lefthand": {
			"rotation": [20, 1.64, 4.26],
			"translation": [-5.75, 7, 4.75]
		},
		"ground": {
			"translation": [0, -1.75, 0]
		},
		"gui": {
			"rotation": [16, -144, 7],
			"translation": [-1.5, 3.25, 0.75],
			"scale": [1.49, 1.49, 1.49]
		},
		"head": {
			"rotation": [-64, 0, 0],
			"translation": [-7, -29, -6.75],
			"scale": [0, 0, 0]
		},
		"fixed": {
			"rotation": [90, 54.75, -90],
			"translation": [2.5, 1.25, 0.75]
		}
	},
	"groups": [
		{
			"name": "Pistol",
			"origin": [8, 8, 1.90343],
			"color": 0,
			"children": [
				{
					"name": "Slide",
					"origin": [8, 8, 1.90343],
					"color": 0,
					"children": [0, 1]
				}
			]
		}
	]
}