{
	"credit": "Made with Blockbench",
	"ambientocclusion": false,
	"texture_size": [64, 64],
	"textures": {
		"4": "fw:guns/02/groza_grenadier",
		"particle": "fw:player/steve"
	},
	"elements": [
		{
			"from": [7.03946, 5.37791, 7.9995],
			"to": [8.72156, 7.43381, 20.75542],
			"rotation": {"angle": 0, "axis": "y", "origin": [6.10496, -2.28499, 2.71957]},
			"faces": {
				"north": {"uv": [6, 1.25, 6.25, 1.5], "texture": "#4"},
				"east": {"uv": [0, 0, 1.6875, 0.25], "texture": "#4"},
				"south": {"uv": [4.5, 6.25, 4.75, 6.5], "texture": "#4"},
				"west": {"uv": [0, 0.5, 1.6875, 0.75], "texture": "#4"},
				"up": {"uv": [0.25, 2.6875, 0, 1], "texture": "#4"},
				"down": {"uv": [0.75, 1, 0.5, 2.6875], "texture": "#4"}
			}
		},
		{
			"from": [7.03946, 5.37791, 1.13092],
			"to": [8.72156, 7.43381, 7.95277],
			"rotation": {"angle": 0, "axis": "y", "origin": [6.10496, -2.28499, 6.83137]},
			"faces": {
				"north": {"uv": [5, 6.25, 5.25, 6.5], "texture": "#4"},
				"east": {"uv": [2.25, 2, 3.1875, 2.25], "texture": "#4"},
				"south": {"uv": [6.25, 5.25, 6.5, 5.5], "texture": "#4"},
				"west": {"uv": [1, 2.5, 1.9375, 2.75], "texture": "#4"},
				"up": {"uv": [2.5, 3.4375, 2.25, 2.5], "texture": "#4"},
				"down": {"uv": [3, 2.5, 2.75, 3.4375], "texture": "#4"}
			}
		},
		{
			"from": [7.22636, 5.47136, 7.85932],
			"to": [8.53466, 7.38709, 11.78422],
			"rotation": {"angle": 0, "axis": "y", "origin": [6.10496, -2.28499, 6.83137]},
			"faces": {
				"north": {"uv": [1.5, 6.75, 1.6875, 7], "texture": "#4"},
				"east": {"uv": [4.5, 2.25, 5, 2.5], "texture": "#4"},
				"south": {"uv": [3.5, 6.75, 3.6875, 7], "texture": "#4"},
				"west": {"uv": [3, 4.5, 3.5, 4.75], "texture": "#4"},
				"up": {"uv": [5.6875, 0.5, 5.5, 0], "texture": "#4"},
				"down": {"uv": [2.1875, 5.5, 2, 6], "texture": "#4"}
			}
		},
		{
			"from": [7.17964, 2.01371, 11.31697],
			"to": [8.58139, 5.37791, 13.09252],
			"rotation": {"angle": 0, "axis": "y", "origin": [6.15169, -0.60289, 6.83137]},
			"faces": {
				"north": {"uv": [5.75, 4.25, 5.9375, 4.6875], "texture": "#4"},
				"east": {"uv": [1, 5, 1.25, 5.4375], "texture": "#4"},
				"south": {"uv": [5.75, 5, 5.9375, 5.4375], "texture": "#4"},
				"west": {"uv": [1.5, 5, 1.75, 5.4375], "texture": "#4"},
				"up": {"uv": [4.6875, 7, 4.5, 6.75], "texture": "#4"},
				"down": {"uv": [5.1875, 6.75, 5, 7], "texture": "#4"}
			}
		},
		{
			"from": [7.19833, -2.92782, 10.98102],
			"to": [8.5627, 2.6418, 12.71919],
			"rotation": {"angle": 22.5, "axis": "x", "origin": [7.88051, 1.44564, 11.8501]},
			"faces": {
				"north": {"uv": [1, 4, 1.1875, 4.75], "texture": "#4"},
				"east": {"uv": [0.75, 3, 1, 3.75], "texture": "#4"},
				"south": {"uv": [1.5, 4, 1.6875, 4.75], "texture": "#4"},
				"west": {"uv": [3, 1, 3.25, 1.75], "texture": "#4"},
				"up": {"uv": [6.1875, 7, 6, 6.75], "texture": "#4"},
				"down": {"uv": [6.9375, 6.25, 6.75, 6.5], "texture": "#4"}
			}
		},
		{
			"from": [7.29178, -2.92782, 10.42032],
			"to": [8.46925, 2.6418, 13.27989],
			"rotation": {"angle": 22.5, "axis": "x", "origin": [7.88051, 1.44564, 11.8501]},
			"faces": {
				"north": {"uv": [3.75, 4, 3.9375, 4.75], "texture": "#4"},
				"east": {"uv": [2, 0, 2.375, 0.75], "texture": "#4"},
				"south": {"uv": [4.25, 2.75, 4.4375, 3.5], "texture": "#4"},
				"west": {"uv": [2.25, 1, 2.625, 1.75], "texture": "#4"},
				"up": {"uv": [3.6875, 6.375, 3.5, 6], "texture": "#4"},
				"down": {"uv": [0.1875, 6.25, 0, 6.625], "texture": "#4"}
			}
		},
		{
			"from": [7.27309, 2.01371, 10.75627],
			"to": [8.48794, 5.37791, 13.65322],
			"rotation": {"angle": 0, "axis": "y", "origin": [6.15169, -0.60289, 6.83137]},
			"faces": {
				"north": {"uv": [5.75, 5.75, 5.9375, 6.1875], "texture": "#4"},
				"east": {"uv": [3.75, 2, 4.125, 2.4375], "texture": "#4"},
				"south": {"uv": [6, 0, 6.1875, 0.4375], "texture": "#4"},
				"west": {"uv": [2.25, 3.75, 2.625, 4.1875], "texture": "#4"},
				"up": {"uv": [0.6875, 6.625, 0.5, 6.25], "texture": "#4"},
				"down": {"uv": [2.1875, 6.25, 2, 6.625], "texture": "#4"}
			}
		},
		{
			"from": [7.50671, 3.88271, 14.02702],
			"to": [8.25431, 5.37791, 15.05497],
			"rotation": {"angle": 0, "axis": "y", "origin": [6.10496, -0.60289, 6.83137]},
			"faces": {
				"north": {"uv": [1.75, 8.5, 1.875, 8.6875], "texture": "#4"},
				"east": {"uv": [2.25, 8.5, 2.375, 8.6875], "texture": "#4"},
				"south": {"uv": [8.5, 2.5, 8.625, 2.6875], "texture": "#4"},
				"west": {"uv": [2.75, 8.5, 2.875, 8.6875], "texture": "#4"},
				"up": {"uv": [9.125, 2.375, 9, 2.25], "texture": "#4"},
				"down": {"uv": [2.875, 9, 2.75, 9.125], "texture": "#4"}
			}
		},
		{
			"from": [7.50671, 3.00166, 14.20227],
			"to": [8.25431, 3.93616, 14.29572],
			"rotation": {"angle": -22.5, "axis": "x", "origin": [7.88051, 3.46891, 14.249]},
			"faces": {
				"north": {"uv": [9, 4.25, 9.125, 4.375], "texture": "#4"},
				"east": {"uv": [10.5, 4, 10.5625, 4.125], "texture": "#4"},
				"south": {"uv": [9, 4.75, 9.125, 4.875], "texture": "#4"},
				"west": {"uv": [4.5, 10.5, 4.5625, 10.625], "texture": "#4"},
				"up": {"uv": [10.625, 4.5625, 10.5, 4.5], "texture": "#4"},
				"down": {"uv": [10.625, 5, 10.5, 5.0625], "texture": "#4"}
			}
		},
		{
			"from": [7.41326, 4.25651, 3.74752],
			"to": [8.34776, 5.37791, 6.45757],
			"rotation": {"angle": 0, "axis": "y", "origin": [6.29186, -0.60289, 6.83137]},
			"faces": {
				"north": {"uv": [9, 5.25, 9.125, 5.375], "texture": "#4"},
				"east": {"uv": [6.5, 6.75, 6.875, 6.875], "texture": "#4"},
				"south": {"uv": [9, 5.75, 9.125, 5.875], "texture": "#4"},
				"west": {"uv": [0, 7, 0.375, 7.125], "texture": "#4"},
				"up": {"uv": [7.125, 0.375, 7, 0], "texture": "#4"},
				"down": {"uv": [7.125, 0.75, 7, 1.125], "texture": "#4"}
			}
		},
		{
			"from": [7.60016, 3.83599, -0.27083],
			"to": [8.16086, 4.06961, 2.90647],
			"rotation": {"angle": 0, "axis": "y", "origin": [6.29186, -0.60289, 6.83137]},
			"faces": {
				"north": {"uv": [9.75, 10.75, 9.8125, 10.8125], "texture": "#4"},
				"east": {"uv": [0.5, 8.5, 0.9375, 8.5625], "texture": "#4"},
				"south": {"uv": [10.25, 10.75, 10.3125, 10.8125], "texture": "#4"},
				"west": {"uv": [8.5, 0.5, 8.9375, 0.5625], "texture": "#4"},
				"up": {"uv": [8.5625, 1.4375, 8.5, 1], "texture": "#4"},
				"down": {"uv": [1.3125, 8.5, 1.25, 8.9375], "texture": "#4"}
			}
		},
		{
			"from": [7.60016, 4.38318, 2.76045],
			"to": [8.16086, 4.57008, 4.1622],
			"rotation": {"angle": -22.5, "axis": "x", "origin": [7.88051, 4.47663, 4.20893]},
			"faces": {
				"north": {"uv": [10.75, 10.75, 10.8125, 10.8125], "texture": "#4"},
				"east": {"uv": [9.5, 4.25, 9.6875, 4.3125], "texture": "#4"},
				"south": {"uv": [11, 1.5, 11.0625, 1.5625], "texture": "#4"},
				"west": {"uv": [4.75, 9.5, 4.9375, 9.5625], "texture": "#4"},
				"up": {"uv": [9.5625, 4.9375, 9.5, 4.75], "texture": "#4"},
				"down": {"uv": [9.5625, 5.25, 9.5, 5.4375], "texture": "#4"}
			}
		},
		{
			"from": [7.74034, 4.19042, 2.50039],
			"to": [7.92724, 5.31182, 2.68729],
			"rotation": {"angle": 0, "axis": "x", "origin": [8.02069, 5.0782, 3.08334]},
			"faces": {
				"north": {"uv": [10.5, 5.5, 10.5625, 5.625], "texture": "#4"},
				"east": {"uv": [6.25, 10.5, 6.3125, 10.625], "texture": "#4"},
				"south": {"uv": [10.5, 7, 10.5625, 7.125], "texture": "#4"},
				"west": {"uv": [7.25, 10.5, 7.3125, 10.625], "texture": "#4"},
				"up": {"uv": [11.0625, 2.0625, 11, 2], "texture": "#4"},
				"down": {"uv": [2.5625, 11, 2.5, 11.0625], "texture": "#4"}
			}
		},
		{
			"from": [7.90388, 4.61095, 2.50039],
			"to": [7.90388, 4.8913, 2.92091],
			"rotation": {"angle": 0, "axis": "x", "origin": [7.85715, 4.75112, 2.98989]},
			"faces": {
				"north": {"uv": [3.5, 2, 3.5, 2.0625], "texture": "#4"},
				"east": {"uv": [3, 11, 3.0625, 11.0625], "texture": "#4"},
				"south": {"uv": [3, 3.75, 3, 3.8125], "texture": "#4"},
				"west": {"uv": [11, 3.5, 11.0625, 3.5625], "texture": "#4"},
				"up": {"uv": [2, 4.0625, 2, 4], "texture": "#4"},
				"down": {"uv": [5, 5.5, 5, 5.5625], "texture": "#4"}
			}
		},
		{
			"from": [7.92724, 4.65767, 2.87419],
			"to": [7.92724, 4.84457, 3.92439],
			"rotation": {"angle": 0, "axis": "x", "origin": [7.83379, 4.75112, 2.98989]},
			"faces": {
				"north": {"uv": [0.75, 7, 0.75, 7.0625], "texture": "#4"},
				"east": {"uv": [9.5, 5.75, 9.6875, 5.8125], "texture": "#4"},
				"south": {"uv": [7, 3.25, 7, 3.3125], "texture": "#4"},
				"west": {"uv": [6.5, 9.5, 6.6875, 9.5625], "texture": "#4"},
				"up": {"uv": [0.75, 7.6875, 0.75, 7.5], "texture": "#4"},
				"down": {"uv": [1.5, 9.25, 1.5, 9.4375], "texture": "#4"}
			}
		},
		{
			"from": [7.60016, 4.06961, -0.27083],
			"to": [8.16086, 5.75171, 1.41127],
			"rotation": {"angle": 0, "axis": "y", "origin": [6.29186, -0.78979, 6.83137]},
			"faces": {
				"north": {"uv": [6.5, 9, 6.5625, 9.25], "texture": "#4"},
				"east": {"uv": [6.25, 5.75, 6.5, 6], "texture": "#4"},
				"south": {"uv": [9, 7.75, 9.0625, 8], "texture": "#4"},
				"west": {"uv": [6.25, 6.25, 6.5, 6.5], "texture": "#4"},
				"up": {"uv": [9.3125, 0.75, 9.25, 0.5], "texture": "#4"},
				"down": {"uv": [1.0625, 9.25, 1, 9.5], "texture": "#4"}
			}
		},
		{
			"from": [7.41513, 0.14711, 4.42152],
			"to": [8.34589, 4.81587, 6.56713],
			"rotation": {"angle": -22.5, "axis": "x", "origin": [8.06741, 4.25704, 5.21397]},
			"faces": {
				"north": {"uv": [6, 2.75, 6.125, 3.375], "texture": "#4"},
				"east": {"uv": [2.75, 0, 3.0625, 0.625], "texture": "#4"},
				"south": {"uv": [3, 6, 3.125, 6.625], "texture": "#4"},
				"west": {"uv": [0, 3, 0.3125, 3.625], "texture": "#4"},
				"up": {"uv": [7.375, 6.5625, 7.25, 6.25], "texture": "#4"},
				"down": {"uv": [6.625, 7.25, 6.5, 7.5625], "texture": "#4"}
			}
		},
		{
			"from": [7.41513, 0.09855, 3.70641],
			"to": [8.34589, 0.65551, 4.35682],
			"rotation": {"angle": -22.5, "axis": "x", "origin": [8.06741, 4.39538, 5.05957]},
			"faces": {
				"north": {"uv": [10.5, 7.5, 10.625, 7.5625], "texture": "#4"},
				"east": {"uv": [4, 11, 4.0625, 11.0625], "texture": "#4"},
				"south": {"uv": [7.75, 10.5, 7.875, 10.5625], "texture": "#4"},
				"west": {"uv": [11, 4, 11.0625, 4.0625], "texture": "#4"},
				"up": {"uv": [10.625, 9.3125, 10.5, 9.25], "texture": "#4"},
				"down": {"uv": [10.625, 9.75, 10.5, 9.8125], "texture": "#4"}
			}
		},
		{
			"from": [8.21927, 7.43381, 16.41],
			"to": [8.63979, 7.85434, 20.66197],
			"rotation": {"angle": 0, "axis": "y", "origin": [6.02319, -3.78019, 2.71957]},
			"faces": {
				"north": {"uv": [4.5, 11, 4.5625, 11.0625], "texture": "#4"},
				"east": {"uv": [7.5, 1.5, 8.0625, 1.5625], "texture": "#4"},
				"south": {"uv": [11, 4.5, 11.0625, 4.5625], "texture": "#4"},
				"west": {"uv": [7.5, 2.75, 8.0625, 2.8125], "texture": "#4"},
				"up": {"uv": [2.0625, 8.0625, 2, 7.5], "texture": "#4"},
				"down": {"uv": [3.0625, 7.5, 3, 8.0625], "texture": "#4"}
			}
		},
		{
			"from": [7.00442, 7.43381, 8.934],
			"to": [7.65857, 7.85434, 20.66197],
			"rotation": {"angle": 0, "axis": "y", "origin": [6.02319, -3.78019, 2.71957]},
			"faces": {
				"north": {"uv": [11, 5, 11.0625, 5.0625], "texture": "#4"},
				"east": {"uv": [5.25, 2.25, 6.8125, 2.3125], "texture": "#4"},
				"south": {"uv": [11, 5.5, 11.0625, 5.5625], "texture": "#4"},
				"west": {"uv": [5.25, 3.75, 6.8125, 3.8125], "texture": "#4"},
				"up": {"uv": [4.0625, 6.8125, 4, 5.25], "texture": "#4"},
				"down": {"uv": [5.3125, 4.25, 5.25, 5.8125], "texture": "#4"}
			}
		},
		{
			"from": [7.65857, 8.27486, 9.07417],
			"to": [8.49962, 8.46176, 13.32615],
			"rotation": {"angle": 0, "axis": "y", "origin": [6.02319, -3.87364, 2.67285]},
			"faces": {
				"north": {"uv": [10.5, 10.25, 10.625, 10.3125], "texture": "#4"},
				"east": {"uv": [7.75, 2, 8.3125, 2.0625], "texture": "#4"},
				"south": {"uv": [0, 10.75, 0.125, 10.8125], "texture": "#4"},
				"west": {"uv": [7.75, 3.25, 8.3125, 3.3125], "texture": "#4"},
				"up": {"uv": [2.625, 6.8125, 2.5, 6.25], "texture": "#4"},
				"down": {"uv": [6.375, 4.25, 6.25, 4.8125], "texture": "#4"}
			}
		},
		{
			"from": [7.19132, 7.85434, 9.07417],
			"to": [7.65857, 8.46176, 13.32615],
			"rotation": {"angle": 0, "axis": "y", "origin": [7.70529, -3.87364, 2.67285]},
			"faces": {
				"north": {"uv": [6, 11, 6.0625, 11.0625], "texture": "#4"},
				"east": {"uv": [3.5, 7.75, 4.0625, 7.8125], "texture": "#4"},
				"south": {"uv": [11, 7, 11.0625, 7.0625], "texture": "#4"},
				"west": {"uv": [7.75, 3.75, 8.3125, 3.8125], "texture": "#4"},
				"up": {"uv": [4.5625, 8.3125, 4.5, 7.75], "texture": "#4"},
				"down": {"uv": [5.0625, 7.75, 5, 8.3125], "texture": "#4"}
			}
		},
		{
			"from": [7.19132, 7.85434, 13.32615],
			"to": [8.49962, 8.46176, 19.72747],
			"rotation": {"angle": 0, "axis": "y", "origin": [6.02319, -3.87364, 2.71957]},
			"faces": {
				"north": {"uv": [9.5, 7.25, 9.6875, 7.3125], "texture": "#4"},
				"east": {"uv": [6.75, 4.25, 7.625, 4.3125], "texture": "#4"},
				"south": {"uv": [7.5, 9.5, 7.6875, 9.5625], "texture": "#4"},
				"west": {"uv": [6.75, 4.75, 7.625, 4.8125], "texture": "#4"},
				"up": {"uv": [3.9375, 3.625, 3.75, 2.75], "texture": "#4"},
				"down": {"uv": [0.1875, 4, 0, 4.875], "texture": "#4"}
			}
		},
		{
			"from": [7.14459, 7.99451, 13.69995],
			"to": [8.54634, 8.50849, 13.93357],
			"rotation": {"angle": 0, "axis": "y", "origin": [6.02319, -3.87364, 2.71957]},
			"faces": {
				"north": {"uv": [9.5, 7.75, 9.6875, 7.8125], "texture": "#4"},
				"east": {"uv": [7.25, 11, 7.3125, 11.0625], "texture": "#4"},
				"south": {"uv": [8, 9.5, 8.1875, 9.5625], "texture": "#4"},
				"west": {"uv": [11, 7.5, 11.0625, 7.5625], "texture": "#4"},
				"up": {"uv": [9.6875, 9.3125, 9.5, 9.25], "texture": "#4"},
				"down": {"uv": [0.1875, 9.75, 0, 9.8125], "texture": "#4"}
			}
		},
		{
			"from": [7.14459, 7.99451, 16.87725],
			"to": [8.54634, 8.50849, 17.11087],
			"rotation": {"angle": 0, "axis": "y", "origin": [6.02319, -3.87364, 2.71957]},
			"faces": {
				"north": {"uv": [9.75, 0, 9.9375, 0.0625], "texture": "#4"},
				"east": {"uv": [7.75, 11, 7.8125, 11.0625], "texture": "#4"},
				"south": {"uv": [0.5, 9.75, 0.6875, 9.8125], "texture": "#4"},
				"west": {"uv": [11, 9, 11.0625, 9.0625], "texture": "#4"},
				"up": {"uv": [9.9375, 0.5625, 9.75, 0.5], "texture": "#4"},
				"down": {"uv": [1.1875, 9.75, 1, 9.8125], "texture": "#4"}
			}
		},
		{
			"from": [7.17964, 7.43381, 7.39207],
			"to": [8.58139, 8.41504, 9.54142],
			"rotation": {"angle": 0, "axis": "y", "origin": [6.15169, -3.78019, 2.71957]},
			"faces": {
				"north": {"uv": [8.5, 4.25, 8.6875, 4.375], "texture": "#4"},
				"east": {"uv": [7, 7.25, 7.3125, 7.375], "texture": "#4"},
				"south": {"uv": [8.5, 4.75, 8.6875, 4.875], "texture": "#4"},
				"west": {"uv": [0, 7.5, 0.3125, 7.625], "texture": "#4"},
				"up": {"uv": [6.6875, 1.8125, 6.5, 1.5], "texture": "#4"},
				"down": {"uv": [6.6875, 2.75, 6.5, 3.0625], "texture": "#4"}
			}
		},
		{
			"from": [7.31981, 7.43381, 1.22437],
			"to": [8.44121, 8.41504, 1.92525],
			"rotation": {"angle": 0, "axis": "y", "origin": [6.01151, -3.78019, 2.71957]},
			"faces": {
				"north": {"uv": [9.25, 2.75, 9.375, 2.875], "texture": "#4"},
				"east": {"uv": [9.25, 3.25, 9.375, 3.375], "texture": "#4"},
				"south": {"uv": [3.75, 9.25, 3.875, 9.375], "texture": "#4"},
				"west": {"uv": [5.5, 9.25, 5.625, 9.375], "texture": "#4"},
				"up": {"uv": [6.125, 9.375, 6, 9.25], "texture": "#4"},
				"down": {"uv": [9.375, 6.25, 9.25, 6.375], "texture": "#4"}
			}
		},
		{
			"from": [7.45999, 8.41504, 8.70037],
			"to": [8.30104, 8.83556, 10.84972],
			"rotation": {"angle": 0, "axis": "y", "origin": [6.10496, -3.92036, 2.71957]},
			"faces": {
				"north": {"uv": [10.75, 0, 10.875, 0.0625], "texture": "#4"},
				"east": {"uv": [9, 0, 9.3125, 0.0625], "texture": "#4"},
				"south": {"uv": [0.5, 10.75, 0.625, 10.8125], "texture": "#4"},
				"west": {"uv": [9, 1, 9.3125, 1.0625], "texture": "#4"},
				"up": {"uv": [7.625, 0.3125, 7.5, 0], "texture": "#4"},
				"down": {"uv": [7.625, 0.75, 7.5, 1.0625], "texture": "#4"}
			}
		},
		{
			"from": [8.11601, 8.41017, 8.7009],
			"to": [8.29917, 8.82695, 9.91201],
			"rotation": {"angle": 22.5, "axis": "x", "origin": [7.88051, 8.61856, 9.77371]},
			"faces": {
				"north": {"uv": [11, 9.5, 11.0625, 9.5625], "texture": "#4"},
				"east": {"uv": [9.75, 1, 9.9375, 1.0625], "texture": "#4"},
				"south": {"uv": [11, 10, 11.0625, 10.0625], "texture": "#4"},
				"west": {"uv": [1.5, 9.75, 1.6875, 9.8125], "texture": "#4"},
				"up": {"uv": [2.0625, 9.9375, 2, 9.75], "texture": "#4"},
				"down": {"uv": [9.8125, 2.5, 9.75, 2.6875], "texture": "#4"}
			}
		},
		{
			"from": [7.46186, 8.41017, 8.7009],
			"to": [7.64502, 8.82695, 9.91201],
			"rotation": {"angle": 22.5, "axis": "x", "origin": [7.88051, 8.61856, 9.77371]},
			"faces": {
				"north": {"uv": [0, 11.25, 0.0625, 11.3125], "texture": "#4"},
				"east": {"uv": [9.75, 3, 9.9375, 3.0625], "texture": "#4"},
				"south": {"uv": [11.25, 0, 11.3125, 0.0625], "texture": "#4"},
				"west": {"uv": [3.75, 9.75, 3.9375, 9.8125], "texture": "#4"},
				"up": {"uv": [5.3125, 9.9375, 5.25, 9.75], "texture": "#4"},
				"down": {"uv": [5.8125, 9.75, 5.75, 9.9375], "texture": "#4"}
			}
		},
		{
			"from": [7.27309, 6.82639, 0.57022],
			"to": [8.48794, 10.37749, 1.31782],
			"rotation": {"angle": 0, "axis": "y", "origin": [6.10496, -3.78019, 2.2056]},
			"faces": {
				"north": {"uv": [2.5, 5.5, 2.6875, 6], "texture": "#4"},
				"east": {"uv": [6.5, 0, 6.625, 0.5], "texture": "#4"},
				"south": {"uv": [4.5, 5.5, 4.6875, 6], "texture": "#4"},
				"west": {"uv": [6.5, 0.75, 6.625, 1.25], "texture": "#4"},
				"up": {"uv": [8.6875, 5.375, 8.5, 5.25], "texture": "#4"},
				"down": {"uv": [8.6875, 5.75, 8.5, 5.875], "texture": "#4"}
			}
		},
		{
			"from": [7.27309, 10.37749, 0.57022],
			"to": [7.45999, 10.93819, 1.31782],
			"rotation": {"angle": 0, "axis": "y", "origin": [6.10496, -3.96709, 2.2056]},
			"faces": {
				"north": {"uv": [0.5, 11.25, 0.5625, 11.3125], "texture": "#4"},
				"east": {"uv": [10.75, 0.5, 10.875, 0.5625], "texture": "#4"},
				"south": {"uv": [11.25, 0.5, 11.3125, 0.5625], "texture": "#4"},
				"west": {"uv": [1, 10.75, 1.125, 10.8125], "texture": "#4"},
				"up": {"uv": [10.8125, 1.125, 10.75, 1], "texture": "#4"},
				"down": {"uv": [1.5625, 10.75, 1.5, 10.875], "texture": "#4"}
			}
		},
		{
			"from": [7.83379, 10.37749, 0.57022],
			"to": [7.92724, 10.56439, 0.94402],
			"rotation": {"angle": 0, "axis": "y", "origin": [6.19841, -3.96709, 2.2056]},
			"faces": {
				"north": {"uv": [1, 11.25, 1.0625, 11.3125], "texture": "#4"},
				"east": {"uv": [11.25, 1, 11.3125, 1.0625], "texture": "#4"},
				"south": {"uv": [1.5, 11.25, 1.5625, 11.3125], "texture": "#4"},
				"west": {"uv": [2, 11.25, 2.0625, 11.3125], "texture": "#4"},
				"up": {"uv": [11.3125, 2.5625, 11.25, 2.5], "texture": "#4"},
				"down": {"uv": [11.3125, 3, 11.25, 3.0625], "texture": "#4"}
			}
		},
		{
			"from": [8.30104, 10.37749, 0.57022],
			"to": [8.48794, 10.93819, 1.31782],
			"rotation": {"angle": 0, "axis": "y", "origin": [6.10496, -3.96709, 2.2056]},
			"faces": {
				"north": {"uv": [3.5, 11.25, 3.5625, 11.3125], "texture": "#4"},
				"east": {"uv": [2, 10.75, 2.125, 10.8125], "texture": "#4"},
				"south": {"uv": [5, 11.25, 5.0625, 11.3125], "texture": "#4"},
				"west": {"uv": [10.75, 2.5, 10.875, 2.5625], "texture": "#4"},
				"up": {"uv": [10.8125, 3.125, 10.75, 3], "texture": "#4"},
				"down": {"uv": [3.5625, 10.75, 3.5, 10.875], "texture": "#4"}
			}
		},
		{
			"from": [7.27309, 9.81679, 1.31782],
			"to": [8.48794, 10.37749, 7.67242],
			"rotation": {"angle": 0, "axis": "y", "origin": [7.88051, 10.09714, 4.49512]},
			"faces": {
				"north": {"uv": [9.75, 6.25, 9.9375, 6.3125], "texture": "#4"},
				"east": {"uv": [6.75, 5.25, 7.625, 5.3125], "texture": "#4"},
				"south": {"uv": [9.75, 6.75, 9.9375, 6.8125], "texture": "#4"},
				"west": {"uv": [6.75, 5.75, 7.625, 5.8125], "texture": "#4"},
				"up": {"uv": [4.1875, 0.875, 4, 0], "texture": "#4"},
				"down": {"uv": [0.6875, 4, 0.5, 4.875], "texture": "#4"}
			}
		},
		{
			"from": [7.27309, 8.32159, 7.67242],
			"to": [8.48794, 10.37749, 8.42002],
			"rotation": {"angle": 0, "axis": "y", "origin": [6.10496, -3.78019, 2.2056]},
			"faces": {
				"north": {"uv": [7, 1.5, 7.1875, 1.75], "texture": "#4"},
				"east": {"uv": [7, 8.25, 7.125, 8.5], "texture": "#4"},
				"south": {"uv": [2, 7, 2.1875, 7.25], "texture": "#4"},
				"west": {"uv": [8.25, 7.25, 8.375, 7.5], "texture": "#4"},
				"up": {"uv": [6.6875, 8.625, 6.5, 8.5], "texture": "#4"},
				"down": {"uv": [8.6875, 7.75, 8.5, 7.875], "texture": "#4"}
			}
		},
		{
			"from": [7.41326, 9.81679, 8.42002],
			"to": [8.34776, 10.75129, 8.60692],
			"rotation": {"angle": -45, "axis": "z", "origin": [7.88051, 10.28404, 8.51347]},
			"faces": {
				"north": {"uv": [9.25, 6.75, 9.375, 6.875], "texture": "#4"},
				"east": {"uv": [5, 10.75, 5.0625, 10.875], "texture": "#4"},
				"south": {"uv": [7, 9.25, 7.125, 9.375], "texture": "#4"},
				"west": {"uv": [5.5, 10.75, 5.5625, 10.875], "texture": "#4"},
				"up": {"uv": [10.875, 6.0625, 10.75, 6], "texture": "#4"},
				"down": {"uv": [10.875, 6.5, 10.75, 6.5625], "texture": "#4"}
			}
		},
		{
			"from": [8.30104, 10.37749, 5.61652],
			"to": [8.48794, 10.93819, 8.42002],
			"rotation": {"angle": 0, "axis": "y", "origin": [6.10496, -3.78019, 2.2056]},
			"faces": {
				"north": {"uv": [5.5, 11.25, 5.5625, 11.3125], "texture": "#4"},
				"east": {"uv": [8.5, 8.25, 8.875, 8.3125], "texture": "#4"},
				"south": {"uv": [11.25, 6, 11.3125, 6.0625], "texture": "#4"},
				"west": {"uv": [8.75, 1.75, 9.125, 1.8125], "texture": "#4"},
				"up": {"uv": [8.8125, 3.375, 8.75, 3], "texture": "#4"},
				"down": {"uv": [3.3125, 8.75, 3.25, 9.125], "texture": "#4"}
			}
		},
		{
			"from": [7.27309, 10.37749, 5.61652],
			"to": [7.45999, 10.93819, 8.42002],
			"rotation": {"angle": 0, "axis": "y", "origin": [6.10496, -3.78019, 2.2056]},
			"faces": {
				"north": {"uv": [6.5, 11.25, 6.5625, 11.3125], "texture": "#4"},
				"east": {"uv": [3.75, 8.75, 4.125, 8.8125], "texture": "#4"},
				"south": {"uv": [11.25, 6.5, 11.3125, 6.5625], "texture": "#4"},
				"west": {"uv": [8.75, 3.75, 9.125, 3.8125], "texture": "#4"},
				"up": {"uv": [4.5625, 9.125, 4.5, 8.75], "texture": "#4"},
				"down": {"uv": [5.0625, 8.75, 5, 9.125], "texture": "#4"}
			}
		},
		{
			"from": [7.03946, 10.42421, 7.11172],
			"to": [7.41326, 10.98491, 7.67242],
			"rotation": {"angle": 45, "axis": "x", "origin": [7.17964, 10.65784, 7.01827]},
			"faces": {
				"north": {"uv": [11.25, 8, 11.3125, 8.0625], "texture": "#4"},
				"east": {"uv": [8.25, 11.25, 8.3125, 11.3125], "texture": "#4"},
				"south": {"uv": [11.25, 8.5, 11.3125, 8.5625], "texture": "#4"},
				"west": {"uv": [8.75, 11.25, 8.8125, 11.3125], "texture": "#4"},
				"up": {"uv": [9.3125, 11.3125, 9.25, 11.25], "texture": "#4"},
				"down": {"uv": [9.8125, 11.25, 9.75, 11.3125], "texture": "#4"}
			}
		},
		{
			"from": [8.34776, 10.61111, 7.11172],
			"to": [8.53466, 10.98491, 7.48552],
			"rotation": {"angle": 45, "axis": "x", "origin": [7.17964, 10.65784, 7.01827]},
			"faces": {
				"north": {"uv": [10.25, 11.25, 10.3125, 11.3125], "texture": "#4"},
				"east": {"uv": [11.25, 10.5, 11.3125, 10.5625], "texture": "#4"},
				"south": {"uv": [10.75, 11.25, 10.8125, 11.3125], "texture": "#4"},
				"west": {"uv": [11.25, 11, 11.3125, 11.0625], "texture": "#4"},
				"up": {"uv": [11.5625, 1.5625, 11.5, 1.5], "texture": "#4"},
				"down": {"uv": [11.5625, 2, 11.5, 2.0625], "texture": "#4"}
			}
		},
		{
			"from": [7.27496, 9.86427, 4.33718],
			"to": [7.45812, 10.42123, 5.82864],
			"rotation": {"angle": -22.5, "axis": "x", "origin": [7.88051, 10.14275, 4.42876]},
			"faces": {
				"north": {"uv": [2.5, 11.5, 2.5625, 11.5625], "texture": "#4"},
				"east": {"uv": [7, 9.75, 7.1875, 9.8125], "texture": "#4"},
				"south": {"uv": [3, 11.5, 3.0625, 11.5625], "texture": "#4"},
				"west": {"uv": [9.75, 8.25, 9.9375, 8.3125], "texture": "#4"},
				"up": {"uv": [8.5625, 9.9375, 8.5, 9.75], "texture": "#4"},
				"down": {"uv": [9.8125, 8.75, 9.75, 8.9375], "texture": "#4"}
			}
		},
		{
			"from": [8.30291, 9.86427, 4.33718],
			"to": [8.48607, 10.42123, 5.82864],
			"rotation": {"angle": -22.5, "axis": "x", "origin": [7.88051, 10.14275, 4.42876]},
			"faces": {
				"north": {"uv": [11.5, 3.5, 11.5625, 3.5625], "texture": "#4"},
				"east": {"uv": [9, 9.75, 9.1875, 9.8125], "texture": "#4"},
				"south": {"uv": [4, 11.5, 4.0625, 11.5625], "texture": "#4"},
				"west": {"uv": [9.5, 9.75, 9.6875, 9.8125], "texture": "#4"},
				"up": {"uv": [10.0625, 1.6875, 10, 1.5], "texture": "#4"},
				"down": {"uv": [10.0625, 2, 10, 2.1875], "texture": "#4"}
			}
		},
		{
			"from": [7.06283, 7.52726, 1.8902],
			"to": [8.6982, 8.64866, 7.40375],
			"rotation": {"angle": 0, "axis": "y", "origin": [6.0816, -3.03259, 9.9269]},
			"faces": {
				"north": {"uv": [7.5, 8.25, 7.75, 8.375], "texture": "#4"},
				"east": {"uv": [5.5, 0.75, 6.25, 0.875], "texture": "#4"},
				"south": {"uv": [8, 8.25, 8.25, 8.375], "texture": "#4"},
				"west": {"uv": [5.5, 1.75, 6.25, 1.875], "texture": "#4"},
				"up": {"uv": [1.5, 3.75, 1.25, 3], "texture": "#4"},
				"down": {"uv": [2, 3, 1.75, 3.75], "texture": "#4"}
			}
		},
		{
			"from": [7.03946, 7.48054, 2.06542],
			"to": [8.72156, 8.69539, 7.20517],
			"rotation": {"angle": 0, "axis": "y", "origin": [6.10496, -3.03259, 6.83137]},
			"faces": {
				"north": {"uv": [7, 2.75, 7.25, 2.9375], "texture": "#4"},
				"east": {"uv": [4.5, 1.75, 5.1875, 1.9375], "texture": "#4"},
				"south": {"uv": [3, 7, 3.25, 7.1875], "texture": "#4"},
				"west": {"uv": [2, 4.5, 2.6875, 4.6875], "texture": "#4"},
				"up": {"uv": [3.75, 1.6875, 3.5, 1], "texture": "#4"},
				"down": {"uv": [3.5, 3.5, 3.25, 4.1875], "texture": "#4"}
			}
		},
		{
			"from": [7.03946, 2.94821, 20.75542],
			"to": [8.72156, 8.55521, 21.8301],
			"rotation": {"angle": 0, "axis": "y", "origin": [6.10496, -2.28499, 2.3925]},
			"faces": {
				"north": {"uv": [3.25, 2.5, 3.5, 3.25], "texture": "#4"},
				"east": {"uv": [1, 5.75, 1.125, 6.5], "texture": "#4"},
				"south": {"uv": [3.5, 0, 3.75, 0.75], "texture": "#4"},
				"west": {"uv": [1.5, 5.75, 1.625, 6.5], "texture": "#4"},
				"up": {"uv": [0.25, 8.625, 0, 8.5], "texture": "#4"},
				"down": {"uv": [8.75, 0, 8.5, 0.125], "texture": "#4"}
			}
		},
		{
			"from": [7.50671, 7.15346, 19.35367],
			"to": [8.25431, 8.41504, 20.8956],
			"rotation": {"angle": 0, "axis": "y", "origin": [6.10496, -2.28499, 2.3925]},
			"faces": {
				"north": {"uv": [5.5, 8.75, 5.625, 8.9375], "texture": "#4"},
				"east": {"uv": [5.5, 7.75, 5.6875, 7.9375], "texture": "#4"},
				"south": {"uv": [8.75, 6.25, 8.875, 6.4375], "texture": "#4"},
				"west": {"uv": [6, 7.75, 6.1875, 7.9375], "texture": "#4"},
				"up": {"uv": [8.875, 6.9375, 8.75, 6.75], "texture": "#4"},
				"down": {"uv": [7.125, 8.75, 7, 8.9375], "texture": "#4"}
			}
		},
		{
			"from": [7.50671, 3.78926, 20.38162],
			"to": [8.25431, 6.54604, 21.4563],
			"rotation": {"angle": -22.5, "axis": "x", "origin": [7.88051, 4.5135, 20.82551]},
			"faces": {
				"north": {"uv": [1.5, 7.25, 1.625, 7.625], "texture": "#4"},
				"east": {"uv": [7.25, 2, 7.375, 2.375], "texture": "#4"},
				"south": {"uv": [2.5, 7.25, 2.625, 7.625], "texture": "#4"},
				"west": {"uv": [7.25, 3.25, 7.375, 3.625], "texture": "#4"},
				"up": {"uv": [9.375, 8.375, 9.25, 8.25], "texture": "#4"},
				"down": {"uv": [8.625, 9.25, 8.5, 9.375], "texture": "#4"}
			}
		},
		{
			"from": [7.45999, 5.98534, -6.23995],
			"to": [8.30104, 6.82639, 1.18933],
			"rotation": {"angle": 45, "axis": "z", "origin": [7.88051, 6.40586, -2.5954]},
			"faces": {
				"north": {"uv": [9.25, 8.75, 9.375, 8.875], "texture": "#4"},
				"east": {"uv": [4.75, 2.75, 5.75, 2.875], "texture": "#4"},
				"south": {"uv": [9, 9.25, 9.125, 9.375], "texture": "#4"},
				"west": {"uv": [4.75, 3.25, 5.75, 3.375], "texture": "#4"},
				"up": {"uv": [4.875, 5.25, 4.75, 4.25], "texture": "#4"},
				"down": {"uv": [5.125, 0, 5, 1], "texture": "#4"}
			}
		},
		{
			"from": [7.52841, 5.98534, -7.4548],
			"to": [8.13584, 6.59276, -6.19322],
			"rotation": {"angle": 45, "axis": "z", "origin": [7.71531, 6.40586, -10.46856]},
			"faces": {
				"north": {"uv": [11.5, 4, 11.5625, 4.0625], "texture": "#4"},
				"east": {"uv": [2.5, 10, 2.6875, 10.0625], "texture": "#4"},
				"south": {"uv": [4.5, 11.5, 4.5625, 11.5625], "texture": "#4"},
				"west": {"uv": [3, 10, 3.1875, 10.0625], "texture": "#4"},
				"up": {"uv": [10.0625, 3.6875, 10, 3.5], "texture": "#4"},
				"down": {"uv": [10.0625, 4, 10, 4.1875], "texture": "#4"}
			}
		},
		{
			"from": [7.27309, 5.75171, -0.02552],
			"to": [8.48794, 7.15346, 0.53518],
			"rotation": {"angle": 0, "axis": "y", "origin": [4.56304, -2.28499, 6.79633]},
			"faces": {
				"north": {"uv": [7.75, 6.25, 7.9375, 6.4375], "texture": "#4"},
				"east": {"uv": [4.25, 10, 4.3125, 10.1875], "texture": "#4"},
				"south": {"uv": [7.75, 6.75, 7.9375, 6.9375], "texture": "#4"},
				"west": {"uv": [10, 4.5, 10.0625, 4.6875], "texture": "#4"},
				"up": {"uv": [4.9375, 10.0625, 4.75, 10], "texture": "#4"},
				"down": {"uv": [10.1875, 5, 10, 5.0625], "texture": "#4"}
			}
		},
		{
			"from": [7.27309, 5.75171, -6.19322],
			"to": [8.48794, 7.15346, -5.63252],
			"rotation": {"angle": 0, "axis": "y", "origin": [4.56304, -2.28499, 4.92733]},
			"faces": {
				"north": {"uv": [7, 7.75, 7.1875, 7.9375], "texture": "#4"},
				"east": {"uv": [10, 5.5, 10.0625, 5.6875], "texture": "#4"},
				"south": {"uv": [7.75, 7.25, 7.9375, 7.4375], "texture": "#4"},
				"west": {"uv": [6.25, 10, 6.3125, 10.1875], "texture": "#4"},
				"up": {"uv": [10.1875, 7.3125, 10, 7.25], "texture": "#4"},
				"down": {"uv": [7.6875, 10, 7.5, 10.0625], "texture": "#4"}
			}
		},
		{
			"from": [7.22636, 5.19101, -6.05305],
			"to": [8.53466, 6.40586, -1.89452],
			"rotation": {"angle": 0, "axis": "y", "origin": [4.56304, -2.28499, 6.79633]},
			"faces": {
				"north": {"uv": [7.5, 7.75, 7.6875, 7.9375], "texture": "#4"},
				"east": {"uv": [5, 1.25, 5.5625, 1.4375], "texture": "#4"},
				"south": {"uv": [0, 8, 0.1875, 8.1875], "texture": "#4"},
				"west": {"uv": [2, 5, 2.5625, 5.1875], "texture": "#4"},
				"up": {"uv": [3.1875, 5.5625, 3, 5], "texture": "#4"},
				"down": {"uv": [3.6875, 5, 3.5, 5.5625], "texture": "#4"}
			}
		},
		{
			"from": [7.17777, 5.18914, -2.27019],
			"to": [8.58326, 6.40773, -1.89265],
			"rotation": {"angle": 0, "axis": "y", "origin": [4.56304, -2.28499, 6.79633]},
			"faces": {
				"north": {"uv": [8, 0, 8.1875, 0.1875], "texture": "#4"},
				"east": {"uv": [10, 7.75, 10.0625, 7.9375], "texture": "#4"},
				"south": {"uv": [0.5, 8, 0.6875, 8.1875], "texture": "#4"},
				"west": {"uv": [8, 10, 8.0625, 10.1875], "texture": "#4"},
				"up": {"uv": [10.1875, 9.3125, 10, 9.25], "texture": "#4"},
				"down": {"uv": [10.1875, 9.75, 10, 9.8125], "texture": "#4"}
			}
		},
		{
			"from": [7.17777, 5.18914, -6.24182],
			"to": [8.58326, 6.40773, -5.86428],
			"rotation": {"angle": 0, "axis": "y", "origin": [4.56304, -2.28499, 6.23563]},
			"faces": {
				"north": {"uv": [8, 0.5, 8.1875, 0.6875], "texture": "#4"},
				"east": {"uv": [0, 10.25, 0.0625, 10.4375], "texture": "#4"},
				"south": {"uv": [1, 8, 1.1875, 8.1875], "texture": "#4"},
				"west": {"uv": [10.25, 0, 10.3125, 0.1875], "texture": "#4"},
				"up": {"uv": [0.6875, 10.3125, 0.5, 10.25], "texture": "#4"},
				"down": {"uv": [10.4375, 0.5, 10.25, 0.5625], "texture": "#4"}
			}
		},
		{
			"from": [6.89831, 3.69581, -6.09977],
			"to": [8.34679, 5.14429, -0.39932],
			"rotation": {"angle": 45, "axis": "z", "origin": [7.31884, 4.91066, -3.06265]},
			"faces": {
				"north": {"uv": [8, 1, 8.1875, 1.1875], "texture": "#4"},
				"east": {"uv": [4, 1.25, 4.75, 1.4375], "texture": "#4"},
				"south": {"uv": [1.5, 8, 1.6875, 8.1875], "texture": "#4"},
				"west": {"uv": [4.25, 3.75, 5, 3.9375], "texture": "#4"},
				"up": {"uv": [4.4375, 5, 4.25, 4.25], "texture": "#4"},
				"down": {"uv": [4.6875, 0, 4.5, 0.75], "texture": "#4"}
			}
		},
		{
			"from": [7.11522, 4.05427, -0.96002],
			"to": [8.70387, 5.64292, -0.58622],
			"rotation": {"angle": 45, "axis": "z", "origin": [7.97963, 4.7785, -3.06265]},
			"faces": {
				"north": {"uv": [2.5, 8, 2.6875, 8.1875], "texture": "#4"},
				"east": {"uv": [1, 10.25, 1.0625, 10.4375], "texture": "#4"},
				"south": {"uv": [8, 4.25, 8.1875, 4.4375], "texture": "#4"},
				"west": {"uv": [10.25, 1, 10.3125, 1.1875], "texture": "#4"},
				"up": {"uv": [1.6875, 10.3125, 1.5, 10.25], "texture": "#4"},
				"down": {"uv": [2.1875, 10.25, 2, 10.3125], "texture": "#4"}
			}
		},
		{
			"from": [7.08619, 3.98418, -2.26832],
			"to": [8.67484, 5.57283, -1.89452],
			"rotation": {"angle": 45, "axis": "z", "origin": [7.88051, 4.7785, -2.08142]},
			"faces": {
				"north": {"uv": [8, 4.75, 8.1875, 4.9375], "texture": "#4"},
				"east": {"uv": [10.25, 2.5, 10.3125, 2.6875], "texture": "#4"},
				"south": {"uv": [8, 5.25, 8.1875, 5.4375], "texture": "#4"},
				"west": {"uv": [10.25, 3, 10.3125, 3.1875], "texture": "#4"},
				"up": {"uv": [3.6875, 10.3125, 3.5, 10.25], "texture": "#4"},
				"down": {"uv": [5.4375, 10.25, 5.25, 10.3125], "texture": "#4"}
			}
		},
		{
			"from": [7.08619, 3.98418, -3.20282],
			"to": [8.67484, 5.57283, -2.82902],
			"rotation": {"angle": 45, "axis": "z", "origin": [7.88051, 4.7785, -2.08142]},
			"faces": {
				"north": {"uv": [8, 5.75, 8.1875, 5.9375], "texture": "#4"},
				"east": {"uv": [5.75, 10.25, 5.8125, 10.4375], "texture": "#4"},
				"south": {"uv": [6.5, 8, 6.6875, 8.1875], "texture": "#4"},
				"west": {"uv": [10.25, 6, 10.3125, 6.1875], "texture": "#4"},
				"up": {"uv": [10.4375, 6.5625, 10.25, 6.5], "texture": "#4"},
				"down": {"uv": [6.9375, 10.25, 6.75, 10.3125], "texture": "#4"}
			}
		},
		{
			"from": [7.08619, 3.98418, -6.23995],
			"to": [8.67484, 5.57283, -5.86615],
			"rotation": {"angle": 45, "axis": "z", "origin": [7.88051, 4.7785, -2.64212]},
			"faces": {
				"north": {"uv": [8, 7.75, 8.1875, 7.9375], "texture": "#4"},
				"east": {"uv": [10.25, 8.25, 10.3125, 8.4375], "texture": "#4"},
				"south": {"uv": [3.5, 8.25, 3.6875, 8.4375], "texture": "#4"},
				"west": {"uv": [8.5, 10.25, 8.5625, 10.4375], "texture": "#4"},
				"up": {"uv": [10.4375, 8.8125, 10.25, 8.75], "texture": "#4"},
				"down": {"uv": [9.1875, 10.25, 9, 10.3125], "texture": "#4"}
			}
		},
		{
			"from": [6.92569, 3.69581, -0.39932],
			"to": [8.28071, 5.05084, -0.25915],
			"rotation": {"angle": 45, "axis": "z", "origin": [7.25276, 4.91066, -3.06265]},
			"faces": {
				"north": {"uv": [4, 8.25, 4.1875, 8.4375], "texture": "#4"},
				"east": {"uv": [9.5, 10.25, 9.5625, 10.4375], "texture": "#4"},
				"south": {"uv": [5.5, 8.25, 5.6875, 8.4375], "texture": "#4"},
				"west": {"uv": [10, 10.25, 10.0625, 10.4375], "texture": "#4"},
				"up": {"uv": [10.6875, 1.5625, 10.5, 1.5], "texture": "#4"},
				"down": {"uv": [10.6875, 2, 10.5, 2.0625], "texture": "#4"}
			}
		},
		{
			"from": [8.23095, 7.71416, 9.8685],
			"to": [8.79165, 8.13469, 9.96195],
			"rotation": {"angle": 0, "axis": "y", "origin": [6.03487, -3.87364, 2.71957]},
			"faces": {
				"north": {"uv": [11.5, 4.5, 11.5625, 4.5625], "texture": "#4"},
				"east": {"uv": [11.5, 5, 11.5625, 5.0625], "texture": "#4"},
				"south": {"uv": [11.5, 5.5, 11.5625, 5.5625], "texture": "#4"},
				"west": {"uv": [6, 11.5, 6.0625, 11.5625], "texture": "#4"},
				"up": {"uv": [7.0625, 11.5625, 7, 11.5], "texture": "#4"},
				"down": {"uv": [11.5625, 7, 11.5, 7.0625], "texture": "#4"}
			}
		},
		{
			"from": [8.79165, 7.66744, 9.82177],
			"to": [9.86632, 8.18141, 10.00867],
			"rotation": {"angle": 0, "axis": "y", "origin": [6.03487, -3.87364, 2.71957]},
			"faces": {
				"north": {"uv": [6.75, 10.75, 6.875, 10.8125], "texture": "#4"},
				"east": {"uv": [7.5, 11.5, 7.5625, 11.5625], "texture": "#4"},
				"south": {"uv": [10.75, 8, 10.875, 8.0625], "texture": "#4"},
				"west": {"uv": [11.5, 7.5, 11.5625, 7.5625], "texture": "#4"},
				"up": {"uv": [8.375, 10.8125, 8.25, 10.75], "texture": "#4"},
				"down": {"uv": [10.875, 8.5, 10.75, 8.5625], "texture": "#4"}
			}
		},
		{
			"from": [8.23095, 5.98534, 9.40125],
			"to": [8.37112, 8.36831, 16.45672],
			"rotation": {"angle": 0, "axis": "y", "origin": [6.03487, -3.87364, 2.71957]},
			"faces": {
				"north": {"uv": [1.75, 9, 1.8125, 9.3125], "texture": "#4"},
				"east": {"uv": [1, 1, 1.9375, 1.3125], "texture": "#4"},
				"south": {"uv": [2.25, 9, 2.3125, 9.3125], "texture": "#4"},
				"west": {"uv": [1, 1.75, 1.9375, 2.0625], "texture": "#4"},
				"up": {"uv": [5.5625, 7.4375, 5.5, 6.5], "texture": "#4"},
				"down": {"uv": [1.0625, 6.75, 1, 7.6875], "texture": "#4"}
			}
		},
		{
			"from": [8.60475, 6.49931, 15.6624],
			"to": [8.79165, 7.29364, 18.41917],
			"rotation": {"angle": 0, "axis": "y", "origin": [8.6982, 7.24691, 18.0921]},
			"faces": {
				"north": {"uv": [8.75, 10.75, 8.8125, 10.875], "texture": "#4"},
				"east": {"uv": [3.5, 7.25, 3.875, 7.375], "texture": "#4"},
				"south": {"uv": [9.25, 10.75, 9.3125, 10.875], "texture": "#4"},
				"west": {"uv": [4.25, 7.25, 4.625, 7.375], "texture": "#4"},
				"up": {"uv": [7.5625, 9.125, 7.5, 8.75], "texture": "#4"},
				"down": {"uv": [8.0625, 8.75, 8, 9.125], "texture": "#4"}
			}
		},
		{
			"from": [8.60475, 7.29364, 14.02702],
			"to": [8.79165, 7.90106, 16.7838],
			"rotation": {"angle": 0, "axis": "y", "origin": [8.6982, 7.24691, 18.0921]},
			"faces": {
				"north": {"uv": [11.5, 9, 11.5625, 9.0625], "texture": "#4"},
				"east": {"uv": [8.75, 7.25, 9.125, 7.3125], "texture": "#4"},
				"south": {"uv": [11.5, 9.5, 11.5625, 9.5625], "texture": "#4"},
				"west": {"uv": [8.5, 8.75, 8.875, 8.8125], "texture": "#4"},
				"up": {"uv": [0.0625, 9.375, 0, 9], "texture": "#4"},
				"down": {"uv": [0.5625, 9, 0.5, 9.375], "texture": "#4"}
			}
		},
		{
			"from": [7.27309, 6.87311, -5.63252],
			"to": [8.48794, 7.15346, -3.95042],
			"rotation": {"angle": 0, "axis": "y", "origin": [4.56304, -2.28499, 6.60943]},
			"faces": {
				"north": {"uv": [2.5, 10.5, 2.6875, 10.5625], "texture": "#4"},
				"east": {"uv": [9.5, 1.5, 9.75, 1.5625], "texture": "#4"},
				"south": {"uv": [3, 10.5, 3.1875, 10.5625], "texture": "#4"},
				"west": {"uv": [9.5, 2, 9.75, 2.0625], "texture": "#4"},
				"up": {"uv": [5.1875, 7.5, 5, 7.25], "texture": "#4"},
				"down": {"uv": [6.1875, 7.25, 6, 7.5], "texture": "#4"}
			}
		},
		{
			"from": [7.22636, 7.15346, -5.44562],
			"to": [7.41326, 7.62071, -4.97837],
			"rotation": {"angle": 45, "axis": "x", "origin": [5.49754, 7.38709, -5.212]},
			"faces": {
				"north": {"uv": [11.5, 10, 11.5625, 10.0625], "texture": "#4"},
				"east": {"uv": [11.25, 11.5, 11.3125, 11.5625], "texture": "#4"},
				"south": {"uv": [0, 11.75, 0.0625, 11.8125], "texture": "#4"},
				"west": {"uv": [11.75, 0, 11.8125, 0.0625], "texture": "#4"},
				"up": {"uv": [0.5625, 11.8125, 0.5, 11.75], "texture": "#4"},
				"down": {"uv": [11.8125, 0.5, 11.75, 0.5625], "texture": "#4"}
			}
		},
		{
			"from": [7.27309, 7.15346, -5.64562],
			"to": [7.45999, 7.44571, -4.88492],
			"rotation": {"angle": 0, "axis": "y", "origin": [4.56304, -2.37844, 6.60943]},
			"faces": {
				"north": {"uv": [1, 11.75, 1.0625, 11.8125], "texture": "#4"},
				"east": {"uv": [11.75, 1, 11.8125, 1.0625], "texture": "#4"},
				"south": {"uv": [1.5, 11.75, 1.5625, 11.8125], "texture": "#4"},
				"west": {"uv": [2, 11.75, 2.0625, 11.8125], "texture": "#4"},
				"up": {"uv": [11.8125, 2.5625, 11.75, 2.5], "texture": "#4"},
				"down": {"uv": [11.8125, 3, 11.75, 3.0625], "texture": "#4"}
			}
		},
		{
			"from": [8.30104, 7.15346, -5.64562],
			"to": [8.48794, 7.44571, -4.88492],
			"rotation": {"angle": 0, "axis": "y", "origin": [4.56304, -2.37844, 6.60943]},
			"faces": {
				"north": {"uv": [3.5, 11.75, 3.5625, 11.8125], "texture": "#4"},
				"east": {"uv": [5, 11.75, 5.0625, 11.8125], "texture": "#4"},
				"south": {"uv": [5.5, 11.75, 5.5625, 11.8125], "texture": "#4"},
				"west": {"uv": [11.75, 6, 11.8125, 6.0625], "texture": "#4"},
				"up": {"uv": [6.5625, 11.8125, 6.5, 11.75], "texture": "#4"},
				"down": {"uv": [11.8125, 6.5, 11.75, 6.5625], "texture": "#4"}
			}
		},
		{
			"from": [8.34776, 7.15346, -5.44562],
			"to": [8.53466, 7.62071, -4.97837],
			"rotation": {"angle": 45, "axis": "x", "origin": [5.49754, 7.38709, -5.212]},
			"faces": {
				"north": {"uv": [8, 11.75, 8.0625, 11.8125], "texture": "#4"},
				"east": {"uv": [11.75, 8, 11.8125, 8.0625], "texture": "#4"},
				"south": {"uv": [8.5, 11.75, 8.5625, 11.8125], "texture": "#4"},
				"west": {"uv": [11.75, 8.5, 11.8125, 8.5625], "texture": "#4"},
				"up": {"uv": [9.0625, 11.8125, 9, 11.75], "texture": "#4"},
				"down": {"uv": [9.5625, 11.75, 9.5, 11.8125], "texture": "#4"}
			}
		},
		{
			"from": [7.27309, 7.43381, -5.64562],
			"to": [8.48794, 7.62071, -1.62727],
			"rotation": {"angle": 0, "axis": "x", "origin": [7.88052, 7.52726, -3.63644]},
			"faces": {
				"north": {"uv": [4.1875, 10.5, 4, 10.5625], "rotation": 180, "texture": "#4"},
				"east": {"uv": [6, 8.25, 6.0625, 8.8125], "rotation": 270, "texture": "#4"},
				"south": {"uv": [10.6875, 3.5625, 10.5, 3.5], "texture": "#4"},
				"west": {"uv": [8.25, 6.25, 8.3125, 6.8125], "rotation": 90, "texture": "#4"},
				"up": {"uv": [0, 5.25, 0.1875, 5.8125], "rotation": 180, "texture": "#4"},
				"down": {"uv": [0.5, 5.25, 0.6875, 5.8125], "texture": "#4"}
			}
		},
		{
			"from": [6.85256, 5.51809, 3.05833],
			"to": [7.03946, 5.70499, 4.74043],
			"rotation": {"angle": 0, "axis": "y", "origin": [4.23596, -2.28499, 6.60943]},
			"faces": {
				"north": {"uv": [10, 11.75, 10.0625, 11.8125], "texture": "#4"},
				"east": {"uv": [2.75, 9.5, 3, 9.5625], "texture": "#4"},
				"south": {"uv": [10.5, 11.75, 10.5625, 11.8125], "texture": "#4"},
				"west": {"uv": [3.25, 9.5, 3.5, 9.5625], "texture": "#4"},
				"up": {"uv": [9.5625, 4, 9.5, 3.75], "texture": "#4"},
				"down": {"uv": [4.3125, 9.5, 4.25, 9.75], "texture": "#4"}
			}
		}
	],
	"display": {
		"thirdperson_righthand": {
			"translation": [0.25, 2, 2],
			"scale": [0.72, 0.72, 0.72]
		},
		"thirdperson_lefthand": {
			"translation": [0.25, 2, 3.5],
			"scale": [0.72, 0.72, 0.72]
		},
		"firstperson_righthand": {
			"rotation": [4, 2, 4],
			"translation": [-6.6, 6.75, 6.5],
			"scale": [0, 0, 0]
		},
		"firstperson_lefthand": {
			"rotation": [-3, -0.5, 1],
			"translation": [-3, 16, -8.5],
			"scale": [0, 0, 0]
		},
		"ground": {
			"rotation": [0, 0, 90],
			"translation": [-1.5, -1.75, 0]
		},
		"gui": {
			"rotation": [26, -141, 1],
			"translation": [-0.25, 1.75, 0],
			"scale": [0.76, 0.76, 0.76]
		},
		"head": {
			"rotation": [-90.94, 32.27, 87.32],
			"translation": [-1.75, -14.75, 3.75],
			"scale": [0.72, 0.72, 0.72]
		},
		"fixed": {
			"rotation": [91, 44, -86],
			"translation": [2.25, 2, 0],
			"scale": [1.22, 1.22, 1.22]
		}
	},
	"groups": [
		{
			"name": "Groza",
			"origin": [8.025, 8, 6.31875],
			"color": 0,
			"children": [
				{
					"name": "Receiver",
					"origin": [8.05, 8, 6.31875],
					"color": 0,
					"children": [0, 1, 2]
				},
				{
					"name": "Magazine",
					"origin": [8.05, 8, 6.31875],
					"color": 0,
					"children": [3, 4, 5, 6, 7, 8]
				},
				{
					"name": "Grip",
					"origin": [8.125, 8, 6.31875],
					"color": 0,
					"children": [9, 10, 11, 12, 13, 14, 15, 16, 17]
				},
				{
					"name": "Dustcover",
					"origin": [8.00625, 8, 6.31875],
					"color": 0,
					"children": [18, 19, 20, 21, 22, 23, 24]
				},
				{
					"name": "Mount",
					"origin": [8.05, 8, 6.31875],
					"color": 0,
					"children": [25, 26, 27, 28, 29, 30, 31, 32, 33, 34, 35, 36, 37, 38, 39, 40, 41, 42]
				},
				{
					"name": "Wood",
					"origin": [8.05, 8, 6.31875],
					"color": 0,
					"children": [43, 44]
				},
				{
					"name": "Stock",
					"origin": [8.05, 8, 6.31875],
					"color": 0,
					"children": [45, 46, 47]
				},
				{
					"name": "Barrel",
					"origin": [8.05, 8, 6.31875],
					"color": 0,
					"children": [48, 49, 50, 51]
				},
				{
					"name": "Grenade Launcher",
					"origin": [8.01768, 8, 8],
					"color": 0,
					"children": [52, 53, 54, 55, 56, 57, 58, 59, 60]
				},
				{
					"name": "Charging Bolt",
					"origin": [8.0125, 8, 6.31875],
					"color": 0,
					"children": [61, 62, 63]
				},
				{
					"name": "Fire Selector",
					"origin": [8.025, 8, 6.31875],
					"color": 0,
					"children": [64, 65]
				},
				{
					"name": "Grenade Sights",
					"origin": [6.225, -0.05, 7.4],
					"color": 0,
					"children": [66, 67, 68, 69, 70, 71]
				},
				72
			]
		}
	]
}