{"textures":{"0":"mcc:island_cosmetics/accessory/offhand_1","particle":"mcc:island_cosmetics/accessory/offhand_1"},"credit":"Made with Blockbench","texture_size":[128.0,128.0],"elements":[{"from":[7.5,0.0,7.5],"to":[8.5,5.5,8.5],"rotation":{"angle":0.0,"axis":"y","origin":[8.5,8.5,7.4375]},"faces":{"north":{"uv":[2.75,4.375,3.0,5.75],"texture":"#0"},"east":{"uv":[2.75,4.375,3.0,5.75],"texture":"#0"},"south":{"uv":[2.75,4.375,3.0,5.75],"texture":"#0"},"west":{"uv":[2.75,4.375,3.0,5.75],"texture":"#0"},"up":{"uv":[3.0,4.375,3.25,4.625],"texture":"#0"},"down":{"uv":[3.0,4.625,3.25,4.875],"texture":"#0"}}},{"from":[7.45,-0.05,7.45],"to":[8.55,5.55,8.55],"rotation":{"angle":0.0,"axis":"y","origin":[8.55,8.5,7.4875]},"faces":{"north":{"uv":[4.25,4.0,4.5,5.375],"texture":"#0"},"east":{"uv":[4.5,4.0,4.25,5.375],"texture":"#0"},"south":{"uv":[4.25,4.0,4.5,5.375],"texture":"#0"},"west":{"uv":[4.5,4.0,4.25,5.375],"texture":"#0"},"up":{"uv":[3.0,4.125,3.125,4.25],"texture":"#0"},"down":{"uv":[3.0,4.125,3.125,4.25],"texture":"#0"}}},{"from":[7.4,3.475,7.4],"to":[8.6,4.05,8.6],"rotation":{"angle":0.0,"axis":"y","origin":[8.55,8.5,8.4875]},"faces":{"north":{"uv":[4.25,3.75,4.5,3.875],"texture":"#0","tintindex":0.0},"east":{"uv":[4.5,3.75,4.25,3.875],"texture":"#0","tintindex":0.0},"south":{"uv":[4.375,3.875,4.5,4.0],"texture":"#0","tintindex":0.0},"west":{"uv":[4.375,3.875,4.5,4.0],"texture":"#0","tintindex":0.0},"up":{"uv":[3.0,4.125,3.125,4.25],"texture":"#0"},"down":{"uv":[3.0,4.125,3.125,4.25],"texture":"#0"}}},{"from":[7.7,6.075,7.7],"to":[8.3,15.675,8.3],"rotation":{"angle":0.0,"axis":"y","origin":[8.0,8.5,6.9375]},"faces":{"north":{"uv":[3.625,4.0,3.5,6.375],"texture":"#0"},"east":{"uv":[3.625,4.0,3.5,6.375],"texture":"#0"},"south":{"uv":[3.625,4.0,3.5,6.375],"texture":"#0"},"west":{"uv":[3.625,4.0,3.5,6.375],"texture":"#0"},"up":{"uv":[3.5,4.125,3.375,4.25],"texture":"#0"},"down":{"uv":[3.25,4.25,3.375,4.375],"texture":"#0"}}},{"from":[7.7,5.475,7.7],"to":[8.3,6.075,8.3],"rotation":{"angle":0.0,"axis":"y","origin":[8.0,8.4,6.9375]},"faces":{"north":{"uv":[3.5,6.625,3.375,6.75],"texture":"#0"},"east":{"uv":[3.5,6.625,3.375,6.75],"texture":"#0"},"south":{"uv":[3.5,6.625,3.375,6.75],"texture":"#0"},"west":{"uv":[3.5,6.625,3.375,6.75],"texture":"#0"},"up":{"uv":[3.375,4.125,3.25,4.25],"texture":"#0"},"down":{"uv":[3.375,4.125,3.25,4.25],"texture":"#0"}}},{"from":[8.61,16.11,8.61],"to":[7.39,5.11,7.39],"rotation":{"angle":0.0,"axis":"y","origin":[7.625,8.5,6.5625]},"faces":{"north":{"uv":[3.875,4.375,4.0,4.5],"texture":"#0","tintindex":0.0},"east":{"uv":[3.875,4.375,4.0,4.5],"texture":"#0","tintindex":0.0},"south":{"uv":[3.875,4.375,4.0,4.5],"texture":"#0","tintindex":0.0},"west":{"uv":[3.875,4.375,4.0,4.5],"texture":"#0","tintindex":0.0},"up":{"uv":[11.125,3.25,11.25,3.375],"texture":"#0","tintindex":0.0},"down":{"uv":[3.875,4.375,4.0,4.5],"texture":"#0","tintindex":0.0}}},{"from":[8.875,16.625,8.875],"to":[7.125,5.125,7.125],"rotation":{"angle":0.0,"axis":"y","origin":[7.625,8.5,6.5625]},"faces":{"north":{"uv":[4.0,5.375,4.125,5.5],"texture":"#0","tintindex":0.0},"east":{"uv":[4.0,5.375,4.125,5.5],"texture":"#0","tintindex":0.0},"south":{"uv":[4.0,5.375,4.125,5.5],"texture":"#0","tintindex":0.0},"west":{"uv":[4.0,5.375,4.125,5.5],"texture":"#0","tintindex":0.0},"up":{"uv":[3.625,5.375,3.75,5.5],"texture":"#0","tintindex":0.0},"down":{"uv":[4.0,5.375,4.125,5.5],"texture":"#0","tintindex":0.0}}},{"from":[7.7,-10.175,7.7],"to":[8.3,-0.575,8.3],"rotation":{"angle":0.0,"axis":"y","origin":[8.0,-0.5,6.9375]},"faces":{"north":{"uv":[3.625,6.375,3.5,4.0],"texture":"#0"},"east":{"uv":[3.625,6.375,3.5,4.0],"texture":"#0"},"south":{"uv":[3.625,6.375,3.5,4.0],"texture":"#0"},"west":{"uv":[3.625,6.375,3.5,4.0],"texture":"#0"},"up":{"uv":[3.25,4.375,3.375,4.25],"texture":"#0"},"down":{"uv":[3.5,4.25,3.375,4.125],"texture":"#0"}}},{"from":[8.61,0.39,8.61],"to":[7.39,-10.61,7.39],"rotation":{"angle":0.0,"axis":"y","origin":[7.625,-0.5,6.5625]},"faces":{"north":{"uv":[3.875,4.5,4.0,4.375],"texture":"#0","tintindex":0.0},"east":{"uv":[3.875,4.5,4.0,4.375],"texture":"#0","tintindex":0.0},"south":{"uv":[3.875,4.5,4.0,4.375],"texture":"#0","tintindex":0.0},"west":{"uv":[3.875,4.5,4.0,4.375],"texture":"#0","tintindex":0.0},"up":{"uv":[3.875,4.5,4.0,4.375],"texture":"#0","tintindex":0.0},"down":{"uv":[11.125,3.25,11.25,3.375],"texture":"#0","tintindex":0.0}}},{"from":[8.875,0.375,8.875],"to":[7.125,-11.125,7.125],"rotation":{"angle":0.0,"axis":"y","origin":[7.625,-0.5,6.5625]},"faces":{"north":{"uv":[4.0,5.5,4.125,5.375],"texture":"#0","tintindex":0.0},"east":{"uv":[4.0,5.5,4.125,5.375],"texture":"#0","tintindex":0.0},"south":{"uv":[4.0,5.5,4.125,5.375],"texture":"#0","tintindex":0.0},"west":{"uv":[4.0,5.5,4.125,5.375],"texture":"#0","tintindex":0.0},"up":{"uv":[4.0,5.5,4.125,5.375],"texture":"#0","tintindex":0.0},"down":{"uv":[3.625,5.5,3.75,5.375],"texture":"#0","tintindex":0.0}}},{"from":[7.7,-0.575,7.7],"to":[8.3,0.025,8.3],"rotation":{"angle":0.0,"axis":"y","origin":[8.0,-0.4,6.9375]},"faces":{"north":{"uv":[3.5,6.75,3.375,6.625],"texture":"#0"},"east":{"uv":[3.5,6.75,3.375,6.625],"texture":"#0"},"south":{"uv":[3.5,6.75,3.375,6.625],"texture":"#0"},"west":{"uv":[3.5,6.75,3.375,6.625],"texture":"#0"},"up":{"uv":[3.375,4.25,3.25,4.125],"texture":"#0"},"down":{"uv":[3.375,4.25,3.25,4.125],"texture":"#0"}}}],"gui_light":"front","display":{"thirdperson_righthand":{"rotation":[-3.16,-1.18,-0.04],"translation":[0.0,6.75,1.25],"scale":[1.7,1.7,1.7]},"thirdperson_lefthand":{"rotation":[-3.16,-1.18,-0.04],"translation":[0.0,6.75,1.25],"scale":[1.7,1.7,1.7]},"firstperson_righthand":{"rotation":[-11.23,-3.56,3.35],"translation":[10.25,6.25,-6.0],"scale":[0.83008,0.83008,0.83008]},"firstperson_lefthand":{"rotation":[-11.23,-3.56,3.35],"translation":[10.25,6.25,-6.0],"scale":[0.83008,0.83008,0.83008]},"ground":{"translation":[0.0,4.25,0.0],"scale":[0.43945,0.43945,0.43945]},"gui":{"rotation":[-147.58,-6.57,-137.01],"translation":[2.75,2.5,0.0],"scale":[0.72813,0.72813,0.72813]},"head":{"rotation":[0.0,3.25,0.0],"translation":[0.0,4.25,0.0],"scale":[1.6,1.6,1.6]}}}