{"textures":{"1":"mcc:island_cosmetics/accessory_variant/variant_cloud_fist","2":"mcc:island_cosmetics/accessory_variant/cloud_fist_stormy","3":"mcc:island_cosmetics/accessory_variant/zeus_lightning","particle":"mcc:island_cosmetics/accessory_variant/cloud_fist_stormy"},"credit":"Made with Blockbench","ambientocclusion":false,"texture_size":[128.0,128.0],"elements":[{"from":[5.0,4.0,5.0],"to":[11.0,22.0,11.0],"rotation":{"angle":0.0,"axis":"y","origin":[10.0,17.0,7.875]},"faces":{"north":{"uv":[9.5,3.5,6.5,12.5],"texture":"#2"},"east":{"uv":[10.0,3.5,13.0,12.5],"texture":"#2"},"south":{"uv":[9.5,3.5,6.5,12.5],"texture":"#2"},"west":{"uv":[10.0,3.5,13.0,12.5],"texture":"#2"},"down":{"uv":[16.0,11.5,15.25,12.25],"texture":"#1"}}},{"from":[7.0,2.0,4.0],"to":[13.0,8.0,10.0],"rotation":{"angle":0.0,"axis":"y","origin":[10.0,17.0,7.875]},"faces":{"north":{"uv":[0.875,1.0,1.625,1.75],"texture":"#1"},"east":{"uv":[0.875,1.0,1.625,1.75],"texture":"#1"},"south":{"uv":[0.875,1.0,1.625,1.75],"texture":"#1"},"west":{"uv":[0.875,1.0,1.625,1.75],"texture":"#1"},"up":{"uv":[0.875,1.75,1.625,2.5],"texture":"#1"},"down":{"uv":[0.125,1.75,0.875,2.5],"texture":"#1"}}},{"from":[13.5,8.5,10.5],"to":[6.5,1.5,3.5],"rotation":{"angle":0.0,"axis":"y","origin":[10.0,17.0,7.875]},"faces":{"north":{"uv":[11.5,6.5,12.0,7.0],"texture":"#3"},"east":{"uv":[11.5,6.5,12.0,7.0],"texture":"#3"},"south":{"uv":[11.5,6.5,12.0,7.0],"texture":"#3"},"west":{"uv":[11.5,6.5,12.0,7.0],"texture":"#3"},"up":{"uv":[11.5,6.5,12.0,7.0],"texture":"#3"},"down":{"uv":[11.5,6.5,12.0,7.0],"texture":"#3"}}},{"from":[4.0,0.0,7.0],"to":[9.0,5.0,12.0],"rotation":{"angle":0.0,"axis":"y","origin":[10.0,17.0,7.875]},"faces":{"north":{"uv":[0.25,1.125,0.875,1.75],"texture":"#1"},"east":{"uv":[0.25,1.125,0.875,1.75],"texture":"#1"},"south":{"uv":[0.25,1.125,0.875,1.75],"texture":"#1"},"west":{"uv":[0.25,1.125,0.875,1.75],"texture":"#1"},"up":{"uv":[0.25,3.0,0.875,3.625],"texture":"#1"},"down":{"uv":[1.0,2.5,1.625,3.125],"texture":"#1"}}},{"from":[9.5,5.5,12.5],"to":[3.5,-0.5,6.5],"rotation":{"angle":0.0,"axis":"y","origin":[10.0,17.0,7.875]},"faces":{"north":{"uv":[9.0,10.5,9.5,11.0],"texture":"#3"},"east":{"uv":[9.0,10.5,9.5,11.0],"texture":"#3"},"south":{"uv":[9.0,10.5,9.5,11.0],"texture":"#3"},"west":{"uv":[9.0,10.5,9.5,11.0],"texture":"#3"},"up":{"uv":[9.0,10.5,9.5,11.0],"texture":"#3"},"down":{"uv":[9.0,10.5,9.5,11.0],"texture":"#3"}}},{"from":[3.0,6.0,9.0],"to":[7.0,10.0,13.0],"rotation":{"angle":0.0,"axis":"y","origin":[10.0,17.0,7.875]},"faces":{"north":{"uv":[0.375,0.625,0.875,1.125],"texture":"#1"},"east":{"uv":[0.375,0.625,0.875,1.125],"texture":"#1"},"south":{"uv":[0.375,0.625,0.875,1.125],"texture":"#1"},"west":{"uv":[0.375,0.625,0.875,1.125],"texture":"#1"},"up":{"uv":[0.375,0.125,0.875,0.625],"texture":"#1"},"down":{"uv":[0.5,2.5,1.0,3.0],"texture":"#1"}}},{"from":[7.5,10.5,13.5],"to":[2.5,5.5,8.5],"rotation":{"angle":0.0,"axis":"y","origin":[10.0,17.0,7.875]},"faces":{"north":{"uv":[6.5,5.0,7.0,5.5],"texture":"#3"},"east":{"uv":[6.5,5.0,7.0,5.5],"texture":"#3"},"south":{"uv":[6.5,5.0,7.0,5.5],"texture":"#3"},"west":{"uv":[6.5,5.0,7.0,5.5],"texture":"#3"},"up":{"uv":[6.5,5.0,7.0,5.5],"texture":"#3"},"down":{"uv":[6.5,5.0,7.0,5.5],"texture":"#3"}}},{"name":"cube inverted","from":[11.0,22.0,11.0],"to":[5.0,4.0,5.0],"rotation":{"angle":0.0,"axis":"y","origin":[10.0,17.0,7.875]},"faces":{"north":{"uv":[9.5,12.5,6.5,3.5],"texture":"#2"},"east":{"uv":[10.0,12.5,13.0,3.5],"texture":"#2"},"south":{"uv":[9.5,12.5,6.5,3.5],"texture":"#2"},"west":{"uv":[10.0,12.5,13.0,3.5],"texture":"#2"},"up":{"uv":[15.25,11.5,16.0,12.25],"texture":"#1"}}},{"from":[12.0,0.75,7.5],"to":[19.0,9.75,7.5],"rotation":{"angle":-22.5,"axis":"y","origin":[8.75,6.5,9.5]},"faces":{"north":{"uv":[14.5,5.5,11.0,10.0],"texture":"#3"},"east":{"uv":[0.0,0.0,0.125,0.125],"texture":"#3"},"south":{"uv":[11.0,5.5,14.5,10.0],"texture":"#3"},"west":{"uv":[0.0,0.0,0.125,0.125],"texture":"#3"},"up":{"uv":[0.0,0.0,0.125,0.125],"rotation":90.0,"texture":"#3"},"down":{"uv":[0.0,0.0,0.125,0.125],"rotation":270.0,"texture":"#3"}}},{"from":[9.25,-0.25,10.5],"to":[16.25,3.75,10.5],"rotation":{"angle":-22.5,"axis":"y","origin":[8.75,6.5,9.5]},"faces":{"north":{"uv":[12.0,10.0,8.5,12.0],"texture":"#3"},"east":{"uv":[0.125,0.0,0.0,0.125],"texture":"#3"},"south":{"uv":[8.5,10.0,12.0,12.0],"texture":"#3"},"west":{"uv":[0.125,0.0,0.0,0.125],"texture":"#3"},"up":{"uv":[0.0,0.125,0.125,0.0],"rotation":90.0,"texture":"#3"},"down":{"uv":[0.0,0.125,0.125,0.0],"rotation":270.0,"texture":"#3"}}},{"from":[-1.0,6.75,12.5],"to":[4.0,15.75,12.5],"rotation":{"angle":-22.5,"axis":"y","origin":[8.75,6.5,9.5]},"faces":{"north":{"uv":[7.5,2.0,5.0,6.5],"texture":"#3"},"east":{"uv":[0.125,0.0,0.0,0.125],"texture":"#3"},"south":{"uv":[5.0,2.0,7.5,6.5],"texture":"#3"},"west":{"uv":[0.125,0.0,0.0,0.125],"texture":"#3"},"up":{"uv":[0.0,0.125,0.125,0.0],"rotation":90.0,"texture":"#3"},"down":{"uv":[0.0,0.125,0.125,0.0],"rotation":270.0,"texture":"#3"}}}],"gui_light":"front","display":{"thirdperson_righthand":{"rotation":[90.0,0.0,0.0],"translation":[0.0,-2.0,1.5],"scale":[0.86954,0.86954,0.86954]},"thirdperson_lefthand":{"rotation":[90.0,0.0,0.0],"translation":[0.0,-2.0,1.5],"scale":[0.86954,0.86954,0.86954]},"firstperson_righthand":{"rotation":[-75.81,-12.97,-174.59],"translation":[9.0,-1.0,-6.0],"scale":[0.63282,0.63282,0.63282]},"firstperson_lefthand":{"rotation":[154.27,79.81,-34.07],"translation":[9.0,-1.0,-6.0],"scale":[0.63282,0.63282,0.63282]},"ground":{"translation":[0.0,4.25,0.0],"scale":[0.43945,0.43945,0.43945]},"gui":{"rotation":[-40.17,-6.1,-38.75],"translation":[-1.25,-1.5,0.0],"scale":[0.76525,0.76525,0.76525]},"head":{"rotation":[0.0,3.25,0.0],"translation":[0.0,4.25,0.0],"scale":[1.6,1.6,1.6]}}}