{"textures":{"0":"mcc:island_cosmetics/accessory_variant/offhand_1_extra","1":"mcc:island_cosmetics/accessory_variant/gauntlet_shine_elemental","particle":"mcc:island_cosmetics/accessory_variant/offhand_1_extra"},"credit":"Made with Blockbench","texture_size":[128.0,128.0],"elements":[{"from":[3.5,0.0,4.0],"to":[12.5,8.0,12.0],"rotation":{"angle":0.0,"axis":"y","origin":[6.78152,11.48853,6.82328]},"faces":{"north":{"uv":[0.125,0.125,1.25,1.125],"texture":"#0"},"east":{"uv":[1.25,0.125,2.25,1.125],"texture":"#0"},"south":{"uv":[0.125,0.125,1.25,1.125],"texture":"#0"},"west":{"uv":[1.25,0.125,2.25,1.125],"texture":"#0"},"up":{"uv":[3.125,1.875,4.25,2.875],"texture":"#0"},"down":{"uv":[2.75,0.5,2.875,0.625],"texture":"#0"}}},{"from":[2.23832,10.09074,6.5],"to":[5.23832,15.09074,9.5],"rotation":{"angle":45.0,"axis":"z","origin":[3.73832,12.59074,8.0]},"faces":{"north":{"uv":[1.625,1.875,1.25,2.5],"texture":"#0"},"east":{"uv":[3.125,1.875,2.75,2.5],"texture":"#0"},"south":{"uv":[2.75,2.25,2.375,2.875],"texture":"#0"},"west":{"uv":[2.375,1.875,2.0,2.5],"texture":"#0"},"up":{"uv":[2.75,1.875,2.375,2.25],"texture":"#0"},"down":{"uv":[7.625,2.125,7.75,2.25],"texture":"#0"}}},{"from":[4.51,13.50628,4.09059],"to":[11.49,17.48628,7.07059],"rotation":{"angle":22.5,"axis":"x","origin":[6.78152,11.49731,5.80649]},"faces":{"north":{"uv":[0.125,1.875,1.0,2.375],"texture":"#0"},"east":{"uv":[1.625,1.875,2.0,2.375],"texture":"#0"},"south":{"uv":[0.125,1.875,1.0,2.375],"texture":"#0"},"west":{"uv":[1.6225,1.875,1.9975,2.375],"texture":"#0"},"up":{"uv":[0.125,2.5,1.0,2.875],"texture":"#0"},"down":{"uv":[0.0,0.0,0.125,0.125],"texture":"#0"}}},{"from":[4.47,7.97,4.97],"to":[11.53,14.03,11.03],"rotation":{"angle":0.0,"axis":"y","origin":[8.0,11.0,8.0]},"faces":{"north":{"uv":[0.125,1.125,1.0,1.875],"texture":"#0"},"east":{"uv":[1.25,1.125,2.0,1.875],"texture":"#0"},"south":{"uv":[2.875,1.125,2.0,1.875],"texture":"#0"},"west":{"uv":[2.0,1.125,1.25,1.875],"texture":"#0"},"up":{"uv":[2.875,1.125,3.75,1.875],"texture":"#0"},"down":{"uv":[11.625,12.625,12.5,13.375],"texture":"#0"}}},{"from":[9.5,10.0,4.0],"to":[11.5,12.0,5.0],"rotation":{"angle":0.0,"axis":"y","origin":[6.78152,11.48853,6.82328]},"faces":{"north":{"uv":[1.875,2.5,2.125,2.75],"texture":"#0"},"east":{"uv":[2.125,2.5,2.25,2.75],"texture":"#0"},"south":{"uv":[0.125,0.125,1.25,1.125],"texture":"#0"},"west":{"uv":[2.125,2.5,2.25,2.75],"texture":"#0"},"up":{"uv":[1.375,2.75,1.625,2.875],"texture":"#0"},"down":{"uv":[7.625,2.625,7.875,2.75],"texture":"#0"}}},{"from":[7.0,11.0,4.0],"to":[9.0,13.0,5.0],"rotation":{"angle":0.0,"axis":"y","origin":[8.0,12.0,4.5]},"faces":{"north":{"uv":[1.625,2.5,1.875,2.75],"texture":"#0"},"east":{"uv":[2.125,2.5,2.25,2.75],"texture":"#0"},"south":{"uv":[0.125,0.125,1.25,1.125],"texture":"#0"},"west":{"uv":[2.125,2.5,2.25,2.75],"texture":"#0"},"up":{"uv":[1.375,2.75,1.625,2.875],"texture":"#0"},"down":{"uv":[7.625,2.625,7.875,2.75],"texture":"#0"}}},{"from":[4.5,10.0,4.0],"to":[6.5,12.0,5.0],"rotation":{"angle":0.0,"axis":"y","origin":[5.5,11.0,4.5]},"faces":{"north":{"uv":[1.625,2.5,1.375,2.75],"texture":"#0"},"east":{"uv":[2.125,2.5,2.25,2.75],"texture":"#0"},"south":{"uv":[1.25,0.125,0.125,1.125],"texture":"#0"},"west":{"uv":[2.125,2.5,2.25,2.75],"texture":"#0"},"up":{"uv":[1.375,2.75,1.625,2.875],"texture":"#0"},"down":{"uv":[7.625,2.625,7.875,2.75],"texture":"#0"}}},{"from":[6.5,3.0,3.0],"to":[9.5,6.0,5.0],"rotation":{"angle":0.0,"axis":"y","origin":[6.78152,11.48853,6.82328]},"faces":{"north":{"uv":[1.0,2.5,1.375,2.875],"texture":"#0"},"east":{"uv":[1.0,2.5,1.125,2.875],"texture":"#0"},"south":{"uv":[1.25,2.625,1.375,2.75],"texture":"#0"},"west":{"uv":[1.0,2.5,1.125,2.875],"texture":"#0"},"up":{"uv":[1.0,2.5,1.375,2.625],"texture":"#0"},"down":{"uv":[1.0,2.75,1.375,2.875],"texture":"#0"}}},{"from":[8.5,8.0,3.5],"to":[13.5,16.0,3.5],"faces":{"north":{"uv":[0.0,0.0,5.0,8.0],"texture":"#1"},"east":{"uv":[0.0,0.0,0.125,0.125],"texture":"#1"},"south":{"uv":[5.0,0.0,0.0,8.0],"texture":"#1"},"west":{"uv":[0.0,0.0,0.125,0.125],"texture":"#1"},"up":{"uv":[0.0,0.0,0.125,0.125],"texture":"#1"},"down":{"uv":[0.0,0.0,0.125,0.125],"texture":"#1"}}},{"from":[6.0,8.0,3.5],"to":[11.0,16.0,3.5],"faces":{"north":{"uv":[5.0,0.0,10.0,8.0],"texture":"#1"},"east":{"uv":[0.0,0.0,0.125,0.125],"texture":"#1"},"south":{"uv":[10.0,0.0,5.0,8.0],"texture":"#1"},"west":{"uv":[0.0,0.0,0.125,0.125],"texture":"#1"},"up":{"uv":[0.0,0.0,0.125,0.125],"texture":"#1"},"down":{"uv":[0.0,0.0,0.125,0.125],"texture":"#1"}}},{"from":[3.5,8.0,3.5],"to":[8.5,16.0,3.5],"faces":{"north":{"uv":[11.0,0.0,16.0,8.0],"texture":"#1"},"east":{"uv":[0.0,0.0,0.125,0.125],"texture":"#1"},"south":{"uv":[11.0,0.0,16.0,8.0],"texture":"#1"},"west":{"uv":[0.0,0.0,0.125,0.125],"texture":"#1"},"up":{"uv":[0.0,0.0,0.125,0.125],"texture":"#1"},"down":{"uv":[0.0,0.0,0.125,0.125],"texture":"#1"}}},{"from":[-0.5,0.0,2.75],"to":[15.5,8.0,2.75],"faces":{"north":{"uv":[0.0,8.0,16.0,16.0],"texture":"#1"},"east":{"uv":[0.0,0.0,0.125,0.125],"texture":"#1"},"south":{"uv":[16.0,8.0,0.0,16.0],"texture":"#1"},"west":{"uv":[0.0,0.0,0.125,0.125],"texture":"#1"},"up":{"uv":[0.0,0.0,0.125,0.125],"texture":"#1"},"down":{"uv":[0.0,0.0,0.125,0.125],"texture":"#1"}}},{"name":"cube inverted","from":[12.5,8.0,12.0],"to":[3.5,0.0,4.0],"rotation":{"angle":0.0,"axis":"y","origin":[6.78152,11.48853,6.82328]},"faces":{"north":{"uv":[0.125,1.125,1.25,0.125],"texture":"#0"},"east":{"uv":[1.25,1.125,2.25,0.125],"texture":"#0"},"south":{"uv":[0.125,1.125,1.25,0.125],"texture":"#0"},"west":{"uv":[1.25,1.125,2.25,0.125],"texture":"#0"},"up":{"uv":[2.875,0.5,2.75,0.625],"texture":"#0"},"down":{"uv":[4.25,1.875,3.125,2.875],"texture":"#0"}}},{"from":[9.4,9.9,3.9],"to":[11.6,12.1,5.1],"rotation":{"angle":0.0,"axis":"y","origin":[6.78152,11.48853,6.82328]},"faces":{"north":{"uv":[2.75,0.625,2.875,0.75],"texture":"#0"},"east":{"uv":[2.125,2.5,2.25,2.75],"texture":"#0"},"south":{"uv":[2.75,0.625,2.875,0.75],"texture":"#0"},"west":{"uv":[2.125,2.5,2.25,2.75],"texture":"#0"},"up":{"uv":[1.375,2.75,1.625,2.875],"texture":"#0"},"down":{"uv":[2.125,2.5,2.25,2.75],"texture":"#0"}}},{"from":[6.9,10.9,3.9],"to":[9.1,13.1,5.1],"rotation":{"angle":0.0,"axis":"y","origin":[8.0,12.0,4.5]},"faces":{"north":{"uv":[2.75,0.625,2.875,0.75],"texture":"#0"},"east":{"uv":[2.125,2.5,2.25,2.75],"texture":"#0"},"south":{"uv":[2.75,0.625,2.875,0.75],"texture":"#0"},"west":{"uv":[2.125,2.5,2.25,2.75],"texture":"#0"},"up":{"uv":[1.375,2.75,1.625,2.875],"texture":"#0"},"down":{"uv":[2.125,2.5,2.25,2.75],"texture":"#0"}}},{"from":[4.4,9.9,3.9],"to":[6.6,12.1,5.1],"rotation":{"angle":0.0,"axis":"y","origin":[5.5,11.0,4.5]},"faces":{"north":{"uv":[2.75,0.625,2.875,0.75],"texture":"#0"},"east":{"uv":[2.125,2.5,2.25,2.75],"texture":"#0"},"south":{"uv":[2.75,0.625,2.875,0.75],"texture":"#0"},"west":{"uv":[2.125,2.5,2.25,2.75],"texture":"#0"},"up":{"uv":[1.375,2.75,1.625,2.875],"texture":"#0"},"down":{"uv":[2.125,2.5,2.25,2.75],"texture":"#0"}}},{"name":"cube inverted","from":[11.6,12.1,5.1],"to":[9.4,9.9,3.9],"rotation":{"angle":0.0,"axis":"y","origin":[6.78152,11.48853,6.82328]},"faces":{"north":{"uv":[2.75,0.75,2.875,0.625],"texture":"#0"},"east":{"uv":[2.125,2.75,2.25,2.5],"texture":"#0"},"south":{"uv":[2.75,0.75,2.875,0.625],"texture":"#0"},"west":{"uv":[2.125,2.75,2.25,2.5],"texture":"#0"},"up":{"uv":[2.25,2.5,2.125,2.75],"texture":"#0"},"down":{"uv":[1.625,2.75,1.375,2.875],"texture":"#0"}}},{"name":"cube inverted","from":[9.1,13.1,5.1],"to":[6.9,10.9,3.9],"rotation":{"angle":0.0,"axis":"y","origin":[8.0,12.0,4.5]},"faces":{"north":{"uv":[2.75,0.75,2.875,0.625],"texture":"#0"},"east":{"uv":[2.125,2.75,2.25,2.5],"texture":"#0"},"south":{"uv":[2.75,0.75,2.875,0.625],"texture":"#0"},"west":{"uv":[2.125,2.75,2.25,2.5],"texture":"#0"},"up":{"uv":[2.25,2.5,2.125,2.75],"texture":"#0"},"down":{"uv":[1.625,2.75,1.375,2.875],"texture":"#0"}}},{"name":"cube inverted","from":[6.6,12.1,5.1],"to":[4.4,9.9,3.9],"rotation":{"angle":0.0,"axis":"y","origin":[5.5,11.0,4.5]},"faces":{"north":{"uv":[2.75,0.75,2.875,0.625],"texture":"#0"},"east":{"uv":[2.125,2.75,2.25,2.5],"texture":"#0"},"south":{"uv":[2.75,0.75,2.875,0.625],"texture":"#0"},"west":{"uv":[2.125,2.75,2.25,2.5],"texture":"#0"},"up":{"uv":[2.25,2.5,2.125,2.75],"texture":"#0"},"down":{"uv":[1.625,2.75,1.375,2.875],"texture":"#0"}}}],"gui_light":"front","display":{"thirdperson_righthand":{"rotation":[87.25,-83.0,177.25],"translation":[0.25,-2.0,1.0],"scale":[0.8539,0.8539,0.8539]},"thirdperson_lefthand":{"rotation":[87.25,-83.0,177.25],"translation":[0.25,-2.0,1.0],"scale":[0.8539,0.8539,0.8539]},"firstperson_righthand":{"rotation":[-78.0,-94.0,-50.0],"translation":[1.63,3.7,1.63],"scale":[0.41047,0.41047,0.41047]},"firstperson_lefthand":{"rotation":[-78.0,-94.0,-50.0],"translation":[1.63,3.7,1.63],"scale":[0.41047,0.41047,0.41047]},"ground":{"translation":[0.0,4.25,0.0],"scale":[0.44531,0.44531,0.44531]},"gui":{"rotation":[177.2,14.61,-140.75],"scale":[0.75742,0.75742,0.75742]},"head":{"translation":[0.0,-30.5,0.0],"scale":[1.6,1.6,1.6]}}}