{"textures":{"0":"mcc:island_cosmetics/accessory/offhand_3","particle":"mcc:island_cosmetics/accessory/offhand_3"},"credit":"Made with Blockbench","texture_size":[128.0,128.0],"elements":[{"from":[4.0,0.0,6.0],"to":[12.0,6.0,10.0],"rotation":{"angle":0.0,"axis":"y","origin":[9.0,-0.5,8.0]},"faces":{"north":{"uv":[1.25,14.125,2.25,14.875],"texture":"#0","tintindex":0.0},"east":{"uv":[0.75,14.875,0.25,15.625],"texture":"#0","tintindex":0.0},"south":{"uv":[0.25,14.125,1.25,14.875],"texture":"#0","tintindex":0.0},"west":{"uv":[0.25,14.875,0.75,15.625],"texture":"#0","tintindex":0.0},"up":{"uv":[0.75,14.875,1.75,15.375],"texture":"#0","tintindex":0.0},"down":{"uv":[1.75,14.875,2.75,15.375],"texture":"#0","tintindex":0.0}}},{"from":[7.0,2.0,10.0],"to":[9.0,4.0,10.0],"rotation":{"angle":0.0,"axis":"y","origin":[9.0,-0.5,8.0]},"faces":{"north":{"uv":[0.5,15.625,0.75,15.875],"texture":"#0"},"east":{"uv":[0.75,14.875,0.25,15.625],"texture":"#0"},"south":{"uv":[0.5,15.625,0.75,15.875],"texture":"#0"},"west":{"uv":[0.25,14.875,0.75,15.625],"texture":"#0"},"up":{"uv":[0.75,14.875,1.75,15.375],"texture":"#0"},"down":{"uv":[0.625,10.875,0.75,11.0],"texture":"#missing"}}},{"from":[5.0,7.0,7.5],"to":[11.0,17.0,8.5],"rotation":{"angle":0.0,"axis":"y","origin":[9.0,-0.5,8.0]},"faces":{"north":{"uv":[2.75,14.625,3.5,15.875],"texture":"#0","tintindex":0.0},"east":{"uv":[2.75,14.625,2.875,15.875],"texture":"#0","tintindex":0.0},"south":{"uv":[2.75,14.625,3.5,15.875],"texture":"#0","tintindex":0.0},"west":{"uv":[2.75,14.625,2.875,15.875],"texture":"#0","tintindex":0.0},"up":{"uv":[2.75,14.625,3.5,14.75],"texture":"#0","tintindex":0.0},"down":{"uv":[0.625,14.375,0.75,14.5],"texture":"#0","tintindex":0.0}}},{"from":[5.0,6.0,7.5],"to":[11.0,7.0,8.5],"rotation":{"angle":0.0,"axis":"y","origin":[9.0,-0.5,8.0]},"faces":{"north":{"uv":[2.75,15.875,3.5,16.0],"texture":"#0"},"east":{"uv":[2.75,15.875,2.875,16.0],"texture":"#0"},"south":{"uv":[2.75,15.875,3.5,16.0],"texture":"#0"},"west":{"uv":[2.75,15.875,2.875,16.0],"texture":"#0"},"up":{"uv":[0.625,14.375,0.75,14.5],"texture":"#0"},"down":{"uv":[0.625,14.375,0.75,14.5],"texture":"#0"}}},{"name":"cube inverted","from":[11.0,17.0,8.5],"to":[5.0,7.0,7.5],"rotation":{"angle":0.0,"axis":"y","origin":[9.0,-0.5,8.0]},"faces":{"north":{"uv":[2.75,15.875,3.5,14.625],"texture":"#0","tintindex":0.0},"east":{"uv":[2.75,15.875,2.875,14.625],"texture":"#0","tintindex":0.0},"south":{"uv":[2.75,15.875,3.5,14.625],"texture":"#0","tintindex":0.0},"west":{"uv":[2.75,15.875,2.875,14.625],"texture":"#0","tintindex":0.0},"up":{"uv":[0.75,14.375,0.625,14.5],"texture":"#0","tintindex":0.0},"down":{"uv":[3.5,14.625,2.75,14.75],"texture":"#0","tintindex":0.0}}},{"name":"cube inverted","from":[11.0,7.0,8.5],"to":[5.0,6.0,7.5],"rotation":{"angle":0.0,"axis":"y","origin":[9.0,-0.5,8.0]},"faces":{"north":{"uv":[2.75,16.0,3.5,15.875],"texture":"#0"},"east":{"uv":[2.75,16.0,2.875,15.875],"texture":"#0"},"south":{"uv":[2.75,16.0,3.5,15.875],"texture":"#0"},"west":{"uv":[2.75,16.0,2.875,15.875],"texture":"#0"},"up":{"uv":[0.75,14.375,0.625,14.5],"texture":"#0"},"down":{"uv":[0.75,14.375,0.625,14.5],"texture":"#0"}}}],"gui_light":"front","display":{"thirdperson_righthand":{"rotation":[-63.65,82.34,128.2],"translation":[-0.75,-4.25,3.75],"scale":[0.99063,0.99063,0.99063]},"thirdperson_lefthand":{"rotation":[-63.65,82.34,128.2],"translation":[-0.75,-4.25,3.75],"scale":[0.99063,0.99063,0.99063]},"firstperson_righthand":{"rotation":[174.14,68.55,172.1],"translation":[13.5,-1.0,-7.25],"scale":[0.77539,0.77539,0.77539]},"firstperson_lefthand":{"rotation":[174.14,68.55,172.1],"translation":[13.5,-1.0,-7.25],"scale":[0.77539,0.77539,0.77539]},"ground":{"translation":[0.0,4.25,0.0],"scale":[0.43945,0.43945,0.43945]},"gui":{"rotation":[27.14,18.82,-40.41],"translation":[0.25,0.25,0.0],"scale":[0.85313,0.85313,0.85313]},"head":{"rotation":[0.0,3.25,0.0],"translation":[0.0,4.25,0.0],"scale":[1.6,1.6,1.6]}}}