{"textures":{"0":"mcc:island_cosmetics/accessory/offhand_4","1":"mcc:island_cosmetics/accessory_variant/holosword_anim","particle":"mcc:island_cosmetics/accessory/offhand_4"},"credit":"Made with Blockbench","texture_size":[64.0,64.0],"elements":[{"from":[6.5,-7.0,6.5],"to":[9.5,2.0,9.5],"rotation":{"angle":0.0,"axis":"y","origin":[8.0,-2.5,8.0]},"faces":{"north":{"uv":[11.0,5.375,10.625,6.5],"texture":"#0"},"east":{"uv":[10.625,5.375,11.0,6.5],"texture":"#0"},"south":{"uv":[11.0,5.375,10.625,6.5],"texture":"#0"},"west":{"uv":[10.625,5.375,11.0,6.5],"texture":"#0"},"up":{"uv":[10.5,3.625,10.125,4.0],"texture":"#0"},"down":{"uv":[10.5,4.0,10.125,4.375],"texture":"#0"}}},{"from":[5.5,1.0,5.5],"to":[10.5,4.0,10.5],"rotation":{"angle":0.0,"axis":"y","origin":[8.0,-2.5,8.0]},"faces":{"north":{"uv":[11.0,5.375,11.625,5.75],"texture":"#0"},"east":{"uv":[11.0,5.375,11.625,5.75],"texture":"#0"},"south":{"uv":[11.0,5.375,11.625,5.75],"texture":"#0"},"west":{"uv":[11.0,5.375,11.625,5.75],"texture":"#0"},"up":{"uv":[10.75,6.375,10.125,7.0],"texture":"#0"},"down":{"uv":[11.625,5.75,11.0,6.375],"texture":"#0"}}},{"from":[0.0,-1.0,8.0],"to":[16.0,32.0,8.0],"rotation":{"angle":0.0,"axis":"y","origin":[8.5,21.0,8.0]},"faces":{"north":{"uv":[6.5,0.0,10.5,8.25],"texture":"#1","tintindex":0.0},"east":{"uv":[11.0,5.375,11.625,5.75],"texture":"#0"},"south":{"uv":[6.5,0.0,10.5,8.25],"texture":"#1","tintindex":0.0},"west":{"uv":[11.0,5.375,11.625,5.75],"texture":"#0"},"up":{"uv":[10.75,6.375,10.125,7.0],"rotation":270.0,"texture":"#0"},"down":{"uv":[11.625,5.75,11.0,6.375],"rotation":90.0,"texture":"#0"}}},{"from":[5.5,-9.0,5.5],"to":[10.5,-6.0,10.5],"rotation":{"angle":0.0,"axis":"y","origin":[8.0,-2.5,8.0]},"faces":{"north":{"uv":[11.625,5.375,11.0,5.75],"texture":"#0"},"east":{"uv":[11.625,5.375,11.0,5.75],"texture":"#0"},"south":{"uv":[11.625,5.375,11.0,5.75],"texture":"#0"},"west":{"uv":[11.625,5.375,11.0,5.75],"texture":"#0"},"up":{"uv":[10.75,6.375,10.125,7.0],"texture":"#0"},"down":{"uv":[11.625,5.75,11.0,6.375],"texture":"#0"}}},{"from":[5.5,1.0,5.5],"to":[10.5,4.0,10.5],"rotation":{"angle":0.0,"axis":"y","origin":[8.0,6.5,8.0]},"faces":{"north":{"uv":[10.375,6.5,10.625,6.75],"texture":"#0"},"east":{"uv":[10.375,6.5,10.625,6.75],"texture":"#0"},"south":{"uv":[10.375,6.5,10.625,6.75],"texture":"#0"},"west":{"uv":[10.375,6.5,10.625,6.75],"texture":"#0"},"up":{"uv":[11.375,6.375,10.75,7.0],"texture":"#0","tintindex":0.0},"down":{"uv":[11.375,6.375,10.75,7.0],"texture":"#0","tintindex":0.0}}},{"from":[5.5,-9.0,5.5],"to":[10.5,-6.0,10.5],"rotation":{"angle":0.0,"axis":"y","origin":[8.0,6.5,8.0]},"faces":{"north":{"uv":[10.375,6.5,10.625,6.75],"texture":"#0"},"east":{"uv":[10.375,6.5,10.625,6.75],"texture":"#0"},"south":{"uv":[10.375,6.5,10.625,6.75],"texture":"#0"},"west":{"uv":[10.375,6.5,10.625,6.75],"texture":"#0"},"up":{"uv":[11.375,6.375,10.75,7.0],"texture":"#0","tintindex":0.0},"down":{"uv":[11.375,6.375,10.75,7.0],"texture":"#0","tintindex":0.0}}}],"gui_light":"front","display":{"thirdperson_righthand":{"rotation":[-112.5,-78.25,-115.25],"translation":[1.75,9.0,2.5],"scale":[0.93398,0.93398,0.93398]},"thirdperson_lefthand":{"rotation":[-112.5,-78.25,-115.25],"translation":[2.25,10.0,2.5],"scale":[0.93398,0.93398,0.93398]},"firstperson_righthand":{"rotation":[170.36,80.76,-179.66],"translation":[13.5,-1.5,-7.25],"scale":[0.67187,0.67187,0.67187]},"firstperson_lefthand":{"rotation":[33.91,-76.66,38.79],"translation":[13.5,-1.5,-7.25],"scale":[0.67187,0.67187,0.67187]},"ground":{"translation":[0.0,4.25,0.0],"scale":[0.43945,0.43945,0.43945]},"gui":{"rotation":[12.54,18.21,-48.7],"translation":[-1.25,-1.25,0.0],"scale":[0.43517,0.43517,0.43517]},"head":{"rotation":[0.0,3.25,0.0],"translation":[0.0,4.25,0.0],"scale":[1.6,1.6,1.6]}}}