{"textures":{"0":"mcc:island_cosmetics/accessory/offhand_4","1":"mcc:island_cosmetics/accessory_variant/offhand_4_extra","2":"mcc:island_cosmetics/accessory_variant/mjolnir_thunder","3":"mcc:island_cosmetics/accessory_variant/mjolnir_thunder_lightning","particle":"mcc:island_cosmetics/accessory/offhand_4"},"credit":"Made with Blockbench","texture_size":[32.0,32.0],"elements":[{"from":[7.0,9.0,7.0],"to":[9.0,15.0,9.0],"rotation":{"angle":0.0,"axis":"y","origin":[8.0,-0.5,8.0]},"faces":{"north":{"uv":[9.125,0.875,9.375,1.625],"texture":"#0"},"east":{"uv":[9.125,0.875,9.375,1.625],"texture":"#0"},"south":{"uv":[9.125,0.875,9.375,1.625],"texture":"#0"},"west":{"uv":[9.125,0.875,9.375,1.625],"texture":"#0"},"up":{"uv":[4.0,4.625,4.25,4.875],"texture":"#missing"},"down":{"uv":[4.0,4.625,4.25,4.875],"texture":"#missing"}}},{"from":[3.5,15.0,4.5],"to":[12.5,22.0,11.5],"rotation":{"angle":0.0,"axis":"y","origin":[7.5,-0.5,8.0]},"faces":{"north":{"uv":[0.0,3.375,1.125,4.25],"texture":"#1"},"east":{"uv":[1.125,4.625,1.25,4.75],"texture":"#1"},"south":{"uv":[0.0,3.375,1.125,4.25],"texture":"#1"},"west":{"uv":[1.125,4.625,1.25,4.75],"texture":"#1"},"up":{"uv":[1.375,4.375,2.5,5.25],"texture":"#1"},"down":{"uv":[0.125,4.375,1.25,5.25],"texture":"#1"}}},{"from":[12.5,22.5,12.0],"to":[2.5,14.5,4.0],"rotation":{"angle":0.0,"axis":"y","origin":[7.5,-0.5,8.0]},"faces":{"north":{"uv":[1.0,2.5,1.5,3.0],"texture":"#2"},"east":{"uv":[1.5,2.5,2.0,3.0],"texture":"#2"},"south":{"uv":[1.0,2.5,1.5,3.0],"texture":"#2"},"west":{"uv":[1.5,2.5,2.0,3.0],"texture":"#2"},"up":{"uv":[1.0,2.5,1.5,3.0],"texture":"#2"},"down":{"uv":[1.0,2.5,1.5,3.0],"texture":"#2"}}},{"from":[16.0,23.0,12.5],"to":[12.0,14.0,3.5],"rotation":{"angle":0.0,"axis":"y","origin":[7.5,-0.5,8.0]},"faces":{"north":{"uv":[1.0,2.5,1.5,3.0],"texture":"#2"},"east":{"uv":[1.5,2.5,2.0,3.0],"texture":"#2"},"south":{"uv":[1.0,2.5,1.5,3.0],"texture":"#2"},"west":{"uv":[1.0,2.5,1.5,3.0],"texture":"#2"},"up":{"uv":[1.0,2.5,1.5,3.0],"texture":"#2"},"down":{"uv":[1.0,2.5,1.5,3.0],"texture":"#2"}}},{"from":[4.0,23.0,12.5],"to":[0.0,14.0,3.5],"rotation":{"angle":0.0,"axis":"y","origin":[7.5,-0.5,8.0]},"faces":{"north":{"uv":[1.0,2.5,1.5,3.0],"texture":"#2"},"east":{"uv":[1.0,2.5,1.5,3.0],"texture":"#2"},"south":{"uv":[1.0,2.5,1.5,3.0],"texture":"#2"},"west":{"uv":[1.5,2.5,2.0,3.0],"texture":"#2"},"up":{"uv":[1.0,2.5,1.5,3.0],"texture":"#2"},"down":{"uv":[1.0,2.5,1.5,3.0],"texture":"#2"}}},{"from":[-4.0,11.0,8.5],"to":[20.0,27.0,8.5],"rotation":{"angle":0.0,"axis":"y","origin":[8.0,-0.5,8.0]},"faces":{"north":{"uv":[1.5,4.0,13.5,12.0],"texture":"#3"},"east":{"uv":[1.125,4.625,1.25,4.75],"texture":"#1"},"south":{"uv":[13.5,4.0,1.5,12.0],"texture":"#3"},"west":{"uv":[1.125,4.625,1.25,4.75],"texture":"#1"},"up":{"uv":[1.375,4.375,2.5,5.25],"texture":"#1"},"down":{"uv":[0.125,4.375,1.25,5.25],"texture":"#1"}}},{"from":[0.5,14.5,4.0],"to":[3.5,22.5,12.0],"rotation":{"angle":0.0,"axis":"y","origin":[7.5,-0.5,8.0]},"faces":{"north":{"uv":[1.5,3.375,1.125,4.375],"texture":"#1"},"east":{"uv":[2.5,3.375,3.5,4.375],"texture":"#1"},"south":{"uv":[1.125,3.375,1.5,4.375],"texture":"#1"},"west":{"uv":[1.5,3.375,2.5,4.375],"texture":"#1"},"up":{"uv":[2.875,4.375,2.5,5.375],"texture":"#1"},"down":{"uv":[3.25,5.375,2.875,4.375],"texture":"#1"}}},{"from":[12.5,14.5,4.0],"to":[15.5,22.5,12.0],"rotation":{"angle":0.0,"axis":"y","origin":[7.5,-0.5,8.0]},"faces":{"north":{"uv":[1.125,3.375,1.5,4.375],"texture":"#1"},"east":{"uv":[1.5,3.375,2.5,4.375],"texture":"#1"},"south":{"uv":[1.5,3.375,1.125,4.375],"texture":"#1"},"west":{"uv":[2.5,3.375,3.5,4.375],"texture":"#1"},"up":{"uv":[2.5,5.375,2.875,4.375],"texture":"#1"},"down":{"uv":[2.875,5.375,3.25,4.375],"texture":"#1"}}},{"from":[12.5,14.5,4.0],"to":[15.5,22.5,12.0],"rotation":{"angle":0.0,"axis":"y","origin":[7.5,-0.5,8.0]},"faces":{"north":{"uv":[4.5,0.0,6.0,4.0],"texture":"#2"},"east":{"uv":[1.5,0.0,2.0,0.5],"texture":"#2"},"south":{"uv":[6.0,0.0,4.5,4.0],"texture":"#2"},"west":{"uv":[5.5,0.0,6.0,4.0],"texture":"#2"},"up":{"uv":[1.5,0.0,2.0,0.5],"texture":"#2"},"down":{"uv":[1.5,0.0,2.0,0.5],"texture":"#2"}}},{"from":[3.5,15.0,4.5],"to":[12.5,22.0,11.5],"rotation":{"angle":0.0,"axis":"y","origin":[7.5,-0.5,8.0]},"faces":{"north":{"uv":[0.0,0.0,4.5,3.5],"texture":"#2"},"east":{"uv":[1.0,0.0,1.5,0.5],"texture":"#2"},"south":{"uv":[0.0,0.0,4.5,3.5],"texture":"#2"},"west":{"uv":[1.0,0.0,1.5,0.5],"texture":"#2"},"up":{"uv":[5.5,4.0,10.0,7.5],"texture":"#2"},"down":{"uv":[0.5,4.0,5.0,7.5],"texture":"#2"}}},{"from":[0.5,14.5,4.0],"to":[3.5,22.5,12.0],"rotation":{"angle":0.0,"axis":"y","origin":[7.5,-0.5,8.0]},"faces":{"north":{"uv":[6.0,0.0,4.5,4.0],"texture":"#2"},"east":{"uv":[5.5,0.0,6.0,4.0],"texture":"#2"},"south":{"uv":[4.5,0.0,6.0,4.0],"texture":"#2"},"west":{"uv":[1.5,0.0,2.0,0.5],"texture":"#2"},"up":{"uv":[1.5,0.0,2.0,0.5],"texture":"#2"},"down":{"uv":[1.5,0.0,2.0,0.5],"texture":"#2"}}},{"from":[6.5,1.0,6.5],"to":[9.5,9.0,9.5],"rotation":{"angle":0.0,"axis":"y","origin":[8.0,-0.5,8.0]},"faces":{"north":{"uv":[9.375,0.875,9.75,1.875],"texture":"#0","tintindex":0.0},"east":{"uv":[9.375,0.875,9.75,1.875],"texture":"#0","tintindex":0.0},"south":{"uv":[9.375,0.875,9.75,1.875],"texture":"#0","tintindex":0.0},"west":{"uv":[9.375,0.875,9.75,1.875],"texture":"#0","tintindex":0.0},"up":{"uv":[9.125,1.875,9.5,2.25],"texture":"#0","tintindex":0.0},"down":{"uv":[9.125,1.875,9.5,2.25],"texture":"#0","tintindex":0.0}}},{"from":[5.0,-8.0,8.0],"to":[11.0,1.0,8.0],"rotation":{"angle":45.0,"axis":"x","origin":[8.0,1.0,8.0]},"faces":{"north":{"uv":[10.5,1.0,9.75,2.125],"texture":"#0","tintindex":0.0},"east":{"uv":[2.0,4.5,1.625,5.625],"texture":"#missing","tintindex":0.0},"south":{"uv":[10.5,1.0,9.75,2.125],"texture":"#0","tintindex":0.0},"west":{"uv":[2.0,4.5,1.625,5.625],"texture":"#missing","tintindex":0.0},"up":{"uv":[2.0,4.875,2.375,4.5],"texture":"#missing","tintindex":0.0},"down":{"uv":[3.25,3.5,3.375,3.375],"texture":"#missing","tintindex":0.0}}},{"from":[6.5,1.0,6.5],"to":[9.5,9.0,9.5],"rotation":{"angle":0.0,"axis":"y","origin":[8.0,-0.5,8.0]},"faces":{"north":{"uv":[12.625,0.875,13.0,1.875],"texture":"#0"},"east":{"uv":[12.625,0.875,13.0,1.875],"texture":"#0"},"south":{"uv":[12.625,0.875,13.0,1.875],"texture":"#0"},"west":{"uv":[12.625,0.875,13.0,1.875],"texture":"#0"},"up":{"uv":[9.875,1.25,10.0,1.375],"texture":"#0"},"down":{"uv":[9.875,1.25,10.0,1.375],"texture":"#0"}}},{"from":[5.0,-8.0,8.0],"to":[11.0,1.0,8.0],"rotation":{"angle":45.0,"axis":"x","origin":[8.0,1.0,8.0]},"faces":{"north":{"uv":[13.75,1.0,13.0,2.125],"texture":"#0"},"east":{"uv":[2.0,4.5,1.625,5.625],"texture":"#missing","tintindex":0.0},"south":{"uv":[13.75,1.0,13.0,2.125],"texture":"#0"},"west":{"uv":[2.0,4.5,1.625,5.625],"texture":"#missing","tintindex":0.0},"up":{"uv":[2.0,4.875,2.375,4.5],"texture":"#missing","tintindex":0.0},"down":{"uv":[3.25,3.5,3.375,3.375],"texture":"#missing"}}}],"gui_light":"front","display":{"thirdperson_righthand":{"rotation":[2.75,-90.0,0.0],"translation":[0.0,0.0,2.0],"scale":[0.86367,0.86367,0.86367]},"thirdperson_lefthand":{"rotation":[2.75,-90.0,0.0],"translation":[0.0,1.0,2.0],"scale":[0.93398,0.93398,0.93398]},"firstperson_righthand":{"rotation":[174.14,68.55,172.1],"translation":[13.5,-1.0,-7.25],"scale":[0.77539,0.77539,0.77539]},"firstperson_lefthand":{"rotation":[174.14,68.55,172.1],"translation":[13.5,-1.0,-7.25],"scale":[0.77539,0.77539,0.77539]},"ground":{"translation":[0.0,4.25,0.0],"scale":[0.43945,0.43945,0.43945]},"gui":{"rotation":[-168.02,-9.46,-131.76],"translation":[-2.0,-1.5,0.0],"scale":[0.52892,0.52892,0.52892]},"head":{"rotation":[0.0,3.25,0.0],"translation":[0.0,4.25,0.0],"scale":[1.6,1.6,1.6]}}}