{"textures":{"0":"mcc:island_cosmetics/accessory/offhand_3","1":"mcc:island_cosmetics/accessory_variant/offhand_3_extra","2":"mcc:island_cosmetics/accessory_variant/this_way_anim","particle":"mcc:island_cosmetics/accessory/offhand_3"},"credit":"Made with Blockbench","texture_size":[32.0,32.0],"elements":[{"from":[7.0,-15.0,7.0],"to":[9.0,28.0,9.0],"rotation":{"angle":0.0,"axis":"y","origin":[9.0,17.0,6.875]},"faces":{"north":{"uv":[8.875,14.125,14.25,13.875],"rotation":90.0,"texture":"#0"},"east":{"uv":[8.875,13.875,14.25,14.125],"rotation":90.0,"texture":"#0"},"south":{"uv":[8.875,14.125,14.25,13.875],"rotation":90.0,"texture":"#0"},"west":{"uv":[8.875,13.875,14.25,14.125],"rotation":90.0,"texture":"#0"},"up":{"uv":[8.875,13.875,9.125,13.625],"rotation":90.0,"texture":"#0"},"down":{"uv":[8.875,13.875,9.125,13.625],"rotation":90.0,"texture":"#0"}}},{"from":[6.8,17.8,6.8],"to":[9.2,20.2,9.2],"rotation":{"angle":0.0,"axis":"y","origin":[9.0,17.0,6.875]},"faces":{"north":{"uv":[9.125,13.875,9.375,13.625],"rotation":90.0,"texture":"#0"},"east":{"uv":[9.125,13.875,9.375,13.625],"rotation":90.0,"texture":"#0"},"south":{"uv":[9.125,13.875,9.375,13.625],"rotation":90.0,"texture":"#0"},"west":{"uv":[9.125,13.875,9.375,13.625],"rotation":90.0,"texture":"#0"},"up":{"uv":[8.875,13.875,9.125,13.625],"rotation":90.0,"texture":"#0"},"down":{"uv":[8.875,13.875,9.125,13.625],"rotation":90.0,"texture":"#0"}}},{"from":[6.8,10.8,6.8],"to":[9.2,13.2,9.2],"rotation":{"angle":0.0,"axis":"y","origin":[9.0,17.0,6.875]},"faces":{"north":{"uv":[9.125,13.875,9.375,13.625],"rotation":90.0,"texture":"#0"},"east":{"uv":[9.125,13.875,9.375,13.625],"rotation":90.0,"texture":"#0"},"south":{"uv":[9.125,13.875,9.375,13.625],"rotation":90.0,"texture":"#0"},"west":{"uv":[9.125,13.875,9.375,13.625],"rotation":90.0,"texture":"#0"},"up":{"uv":[8.875,13.875,9.125,13.625],"rotation":90.0,"texture":"#0"},"down":{"uv":[8.875,13.875,9.125,13.625],"rotation":90.0,"texture":"#0"}}},{"from":[-0.5,9.5,4.75],"to":[16.5,21.5,6.75],"rotation":{"angle":0.0,"axis":"y","origin":[8.5,17.0,6.875]},"faces":{"north":{"uv":[0.0,0.0,8.5,6.0],"texture":"#2"},"east":{"uv":[11.625,1.625,11.875,3.125],"texture":"#1"},"south":{"uv":[9.5,1.625,11.625,3.125],"texture":"#1"},"west":{"uv":[11.875,1.625,11.625,3.125],"texture":"#1"},"up":{"uv":[9.5,1.5,11.625,1.75],"texture":"#1"},"down":{"uv":[7.25,11.0,7.0,11.25],"texture":"#0"}}},{"from":[3.5,22.0,6.5],"to":[16.5,30.0,6.5],"rotation":{"angle":22.5,"axis":"z","origin":[8.0,18.5,5.75]},"faces":{"north":{"uv":[8.5,0.0,15.0,4.0],"texture":"#2"},"east":{"uv":[7.25,11.0,7.0,13.75],"texture":"#0"},"south":{"uv":[15.0,0.0,8.5,4.0],"texture":"#2"},"west":{"uv":[7.25,11.0,7.0,13.75],"texture":"#0"},"up":{"uv":[11.875,0.0,14.25,0.25],"texture":"#1"},"down":{"uv":[7.25,11.0,7.0,11.25],"texture":"#0"}}},{"from":[0.1878,0.26645,7.0],"to":[13.1878,8.26645,7.0],"rotation":{"angle":22.5,"axis":"y","origin":[6.6878,2.26645,6.5]},"faces":{"north":{"uv":[8.5,0.0,15.0,4.0],"texture":"#2"},"east":{"uv":[7.25,11.0,7.0,13.75],"texture":"#0"},"south":{"uv":[15.0,0.0,8.5,4.0],"texture":"#2"},"west":{"uv":[7.25,11.0,7.0,13.75],"texture":"#0"},"up":{"uv":[11.875,0.0,14.25,0.25],"texture":"#1"},"down":{"uv":[7.25,11.0,7.0,11.25],"texture":"#0"}}},{"from":[3.5,22.0,6.5],"to":[16.5,30.0,6.5],"rotation":{"angle":22.5,"axis":"z","origin":[8.0,18.5,5.75]},"faces":{"north":{"uv":[8.5,6.0,15.0,10.0],"texture":"#2","tintindex":0.0},"east":{"uv":[7.25,11.0,7.0,13.75],"texture":"#0","tintindex":0.0},"south":{"uv":[15.0,6.0,8.5,10.0],"texture":"#2","tintindex":0.0},"west":{"uv":[7.25,11.0,7.0,13.75],"texture":"#0","tintindex":0.0},"up":{"uv":[11.875,0.0,14.25,0.25],"texture":"#1","tintindex":0.0},"down":{"uv":[7.25,11.0,7.0,11.25],"texture":"#0","tintindex":0.0}}},{"from":[0.1878,0.26645,7.0],"to":[13.1878,8.26645,7.0],"rotation":{"angle":22.5,"axis":"y","origin":[6.6878,2.26645,6.5]},"faces":{"north":{"uv":[8.5,6.0,15.0,10.0],"texture":"#2","tintindex":0.0},"east":{"uv":[7.25,11.0,7.0,13.75],"texture":"#0","tintindex":0.0},"south":{"uv":[15.0,6.0,8.5,10.0],"texture":"#2","tintindex":0.0},"west":{"uv":[7.25,11.0,7.0,13.75],"texture":"#0","tintindex":0.0},"up":{"uv":[11.875,0.0,14.25,0.25],"texture":"#1","tintindex":0.0},"down":{"uv":[7.25,11.0,7.0,11.25],"texture":"#0","tintindex":0.0}}},{"from":[-0.5,9.5,4.75],"to":[16.5,21.5,6.75],"rotation":{"angle":0.0,"axis":"y","origin":[34.5,17.0,6.875]},"faces":{"north":{"uv":[0.0,6.0,8.5,12.0],"texture":"#2","tintindex":0.0},"east":{"uv":[0.0,7.0,0.5,7.5],"texture":"#2","tintindex":0.0},"south":{"uv":[0.0,7.0,0.5,7.5],"texture":"#2","tintindex":0.0},"west":{"uv":[0.0,7.0,0.5,7.5],"texture":"#2","tintindex":0.0},"up":{"uv":[0.0,7.0,0.5,7.5],"texture":"#2","tintindex":0.0},"down":{"uv":[0.0,7.0,0.5,7.5],"texture":"#2","tintindex":0.0}}}],"gui_light":"front","display":{"thirdperson_righthand":{"rotation":[49.42,51.76,-37.03],"translation":[3.5,7.25,5.5],"scale":[0.86329,0.86329,0.86329]},"thirdperson_lefthand":{"rotation":[49.42,51.76,-37.03],"translation":[3.5,7.25,5.5],"scale":[0.86329,0.86329,0.86329]},"firstperson_righthand":{"rotation":[-175.49,74.71,156.18],"translation":[11.5,2.75,-7.25],"scale":[0.54687,0.54687,0.54687]},"firstperson_lefthand":{"rotation":[-175.49,74.71,156.18],"translation":[11.5,2.75,-7.25],"scale":[0.54687,0.54687,0.54687]},"ground":{"translation":[0.0,4.25,0.0],"scale":[0.43945,0.43945,0.43945]},"gui":{"rotation":[-162.27,-10.99,-134.33],"translation":[-0.25,0.0,0.0],"scale":[0.41563,0.41563,0.41563]},"head":{"rotation":[0.0,3.25,0.0],"translation":[0.0,4.25,0.0],"scale":[1.6,1.6,1.6]}}}