{"textures":{"0":"mcc:island_cosmetics/accessory/offhand_3","1":"mcc:island_cosmetics/accessory_variant/offhand_3_extra","particle":"mcc:island_cosmetics/accessory/offhand_3"},"credit":"Made with Blockbench","ambientocclusion":false,"texture_size":[128.0,128.0],"elements":[{"from":[-5.5,11.34305,-5.5],"to":[21.5,19.34305,21.5],"shade":false,"rotation":{"angle":0.0,"axis":"y","origin":[7.51581,14.3036,7.9]},"faces":{"north":{"uv":[16.0,3.375,12.625,4.375],"texture":"#1"},"east":{"uv":[16.0,3.375,12.625,4.375],"texture":"#1"},"south":{"uv":[16.0,3.375,12.625,4.375],"texture":"#1"},"west":{"uv":[16.0,3.375,12.625,4.375],"texture":"#1"},"up":{"uv":[16.0,0.0,12.625,3.375],"texture":"#1"},"down":{"uv":[1.75,8.125,1.875,8.25],"texture":"#0"}}},{"from":[-5.6,11.24305,-5.6],"to":[21.6,12.44305,21.6],"shade":false,"rotation":{"angle":0.0,"axis":"y","origin":[7.51581,14.3036,7.9]},"faces":{"north":{"uv":[15.375,15.375,15.5,12.0],"rotation":90.0,"texture":"#1","tintindex":0.0},"east":{"uv":[15.375,15.375,15.5,12.0],"rotation":90.0,"texture":"#1","tintindex":0.0},"south":{"uv":[15.375,15.375,15.5,12.0],"rotation":90.0,"texture":"#1","tintindex":0.0},"west":{"uv":[15.375,15.375,15.5,12.0],"rotation":90.0,"texture":"#1","tintindex":0.0}}},{"from":[3.75,19.59305,7.5],"to":[6.75,19.59305,17.5],"shade":false,"rotation":{"angle":0.0,"axis":"x","origin":[5.0,19.46805,12.5]},"rotated":[0.0,-22.5,-0.00002],"faces":{"north":{"uv":[12.625,3.375,16.0,4.375],"texture":"#1","tintindex":0.0},"east":{"uv":[12.625,3.375,16.0,4.375],"texture":"#1","tintindex":0.0},"south":{"uv":[12.625,3.375,16.0,4.375],"texture":"#1","tintindex":0.0},"west":{"uv":[12.625,3.375,16.0,4.375],"texture":"#1","tintindex":0.0},"up":{"uv":[15.125,10.625,15.5,11.875],"texture":"#1","tintindex":0.0},"down":{"uv":[15.125,11.875,15.5,10.625],"texture":"#1","tintindex":0.0}}},{"from":[9.25,19.59305,7.5],"to":[12.25,19.59305,17.5],"shade":false,"rotation":{"angle":0.0,"axis":"x","origin":[11.0,19.46805,12.5]},"rotated":[0.0,22.5,0.00002],"faces":{"north":{"uv":[16.0,3.375,12.625,4.375],"texture":"#1"},"east":{"uv":[16.0,3.375,12.625,4.375],"texture":"#1"},"south":{"uv":[16.0,3.375,12.625,4.375],"texture":"#1"},"west":{"uv":[16.0,3.375,12.625,4.375],"texture":"#1"},"up":{"uv":[15.5,10.625,15.125,11.875],"texture":"#1","tintindex":0.0},"down":{"uv":[15.5,11.875,15.125,10.625],"texture":"#1","tintindex":0.0}}},{"from":[8.81586,17.68348,4.5],"to":[16.81586,19.68348,11.5],"shade":false,"rotation":{"angle":22.5,"axis":"z","origin":[8.0,20.67828,8.0]},"faces":{"east":{"uv":[15.5,10.25,14.625,10.5],"texture":"#1","tintindex":0.0},"up":{"uv":[15.5,9.25,14.625,10.25],"rotation":90.0,"texture":"#1","tintindex":0.0},"down":{"uv":[14.625,10.25,13.75,9.25],"rotation":270.0,"texture":"#1","tintindex":0.0}}},{"from":[-0.81586,17.68348,4.5],"to":[7.18414,19.68348,11.5],"shade":false,"rotation":{"angle":-22.5,"axis":"z","origin":[8.0,20.67828,8.0]},"faces":{"west":{"uv":[14.625,10.25,15.5,10.5],"texture":"#1","tintindex":0.0},"up":{"uv":[15.5,10.25,14.625,9.25],"rotation":90.0,"texture":"#1","tintindex":0.0},"down":{"uv":[14.625,9.25,13.75,10.25],"rotation":270.0,"texture":"#1","tintindex":0.0}}},{"from":[-5.5,7.36818,-7.97487],"to":[21.5,12.36818,-7.97487],"shade":false,"rotation":{"angle":45.0,"axis":"x","origin":[8.0,8.86818,-7.97487]},"faces":{"north":{"uv":[16.0,4.5,12.625,5.125],"texture":"#1","tintindex":0.0},"east":{"uv":[16.0,3.375,12.625,4.5],"texture":"#1","tintindex":0.0},"south":{"uv":[16.0,4.5,12.625,5.125],"texture":"#1","tintindex":0.0},"west":{"uv":[16.0,3.375,12.625,4.5],"texture":"#1","tintindex":0.0},"up":{"uv":[16.0,0.0,12.625,3.375],"texture":"#1","tintindex":0.0},"down":{"uv":[1.75,8.125,1.875,8.25],"texture":"#0","tintindex":0.0}}},{"from":[-5.5,7.36818,23.97487],"to":[21.5,12.36818,23.97487],"shade":false,"rotation":{"angle":-45.0,"axis":"x","origin":[8.0,8.86818,23.97487]},"faces":{"north":{"uv":[12.625,4.5,16.0,5.125],"texture":"#1","tintindex":0.0},"east":{"uv":[12.625,3.375,16.0,4.5],"texture":"#1","tintindex":0.0},"south":{"uv":[12.625,4.5,16.0,5.125],"texture":"#1","tintindex":0.0},"west":{"uv":[12.625,3.375,16.0,4.5],"texture":"#1","tintindex":0.0},"up":{"uv":[16.0,3.375,12.625,0.0],"texture":"#1","tintindex":0.0},"down":{"uv":[1.75,8.25,1.875,8.125],"texture":"#0","tintindex":0.0}}},{"from":[-2.79594,-3.72066,-5.5],"to":[-2.79594,1.27934,21.5],"shade":false,"rotation":{"angle":-45.0,"axis":"z","origin":[8.0,9.57528,8.0]},"faces":{"north":{"uv":[12.625,3.375,16.0,4.5],"texture":"#1","tintindex":0.0},"east":{"uv":[12.625,4.5,16.0,5.125],"texture":"#1","tintindex":0.0},"south":{"uv":[12.625,3.375,16.0,4.5],"texture":"#1","tintindex":0.0},"west":{"uv":[12.625,4.5,16.0,5.125],"texture":"#1","tintindex":0.0},"up":{"uv":[16.0,3.375,12.625,0.0],"rotation":90.0,"texture":"#1","tintindex":0.0},"down":{"uv":[1.75,8.25,1.875,8.125],"rotation":270.0,"texture":"#0","tintindex":0.0}}},{"from":[18.79594,-3.72066,-5.5],"to":[18.79594,1.27934,21.5],"shade":false,"rotation":{"angle":45.0,"axis":"z","origin":[8.0,9.57528,8.0]},"faces":{"north":{"uv":[16.0,3.375,12.625,4.5],"texture":"#1","tintindex":0.0},"east":{"uv":[16.0,4.5,12.625,5.125],"texture":"#1","tintindex":0.0},"south":{"uv":[16.0,3.375,12.625,4.5],"texture":"#1","tintindex":0.0},"west":{"uv":[16.0,4.5,12.625,5.125],"texture":"#1","tintindex":0.0},"up":{"uv":[16.0,0.0,12.625,3.375],"rotation":90.0,"texture":"#1","tintindex":0.0},"down":{"uv":[1.75,8.125,1.875,8.25],"rotation":270.0,"texture":"#0","tintindex":0.0}}},{"from":[-5.0,14.34305,-5.0],"to":[21.0,14.34305,21.0],"shade":false,"rotation":{"angle":0.0,"axis":"y","origin":[7.01581,14.3036,8.4]},"faces":{"north":{"uv":[3.375,5.375,0.0,6.5],"texture":"#0","tintindex":0.0},"east":{"uv":[3.375,5.375,0.0,6.5],"texture":"#0","tintindex":0.0},"south":{"uv":[3.375,5.375,0.0,6.5],"texture":"#0","tintindex":0.0},"west":{"uv":[3.375,5.375,0.0,6.5],"texture":"#0","tintindex":0.0},"up":{"uv":[15.5,5.5,12.25,8.75],"texture":"#1"},"down":{"uv":[15.5,5.5,12.25,8.75],"texture":"#1"}}},{"from":[7.0,-6.0,7.0],"to":[9.0,23.0,9.0],"rotation":{"angle":0.0,"axis":"y","origin":[9.0,17.0,6.875]},"faces":{"north":{"uv":[15.625,9.375,15.875,13.0],"texture":"#1"},"east":{"uv":[15.875,9.375,15.625,13.0],"texture":"#1"},"south":{"uv":[15.625,9.375,15.875,13.0],"texture":"#1"},"west":{"uv":[15.875,9.375,15.625,13.0],"texture":"#1"},"up":{"uv":[14.75,10.625,15.0,10.875],"texture":"#1"},"down":{"uv":[15.625,9.25,15.875,9.5],"texture":"#1"}}},{"from":[7.0,-15.0,7.0],"to":[9.0,-6.0,9.0],"rotation":{"angle":0.0,"axis":"y","origin":[9.0,17.0,6.875]},"faces":{"north":{"uv":[4.75,9.375,5.0,10.5],"texture":"#0","tintindex":0.0},"east":{"uv":[5.0,9.375,4.75,10.5],"texture":"#0","tintindex":0.0},"south":{"uv":[4.75,9.375,5.0,10.5],"texture":"#0","tintindex":0.0},"west":{"uv":[5.0,9.375,4.75,10.5],"texture":"#0","tintindex":0.0},"up":{"uv":[0.0,9.75,0.25,10.0],"texture":"#0","tintindex":0.0},"down":{"uv":[5.5,9.625,5.25,9.875],"texture":"#0","tintindex":0.0}}},{"from":[7.0,-15.0,11.0],"to":[9.0,-10.0,13.0],"rotation":{"angle":0.0,"axis":"y","origin":[9.0,17.0,6.875]},"faces":{"north":{"uv":[5.0,9.625,5.125,10.25],"texture":"#0","tintindex":0.0},"east":{"uv":[5.25,9.625,5.0,10.25],"texture":"#0","tintindex":0.0},"south":{"uv":[5.125,9.625,5.25,10.25],"texture":"#0","tintindex":0.0},"west":{"uv":[5.0,9.625,5.25,10.25],"texture":"#0","tintindex":0.0},"up":{"uv":[5.5,9.125,5.25,9.375],"texture":"#0","tintindex":0.0},"down":{"uv":[5.5,9.375,5.25,9.625],"texture":"#0","tintindex":0.0}}},{"from":[7.0,-15.0,9.0],"to":[9.0,-13.0,11.0],"rotation":{"angle":0.0,"axis":"y","origin":[9.0,17.0,6.875]},"faces":{"north":{"uv":[5.0,9.375,4.75,10.5],"texture":"#0","tintindex":0.0},"east":{"uv":[5.25,9.375,5.0,9.625],"texture":"#0","tintindex":0.0},"south":{"uv":[5.0,9.375,4.75,10.5],"texture":"#0","tintindex":0.0},"west":{"uv":[5.0,9.375,5.25,9.625],"texture":"#0","tintindex":0.0},"up":{"uv":[5.5,9.125,5.25,9.375],"texture":"#0","tintindex":0.0},"down":{"uv":[5.5,9.625,5.25,9.375],"texture":"#0","tintindex":0.0}}},{"name":"cube inverted","from":[21.5,19.34305,21.5],"to":[-5.5,11.34305,-5.5],"shade":false,"rotation":{"angle":0.0,"axis":"y","origin":[7.51581,14.3036,7.9]},"faces":{"north":{"uv":[16.0,4.375,12.625,3.375],"texture":"#1"},"east":{"uv":[16.0,4.375,12.625,3.375],"texture":"#1"},"south":{"uv":[16.0,4.375,12.625,3.375],"texture":"#1"},"west":{"uv":[16.0,4.375,12.625,3.375],"texture":"#1"},"up":{"uv":[1.875,8.125,1.75,8.25],"texture":"#0"},"down":{"uv":[12.625,0.0,16.0,3.375],"texture":"#1"}}},{"name":"cube inverted","from":[16.81586,19.68348,11.5],"to":[8.81586,17.68348,4.5],"shade":false,"rotation":{"angle":22.5,"axis":"z","origin":[8.0,20.67828,8.0]},"faces":{"west":{"uv":[15.5,10.5,14.625,10.25],"texture":"#1","tintindex":0.0},"up":{"uv":[14.625,9.25,13.75,10.25],"rotation":270.0,"texture":"#1","tintindex":0.0},"down":{"uv":[15.5,10.25,14.625,9.25],"rotation":90.0,"texture":"#1","tintindex":0.0}}},{"name":"cube inverted","from":[7.18414,19.68348,11.5],"to":[-0.81586,17.68348,4.5],"shade":false,"rotation":{"angle":-22.5,"axis":"z","origin":[8.0,20.67828,8.0]},"faces":{"east":{"uv":[14.625,10.5,15.5,10.25],"texture":"#1","tintindex":0.0},"up":{"uv":[14.625,10.25,13.75,9.25],"rotation":270.0,"texture":"#1","tintindex":0.0},"down":{"uv":[15.5,9.25,14.625,10.25],"rotation":90.0,"texture":"#1","tintindex":0.0}}}],"gui_light":"front","display":{"thirdperson_righthand":{"rotation":[96.93,-2.33,8.97],"translation":[-2.75,-0.75,20.0],"scale":[0.85,0.85,0.85]},"thirdperson_lefthand":{"rotation":[96.93,-2.33,8.97],"translation":[-2.75,-0.75,20.0],"scale":[0.85,0.85,0.85]},"firstperson_righthand":{"rotation":[-172.83,-20.35,-175.66],"translation":[14.0,18.0,-4.0],"scale":[0.59375,0.98,0.59375]},"firstperson_lefthand":{"rotation":[-172.83,-20.35,-175.66],"translation":[14.0,18.0,-4.0],"scale":[0.59375,0.98,0.59375]},"ground":{"translation":[0.0,4.25,0.0],"scale":[0.43945,0.43945,0.43945]},"gui":{"rotation":[-21.08,-37.45,-53.23],"translation":[-0.5,-0.25,0.0],"scale":[0.38047,0.38047,0.38047]},"head":{"rotation":[0.0,3.25,0.0],"translation":[0.0,4.25,0.0],"scale":[1.6,1.6,1.6]}}}