{"textures":{"0":"mcc:island_cosmetics/accessory_variant/offhand_4_extra","particle":"mcc:island_cosmetics/accessory_variant/offhand_4_extra"},"credit":"Made with Blockbench","texture_size":[128.0,128.0],"elements":[{"from":[2.5,11.0,6.0],"to":[13.5,16.0,10.0],"rotation":{"angle":0.0,"axis":"z","origin":[25.5,-3.0,0.0]},"faces":{"north":{"uv":[4.75,0.0,3.375,0.625],"texture":"#0","tintindex":0.0},"east":{"uv":[5.25,0.5,4.75,1.125],"texture":"#0","tintindex":0.0},"south":{"uv":[4.75,0.0,3.375,0.625],"texture":"#0","tintindex":0.0},"west":{"uv":[5.25,0.5,4.75,1.125],"texture":"#0","tintindex":0.0},"up":{"uv":[4.75,0.625,3.375,1.125],"texture":"#0","tintindex":0.0},"down":{"uv":[4.75,1.125,3.375,1.625],"texture":"#0","tintindex":0.0}}},{"from":[9.5,16.0,6.5],"to":[13.5,20.0,9.5],"rotation":{"angle":0.0,"axis":"z","origin":[25.0,-3.0,0.0]},"faces":{"north":{"uv":[5.25,0.0,4.75,0.5],"texture":"#0"},"east":{"uv":[5.25,0.0,5.625,0.5],"texture":"#0"},"south":{"uv":[4.75,0.0,5.25,0.5],"texture":"#0"},"west":{"uv":[5.625,0.0,6.0,0.5],"texture":"#0"},"up":{"uv":[6.0,0.0,6.5,0.375],"texture":"#0"},"down":{"uv":[4.125,0.375,4.25,0.5],"texture":"#0"}}},{"from":[2.5,16.0,6.5],"to":[6.5,20.0,9.5],"rotation":{"angle":0.0,"axis":"z","origin":[25.0,-3.0,0.0]},"faces":{"north":{"uv":[4.75,0.0,5.25,0.5],"texture":"#0"},"east":{"uv":[6.0,0.0,5.625,0.5],"texture":"#0"},"south":{"uv":[5.25,0.0,4.75,0.5],"texture":"#0"},"west":{"uv":[5.625,0.0,5.25,0.5],"texture":"#0"},"up":{"uv":[6.5,0.0,6.0,0.375],"texture":"#0"},"down":{"uv":[4.125,0.375,4.25,0.5],"texture":"#0"}}},{"from":[2.5,-10.0,6.0],"to":[13.5,-5.0,10.0],"rotation":{"angle":0.0,"axis":"z","origin":[25.5,19.0,0.0]},"faces":{"north":{"uv":[4.75,0.625,3.375,0.0],"texture":"#0","tintindex":0.0},"east":{"uv":[5.25,1.125,4.75,0.5],"texture":"#0","tintindex":0.0},"south":{"uv":[4.75,0.625,3.375,0.0],"texture":"#0","tintindex":0.0},"west":{"uv":[5.25,1.125,4.75,0.5],"texture":"#0","tintindex":0.0},"up":{"uv":[4.75,1.625,3.375,1.125],"texture":"#0","tintindex":0.0},"down":{"uv":[4.75,1.125,3.375,0.625],"texture":"#0","tintindex":0.0}}},{"from":[2.5,-14.0,6.5],"to":[6.5,-10.0,9.5],"rotation":{"angle":0.0,"axis":"z","origin":[25.0,19.0,0.0]},"faces":{"north":{"uv":[4.75,0.5,5.25,0.0],"texture":"#0"},"east":{"uv":[6.0,0.5,5.625,0.0],"texture":"#0"},"south":{"uv":[5.25,0.5,4.75,0.0],"texture":"#0"},"west":{"uv":[5.625,0.5,5.25,0.0],"texture":"#0"},"up":{"uv":[4.125,0.375,4.25,0.5],"texture":"#0"},"down":{"uv":[6.5,0.375,6.0,0.0],"texture":"#0"}}},{"from":[9.5,-14.0,6.5],"to":[13.5,-10.0,9.5],"rotation":{"angle":0.0,"axis":"z","origin":[25.0,19.0,0.0]},"faces":{"north":{"uv":[5.25,0.5,4.75,0.0],"texture":"#0"},"east":{"uv":[5.25,0.5,5.625,0.0],"texture":"#0"},"south":{"uv":[4.75,0.5,5.25,0.0],"texture":"#0"},"west":{"uv":[5.625,0.5,6.0,0.0],"texture":"#0"},"up":{"uv":[4.125,0.375,4.25,0.5],"texture":"#0"},"down":{"uv":[6.0,0.375,6.5,0.0],"texture":"#0"}}},{"from":[5.5,-5.0,6.5],"to":[10.5,11.0,9.5],"rotation":{"angle":0.0,"axis":"y","origin":[24.5,-3.0,0.0]},"faces":{"north":{"uv":[3.375,0.0,2.75,2.0],"texture":"#0"},"east":{"uv":[5.625,0.5,5.25,2.5],"texture":"#0"},"south":{"uv":[3.375,0.0,2.75,2.0],"texture":"#0"},"west":{"uv":[5.25,0.5,5.625,2.5],"texture":"#0"},"up":{"uv":[4.125,0.375,4.25,0.5],"texture":"#0"},"down":{"uv":[4.125,0.375,4.25,0.5],"texture":"#0"}}},{"from":[5.5,-1.0,6.5],"to":[10.5,7.0,9.5],"rotation":{"angle":0.0,"axis":"y","origin":[24.5,-3.0,0.0]},"faces":{"north":{"uv":[6.25,0.5,5.625,1.5],"texture":"#0","tintindex":0.0},"east":{"uv":[6.625,0.5,6.25,1.5],"texture":"#0","tintindex":0.0},"south":{"uv":[6.25,0.5,5.625,1.5],"texture":"#0","tintindex":0.0},"west":{"uv":[6.625,0.5,6.25,1.5],"texture":"#0","tintindex":0.0},"up":{"uv":[4.125,0.375,4.25,0.5],"texture":"#0","tintindex":0.0},"down":{"uv":[4.125,0.375,4.25,0.5],"texture":"#0","tintindex":0.0}}},{"from":[2.5,11.0,6.0],"to":[13.5,16.0,10.0],"rotation":{"angle":0.0,"axis":"z","origin":[25.5,-3.0,0.0]},"faces":{"north":{"uv":[4.75,1.75,3.375,2.375],"texture":"#0"},"east":{"uv":[4.125,0.375,4.25,0.5],"texture":"#0"},"south":{"uv":[4.75,1.75,3.375,2.375],"texture":"#0"},"west":{"uv":[4.125,0.375,4.25,0.5],"texture":"#0"},"up":{"uv":[4.125,0.375,4.25,0.5],"texture":"#0"},"down":{"uv":[4.75,2.5,3.375,3.0],"texture":"#0"}}},{"from":[2.5,-10.0,6.0],"to":[13.5,-5.0,10.0],"rotation":{"angle":0.0,"axis":"z","origin":[25.5,19.0,0.0]},"faces":{"north":{"uv":[4.75,2.375,3.375,1.75],"texture":"#0"},"east":{"uv":[4.125,0.375,4.25,0.5],"texture":"#0"},"south":{"uv":[4.75,2.375,3.375,1.75],"texture":"#0"},"west":{"uv":[4.125,0.375,4.25,0.5],"texture":"#0"},"up":{"uv":[4.75,3.0,3.375,2.5],"texture":"#0"},"down":{"uv":[4.125,0.375,4.25,0.5],"texture":"#0"}}}],"gui_light":"front","display":{"thirdperson_righthand":{"rotation":[0.0,-90.0,0.0],"translation":[0.0,2.5,3.0],"scale":[0.92813,0.92813,0.92813]},"thirdperson_lefthand":{"rotation":[0.0,-90.0,0.0],"translation":[0.0,2.5,3.0],"scale":[0.92813,0.92813,0.92813]},"firstperson_righthand":{"rotation":[4.75,-70.25,25.0],"translation":[1.63,6.95,1.13],"scale":[0.305,0.305,0.305]},"firstperson_lefthand":{"rotation":[4.75,-70.25,25.0],"translation":[1.63,6.95,1.13],"scale":[0.305,0.305,0.305]},"ground":{"translation":[0.0,4.25,0.0],"scale":[0.43945,0.43945,0.43945]},"gui":{"rotation":[3.93,22.95,-48.95],"translation":[1.75,1.75,0.0],"scale":[0.47229,0.47229,0.47229]},"head":{"rotation":[0.0,3.25,0.0],"translation":[0.0,4.25,0.0],"scale":[1.6,1.6,1.6]}}}