{"textures":{"0":"mcc:island_cosmetics/accessory_variant/offhand_4_extra","particle":"mcc:island_cosmetics/accessory_variant/offhand_4_extra"},"credit":"Made with Blockbench","texture_size":[128.0,128.0],"elements":[{"from":[5.75,3.0,7.0],"to":[9.75,15.0,9.0],"rotation":{"angle":0.0,"axis":"y","origin":[23.75,-3.0,0.0]},"faces":{"north":{"uv":[0.5,0.0,0.0,1.75],"texture":"#0","tintindex":0.0},"east":{"uv":[0.25,1.75,0.0,3.25],"texture":"#0","tintindex":0.0},"south":{"uv":[0.5,0.25,0.0,1.75],"texture":"#0","tintindex":0.0},"west":{"uv":[0.0,1.75,0.25,3.25],"texture":"#0","tintindex":0.0},"up":{"uv":[0.25,1.5,0.375,1.625],"texture":"#0","tintindex":0.0},"down":{"uv":[0.75,2.375,0.25,2.625],"texture":"#0","tintindex":0.0}}},{"from":[2.75,15.0,7.0],"to":[9.75,20.0,9.0],"rotation":{"angle":0.0,"axis":"y","origin":[23.75,-3.0,0.0]},"faces":{"north":{"uv":[0.5,0.0,1.375,0.625],"texture":"#0","tintindex":0.0},"east":{"uv":[0.5,1.75,0.25,2.375],"texture":"#0","tintindex":0.0},"south":{"uv":[1.375,0.0,0.5,0.625],"texture":"#0","tintindex":0.0},"west":{"uv":[0.5,1.75,0.25,2.375],"texture":"#0","tintindex":0.0},"up":{"uv":[1.375,1.75,0.5,2.0],"texture":"#0","tintindex":0.0},"down":{"uv":[1.375,0.625,0.5,0.5],"texture":"#0","tintindex":0.0}}},{"from":[2.75,15.0,7.0],"to":[9.75,20.0,9.0],"rotation":{"angle":0.0,"axis":"y","origin":[23.75,-3.0,0.0]},"faces":{"north":{"uv":[1.375,1.375,2.25,2.0],"texture":"#0"},"east":{"uv":[0.125,1.375,0.25,1.5],"texture":"#0"},"south":{"uv":[2.25,1.375,1.375,2.0],"texture":"#0"},"west":{"uv":[0.125,1.375,0.25,1.5],"texture":"#0"},"up":{"uv":[0.125,1.375,0.25,1.5],"texture":"#0"},"down":{"uv":[2.25,1.875,1.375,2.0],"texture":"#0"}}},{"from":[3.75,23.0,7.0],"to":[9.75,25.0,9.0],"rotation":{"angle":0.0,"axis":"y","origin":[23.75,-3.0,0.0]},"faces":{"north":{"uv":[0.875,0.625,1.625,0.875],"texture":"#0"},"east":{"uv":[0.875,0.625,1.0,0.875],"texture":"#0"},"south":{"uv":[1.625,0.625,0.875,0.875],"texture":"#0"},"west":{"uv":[1.5,0.625,1.625,0.875],"texture":"#0"},"up":{"uv":[1.625,0.625,0.875,0.75],"texture":"#0"},"down":{"uv":[2.375,0.625,1.625,0.875],"texture":"#0"}}},{"from":[3.75,20.0,8.0],"to":[9.75,26.0,8.0],"rotation":{"angle":0.0,"axis":"y","origin":[23.75,-3.0,0.0]},"faces":{"north":{"uv":[0.5,1.0,1.25,1.75],"texture":"#0"},"east":{"uv":[3.5,2.75,3.75,3.75],"texture":"#missing"},"south":{"uv":[1.25,1.0,0.5,1.75],"texture":"#0"},"west":{"uv":[3.5,2.75,3.75,3.75],"texture":"#missing"},"up":{"uv":[0.25,0.0,0.0,0.25],"texture":"#missing"},"down":{"uv":[3.5,3.75,3.25,4.0],"texture":"#missing"}}},{"from":[2.75,10.0,8.0],"to":[5.75,15.0,8.0],"rotation":{"angle":0.0,"axis":"y","origin":[23.75,-3.0,0.0]},"faces":{"north":{"uv":[1.625,0.0,2.0,0.625],"texture":"#0"},"east":{"uv":[3.5,2.75,3.75,3.75],"texture":"#missing"},"south":{"uv":[2.0,0.0,1.625,0.625],"texture":"#0"},"west":{"uv":[3.5,2.75,3.75,3.75],"texture":"#missing"},"up":{"uv":[0.25,0.0,0.0,0.25],"texture":"#missing"},"down":{"uv":[3.5,3.75,3.25,4.0],"texture":"#missing"}}},{"from":[3.75,20.0,7.0],"to":[6.75,23.0,9.0],"rotation":{"angle":0.0,"axis":"y","origin":[23.75,-3.0,0.0]},"faces":{"north":{"uv":[0.5,0.625,0.875,1.0],"texture":"#0"},"east":{"uv":[0.5,0.625,0.625,1.0],"texture":"#0"},"south":{"uv":[0.875,0.625,0.5,1.0],"texture":"#0"},"west":{"uv":[2.375,0.625,2.5,1.0],"texture":"#0"},"up":{"uv":[4.625,1.375,4.75,1.5],"texture":"#missing"},"down":{"uv":[5.375,0.875,5.5,1.0],"texture":"#missing"}}}],"gui_light":"front","display":{"thirdperson_righthand":{"rotation":[-156.75,89.25,157.5],"translation":[0.0,-3.25,2.5],"scale":[0.92813,0.92813,0.92813]},"thirdperson_lefthand":{"rotation":[0.0,-90.0,0.0],"translation":[0.0,-3.25,2.5],"scale":[0.92813,0.92813,0.92813]},"firstperson_righthand":{"rotation":[170.85,82.0,165.06],"translation":[3.38,1.95,1.13],"scale":[0.44563,0.44563,0.44563]},"firstperson_lefthand":{"rotation":[0.0,-70.25,25.0],"translation":[3.38,1.95,1.13],"scale":[0.44563,0.44563,0.44563]},"ground":{"translation":[0.0,4.25,0.0],"scale":[0.43945,0.43945,0.43945]},"gui":{"rotation":[3.93,22.95,-48.95],"translation":[-3.0,-3.75,0.0],"scale":[0.75159,0.75159,0.75159]},"head":{"rotation":[0.0,3.25,0.0],"translation":[0.0,4.25,0.0],"scale":[1.6,1.6,1.6]}}}