{"textures":{"layer0":"mcc:island_cosmetics/trails/rank_shapes/rank_shapes","particle":"mcc:island_cosmetics/trails/rank_shapes/particle_3"},"credit":"Made with Blockbench","texture_size":[128.0,128.0],"elements":[{"from":[8.0,-3.0,4.0],"to":[8.0,5.0,12.0],"rotation":{"angle":0.0,"axis":"y","origin":[8.0,1.0,8.0]},"faces":{"north":{"uv":[2.25,0.0,2.375,0.125],"rotation":90.0,"texture":"#layer0"},"east":{"uv":[6.75,0.0,7.75,1.0],"texture":"#layer0"},"south":{"uv":[2.25,0.0,2.375,0.125],"rotation":270.0,"texture":"#layer0"},"west":{"uv":[6.75,0.0,7.75,1.0],"texture":"#layer0"},"up":{"uv":[2.25,0.0,2.375,0.125],"rotation":270.0,"texture":"#layer0"},"down":{"uv":[2.25,0.0,2.375,0.125],"rotation":270.0,"texture":"#layer0"}}},{"from":[4.0,-3.0,8.0],"to":[12.0,5.0,8.0],"rotation":{"angle":0.0,"axis":"y","origin":[8.0,1.0,8.0]},"faces":{"north":{"uv":[6.75,0.0,7.75,1.0],"texture":"#layer0"},"east":{"uv":[2.25,0.0,2.375,0.125],"rotation":90.0,"texture":"#layer0"},"south":{"uv":[6.75,0.0,7.75,1.0],"texture":"#layer0"},"west":{"uv":[2.25,0.0,2.375,0.125],"rotation":270.0,"texture":"#layer0"},"up":{"uv":[2.25,0.0,2.375,0.125],"texture":"#layer0"},"down":{"uv":[2.25,0.0,2.375,0.125],"rotation":180.0,"texture":"#layer0"}}},{"from":[4.0,1.0,4.0],"to":[12.0,1.0,12.0],"rotation":{"angle":0.0,"axis":"y","origin":[8.0,1.0,8.0]},"faces":{"north":{"uv":[2.25,0.0,2.375,0.125],"texture":"#layer0"},"east":{"uv":[2.25,0.0,2.375,0.125],"texture":"#layer0"},"south":{"uv":[2.25,0.0,2.375,0.125],"texture":"#layer0"},"west":{"uv":[2.25,0.0,2.375,0.125],"texture":"#layer0"},"up":{"uv":[6.75,0.0,7.75,1.0],"texture":"#layer0"},"down":{"uv":[6.75,0.0,7.75,1.0],"texture":"#layer0"}}}],"display":{"ground":{"translation":[0.0,8.5,0.0],"scale":[0.83984,0.83984,0.83984]}}}