{
    "providers": [
        {"type": "bitmap","file": "fw:icons/n_small/1.png","ascent": -3,"height": 8,"chars":["1"]},
        {"type": "bitmap","file": "fw:icons/n_small/2.png","ascent": -3,"height": 8,"chars":["2"]},
        {"type": "bitmap","file": "fw:icons/n_small/3.png","ascent": -3,"height": 8,"chars":["3"]},
        {"type": "bitmap","file": "fw:icons/n_small/4.png","ascent": -3,"height": 8,"chars":["4"]},
        {"type": "bitmap","file": "fw:icons/n_small/5.png","ascent": -3,"height": 8,"chars":["5"]},
        {"type": "bitmap","file": "fw:icons/n_small/6.png","ascent": -3,"height": 8,"chars":["6"]},
        {"type": "bitmap","file": "fw:icons/n_small/7.png","ascent": -3,"height": 8,"chars":["7"]},
        {"type": "bitmap","file": "fw:icons/n_small/8.png","ascent": -3,"height": 8,"chars":["8"]},
        {"type": "bitmap","file": "fw:icons/n_small/8.png","ascent": -3,"height": 8,"chars":["9"]},
        {"type": "bitmap","file": "fw:icons/n_small/0.png","ascent": -3,"height": 8,"chars":["0"]}
    ]
}