{
	"credit": "Made with Blockbench",
	"ambientocclusion": false,
	"texture_size": [4, 4],
	"textures": {
		"1": "fw:guns/03/p90",
		"2": "fw:guns/03/optic",
		"4": "fw:player/alex",
		"5": "fw:player/steve",
		"particle": "fw:player/steve"
	},
	"elements": [
		{
			"from": [6.80804, 6.45984, 11.89998],
			"to": [9.19196, 9.36544, 19.98828],
			"rotation": {"angle": 0, "axis": "y", "origin": [6.80804, 1.86228, 5.08878]},
			"faces": {
				"north": {"uv": [4, 2.75, 4.375, 3.25], "texture": "#1"},
				"east": {"uv": [0, 0, 1.1875, 0.5], "texture": "#1"},
				"south": {"uv": [4, 3.5, 4.375, 4], "texture": "#1"},
				"west": {"uv": [0, 0.75, 1.1875, 1.25], "texture": "#1"},
				"up": {"uv": [2.875, 1.9375, 2.5, 0.75], "texture": "#1"},
				"down": {"uv": [2.875, 2.25, 2.5, 3.4375], "texture": "#1"}
			}
		},
		{
			"from": [7.02089, 3.05424, 13.09194],
			"to": [8.97911, 6.45984, 19.98828],
			"rotation": {"angle": 0, "axis": "y", "origin": [6.80804, 5.26788, 5.08878]},
			"faces": {
				"north": {"uv": [4.75, 1, 5.0625, 1.5], "texture": "#1"},
				"east": {"uv": [0, 1.5, 1, 2], "texture": "#1"},
				"south": {"uv": [4.75, 2.75, 5.0625, 3.25], "texture": "#1"},
				"west": {"uv": [1.5, 0, 2.5, 0.5], "texture": "#1"},
				"up": {"uv": [1.8125, 4, 1.5, 3], "texture": "#1"},
				"down": {"uv": [3.5625, 1, 3.25, 2], "texture": "#1"}
			}
		},
		{
			"from": [6.80804, 6.45984, 3.30084],
			"to": [9.19196, 7.39638, 11.89998],
			"rotation": {"angle": 0, "axis": "y", "origin": [6.80804, 1.86228, 5.51448]},
			"faces": {
				"north": {"uv": [8.25, 6, 8.625, 6.125], "texture": "#1"},
				"east": {"uv": [4.75, 3.5, 6, 3.625], "texture": "#1"},
				"south": {"uv": [8.25, 6.5, 8.625, 6.625], "texture": "#1"},
				"west": {"uv": [4.75, 4, 6, 4.125], "texture": "#1"},
				"up": {"uv": [0.375, 3.5, 0, 2.25], "texture": "#1"},
				"down": {"uv": [1.125, 2.25, 0.75, 3.5], "texture": "#1"}
			}
		},
		{
			"from": [6.80804, 7.39638, 5.17392],
			"to": [9.19196, 8.16264, 10.19718],
			"rotation": {"angle": 0, "axis": "y", "origin": [6.80804, 0.92574, 5.51448]},
			"faces": {
				"north": {"uv": [8.25, 7, 8.625, 7.125], "texture": "#1"},
				"east": {"uv": [6.5, 3, 7.25, 3.125], "texture": "#1"},
				"south": {"uv": [7.75, 8.25, 8.125, 8.375], "texture": "#1"},
				"west": {"uv": [6.75, 0, 7.5, 0.125], "texture": "#1"},
				"up": {"uv": [3.625, 3, 3.25, 2.25], "texture": "#1"},
				"down": {"uv": [3.625, 3.25, 3.25, 4], "texture": "#1"}
			}
		},
		{
			"from": [6.63776, 7.39638, 10.19718],
			"to": [9.36224, 8.16264, 11.89998],
			"rotation": {"angle": 0, "axis": "y", "origin": [6.80804, 0.92574, 19.05174]},
			"faces": {
				"north": {"uv": [8.5, 0, 8.875, 0.125], "texture": "#1"},
				"east": {"uv": [7.25, 9.25, 7.5, 9.375], "texture": "#1"},
				"south": {"uv": [8.5, 1, 8.875, 1.125], "texture": "#1"},
				"west": {"uv": [7.75, 9.25, 8, 9.375], "texture": "#1"},
				"up": {"uv": [0.875, 7, 0.5, 6.75], "texture": "#1"},
				"down": {"uv": [1.625, 6.75, 1.25, 7], "texture": "#1"}
			}
		},
		{
			"from": [7.23374, 6.71526, -4.19148],
			"to": [8.76626, 7.99236, 3.30084],
			"rotation": {"angle": 0, "axis": "y", "origin": [8.55341, 3.77793, -4.27662]},
			"faces": {
				"north": {"uv": [1.5, 8.25, 1.75, 8.4375], "texture": "#1"},
				"east": {"uv": [4, 1.75, 5.125, 1.9375], "texture": "#1"},
				"south": {"uv": [4, 8.25, 4.25, 8.4375], "texture": "#1"},
				"west": {"uv": [4, 2.25, 5.125, 2.4375], "texture": "#1"},
				"up": {"uv": [0.25, 4.875, 0, 3.75], "texture": "#1"},
				"down": {"uv": [0.75, 3.75, 0.5, 4.875], "texture": "#1"}
			}
		},
		{
			"from": [7.23374, 7.99236, -4.53204],
			"to": [8.76626, 11.82366, -2.65896],
			"rotation": {"angle": 0, "axis": "y", "origin": [8.55341, 3.01167, -4.27662]},
			"faces": {
				"north": {"uv": [5.5, 0, 5.75, 0.5625], "texture": "#1"},
				"east": {"uv": [5.5, 1, 5.75, 1.5625], "texture": "#1"},
				"south": {"uv": [5.5, 2, 5.75, 2.5625], "texture": "#1"},
				"west": {"uv": [2.25, 5.5, 2.5, 6.0625], "texture": "#1"},
				"up": {"uv": [1.25, 4, 1, 3.75], "texture": "#1"},
				"down": {"uv": [5.25, 0, 5, 0.25], "texture": "#1"}
			}
		},
		{
			"from": [7.27631, 9.892, -3.88228],
			"to": [8.72369, 10.7434, -3.11602],
			"rotation": {"angle": 45, "axis": "x", "origin": [8, 9.80686, -1.96663]},
			"faces": {
				"north": {"uv": [10, 7.5, 10.1875, 7.625], "texture": "#1"},
				"east": {"uv": [10.25, 10, 10.375, 10.125], "texture": "#1"},
				"south": {"uv": [9, 10, 9.1875, 10.125], "texture": "#1"},
				"west": {"uv": [0, 10.5, 0.125, 10.625], "texture": "#1"},
				"up": {"uv": [10.4375, 0.125, 10.25, 0], "texture": "#1"},
				"down": {"uv": [10.4375, 1, 10.25, 1.125], "texture": "#1"}
			}
		},
		{
			"from": [7.1486, 3.05424, 9.6012],
			"to": [8.8514, 6.45984, 13.09194],
			"rotation": {"angle": 0, "axis": "y", "origin": [6.68033, 5.26788, 5.00364]},
			"faces": {
				"north": {"uv": [6, 0.75, 6.25, 1.25], "texture": "#1"},
				"east": {"uv": [2.25, 3.75, 2.75, 4.25], "texture": "#1"},
				"south": {"uv": [1.25, 6, 1.5, 6.5], "texture": "#1"},
				"west": {"uv": [4, 1, 4.5, 1.5], "texture": "#1"},
				"up": {"uv": [6.25, 2, 6, 1.5], "texture": "#1"},
				"down": {"uv": [2, 6, 1.75, 6.5], "texture": "#1"}
			}
		},
		{
			"from": [7.1486, 6.11928, 5.42934],
			"to": [8.8514, 6.45984, 9.6012],
			"rotation": {"angle": 0, "axis": "y", "origin": [6.68033, 7.48152, 3.55626]},
			"faces": {
				"north": {"uv": [10.5, 1.5, 10.75, 1.5625], "texture": "#1"},
				"east": {"uv": [9, 2, 9.625, 2.0625], "texture": "#1"},
				"south": {"uv": [1.75, 10.5, 2, 10.5625], "texture": "#1"},
				"west": {"uv": [9, 2.5, 9.625, 2.5625], "texture": "#1"},
				"up": {"uv": [5, 5.125, 4.75, 4.5], "texture": "#1"},
				"down": {"uv": [1.25, 5, 1, 5.625], "texture": "#1"}
			}
		},
		{
			"from": [7.1486, 4.2462, 3.47112],
			"to": [8.8514, 6.45984, 5.42934],
			"rotation": {"angle": 0, "axis": "y", "origin": [6.68033, 5.26788, 5.00364]},
			"faces": {
				"north": {"uv": [2, 7.25, 2.25, 7.5625], "texture": "#1"},
				"east": {"uv": [6.25, 3.5, 6.5625, 3.8125], "texture": "#1"},
				"south": {"uv": [7.25, 5, 7.5, 5.3125], "texture": "#1"},
				"west": {"uv": [3.75, 6.25, 4.0625, 6.5625], "texture": "#1"},
				"up": {"uv": [6, 7.5625, 5.75, 7.25], "texture": "#1"},
				"down": {"uv": [7.5, 5.75, 7.25, 6.0625], "texture": "#1"}
			}
		},
		{
			"from": [7.91486, 4.2462, 1.76832],
			"to": [8.08514, 6.45984, 3.72654],
			"rotation": {"angle": 0, "axis": "y", "origin": [5.31809, 5.26788, 5.00364]},
			"faces": {
				"north": {"uv": [5, 10.25, 5.0625, 10.5625], "texture": "#1"},
				"east": {"uv": [6.5, 0.75, 6.8125, 1.0625], "texture": "#1"},
				"south": {"uv": [10.25, 5.75, 10.3125, 6.0625], "texture": "#1"},
				"west": {"uv": [6.5, 1.5, 6.8125, 1.8125], "texture": "#1"},
				"up": {"uv": [6.5625, 10.5625, 6.5, 10.25], "texture": "#1"},
				"down": {"uv": [10.3125, 6.5, 10.25, 6.8125], "texture": "#1"}
			}
		},
		{
			"from": [7.31888, 4.07592, 1.34262],
			"to": [8.68112, 4.75704, 3.6414],
			"rotation": {"angle": 0, "axis": "y", "origin": [6.68033, 5.26788, 6.11046]},
			"faces": {
				"north": {"uv": [1.25, 10.25, 1.4375, 10.375], "texture": "#1"},
				"east": {"uv": [9, 3, 9.3125, 3.125], "texture": "#1"},
				"south": {"uv": [2.5, 10.25, 2.6875, 10.375], "texture": "#1"},
				"west": {"uv": [9, 4.5, 9.3125, 4.625], "texture": "#1"},
				"up": {"uv": [0.6875, 8.5625, 0.5, 8.25], "texture": "#1"},
				"down": {"uv": [1.1875, 8.25, 1, 8.5625], "texture": "#1"}
			}
		},
		{
			"from": [7.1486, 4.37391, 1.30005],
			"to": [8.8514, 4.79961, 2.70486],
			"rotation": {"angle": 0, "axis": "y", "origin": [6.59519, 5.26788, 6.11046]},
			"faces": {
				"north": {"uv": [10.5, 2, 10.75, 2.0625], "texture": "#1"},
				"east": {"uv": [0.5, 11.25, 0.6875, 11.3125], "texture": "#1"},
				"south": {"uv": [10.5, 7.25, 10.75, 7.3125], "texture": "#1"},
				"west": {"uv": [11.25, 0.5, 11.4375, 0.5625], "texture": "#1"},
				"up": {"uv": [0.25, 8.6875, 0, 8.5], "texture": "#1"},
				"down": {"uv": [8.75, 3, 8.5, 3.1875], "texture": "#1"}
			}
		},
		{
			"from": [7.32058, 3.32314, -0.05552],
			"to": [8.67942, 4.00085, 2.36757],
			"rotation": {"angle": -22.5, "axis": "x", "origin": [8.46827, 4.00256, 0.41105]},
			"faces": {
				"north": {"uv": [10.25, 2.75, 10.4375, 2.875], "texture": "#1"},
				"east": {"uv": [8.5, 3.5, 8.875, 3.625], "texture": "#1"},
				"south": {"uv": [3, 10.25, 3.1875, 10.375], "texture": "#1"},
				"west": {"uv": [8.5, 4, 8.875, 4.125], "texture": "#1"},
				"up": {"uv": [4.6875, 8.125, 4.5, 7.75], "texture": "#1"},
				"down": {"uv": [7.9375, 5.5, 7.75, 5.875], "texture": "#1"}
			}
		},
		{
			"from": [7.1486, 5.60844, -4.53204],
			"to": [8.8514, 6.8004, -0.36018],
			"rotation": {"angle": 0, "axis": "y", "origin": [6.68033, 5.26788, 5.00364]},
			"faces": {
				"north": {"uv": [4.5, 8.5, 4.75, 8.6875], "texture": "#1"},
				"east": {"uv": [5.5, 3, 6.125, 3.1875], "texture": "#1"},
				"south": {"uv": [5.75, 8.5, 6, 8.6875], "texture": "#1"},
				"west": {"uv": [6, 4.5, 6.625, 4.6875], "texture": "#1"},
				"up": {"uv": [3, 5.625, 2.75, 5], "texture": "#1"},
				"down": {"uv": [3.5, 5, 3.25, 5.625], "texture": "#1"}
			}
		},
		{
			"from": [7.1503, 4.09205, -4.02515],
			"to": [8.8497, 5.87658, -3.17715],
			"rotation": {"angle": -22.5, "axis": "x", "origin": [8, 4.47348, -3.60115]},
			"faces": {
				"north": {"uv": [8, 1, 8.25, 1.25], "texture": "#1"},
				"east": {"uv": [8.25, 9.25, 8.375, 9.5], "texture": "#1"},
				"south": {"uv": [8, 4, 8.25, 4.25], "texture": "#1"},
				"west": {"uv": [0, 9.5, 0.125, 9.75], "texture": "#1"},
				"up": {"uv": [0.75, 9.625, 0.5, 9.5], "texture": "#1"},
				"down": {"uv": [9.75, 0.5, 9.5, 0.625], "texture": "#1"}
			}
		},
		{
			"from": [7.1486, 3.13938, -1.72242],
			"to": [8.8514, 5.60844, -0.36018],
			"rotation": {"angle": 0, "axis": "y", "origin": [8.46827, 3.94821, -4.19148]},
			"faces": {
				"north": {"uv": [2.25, 6.5, 2.5, 6.875], "texture": "#1"},
				"east": {"uv": [7.75, 6.25, 7.9375, 6.625], "texture": "#1"},
				"south": {"uv": [2.75, 6.75, 3, 7.125], "texture": "#1"},
				"west": {"uv": [7.75, 7, 7.9375, 7.375], "texture": "#1"},
				"up": {"uv": [6.5, 8.6875, 6.25, 8.5], "texture": "#1"},
				"down": {"uv": [8.75, 8.25, 8.5, 8.4375], "texture": "#1"}
			}
		},
		{
			"from": [7.1503, 2.82561, -1.24153],
			"to": [8.8497, 4.18445, 0.88356],
			"rotation": {"angle": 22.5, "axis": "x", "origin": [8.46827, 4.18615, -0.68983]},
			"faces": {
				"north": {"uv": [1.5, 8.75, 1.75, 8.9375], "texture": "#1"},
				"east": {"uv": [8.25, 1.5, 8.5625, 1.6875], "texture": "#1"},
				"south": {"uv": [2.5, 8.75, 2.75, 8.9375], "texture": "#1"},
				"west": {"uv": [8.25, 2, 8.5625, 2.1875], "texture": "#1"},
				"up": {"uv": [6.5, 7.5625, 6.25, 7.25], "texture": "#1"},
				"down": {"uv": [7.5, 6.5, 7.25, 6.8125], "texture": "#1"}
			}
		},
		{
			"from": [7.1486, 2.32484, 0.24406],
			"to": [8.8514, 3.68708, 2.20228],
			"rotation": {"angle": 0, "axis": "y", "origin": [8.46827, 3.00596, 1.30831]},
			"faces": {
				"north": {"uv": [3, 8.75, 3.25, 8.9375], "texture": "#1"},
				"east": {"uv": [2.5, 8.25, 2.8125, 8.4375], "texture": "#1"},
				"south": {"uv": [3.5, 8.75, 3.75, 8.9375], "texture": "#1"},
				"west": {"uv": [8.25, 2.5, 8.5625, 2.6875], "texture": "#1"},
				"up": {"uv": [7, 7.5625, 6.75, 7.25], "texture": "#1"},
				"down": {"uv": [7.5, 7.25, 7.25, 7.5625], "texture": "#1"}
			}
		},
		{
			"from": [7.1486, 6.28956, -0.36018],
			"to": [8.8514, 6.8004, 3.47112],
			"rotation": {"angle": 0, "axis": "y", "origin": [6.68033, 5.26788, 4.0671]},
			"faces": {
				"north": {"uv": [9, 10.5, 9.25, 10.5625], "texture": "#1"},
				"east": {"uv": [9.25, 0, 9.8125, 0.0625], "texture": "#1"},
				"south": {"uv": [9.5, 10.5, 9.75, 10.5625], "texture": "#1"},
				"west": {"uv": [9.25, 1, 9.8125, 1.0625], "texture": "#1"},
				"up": {"uv": [5, 6.0625, 4.75, 5.5], "texture": "#1"},
				"down": {"uv": [0.25, 6, 0, 6.5625], "texture": "#1"}
			}
		},
		{
			"from": [7.1503, 2.42963, 8.75708],
			"to": [8.8497, 4.38444, 11.47815],
			"rotation": {"angle": -22.5, "axis": "x", "origin": [8.17028, 3.40703, 9.86219]},
			"faces": {
				"north": {"uv": [2.5, 7.5, 2.75, 7.8125], "texture": "#1"},
				"east": {"uv": [6, 5, 6.375, 5.3125], "texture": "#1"},
				"south": {"uv": [3, 7.5, 3.25, 7.8125], "texture": "#1"},
				"west": {"uv": [5.25, 6, 5.625, 6.3125], "texture": "#1"},
				"up": {"uv": [3.5, 7.125, 3.25, 6.75], "texture": "#1"},
				"down": {"uv": [7, 5, 6.75, 5.375], "texture": "#1"}
			}
		},
		{
			"from": [7.1503, 2.19939, 3.96869],
			"to": [8.8497, 5.26102, 6.09378],
			"rotation": {"angle": -45, "axis": "x", "origin": [8.17028, 4.1559, 4.9461]},
			"faces": {
				"north": {"uv": [3.25, 6, 3.5, 6.4375], "texture": "#1"},
				"east": {"uv": [6, 0, 6.3125, 0.4375], "texture": "#1"},
				"south": {"uv": [6, 5.75, 6.25, 6.1875], "texture": "#1"},
				"west": {"uv": [0.5, 6, 0.8125, 6.4375], "texture": "#1"},
				"up": {"uv": [7.75, 3.3125, 7.5, 3], "texture": "#1"},
				"down": {"uv": [7.75, 3.75, 7.5, 4.0625], "texture": "#1"}
			}
		},
		{
			"from": [7.1486, 2.07889, 5.63843],
			"to": [8.8514, 4.03711, 9.21431],
			"rotation": {"angle": 0, "axis": "y", "origin": [8.17028, 3.39856, 6.40469]},
			"faces": {
				"north": {"uv": [5.25, 7.5, 5.5, 7.8125], "texture": "#1"},
				"east": {"uv": [0, 5.25, 0.5, 5.5625], "texture": "#1"},
				"south": {"uv": [0, 7.75, 0.25, 8.0625], "texture": "#1"},
				"west": {"uv": [1.5, 5.25, 2, 5.5625], "texture": "#1"},
				"up": {"uv": [6.25, 2.75, 6, 2.25], "texture": "#1"},
				"down": {"uv": [3, 6, 2.75, 6.5], "texture": "#1"}
			}
		},
		{
			"from": [6.85061, 7.39638, 3.30084],
			"to": [9.14939, 8.16264, 5.17392],
			"rotation": {"angle": 0, "axis": "y", "origin": [6.76547, 0.92574, 6.79158]},
			"faces": {
				"north": {"uv": [5.5, 9, 5.8125, 9.125], "texture": "#1"},
				"east": {"uv": [1, 9.5, 1.25, 9.625], "texture": "#1"},
				"south": {"uv": [9, 5.5, 9.3125, 5.625], "texture": "#1"},
				"west": {"uv": [9.5, 1.5, 9.75, 1.625], "texture": "#1"},
				"up": {"uv": [7.8125, 4.75, 7.5, 4.5], "texture": "#1"},
				"down": {"uv": [8.0625, 0, 7.75, 0.25], "texture": "#1"}
			}
		},
		{
			"from": [9.14939, 7.72562, 3.08293],
			"to": [9.31967, 10.36496, 4.95601],
			"rotation": {"angle": -22.5, "axis": "x", "origin": [7.87229, 8.10875, 4.01947]},
			"faces": {
				"north": {"uv": [10.25, 3.25, 10.3125, 3.625], "texture": "#1"},
				"east": {"uv": [5.25, 6.75, 5.5, 7.125], "texture": "#1"},
				"south": {"uv": [3.5, 10.25, 3.5625, 10.625], "texture": "#1"},
				"west": {"uv": [6.75, 6.5, 7, 6.875], "texture": "#1"},
				"up": {"uv": [10.0625, 10.75, 10, 10.5], "texture": "#1"},
				"down": {"uv": [10.5625, 10.5, 10.5, 10.75], "texture": "#1"}
			}
		},
		{
			"from": [6.68033, 7.72562, 3.08293],
			"to": [6.85061, 10.36496, 4.95601],
			"rotation": {"angle": -22.5, "axis": "x", "origin": [8.12771, 8.10875, 4.01947]},
			"faces": {
				"north": {"uv": [4, 10.25, 4.0625, 10.625], "texture": "#1"},
				"east": {"uv": [0, 7, 0.25, 7.375], "texture": "#1"},
				"south": {"uv": [10.25, 4, 10.3125, 4.375], "texture": "#1"},
				"west": {"uv": [7, 3.5, 7.25, 3.875], "texture": "#1"},
				"up": {"uv": [10.8125, 0.25, 10.75, 0], "texture": "#1"},
				"down": {"uv": [0.5625, 10.75, 0.5, 11], "texture": "#1"}
			}
		},
		{
			"from": [7.23374, 10.41032, 4.84353],
			"to": [8.76626, 11.51714, 5.18409],
			"rotation": {"angle": -22.5, "axis": "x", "origin": [9.02168, 7.55813, 4.24755]},
			"faces": {
				"north": {"uv": [8.75, 5, 9, 5.1875], "texture": "#1"},
				"east": {"uv": [1, 11.25, 1.0625, 11.4375], "texture": "#1"},
				"south": {"uv": [6.75, 8.75, 7, 8.9375], "texture": "#1"},
				"west": {"uv": [11.25, 1, 11.3125, 1.1875], "texture": "#1"},
				"up": {"uv": [11, 0.5625, 10.75, 0.5], "texture": "#1"},
				"down": {"uv": [1.25, 10.75, 1, 10.8125], "texture": "#1"}
			}
		},
		{
			"from": [6.85061, 9.51858, 2.2521],
			"to": [9.14939, 10.1997, 4.12518],
			"rotation": {"angle": -22.5, "axis": "x", "origin": [7.82972, 10.11456, 3.18864]},
			"faces": {
				"north": {"uv": [9, 6, 9.3125, 6.125], "texture": "#1"},
				"east": {"uv": [2, 9.5, 2.25, 9.625], "texture": "#1"},
				"south": {"uv": [9, 6.5, 9.3125, 6.625], "texture": "#1"},
				"west": {"uv": [4.5, 9.5, 4.75, 9.625], "texture": "#1"},
				"up": {"uv": [0.8125, 8, 0.5, 7.75], "texture": "#1"},
				"down": {"uv": [1.5625, 7.75, 1.25, 8], "texture": "#1"}
			}
		},
		{
			"from": [7.23715, 9.95376, 1.70484],
			"to": [8.76626, 10.29091, 3.57452],
			"rotation": {"angle": 0, "axis": "y", "origin": [8.38483, 10.12233, 3.15052]},
			"faces": {
				"north": {"uv": [10.75, 1, 11, 1.0625], "texture": "#1"},
				"east": {"uv": [2.25, 10.75, 2.5, 10.8125], "texture": "#1"},
				"south": {"uv": [10.75, 2.5, 11, 2.5625], "texture": "#1"},
				"west": {"uv": [2.75, 10.75, 3, 10.8125], "texture": "#1"},
				"up": {"uv": [6, 8.25, 5.75, 8], "texture": "#1"},
				"down": {"uv": [6.5, 8, 6.25, 8.25], "texture": "#1"}
			}
		},
		{
			"from": [7.23544, 9.83652, -2.64561],
			"to": [8.76456, 10.51424, 1.48027],
			"rotation": {"angle": 0, "axis": "y", "origin": [8.17028, 10.4308, 3.22734]},
			"faces": {
				"north": {"uv": [5.5, 9.5, 5.75, 9.625], "texture": "#1"},
				"east": {"uv": [3.5, 7.75, 4.125, 7.875], "texture": "#1"},
				"south": {"uv": [6, 9.5, 6.25, 9.625], "texture": "#1"},
				"west": {"uv": [7.75, 5, 8.375, 5.125], "texture": "#1"},
				"up": {"uv": [4, 5.875, 3.75, 5.25], "texture": "#1"},
				"down": {"uv": [4.5, 5.25, 4.25, 5.875], "texture": "#1"}
			}
		},
		{
			"from": [7.23629, 9.591, 1.39533],
			"to": [8.76371, 10.26701, 2.28419],
			"rotation": {"angle": -22.5, "axis": "x", "origin": [8, 9.92901, 0.81808]},
			"faces": {
				"north": {"uv": [9.5, 7.5, 9.75, 7.625], "texture": "#1"},
				"east": {"uv": [10.75, 3, 10.875, 3.125], "texture": "#1"},
				"south": {"uv": [8.75, 9.5, 9, 9.625], "texture": "#1"},
				"west": {"uv": [10.75, 3.5, 10.875, 3.625], "texture": "#1"},
				"up": {"uv": [9.5, 9.625, 9.25, 9.5], "texture": "#1"},
				"down": {"uv": [1.75, 9.75, 1.5, 9.875], "texture": "#1"}
			}
		},
		{
			"from": [7.23544, 10.51424, -2.64561],
			"to": [8.76456, 11.36223, 2.16139],
			"rotation": {"angle": 0, "axis": "y", "origin": [8.17028, 10.25711, 3.22734]},
			"faces": {
				"north": {"uv": [2.5, 9.75, 2.75, 9.875], "texture": "#1"},
				"east": {"uv": [7.25, 1.5, 7.9375, 1.625], "texture": "#1"},
				"south": {"uv": [3, 9.75, 3.25, 9.875], "texture": "#1"},
				"west": {"uv": [7.25, 2, 7.9375, 2.125], "texture": "#1"},
				"up": {"uv": [2, 4.9375, 1.75, 4.25], "texture": "#1"},
				"down": {"uv": [4, 4.25, 3.75, 4.9375], "texture": "#1"}
			}
		},
		{
			"from": [7.10773, 10.38653, 0.93027],
			"to": [8.89227, 11.23452, 1.82083],
			"rotation": {"angle": 0, "axis": "y", "origin": [8.17028, 10.25711, 3.22734]},
			"faces": {
				"north": {"uv": [9.75, 3, 10, 3.125], "texture": "#1"},
				"east": {"uv": [10.75, 4, 10.875, 4.125], "texture": "#1"},
				"south": {"uv": [3.5, 9.75, 3.75, 9.875], "texture": "#1"},
				"west": {"uv": [4.5, 10.75, 4.625, 10.875], "texture": "#1"},
				"up": {"uv": [10, 3.625, 9.75, 3.5], "texture": "#1"},
				"down": {"uv": [4.25, 9.75, 4, 9.875], "texture": "#1"}
			}
		},
		{
			"from": [7.10773, 10.4291, 0.41943],
			"to": [8.89227, 11.19195, 0.67144],
			"rotation": {"angle": 0, "axis": "y", "origin": [8.17028, 10.25711, 3.22734]},
			"faces": {
				"north": {"uv": [9.75, 4, 10, 4.125], "texture": "#1"},
				"east": {"uv": [4.75, 11.5, 4.8125, 11.625], "texture": "#1"},
				"south": {"uv": [9.75, 4.5, 10, 4.625], "texture": "#1"},
				"west": {"uv": [11.5, 5, 11.5625, 5.125], "texture": "#1"},
				"up": {"uv": [5.75, 10.8125, 5.5, 10.75], "texture": "#1"},
				"down": {"uv": [11, 5.75, 10.75, 5.8125], "texture": "#1"}
			}
		},
		{
			"from": [7.10773, 10.4291, -0.09141],
			"to": [8.89227, 11.19195, 0.1606],
			"rotation": {"angle": 0, "axis": "y", "origin": [8.17028, 10.25711, 3.22734]},
			"faces": {
				"north": {"uv": [5, 9.75, 5.25, 9.875], "texture": "#1"},
				"east": {"uv": [6.5, 11.5, 6.5625, 11.625], "texture": "#1"},
				"south": {"uv": [9.75, 5, 10, 5.125], "texture": "#1"},
				"west": {"uv": [11.5, 7, 11.5625, 7.125], "texture": "#1"},
				"up": {"uv": [6.25, 10.8125, 6, 10.75], "texture": "#1"},
				"down": {"uv": [11, 6.25, 10.75, 6.3125], "texture": "#1"}
			}
		},
		{
			"from": [7.10773, 10.4291, -0.60225],
			"to": [8.89227, 11.19195, -0.35024],
			"rotation": {"angle": 0, "axis": "y", "origin": [8.17028, 10.25711, 3.22734]},
			"faces": {
				"north": {"uv": [9.75, 5.5, 10, 5.625], "texture": "#1"},
				"east": {"uv": [11.5, 7.5, 11.5625, 7.625], "texture": "#1"},
				"south": {"uv": [9.75, 6, 10, 6.125], "texture": "#1"},
				"west": {"uv": [11.5, 8, 11.5625, 8.125], "texture": "#1"},
				"up": {"uv": [11, 6.8125, 10.75, 6.75], "texture": "#1"},
				"down": {"uv": [7.25, 10.75, 7, 10.8125], "texture": "#1"}
			}
		},
		{
			"from": [7.10773, 10.4291, -1.11309],
			"to": [8.89227, 11.19195, -0.86108],
			"rotation": {"angle": 0, "axis": "y", "origin": [8.17028, 10.25711, 3.22734]},
			"faces": {
				"north": {"uv": [6.5, 9.75, 6.75, 9.875], "texture": "#1"},
				"east": {"uv": [11.5, 8.5, 11.5625, 8.625], "texture": "#1"},
				"south": {"uv": [9.75, 6.5, 10, 6.625], "texture": "#1"},
				"west": {"uv": [9, 11.5, 9.0625, 11.625], "texture": "#1"},
				"up": {"uv": [7.75, 10.8125, 7.5, 10.75], "texture": "#1"},
				"down": {"uv": [8.25, 10.75, 8, 10.8125], "texture": "#1"}
			}
		},
		{
			"from": [7.19287, 10.38653, -1.40768],
			"to": [8.80713, 11.23452, 0.93027],
			"rotation": {"angle": 0, "axis": "y", "origin": [8.17028, 10.25711, 3.52874]},
			"faces": {
				"north": {"uv": [7, 9.75, 7.25, 9.875], "texture": "#1"},
				"east": {"uv": [7.25, 8.75, 7.625, 8.875], "texture": "#1"},
				"south": {"uv": [9.75, 7, 10, 7.125], "texture": "#1"},
				"west": {"uv": [8.75, 7.5, 9.125, 7.625], "texture": "#1"},
				"up": {"uv": [4, 7.375, 3.75, 7], "texture": "#1"},
				"down": {"uv": [7.25, 4.25, 7, 4.625], "texture": "#1"}
			}
		},
		{
			"from": [7.10773, 10.38653, -2.30505],
			"to": [8.89227, 11.23452, -1.41449],
			"rotation": {"angle": 0, "axis": "y", "origin": [8.17028, 10.25711, 3.22734]},
			"faces": {
				"north": {"uv": [7.5, 9.75, 7.75, 9.875], "texture": "#1"},
				"east": {"uv": [8.5, 10.75, 8.625, 10.875], "texture": "#1"},
				"south": {"uv": [8, 9.75, 8.25, 9.875], "texture": "#1"},
				"west": {"uv": [10.75, 10, 10.875, 10.125], "texture": "#1"},
				"up": {"uv": [10, 8.125, 9.75, 8], "texture": "#1"},
				"down": {"uv": [10, 8.5, 9.75, 8.625], "texture": "#1"}
			}
		},
		{
			"from": [7.23544, 11.36564, 2.16139],
			"to": [8.76456, 11.70279, 3.60537],
			"rotation": {"angle": 0, "axis": "y", "origin": [8.17028, 11.53421, 2.88338]},
			"faces": {
				"north": {"uv": [0, 11, 0.25, 11.0625], "texture": "#1"},
				"east": {"uv": [2, 11.25, 2.1875, 11.3125], "texture": "#1"},
				"south": {"uv": [1.5, 11, 1.75, 11.0625], "texture": "#1"},
				"west": {"uv": [2.5, 11.25, 2.6875, 11.3125], "texture": "#1"},
				"up": {"uv": [8.25, 8.9375, 8, 8.75], "texture": "#1"},
				"down": {"uv": [8.75, 8.75, 8.5, 8.9375], "texture": "#1"}
			}
		},
		{
			"from": [7.23629, 11.10303, 0.83774],
			"to": [8.76371, 11.43848, 2.28001],
			"rotation": {"angle": -22.5, "axis": "x", "origin": [8, 11.27075, 1.55888]},
			"faces": {
				"north": {"uv": [11, 1.5, 11.25, 1.5625], "texture": "#1"},
				"east": {"uv": [11.25, 2.5, 11.4375, 2.5625], "texture": "#1"},
				"south": {"uv": [11, 2, 11.25, 2.0625], "texture": "#1"},
				"west": {"uv": [11.25, 3, 11.4375, 3.0625], "texture": "#1"},
				"up": {"uv": [0.25, 9.1875, 0, 9], "texture": "#1"},
				"down": {"uv": [0.75, 9, 0.5, 9.1875], "texture": "#1"}
			}
		},
		{
			"from": [7.36315, 11.36223, -1.96449],
			"to": [7.53003, 12.72106, 1.35256],
			"rotation": {"angle": 0, "axis": "y", "origin": [8, 11.53081, -1.92363]},
			"faces": {
				"north": {"uv": [11.25, 3.5, 11.3125, 3.6875], "texture": "#1"},
				"east": {"uv": [0.5, 7.25, 1, 7.4375], "texture": "#1"},
				"south": {"uv": [11.25, 4, 11.3125, 4.1875], "texture": "#1"},
				"west": {"uv": [7.25, 0.5, 7.75, 0.6875], "texture": "#1"},
				"up": {"uv": [9.8125, 9.5, 9.75, 9], "texture": "#1"},
				"down": {"uv": [9.8125, 9.75, 9.75, 10.25], "texture": "#1"}
			}
		},
		{
			"from": [7.53343, 12.55419, -1.96448],
			"to": [8.46657, 12.72106, 1.35257],
			"rotation": {"angle": 0, "axis": "y", "origin": [8.04257, 12.63763, -0.47624]},
			"faces": {
				"north": {"uv": [11.5, 9, 11.625, 9.0625], "texture": "#1"},
				"east": {"uv": [0, 10, 0.5, 10.0625], "texture": "#1"},
				"south": {"uv": [9.5, 11.5, 9.625, 11.5625], "texture": "#1"},
				"west": {"uv": [10, 0.5, 10.5, 0.5625], "texture": "#1"},
				"up": {"uv": [6.875, 8.5, 6.75, 8], "texture": "#1"},
				"down": {"uv": [7.375, 8, 7.25, 8.5], "texture": "#1"}
			}
		},
		{
			"from": [7.53343, 11.19195, 0.24916],
			"to": [8.46657, 12.72106, 0.24575],
			"rotation": {"angle": 0, "axis": "y", "origin": [8.04257, 12.63763, -0.47624]},
			"faces": {
				"north": {"uv": [0, 0, 2.25, 3.5], "texture": "#2"},
				"east": {"uv": [8, 0, 8, 3.5], "texture": "#2"},
				"south": {"uv": [0, 8, 2.25, 11.5], "texture": "#2"},
				"west": {"uv": [8, 8, 8, 11.5], "texture": "#2"},
				"up": {"uv": [14.25, 0, 12, 0], "texture": "#2"},
				"down": {"uv": [14.25, 4, 12, 4], "texture": "#2"}
			}
		},
		{
			"from": [8.46997, 11.36223, -1.96449],
			"to": [8.63685, 12.72106, 1.35256],
			"rotation": {"angle": 0, "axis": "y", "origin": [8, 11.53081, -1.92363]},
			"faces": {
				"north": {"uv": [4.25, 11.25, 4.3125, 11.4375], "texture": "#1"},
				"east": {"uv": [7.25, 1, 7.75, 1.1875], "texture": "#1"},
				"south": {"uv": [5.5, 11.25, 5.5625, 11.4375], "texture": "#1"},
				"west": {"uv": [1.25, 7.25, 1.75, 7.4375], "texture": "#1"},
				"up": {"uv": [0.8125, 10.5, 0.75, 10], "texture": "#1"},
				"down": {"uv": [10.0625, 1.5, 10, 2], "texture": "#1"}
			}
		},
		{
			"from": [8.47032, 10.2684, 0.33684],
			"to": [8.6365, 11.62656, 1.78014],
			"rotation": {"angle": 45, "axis": "x", "origin": [8, 10.94748, 2.1653]},
			"faces": {
				"north": {"uv": [11.25, 5.5, 11.3125, 5.6875], "texture": "#1"},
				"east": {"uv": [1.5, 9.25, 1.6875, 9.4375], "texture": "#1"},
				"south": {"uv": [6, 11.25, 6.0625, 11.4375], "texture": "#1"},
				"west": {"uv": [2.5, 9.25, 2.6875, 9.4375], "texture": "#1"},
				"up": {"uv": [11.3125, 6.1875, 11.25, 6], "texture": "#1"},
				"down": {"uv": [11.3125, 6.5, 11.25, 6.6875], "texture": "#1"}
			}
		},
		{
			"from": [7.3635, 10.2684, 0.33684],
			"to": [7.52968, 11.62656, 1.78014],
			"rotation": {"angle": 45, "axis": "x", "origin": [8, 10.94748, 2.1653]},
			"faces": {
				"north": {"uv": [7, 11.25, 7.0625, 11.4375], "texture": "#1"},
				"east": {"uv": [3, 9.25, 3.1875, 9.4375], "texture": "#1"},
				"south": {"uv": [7.5, 11.25, 7.5625, 11.4375], "texture": "#1"},
				"west": {"uv": [3.5, 9.25, 3.6875, 9.4375], "texture": "#1"},
				"up": {"uv": [8.0625, 11.4375, 8, 11.25], "texture": "#1"},
				"down": {"uv": [8.5625, 11.25, 8.5, 11.4375], "texture": "#1"}
			}
		},
		{
			"from": [7.3635, 10.57857, -2.94097],
			"to": [7.52968, 12.02186, -1.58282],
			"rotation": {"angle": -22.5, "axis": "x", "origin": [8, 11.30022, -2.26189]},
			"faces": {
				"north": {"uv": [11.25, 9.75, 11.3125, 9.9375], "texture": "#1"},
				"east": {"uv": [9.25, 3.5, 9.4375, 3.6875], "texture": "#1"},
				"south": {"uv": [0, 11.5, 0.0625, 11.6875], "texture": "#1"},
				"west": {"uv": [4, 9.25, 4.1875, 9.4375], "texture": "#1"},
				"up": {"uv": [1.5625, 11.6875, 1.5, 11.5], "texture": "#1"},
				"down": {"uv": [11.5625, 1.5, 11.5, 1.6875], "texture": "#1"}
			}
		},
		{
			"from": [8.47032, 10.57857, -2.94097],
			"to": [8.6365, 12.02186, -1.58282],
			"rotation": {"angle": -22.5, "axis": "x", "origin": [8, 11.30022, -2.26189]},
			"faces": {
				"north": {"uv": [11.5, 2, 11.5625, 2.1875], "texture": "#1"},
				"east": {"uv": [9.25, 4, 9.4375, 4.1875], "texture": "#1"},
				"south": {"uv": [3, 11.5, 3.0625, 11.6875], "texture": "#1"},
				"west": {"uv": [5, 9.25, 5.1875, 9.4375], "texture": "#1"},
				"up": {"uv": [3.5625, 11.6875, 3.5, 11.5], "texture": "#1"},
				"down": {"uv": [11.5625, 4.5, 11.5, 4.6875], "texture": "#1"}
			}
		},
		{
			"from": [7.19117, 6.71526, -1.467],
			"to": [8.80883, 7.48152, 3.30084],
			"rotation": {"angle": 0, "axis": "y", "origin": [6.21206, 7.35381, -0.44532]},
			"faces": {
				"north": {"uv": [2, 10, 2.25, 10.125], "texture": "#1"},
				"east": {"uv": [7.25, 2.5, 7.9375, 2.625], "texture": "#1"},
				"south": {"uv": [10, 2.25, 10.25, 2.375], "texture": "#1"},
				"west": {"uv": [4.25, 7.25, 4.9375, 7.375], "texture": "#1"},
				"up": {"uv": [4.5, 4.9375, 4.25, 4.25], "texture": "#1"},
				"down": {"uv": [2.5, 4.5, 2.25, 5.1875], "texture": "#1"}
			}
		},
		{
			"from": [6.85061, 6.67269, -3.21237],
			"to": [9.14939, 7.52409, -1.29672],
			"rotation": {"angle": 0, "axis": "y", "origin": [6.21206, 7.35381, 0.2358]},
			"faces": {
				"north": {"uv": [9, 7, 9.3125, 7.125], "texture": "#1"},
				"east": {"uv": [9, 8, 9.3125, 8.125], "texture": "#1"},
				"south": {"uv": [9, 8.5, 9.3125, 8.625], "texture": "#1"},
				"west": {"uv": [9, 9, 9.3125, 9.125], "texture": "#1"},
				"up": {"uv": [6.8125, 6.0625, 6.5, 5.75], "texture": "#1"},
				"down": {"uv": [6.3125, 6.5, 6, 6.8125], "texture": "#1"}
			}
		},
		{
			"from": [7.06346, 10.84455, -5.00031],
			"to": [8.93654, 12.12165, -3.72321],
			"rotation": {"angle": 45, "axis": "x", "origin": [5.10524, 9.90801, -4.57461]},
			"faces": {
				"north": {"uv": [9, 0.5, 9.25, 0.6875], "texture": "#1"},
				"east": {"uv": [9.25, 5, 9.4375, 5.1875], "texture": "#1"},
				"south": {"uv": [1, 9, 1.25, 9.1875], "texture": "#1"},
				"west": {"uv": [6.75, 9.25, 6.9375, 9.4375], "texture": "#1"},
				"up": {"uv": [9.25, 1.6875, 9, 1.5], "texture": "#1"},
				"down": {"uv": [2.25, 9, 2, 9.1875], "texture": "#1"}
			}
		},
		{
			"from": [7.68073, 7.03454, -6.91596],
			"to": [8.31927, 7.67309, -3.1698],
			"rotation": {"angle": -45, "axis": "z", "origin": [8, 7.35381, -7.93764]},
			"faces": {
				"north": {"uv": [3.25, 11, 3.375, 11.125], "texture": "#1"},
				"east": {"uv": [7.75, 7.75, 8.3125, 7.875], "texture": "#1"},
				"south": {"uv": [3.75, 11, 3.875, 11.125], "texture": "#1"},
				"west": {"uv": [8, 0.5, 8.5625, 0.625], "texture": "#1"},
				"up": {"uv": [2.125, 8.5625, 2, 8], "texture": "#1"},
				"down": {"uv": [8.125, 3, 8, 3.5625], "texture": "#1"}
			}
		},
		{
			"from": [7.65063, 7.03454, -4.8726],
			"to": [8.33175, 7.71566, -4.19148],
			"rotation": {"angle": -45, "axis": "z", "origin": [7.9699, 7.35381, -7.93764]},
			"faces": {
				"north": {"uv": [11, 4.5, 11.125, 4.625], "texture": "#1"},
				"east": {"uv": [5, 11, 5.125, 11.125], "texture": "#1"},
				"south": {"uv": [11, 5, 11.125, 5.125], "texture": "#1"},
				"west": {"uv": [6.5, 11, 6.625, 11.125], "texture": "#1"},
				"up": {"uv": [11.125, 7.375, 11, 7.25], "texture": "#1"},
				"down": {"uv": [11.125, 7.75, 11, 7.875], "texture": "#1"}
			}
		},
		{
			"from": [7.65063, 7.03454, -5.21316],
			"to": [8.33175, 7.71566, -5.04288],
			"rotation": {"angle": -45, "axis": "z", "origin": [7.9699, 7.35381, -7.93764]},
			"faces": {
				"north": {"uv": [11, 8.25, 11.125, 8.375], "texture": "#1"},
				"east": {"uv": [10, 11.5, 10.0625, 11.625], "texture": "#1"},
				"south": {"uv": [11, 8.75, 11.125, 8.875], "texture": "#1"},
				"west": {"uv": [11.5, 10.25, 11.5625, 10.375], "texture": "#1"},
				"up": {"uv": [10.625, 11.5625, 10.5, 11.5], "texture": "#1"},
				"down": {"uv": [11.625, 10.75, 11.5, 10.8125], "texture": "#1"}
			}
		},
		{
			"from": [7.65063, 7.03454, -5.89428],
			"to": [8.33175, 7.71566, -5.38344],
			"rotation": {"angle": -45, "axis": "z", "origin": [7.9699, 7.35381, -7.93764]},
			"faces": {
				"north": {"uv": [9, 11, 9.125, 11.125], "texture": "#1"},
				"east": {"uv": [11, 11.5, 11.0625, 11.625], "texture": "#1"},
				"south": {"uv": [11, 9.25, 11.125, 9.375], "texture": "#1"},
				"west": {"uv": [11.5, 11.25, 11.5625, 11.375], "texture": "#1"},
				"up": {"uv": [11.875, 0.0625, 11.75, 0], "texture": "#1"},
				"down": {"uv": [0.625, 11.75, 0.5, 11.8125], "texture": "#1"}
			}
		},
		{
			"from": [7.65063, 7.03454, -6.87339],
			"to": [8.33175, 7.71566, -6.23484],
			"rotation": {"angle": -45, "axis": "z", "origin": [7.9699, 7.35381, -7.93764]},
			"faces": {
				"north": {"uv": [9.5, 11, 9.625, 11.125], "texture": "#1"},
				"east": {"uv": [10, 11, 10.125, 11.125], "texture": "#1"},
				"south": {"uv": [10.5, 11, 10.625, 11.125], "texture": "#1"},
				"west": {"uv": [11, 10.5, 11.125, 10.625], "texture": "#1"},
				"up": {"uv": [11.125, 11.125, 11, 11], "texture": "#1"},
				"down": {"uv": [11.375, 0, 11.25, 0.125], "texture": "#1"}
			}
		},
		{
			"from": [6.82933, 6.45984, 19.98828],
			"to": [9.17067, 9.32287, 20.11599],
			"rotation": {"angle": 0, "axis": "y", "origin": [6.82933, 1.86228, 5.08878]},
			"faces": {
				"north": {"uv": [1, 4.25, 1.375, 4.75], "texture": "#1"},
				"east": {"uv": [4.5, 10, 4.5625, 10.5], "texture": "#1"},
				"south": {"uv": [3, 4.25, 3.375, 4.75], "texture": "#1"},
				"west": {"uv": [5.5, 10, 5.5625, 10.5], "texture": "#1"},
				"up": {"uv": [10.625, 4.8125, 10.25, 4.75], "texture": "#1"},
				"down": {"uv": [10.625, 5.25, 10.25, 5.3125], "texture": "#1"}
			}
		},
		{
			"from": [7.04218, 3.09681, 19.98828],
			"to": [8.95783, 6.45984, 20.11599],
			"rotation": {"angle": 0, "axis": "y", "origin": [6.78676, 5.26788, 5.08878]},
			"faces": {
				"north": {"uv": [5.25, 4.5, 5.5625, 5], "texture": "#1"},
				"east": {"uv": [6, 10, 6.0625, 10.5], "texture": "#1"},
				"south": {"uv": [5.25, 5.25, 5.5625, 5.75], "texture": "#1"},
				"west": {"uv": [8.5, 10, 8.5625, 10.5], "texture": "#1"},
				"up": {"uv": [10.5625, 9.0625, 10.25, 9], "texture": "#1"},
				"down": {"uv": [10.5625, 9.5, 10.25, 9.5625], "texture": "#1"}
			}
		},
		{
			"name": "left_arm_2nd_layer",
			"from": [4.02524, 1.46942, -4.57128],
			"to": [7.32524, 5.66942, 11.42872],
			"rotation": {"angle": 0, "axis": "z", "origin": [5.66054, 3.33192, 5.25089]},
			"faces": {
				"north": {"uv": [14.5, 12, 13.75, 13], "rotation": 180, "texture": "#4"},
				"east": {"uv": [12, 13, 13, 16], "rotation": 270, "texture": "#4"},
				"south": {"uv": [13.75, 13, 13, 12], "texture": "#4"},
				"west": {"uv": [13.75, 13, 14.75, 16], "rotation": 90, "texture": "#4"},
				"up": {"uv": [13, 13, 13.75, 16], "rotation": 180, "texture": "#4"},
				"down": {"uv": [14.75, 13, 15.5, 16], "texture": "#4"}
			}
		},
		{
			"name": "left_arm",
			"from": [4.17524, 1.51942, -4.07128],
			"to": [7.17524, 5.51942, 10.92872],
			"rotation": {"angle": 0, "axis": "z", "origin": [5.66054, 3.33192, 5.25089]},
			"faces": {
				"north": {"uv": [10.5, 12, 9.75, 13], "rotation": 180, "texture": "#4"},
				"east": {"uv": [8, 13, 9, 16], "rotation": 270, "texture": "#4"},
				"south": {"uv": [9.75, 13, 9, 12], "texture": "#4"},
				"west": {"uv": [9.75, 13, 10.75, 16], "rotation": 90, "texture": "#4"},
				"up": {"uv": [9, 13, 9.75, 16], "rotation": 180, "texture": "#4"},
				"down": {"uv": [10.75, 13, 11.5, 16], "texture": "#4"}
			}
		},
		{
			"name": "left_arm",
			"from": [3.67085, 1.71942, -4.07694],
			"to": [7.67085, 5.71942, 11.02306],
			"rotation": {"angle": 0, "axis": "z", "origin": [5.66054, 3.33192, 5.25089]},
			"faces": {
				"north": {"uv": [11, 12, 10, 13], "rotation": 180, "texture": "#5"},
				"east": {"uv": [8, 13, 9, 16], "rotation": 270, "texture": "#5"},
				"south": {"uv": [10, 13, 9, 12], "texture": "#5"},
				"west": {"uv": [10, 13, 11, 16], "rotation": 90, "texture": "#5"},
				"up": {"uv": [9, 13, 10, 16], "rotation": 180, "texture": "#5"},
				"down": {"uv": [11, 13, 12, 16], "texture": "#5"}
			}
		},
		{
			"name": "left_arm_2nd_layer",
			"from": [3.47085, 1.61942, -4.57694],
			"to": [7.77085, 5.81942, 11.52306],
			"rotation": {"angle": 0, "axis": "z", "origin": [5.66054, 3.33192, 5.25089]},
			"faces": {
				"north": {"uv": [15, 12, 14, 13], "rotation": 180, "texture": "#5"},
				"east": {"uv": [12, 13, 13, 16], "rotation": 270, "texture": "#5"},
				"south": {"uv": [14, 13, 13, 12], "texture": "#5"},
				"west": {"uv": [14, 13, 15, 16], "rotation": 90, "texture": "#5"},
				"up": {"uv": [13, 13, 14, 16], "rotation": 180, "texture": "#5"},
				"down": {"uv": [15, 13, 16, 16], "texture": "#5"}
			}
		},
		{
			"name": "right_arm_2nd_layer",
			"from": [7.77352, 2.4449, 2.38648],
			"to": [11.07352, 6.7449, 18.38648],
			"rotation": {"angle": 45, "axis": "z", "origin": [8.74602, 4.0949, 10.14898]},
			"faces": {
				"north": {"uv": [12.5, 8, 11.75, 9], "rotation": 180, "texture": "#4"},
				"east": {"uv": [10, 9, 11, 12], "rotation": 270, "texture": "#4"},
				"south": {"uv": [11.75, 9, 11, 8], "texture": "#4"},
				"west": {"uv": [11.75, 9, 12.75, 12], "rotation": 90, "texture": "#4"},
				"up": {"uv": [11, 9, 11.75, 12], "rotation": 180, "texture": "#4"},
				"down": {"uv": [12.75, 9, 13.5, 12], "texture": "#4"}
			}
		},
		{
			"name": "right_arm",
			"from": [7.92352, 2.5949, 2.88648],
			"to": [10.92352, 6.5949, 17.88648],
			"rotation": {"angle": 45, "axis": "z", "origin": [8.74602, 4.0949, 10.14898]},
			"faces": {
				"north": {"uv": [12.5, 4, 11.75, 5], "rotation": 180, "texture": "#4"},
				"east": {"uv": [10, 5, 11, 8], "rotation": 270, "texture": "#4"},
				"south": {"uv": [11.75, 5, 11, 4], "texture": "#4"},
				"west": {"uv": [11.75, 5, 12.75, 8], "rotation": 90, "texture": "#4"},
				"up": {"uv": [11, 5, 11.75, 8], "rotation": 180, "texture": "#4"},
				"down": {"uv": [12.75, 5, 13.5, 8], "texture": "#4"}
			}
		},
		{
			"name": "right_arm",
			"from": [6.92352, 2.5949, 2.88648],
			"to": [10.92352, 6.5949, 18.13648],
			"rotation": {"angle": 45, "axis": "z", "origin": [8.74602, 4.0949, 10.14898]},
			"faces": {
				"north": {"uv": [13, 4, 12, 5], "rotation": 180, "texture": "#5"},
				"east": {"uv": [10, 5, 11, 8], "rotation": 270, "texture": "#5"},
				"south": {"uv": [12, 5, 11, 4], "texture": "#5"},
				"west": {"uv": [12, 5, 13, 8], "rotation": 90, "texture": "#5"},
				"up": {"uv": [11, 5, 12, 8], "rotation": 180, "texture": "#5"},
				"down": {"uv": [13, 5, 14, 8], "texture": "#5"}
			}
		},
		{
			"name": "right_arm_2nd_layer",
			"from": [6.72352, 2.4949, 2.38648],
			"to": [11.01352, 6.6949, 18.63648],
			"rotation": {"angle": 45, "axis": "z", "origin": [8.74602, 4.0949, 10.14898]},
			"faces": {
				"north": {"uv": [13, 8, 12, 9], "rotation": 180, "texture": "#5"},
				"east": {"uv": [10, 9, 11, 12], "rotation": 270, "texture": "#5"},
				"south": {"uv": [12, 9, 11, 8], "texture": "#5"},
				"west": {"uv": [12, 9, 13, 12], "rotation": 90, "texture": "#5"},
				"up": {"uv": [11, 9, 12, 12], "rotation": 180, "texture": "#5"},
				"down": {"uv": [13, 9, 14, 12], "texture": "#5"}
			}
		},
		{
			"from": [7.23374, 8.0775, -2.68396],
			"to": [8.76626, 9.18432, 11.02358],
			"rotation": {"angle": 0, "axis": "x", "origin": [5.65397, 8.17952, 7.7989]},
			"faces": {
				"north": {"uv": [4, 8.75, 4.25, 8.9375], "texture": "#1"},
				"east": {"uv": [2.75, 0, 4.75, 0.1875], "texture": "#1"},
				"south": {"uv": [5, 8.75, 5.25, 8.9375], "texture": "#1"},
				"west": {"uv": [3.25, 0.5, 5.25, 0.6875], "texture": "#1"},
				"up": {"uv": [1.75, 2.75, 1.5, 0.75], "texture": "#1"},
				"down": {"uv": [2.25, 0.75, 2, 2.75], "texture": "#1"}
			}
		},
		{
			"from": [6.99961, 7.73694, 10.0019],
			"to": [9.00039, 8.0775, 12.00269],
			"rotation": {"angle": 0, "axis": "x", "origin": [5.65397, 8.17952, 7.7989]},
			"faces": {
				"north": {"uv": [7, 10.25, 7.3125, 10.3125], "texture": "#1"},
				"east": {"uv": [7.75, 10.25, 8.0625, 10.3125], "texture": "#1"},
				"south": {"uv": [10.25, 8, 10.5625, 8.0625], "texture": "#1"},
				"west": {"uv": [10.25, 8.5, 10.5625, 8.5625], "texture": "#1"},
				"up": {"uv": [6.8125, 2.5625, 6.5, 2.25], "texture": "#1"},
				"down": {"uv": [4.8125, 6.5, 4.5, 6.8125], "texture": "#1"}
			}
		},
		{
			"from": [6.99961, 8.0775, 10.8533],
			"to": [9.00039, 9.18432, 12.00269],
			"rotation": {"angle": 0, "axis": "x", "origin": [5.65397, 8.17952, 7.7989]},
			"faces": {
				"north": {"uv": [3.25, 8.25, 3.5625, 8.4375], "texture": "#1"},
				"east": {"uv": [4.5, 9, 4.6875, 9.1875], "texture": "#1"},
				"south": {"uv": [8.25, 4.5, 8.5625, 4.6875], "texture": "#1"},
				"west": {"uv": [6.25, 9, 6.4375, 9.1875], "texture": "#1"},
				"up": {"uv": [5.3125, 8.4375, 5, 8.25], "texture": "#1"},
				"down": {"uv": [8.5625, 5.5, 8.25, 5.6875], "texture": "#1"}
			}
		}
	],
	"display": {
		"thirdperson_righthand": {
			"translation": [-0.5, 2.25, -1.5],
			"scale": [0, 0, 0]
		},
		"thirdperson_lefthand": {
			"scale": [0, 0, 0]
		},
		"firstperson_righthand": {
			"rotation": [5, 2, 7.5],
			"translation": [-7.35, 16.35, 7.63],
			"scale": [0.41, 0.41, 0.41]
		},
		"firstperson_lefthand": {
			"rotation": [-3, -0.5, 1],
			"translation": [-3, 16, -8.5]
		},
		"ground": {
			"translation": [8.5, -18.5, -4]
		},
		"gui": {
			"rotation": [0, -95.5, 0],
			"translation": [4.5, 2.5, 0],
			"scale": [0, 0, 0]
		},
		"head": {
			"translation": [0, -29, 0],
			"scale": [1.6, 1.6, 1.6]
		},
		"fixed": {
			"rotation": [0, -90, 0],
			"translation": [4.75, 4, -1.25],
			"scale": [0, 0, 0]
		}
	},
	"groups": [
		{
			"name": "P90",
			"origin": [8, 8, 8],
			"color": 0,
			"children": [
				{
					"name": "Receiver",
					"origin": [8, 8, 8],
					"color": 0,
					"children": [0, 1, 2, 3, 4, 5, 6, 7]
				},
				{
					"name": "Grip",
					"origin": [7.825, 8, 8],
					"color": 0,
					"children": [8, 9, 10, 11, 12, 13, 14, 15, 16, 17, 18, 19, 20, 21, 22, 23]
				},
				{
					"name": "Mount",
					"origin": [8, 8, 8],
					"color": 0,
					"children": [
						24,
						25,
						26,
						27,
						28,
						29,
						30,
						31,
						32,
						{
							"name": "Rails",
							"origin": [8.1, 4.93001, 5.90684],
							"color": 0,
							"children": [33, 34, 35, 36, 37, 38, 39]
						},
						40,
						41,
						{
							"name": "Sights",
							"origin": [8, 8, 8],
							"color": 0,
							"children": [42, 43, 44, 45, 46, 47, 48, 49]
						}
					]
				},
				{
					"name": "Charging Handle",
					"origin": [8, 8, 8],
					"color": 0,
					"children": [50, 51]
				},
				{
					"name": "Barrel",
					"origin": [8, 8, 8],
					"color": 0,
					"children": [52, 53, 54, 55, 56, 57]
				},
				{
					"name": "Stock",
					"origin": [8, 8, 8],
					"color": 0,
					"children": [58, 59]
				}
			]
		},
		{
			"name": "Player",
			"origin": [8, 8, 8],
			"color": 0,
			"children": [
				{
					"name": "left_main",
					"origin": [8, 8, 8],
					"color": 0,
					"children": [
						{
							"name": "alex",
							"origin": [5.3, 1.4, 17.3],
							"color": 0,
							"children": [60, 61]
						},
						{
							"name": "steve",
							"origin": [8, 8, 8],
							"color": 0,
							"children": [62, 63]
						}
					]
				},
				{
					"name": "right_main",
					"origin": [13.5, 2.5, 21],
					"color": 0,
					"children": [
						{
							"name": "alex",
							"origin": [8.5, 2.5, 16.75],
							"color": 0,
							"children": [64, 65]
						},
						{
							"name": "steve",
							"origin": [0, 0, 0],
							"color": 0,
							"children": [66, 67]
						}
					]
				},
				{
					"name": "Magazine",
					"origin": [7.9, 8, 8],
					"color": 0,
					"children": [68, 69, 70]
				}
			]
		}
	]
}