{"textures":{"0":"mcc:island_cosmetics/head/head_faction_features","particle":"mcc:island_cosmetics/head/head_faction_features"},"credit":"Made with Blockbench","texture_size":[128.0,128.0],"elements":[{"from":[3.3,6.8,3.3],"to":[12.7,9.2,12.7],"rotation":{"angle":0.0,"axis":"x","origin":[8.18333,7.5,8.0]},"faces":{"north":{"uv":[3.25,10.75,4.375,11.0],"texture":"#0","tintindex":0.0},"east":{"uv":[3.25,10.375,4.375,10.625],"texture":"#0","tintindex":0.0},"south":{"uv":[3.25,10.375,4.375,10.625],"texture":"#0","tintindex":0.0},"west":{"uv":[3.25,10.375,4.375,10.625],"texture":"#0","tintindex":0.0},"up":{"uv":[2.625,11.125,2.75,11.25],"texture":"#0","tintindex":0.0},"down":{"uv":[2.625,11.125,2.75,11.25],"texture":"#0","tintindex":0.0}}},{"from":[3.3,6.8,3.3],"to":[12.7,9.2,3.3],"rotation":{"angle":0.0,"axis":"y","origin":[8.0,7.5,8.18333]},"faces":{"north":{"uv":[3.25,11.125,4.375,11.375],"texture":"#0"},"east":{"uv":[3.25,10.375,4.375,10.75],"texture":"#0"},"south":{"uv":[4.375,11.125,3.25,11.375],"texture":"#0"},"west":{"uv":[3.25,10.375,4.375,10.75],"texture":"#0"},"up":{"uv":[0.5,13.0,0.625,13.125],"rotation":90.0,"texture":"#0"},"down":{"uv":[0.5,13.0,0.625,13.125],"rotation":270.0,"texture":"#0"}}},{"from":[3.5,7.0,3.5],"to":[12.5,12.0,12.5],"rotation":{"angle":0.0,"axis":"x","origin":[8.0,10.5,8.0]},"faces":{"north":{"uv":[2.125,9.375,3.25,10.0],"texture":"#0","tintindex":0.0},"east":{"uv":[3.25,10.0,4.375,10.625],"texture":"#0","tintindex":0.0},"south":{"uv":[3.25,10.0,4.375,10.625],"texture":"#0","tintindex":0.0},"west":{"uv":[3.25,10.0,4.375,10.625],"texture":"#0","tintindex":0.0},"up":{"uv":[2.125,10.0,3.25,11.125],"texture":"#0","tintindex":0.0},"down":{"uv":[4.375,10.0,5.5,11.125],"texture":"#0","tintindex":0.0}}},{"from":[-2.19133,8.75,8.02446],"to":[6.80867,16.75,8.02446],"rotation":{"angle":-45.0,"axis":"z","origin":[2.30867,12.0,8.02446]},"faces":{"north":{"uv":[5.5,9.0,4.375,10.0],"texture":"#0","tintindex":0.0},"east":{"uv":[4.375,10.0,3.25,10.625],"texture":"#0","tintindex":0.0},"south":{"uv":[4.375,9.0,5.5,10.0],"texture":"#0","tintindex":0.0},"west":{"uv":[4.375,10.0,3.25,10.625],"texture":"#0","tintindex":0.0},"up":{"uv":[3.25,10.0,2.125,11.125],"texture":"#0","tintindex":0.0},"down":{"uv":[5.5,10.0,4.375,11.125],"texture":"#0","tintindex":0.0}}},{"from":[9.19133,8.75,8.02446],"to":[18.19133,16.75,8.02446],"rotation":{"angle":45.0,"axis":"z","origin":[13.69133,12.0,8.02446]},"faces":{"north":{"uv":[4.375,9.0,5.5,10.0],"texture":"#0","tintindex":0.0},"east":{"uv":[3.25,10.0,4.375,10.625],"texture":"#0","tintindex":0.0},"south":{"uv":[5.5,9.0,4.375,10.0],"texture":"#0","tintindex":0.0},"west":{"uv":[3.25,10.0,4.375,10.625],"texture":"#0","tintindex":0.0},"up":{"uv":[2.125,10.0,3.25,11.125],"texture":"#0","tintindex":0.0},"down":{"uv":[4.375,10.0,5.5,11.125],"texture":"#0","tintindex":0.0}}},{"name":"cube inverted","from":[12.7,9.2,12.7],"to":[3.3,6.8,3.3],"rotation":{"angle":0.0,"axis":"x","origin":[8.18333,7.5,8.0]},"faces":{"north":{"uv":[3.25,10.625,4.375,10.375],"texture":"#0","tintindex":0.0},"east":{"uv":[3.25,10.625,4.375,10.375],"texture":"#0","tintindex":0.0},"south":{"uv":[3.25,11.0,4.375,10.75],"texture":"#0","tintindex":0.0},"west":{"uv":[3.25,10.625,4.375,10.375],"texture":"#0","tintindex":0.0},"up":{"uv":[2.625,11.125,2.75,11.25],"texture":"#0","tintindex":0.0},"down":{"uv":[2.625,11.125,2.75,11.25],"texture":"#0","tintindex":0.0}}}],"gui_light":"front","display":{"thirdperson_righthand":{"rotation":[55.5,34.0,0.0],"translation":[0.0,1.0,0.75],"scale":[0.52539,0.52539,0.52539]},"thirdperson_lefthand":{"rotation":[55.5,34.0,0.0],"translation":[0.0,1.0,0.75],"scale":[0.52539,0.52539,0.52539]},"firstperson_righthand":{"rotation":[21.0,114.5,-13.75],"translation":[9.5,0.0,-5.75],"scale":[0.41992,0.41992,0.41992]},"firstperson_lefthand":{"rotation":[21.0,114.5,-13.75],"translation":[9.5,0.0,-5.75],"scale":[0.41992,0.41992,0.41992]},"gui":{"rotation":[-168.09,-34.89,169.2],"translation":[0.0,-2.25,0.0],"scale":[0.97851,0.97851,0.97851]},"head":{"rotation":[5.73,-0.31,-3.25],"translation":[0.0,2.75,0.25],"scale":[1.76017,1.76017,1.76017]}}}