{"textures":{"0":"mcc:island_cosmetics/head/head_faction_features","particle":"mcc:island_cosmetics/head/head_faction_features"},"credit":"Made with Blockbench","texture_size":[128.0,128.0],"elements":[{"from":[3.3,6.8,3.3],"to":[12.7,9.2,12.7],"rotation":{"angle":0.0,"axis":"x","origin":[8.18333,7.5,8.0]},"faces":{"north":{"uv":[13.75,10.75,14.875,11.0],"texture":"#0","tintindex":0.0},"east":{"uv":[13.75,10.375,14.875,10.625],"texture":"#0","tintindex":0.0},"south":{"uv":[13.75,10.375,14.875,10.625],"texture":"#0","tintindex":0.0},"west":{"uv":[13.75,10.375,14.875,10.625],"texture":"#0","tintindex":0.0},"up":{"uv":[13.125,11.125,13.25,11.25],"texture":"#0","tintindex":0.0},"down":{"uv":[13.125,11.125,13.25,11.25],"texture":"#0","tintindex":0.0}}},{"from":[3.3,6.8,3.3],"to":[12.7,9.2,3.3],"rotation":{"angle":0.0,"axis":"y","origin":[8.0,7.5,8.18333]},"faces":{"north":{"uv":[13.75,11.125,14.875,11.375],"texture":"#0"},"east":{"uv":[13.75,10.375,14.875,10.75],"texture":"#0"},"south":{"uv":[14.875,11.125,13.75,11.375],"texture":"#0"},"west":{"uv":[13.75,10.375,14.875,10.75],"texture":"#0"},"up":{"uv":[11.0,13.0,11.125,13.125],"rotation":90.0,"texture":"#0"},"down":{"uv":[11.0,13.0,11.125,13.125],"rotation":270.0,"texture":"#0"}}},{"from":[3.5,7.0,3.5],"to":[12.5,12.0,12.5],"rotation":{"angle":0.0,"axis":"x","origin":[8.0,10.5,8.0]},"faces":{"north":{"uv":[13.75,10.0,14.875,10.625],"texture":"#0","tintindex":0.0},"east":{"uv":[12.875,9.375,14.0,10.0],"texture":"#0","tintindex":0.0},"south":{"uv":[12.875,9.375,14.0,10.0],"texture":"#0","tintindex":0.0},"west":{"uv":[12.875,9.375,14.0,10.0],"texture":"#0","tintindex":0.0},"up":{"uv":[12.625,10.0,13.75,11.125],"texture":"#0","tintindex":0.0},"down":{"uv":[14.875,10.0,16.0,11.125],"texture":"#0","tintindex":0.0}}},{"from":[10.25,11.75,8.0],"to":[14.25,17.75,8.0],"rotation":{"angle":-22.5,"axis":"z","origin":[10.5,15.0,8.0]},"faces":{"north":{"uv":[15.5,9.25,16.0,10.0],"texture":"#0","tintindex":0.0},"east":{"uv":[13.75,10.0,14.875,10.625],"texture":"#0","tintindex":0.0},"south":{"uv":[15.5,9.25,16.0,10.0],"texture":"#0","tintindex":0.0},"west":{"uv":[13.75,10.0,14.875,10.625],"texture":"#0","tintindex":0.0},"up":{"uv":[12.625,10.0,13.75,11.125],"texture":"#0","tintindex":0.0},"down":{"uv":[14.875,10.0,16.0,11.125],"texture":"#0","tintindex":0.0}}},{"from":[3.5,12.0,8.0],"to":[7.5,18.0,8.0],"rotation":{"angle":0.0,"axis":"x","origin":[8.0,10.5,8.0]},"faces":{"north":{"uv":[15.5,9.25,16.0,10.0],"texture":"#0","tintindex":0.0},"east":{"uv":[13.75,10.0,14.875,10.625],"texture":"#0","tintindex":0.0},"south":{"uv":[15.5,9.25,16.0,10.0],"texture":"#0","tintindex":0.0},"west":{"uv":[13.75,10.0,14.875,10.625],"texture":"#0","tintindex":0.0},"up":{"uv":[12.625,10.0,13.75,11.125],"texture":"#0","tintindex":0.0},"down":{"uv":[14.875,10.0,16.0,11.125],"texture":"#0","tintindex":0.0}}},{"name":"cube inverted","from":[12.7,9.2,12.7],"to":[3.3,6.8,3.3],"rotation":{"angle":0.0,"axis":"x","origin":[8.18333,7.5,8.0]},"faces":{"north":{"uv":[13.75,10.625,14.875,10.375],"texture":"#0","tintindex":0.0},"east":{"uv":[13.75,10.625,14.875,10.375],"texture":"#0","tintindex":0.0},"south":{"uv":[13.75,11.0,14.875,10.75],"texture":"#0","tintindex":0.0},"west":{"uv":[13.75,10.625,14.875,10.375],"texture":"#0","tintindex":0.0},"up":{"uv":[13.125,11.125,13.25,11.25],"texture":"#0","tintindex":0.0},"down":{"uv":[13.125,11.125,13.25,11.25],"texture":"#0","tintindex":0.0}}}],"gui_light":"front","display":{"thirdperson_righthand":{"rotation":[55.5,34.0,0.0],"translation":[0.0,1.0,0.75],"scale":[0.52539,0.52539,0.52539]},"thirdperson_lefthand":{"rotation":[55.5,34.0,0.0],"translation":[0.0,1.0,0.75],"scale":[0.52539,0.52539,0.52539]},"firstperson_righthand":{"rotation":[21.0,114.5,-13.75],"translation":[9.5,0.0,-5.75],"scale":[0.41992,0.41992,0.41992]},"firstperson_lefthand":{"rotation":[21.0,114.5,-13.75],"translation":[9.5,0.0,-5.75],"scale":[0.41992,0.41992,0.41992]},"gui":{"rotation":[-168.09,-34.89,169.2],"translation":[0.0,-3.25,0.0],"scale":[0.97851,0.97851,0.97851]},"head":{"rotation":[5.73,-0.31,-3.25],"translation":[0.0,2.75,0.25],"scale":[1.76017,1.76017,1.76017]}}}