{"textures":{"0":"mcc:island_cosmetics/head/head_faction_features","particle":"mcc:island_cosmetics/head/head_faction_features"},"credit":"Made with Blockbench","texture_size":[128.0,128.0],"elements":[{"from":[9.94291,5.49,7.53701],"to":[12.94291,8.49,8.53701],"rotation":{"angle":22.5,"axis":"y","origin":[11.19291,9.49,8.28701]},"faces":{"north":{"uv":[5.25,2.5,5.625,2.875],"texture":"#0"},"east":{"uv":[5.375,1.75,5.5,2.125],"texture":"#0"},"south":{"uv":[5.25,2.125,5.625,2.5],"texture":"#0"},"west":{"uv":[5.25,1.75,5.375,2.125],"texture":"#0"},"up":{"uv":[5.5,1.75,5.875,1.875],"texture":"#0"},"down":{"uv":[5.5,1.875,5.875,2.0],"texture":"#0"}}},{"from":[9.94291,3.49,7.53701],"to":[18.94291,13.49,7.53701],"rotation":{"angle":22.5,"axis":"y","origin":[11.19291,9.49,8.28701]},"faces":{"north":{"uv":[4.125,1.875,5.25,3.125],"texture":"#0"},"east":{"uv":[2.25,0.0,2.375,0.125],"texture":"#0"},"south":{"uv":[5.25,1.875,4.125,3.125],"texture":"#0"},"west":{"uv":[2.25,0.0,2.375,0.125],"texture":"#0"},"up":{"uv":[2.25,0.0,2.375,0.125],"texture":"#0"},"down":{"uv":[2.25,0.0,2.375,0.125],"texture":"#0"}}},{"from":[9.94291,3.49,7.6],"to":[18.94291,13.49,7.6],"rotation":{"angle":22.5,"axis":"y","origin":[11.19291,9.49,8.28701]},"faces":{"north":{"uv":[5.875,1.875,7.0,3.125],"texture":"#0"},"east":{"uv":[2.25,0.0,2.375,0.125],"texture":"#0"},"south":{"uv":[7.0,1.875,5.875,3.125],"texture":"#0"},"west":{"uv":[2.25,0.0,2.375,0.125],"texture":"#0"},"up":{"uv":[2.25,0.0,2.375,0.125],"texture":"#0"},"down":{"uv":[2.25,0.0,2.375,0.125],"texture":"#0"}}},{"from":[3.05709,5.49,7.53701],"to":[6.05709,8.49,8.53701],"rotation":{"angle":-22.5,"axis":"y","origin":[4.80709,9.49,8.28701]},"faces":{"north":{"uv":[5.625,2.5,5.25,2.875],"texture":"#0"},"east":{"uv":[5.375,1.75,5.25,2.125],"texture":"#0"},"south":{"uv":[5.625,2.125,5.25,2.5],"texture":"#0"},"west":{"uv":[5.5,1.75,5.375,2.125],"texture":"#0"},"up":{"uv":[5.875,1.75,5.5,1.875],"texture":"#0"},"down":{"uv":[5.875,1.875,5.5,2.0],"texture":"#0"}}},{"from":[-2.94291,3.49,7.53701],"to":[6.05709,13.49,7.53701],"rotation":{"angle":-22.5,"axis":"y","origin":[4.80709,9.49,8.28701]},"faces":{"north":{"uv":[5.25,1.875,4.125,3.125],"texture":"#0"},"east":{"uv":[2.375,0.0,2.25,0.125],"texture":"#0"},"south":{"uv":[4.125,1.875,5.25,3.125],"texture":"#0"},"west":{"uv":[2.375,0.0,2.25,0.125],"texture":"#0"},"up":{"uv":[2.375,0.0,2.25,0.125],"texture":"#0"},"down":{"uv":[2.375,0.0,2.25,0.125],"texture":"#0"}}},{"from":[-2.94291,3.49,7.6],"to":[6.05709,13.49,7.6],"rotation":{"angle":-22.5,"axis":"y","origin":[4.80709,9.49,8.28701]},"faces":{"north":{"uv":[7.0,1.875,5.875,3.125],"texture":"#0"},"east":{"uv":[2.375,0.0,2.25,0.125],"texture":"#0"},"south":{"uv":[5.875,1.875,7.0,3.125],"texture":"#0"},"west":{"uv":[2.375,0.0,2.25,0.125],"texture":"#0"},"up":{"uv":[2.375,0.0,2.25,0.125],"texture":"#0"},"down":{"uv":[2.375,0.0,2.25,0.125],"texture":"#0"}}}],"gui_light":"front","display":{"thirdperson_righthand":{"rotation":[64.25,0.0,0.0],"scale":[0.44336,0.44336,0.44336]},"thirdperson_lefthand":{"rotation":[64.25,0.0,0.0],"scale":[0.44336,0.44336,0.44336]},"firstperson_righthand":{"scale":[0.0,0.0,0.0]},"firstperson_lefthand":{"scale":[0.0,0.0,0.0]},"ground":{"translation":[0.0,4.25,0.0],"scale":[0.43945,0.43945,0.43945]},"gui":{"rotation":[-163.61,-31.92,-180.0],"translation":[-1.25,-0.75,0.0],"scale":[1.16015,1.16015,1.16015]},"head":{"rotation":[-18.0,0.0,0.0],"translation":[0.0,5.0,0.0],"scale":[1.6,1.6,1.6]}}}