{"textures":{"0":"mcc:island_cosmetics/head/head_faction_features","particle":"mcc:island_cosmetics/head/head_faction_features"},"credit":"Made with Blockbench","texture_size":[128.0,128.0],"elements":[{"from":[8.94291,8.49,7.53701],"to":[12.94291,12.49,8.53701],"rotation":{"angle":22.5,"axis":"y","origin":[11.19291,12.49,8.28701]},"faces":{"north":{"uv":[7.625,2.75,8.125,3.25],"texture":"#0"},"east":{"uv":[8.25,2.75,8.125,3.25],"texture":"#0"},"south":{"uv":[8.625,2.75,8.125,3.25],"texture":"#0"},"west":{"uv":[8.75,2.75,8.625,3.25],"texture":"#0"},"up":{"uv":[8.625,2.75,8.125,2.875],"texture":"#0"},"down":{"uv":[8.625,3.125,8.125,3.25],"texture":"#0"}}},{"from":[9.94291,8.49,7.53701],"to":[13.94291,18.49,7.53701],"rotation":{"angle":22.5,"axis":"y","origin":[11.19291,12.49,8.28701]},"faces":{"north":{"uv":[8.125,1.5,7.625,2.75],"texture":"#0"},"east":{"uv":[2.25,0.0,2.375,0.125],"texture":"#0"},"south":{"uv":[7.625,1.5,8.125,2.75],"texture":"#0"},"west":{"uv":[2.25,0.0,2.375,0.125],"texture":"#0"},"up":{"uv":[2.25,0.0,2.375,0.125],"texture":"#0"},"down":{"uv":[2.25,0.0,2.375,0.125],"texture":"#0"}}},{"from":[9.94291,8.49,7.6],"to":[13.94291,18.49,7.6],"rotation":{"angle":22.5,"axis":"y","origin":[11.19291,12.49,8.28701]},"faces":{"north":{"uv":[8.625,1.5,8.125,2.75],"texture":"#0"},"east":{"uv":[2.25,0.0,2.375,0.125],"texture":"#0"},"south":{"uv":[8.125,1.5,8.625,2.75],"texture":"#0"},"west":{"uv":[2.25,0.0,2.375,0.125],"texture":"#0"},"up":{"uv":[2.25,0.0,2.375,0.125],"texture":"#0"},"down":{"uv":[2.25,0.0,2.375,0.125],"texture":"#0"}}},{"from":[3.05709,8.49,7.53701],"to":[7.05709,12.49,8.53701],"rotation":{"angle":-22.5,"axis":"y","origin":[4.80709,12.49,8.28701]},"faces":{"north":{"uv":[8.125,2.75,7.625,3.25],"texture":"#0"},"east":{"uv":[8.625,2.75,8.75,3.25],"texture":"#0"},"south":{"uv":[8.125,2.75,8.625,3.25],"texture":"#0"},"west":{"uv":[8.125,2.75,8.25,3.25],"texture":"#0"},"up":{"uv":[8.125,2.75,8.625,2.875],"texture":"#0"},"down":{"uv":[8.125,3.125,8.625,3.25],"texture":"#0"}}},{"from":[2.05709,8.49,7.53701],"to":[6.05709,18.49,7.53701],"rotation":{"angle":-22.5,"axis":"y","origin":[4.80709,12.49,8.28701]},"faces":{"north":{"uv":[7.625,1.5,8.125,2.75],"texture":"#0"},"east":{"uv":[2.375,0.0,2.25,0.125],"texture":"#0"},"south":{"uv":[8.125,1.5,7.625,2.75],"texture":"#0"},"west":{"uv":[2.375,0.0,2.25,0.125],"texture":"#0"},"up":{"uv":[2.375,0.0,2.25,0.125],"texture":"#0"},"down":{"uv":[2.375,0.0,2.25,0.125],"texture":"#0"}}},{"from":[2.05709,8.49,7.6],"to":[6.05709,18.49,7.6],"rotation":{"angle":-22.5,"axis":"y","origin":[4.80709,12.49,8.28701]},"faces":{"north":{"uv":[8.125,1.5,8.625,2.75],"texture":"#0"},"east":{"uv":[2.375,0.0,2.25,0.125],"texture":"#0"},"south":{"uv":[8.625,1.5,8.125,2.75],"texture":"#0"},"west":{"uv":[2.375,0.0,2.25,0.125],"texture":"#0"},"up":{"uv":[2.375,0.0,2.25,0.125],"texture":"#0"},"down":{"uv":[2.375,0.0,2.25,0.125],"texture":"#0"}}}],"gui_light":"front","display":{"thirdperson_righthand":{"rotation":[64.25,0.0,0.0],"scale":[0.44336,0.44336,0.44336]},"thirdperson_lefthand":{"rotation":[64.25,0.0,0.0],"scale":[0.44336,0.44336,0.44336]},"firstperson_righthand":{"scale":[0.0,0.0,0.0]},"firstperson_lefthand":{"scale":[0.0,0.0,0.0]},"ground":{"translation":[0.0,4.25,0.0],"scale":[0.43945,0.43945,0.43945]},"gui":{"rotation":[-163.61,-31.92,-180.0],"translation":[-0.75,-5.75,0.0],"scale":[1.16015,1.16015,1.16015]},"head":{"rotation":[0.5,0.0,0.0],"translation":[0.0,3.0,0.0],"scale":[1.6,1.6,1.6]}}}