{"textures":{"0":"mcc:island_cosmetics/head/head_faction_features","particle":"mcc:island_cosmetics/head/head_faction_features"},"credit":"Made with Blockbench","texture_size":[128.0,128.0],"elements":[{"from":[9.34724,7.74,7.80604],"to":[12.34724,10.74,8.80604],"rotation":{"angle":-22.5,"axis":"z","origin":[11.09724,9.49,8.05604]},"faces":{"north":{"uv":[1.5,1.0,1.875,1.375],"texture":"#0"},"east":{"uv":[2.375,1.0,2.5,1.375],"texture":"#0"},"south":{"uv":[2.375,1.0,2.0,1.375],"texture":"#0"},"west":{"uv":[1.875,1.0,2.0,1.375],"texture":"#0"},"up":{"uv":[2.25,1.375,1.875,1.5],"texture":"#0"},"down":{"uv":[1.5,1.375,1.875,1.5],"texture":"#0"}}},{"from":[9.34724,5.74,7.80604],"to":[15.34724,13.74,7.80604],"rotation":{"angle":-22.5,"axis":"z","origin":[11.09724,9.49,8.05604]},"faces":{"north":{"uv":[1.5,0.0,2.25,1.0],"texture":"#0"},"east":{"uv":[2.25,0.0,2.375,0.125],"texture":"#0"},"south":{"uv":[2.25,0.0,1.5,1.0],"texture":"#0"},"west":{"uv":[2.25,0.0,2.375,0.125],"texture":"#0"},"up":{"uv":[2.25,0.0,2.375,0.125],"texture":"#0"},"down":{"uv":[2.25,0.0,2.375,0.125],"texture":"#0"}}},{"from":[0.65276,5.74,7.80604],"to":[6.65276,13.74,7.80604],"rotation":{"angle":22.5,"axis":"z","origin":[4.90276,9.49,8.05604]},"faces":{"north":{"uv":[2.25,0.0,1.5,1.0],"texture":"#0"},"east":{"uv":[2.375,0.0,2.25,0.125],"texture":"#0"},"south":{"uv":[1.5,0.0,2.25,1.0],"texture":"#0"},"west":{"uv":[2.375,0.0,2.25,0.125],"texture":"#0"},"up":{"uv":[2.375,0.0,2.25,0.125],"texture":"#0"},"down":{"uv":[2.375,0.0,2.25,0.125],"texture":"#0"}}},{"from":[9.34724,5.74,7.95],"to":[15.34724,13.74,7.95],"rotation":{"angle":-22.5,"axis":"z","origin":[11.09724,9.49,8.30604]},"faces":{"north":{"uv":[2.375,0.0,3.125,1.0],"texture":"#0"},"east":{"uv":[2.25,0.0,2.375,0.125],"texture":"#0"},"south":{"uv":[3.125,0.0,2.375,1.0],"texture":"#0"},"west":{"uv":[2.25,0.0,2.375,0.125],"texture":"#0"},"up":{"uv":[2.25,0.0,2.375,0.125],"texture":"#0"},"down":{"uv":[2.25,0.0,2.375,0.125],"texture":"#0"}}},{"from":[0.65276,5.74,7.95],"to":[6.65276,13.74,7.95],"rotation":{"angle":22.5,"axis":"z","origin":[4.90276,9.49,8.30604]},"faces":{"north":{"uv":[3.125,0.0,2.375,1.0],"texture":"#0"},"east":{"uv":[2.375,0.0,2.25,0.125],"texture":"#0"},"south":{"uv":[2.375,0.0,3.125,1.0],"texture":"#0"},"west":{"uv":[2.375,0.0,2.25,0.125],"texture":"#0"},"up":{"uv":[2.375,0.0,2.25,0.125],"texture":"#0"},"down":{"uv":[2.375,0.0,2.25,0.125],"texture":"#0"}}},{"from":[3.65276,7.74,7.80604],"to":[6.65276,10.74,8.80604],"rotation":{"angle":22.5,"axis":"z","origin":[4.90276,9.49,8.05604]},"faces":{"north":{"uv":[1.875,1.0,1.5,1.375],"texture":"#0"},"east":{"uv":[2.0,1.0,1.875,1.375],"texture":"#0"},"south":{"uv":[2.0,1.0,2.375,1.375],"texture":"#0"},"west":{"uv":[2.5,1.0,2.375,1.375],"texture":"#0"},"up":{"uv":[1.875,1.375,2.25,1.5],"texture":"#0"},"down":{"uv":[1.875,1.375,1.5,1.5],"texture":"#0"}}}],"gui_light":"front","display":{"thirdperson_righthand":{"rotation":[64.25,0.0,0.0],"scale":[0.44336,0.44336,0.44336]},"thirdperson_lefthand":{"rotation":[64.25,0.0,0.0],"scale":[0.44336,0.44336,0.44336]},"firstperson_righthand":{"scale":[0.0,0.0,0.0]},"firstperson_lefthand":{"scale":[0.0,0.0,0.0]},"ground":{"translation":[0.0,4.25,0.0],"scale":[0.43945,0.43945,0.43945]},"gui":{"rotation":[-163.61,-31.92,-180.0],"translation":[0.0,-2.0,0.0],"scale":[1.19335,1.19335,1.19335]},"head":{"rotation":[-13.25,0.0,0.0],"translation":[0.0,3.25,0.0],"scale":[1.6,1.6,1.6]}}}