{"textures":{"0":"mcc:island_cosmetics/head/head_faction_features","particle":"mcc:island_cosmetics/head/head_faction_features"},"credit":"Made with Blockbench","texture_size":[128.0,128.0],"elements":[{"from":[8.69291,5.49,7.53701],"to":[11.69291,8.49,8.53701],"rotation":{"angle":22.5,"axis":"y","origin":[11.19291,9.49,8.28701]},"faces":{"north":{"uv":[5.75,4.0,6.125,4.375],"texture":"#0"},"east":{"uv":[6.25,4.0,6.375,4.375],"texture":"#0"},"south":{"uv":[5.75,3.625,6.125,4.0],"texture":"#0"},"west":{"uv":[6.125,4.0,6.25,4.375],"texture":"#0"},"up":{"uv":[6.125,3.875,6.5,4.0],"texture":"#0"},"down":{"uv":[6.125,3.75,6.5,3.875],"texture":"#0"}}},{"from":[8.69291,3.49,7.53701],"to":[17.69291,13.49,7.53701],"rotation":{"angle":22.5,"axis":"y","origin":[11.19291,9.49,8.28701]},"faces":{"north":{"uv":[4.625,3.375,5.75,4.625],"texture":"#0"},"east":{"uv":[2.25,0.0,2.375,0.125],"texture":"#0"},"south":{"uv":[5.75,3.375,4.625,4.625],"texture":"#0"},"west":{"uv":[2.25,0.0,2.375,0.125],"texture":"#0"},"up":{"uv":[2.25,0.0,2.375,0.125],"texture":"#0"},"down":{"uv":[2.25,0.0,2.375,0.125],"texture":"#0"}}},{"from":[8.69291,3.49,7.6],"to":[17.69291,13.49,7.6],"rotation":{"angle":22.5,"axis":"y","origin":[11.19291,9.49,8.28701]},"faces":{"north":{"uv":[4.625,4.625,5.75,5.875],"texture":"#0"},"east":{"uv":[2.25,0.0,2.375,0.125],"texture":"#0"},"south":{"uv":[5.75,4.625,4.625,5.875],"texture":"#0"},"west":{"uv":[2.25,0.0,2.375,0.125],"texture":"#0"},"up":{"uv":[2.25,0.0,2.375,0.125],"texture":"#0"},"down":{"uv":[2.25,0.0,2.375,0.125],"texture":"#0"}}},{"from":[-1.69291,3.49,7.6],"to":[7.30709,13.49,7.6],"rotation":{"angle":-22.5,"axis":"y","origin":[4.80709,9.49,8.28701]},"faces":{"north":{"uv":[5.75,4.625,4.625,5.875],"texture":"#0"},"east":{"uv":[2.375,0.0,2.25,0.125],"texture":"#0"},"south":{"uv":[4.625,4.625,5.75,5.875],"texture":"#0"},"west":{"uv":[2.375,0.0,2.25,0.125],"texture":"#0"},"up":{"uv":[2.375,0.0,2.25,0.125],"texture":"#0"},"down":{"uv":[2.375,0.0,2.25,0.125],"texture":"#0"}}},{"from":[4.30709,5.49,7.53701],"to":[7.30709,8.49,8.53701],"rotation":{"angle":-22.5,"axis":"y","origin":[4.80709,9.49,8.28701]},"faces":{"north":{"uv":[6.125,4.0,5.75,4.375],"texture":"#0"},"east":{"uv":[6.25,4.0,6.125,4.375],"texture":"#0"},"south":{"uv":[6.125,3.625,5.75,4.0],"texture":"#0"},"west":{"uv":[6.375,4.0,6.25,4.375],"texture":"#0"},"up":{"uv":[6.5,3.875,6.125,4.0],"texture":"#0"},"down":{"uv":[6.5,3.75,6.125,3.875],"texture":"#0"}}},{"from":[-1.69291,3.49,7.53701],"to":[7.30709,13.49,7.53701],"rotation":{"angle":-22.5,"axis":"y","origin":[4.80709,9.49,8.28701]},"faces":{"north":{"uv":[5.75,3.375,4.625,4.625],"texture":"#0"},"east":{"uv":[2.375,0.0,2.25,0.125],"texture":"#0"},"south":{"uv":[4.625,3.375,5.75,4.625],"texture":"#0"},"west":{"uv":[2.375,0.0,2.25,0.125],"texture":"#0"},"up":{"uv":[2.375,0.0,2.25,0.125],"texture":"#0"},"down":{"uv":[2.375,0.0,2.25,0.125],"texture":"#0"}}}],"gui_light":"front","display":{"thirdperson_righthand":{"rotation":[64.25,0.0,0.0],"scale":[0.44336,0.44336,0.44336]},"thirdperson_lefthand":{"rotation":[64.25,0.0,0.0],"scale":[0.44336,0.44336,0.44336]},"firstperson_righthand":{"scale":[0.0,0.0,0.0]},"firstperson_lefthand":{"scale":[0.0,0.0,0.0]},"ground":{"translation":[0.0,4.25,0.0],"scale":[0.43945,0.43945,0.43945]},"gui":{"rotation":[-163.61,-31.92,-180.0],"translation":[-1.25,-0.75,0.0],"scale":[1.08007,1.08007,1.08007]},"head":{"translation":[0.0,5.0,0.0],"scale":[1.6,1.6,1.6]}}}