{
	"credit": "Made with Blockbench",
	"ambientocclusion": false,
	"texture_size": [4, 4],
	"textures": {
		"1": "fw:guns/03/p90",
		"particle": "fw:player/steve"
	},
	"elements": [
		{
			"from": [7.0595, 7.54482, 4.22513],
			"to": [8.9405, 8.43582, 9.76912],
			"rotation": {"angle": 0, "axis": "y", "origin": [5.921, 8.28732, 5.41313]},
			"faces": {
				"north": {"uv": [2, 10, 2.25, 10.125], "texture": "#1"},
				"east": {"uv": [7.25, 2.5, 7.9375, 2.625], "texture": "#1"},
				"south": {"uv": [10, 2.25, 10.25, 2.375], "texture": "#1"},
				"west": {"uv": [4.25, 7.25, 4.9375, 7.375], "texture": "#1"},
				"up": {"uv": [4.5, 4.9375, 4.25, 4.25], "texture": "#1"},
				"down": {"uv": [2.5, 4.5, 2.25, 5.1875], "texture": "#1"}
			}
		},
		{
			"from": [6.6635, 7.49532, 2.19562],
			"to": [9.3365, 8.48532, 4.42313],
			"rotation": {"angle": 0, "axis": "y", "origin": [5.921, 8.28732, 6.20513]},
			"faces": {
				"north": {"uv": [9, 7, 9.3125, 7.125], "texture": "#1"},
				"east": {"uv": [9, 8, 9.3125, 8.125], "texture": "#1"},
				"south": {"uv": [9, 8.5, 9.3125, 8.625], "texture": "#1"},
				"west": {"uv": [9, 9, 9.3125, 9.125], "texture": "#1"},
				"up": {"uv": [6.8125, 6.0625, 6.5, 5.75], "texture": "#1"},
				"down": {"uv": [6.3125, 6.5, 6, 6.8125], "texture": "#1"}
			}
		},
		{
			"from": [8.21175, 7.86294, 9.54388],
			"to": [8.50525, 8.15644, 15.83738],
			"rotation": {"angle": -45, "axis": "z", "origin": [8.3585, 8.00969, 9.69063]},
			"faces": {
				"north": {"uv": [9, 7, 9.3125, 7.125], "texture": "#1"},
				"east": {"uv": [9, 8, 9.3125, 8.125], "texture": "#1"},
				"south": {"uv": [9, 8.5, 9.3125, 8.625], "texture": "#1"},
				"west": {"uv": [9, 9, 9.3125, 9.125], "texture": "#1"},
				"up": {"uv": [6.8125, 6.0625, 6.5, 5.75], "texture": "#1"},
				"down": {"uv": [6.3125, 6.5, 6, 6.8125], "texture": "#1"}
			}
		},
		{
			"from": [7.49475, 7.86294, 9.54388],
			"to": [7.78825, 8.15644, 15.83738],
			"rotation": {"angle": 45, "axis": "z", "origin": [7.6415, 8.00969, 9.69063]},
			"faces": {
				"north": {"uv": [9.3125, 7, 9, 7.125], "texture": "#1"},
				"east": {"uv": [9.3125, 9, 9, 9.125], "texture": "#1"},
				"south": {"uv": [9.3125, 8.5, 9, 8.625], "texture": "#1"},
				"west": {"uv": [9.3125, 8, 9, 8.125], "texture": "#1"},
				"up": {"uv": [6.5, 6.0625, 6.8125, 5.75], "texture": "#1"},
				"down": {"uv": [6, 6.5, 6.3125, 6.8125], "texture": "#1"}
			}
		}
	],
	"display": {
		"thirdperson_righthand": {
			"rotation": [90, 0, 0],
			"translation": [0, 0.75, 0],
			"scale": [0.51, 0.51, 0.51]
		},
		"thirdperson_lefthand": {
			"rotation": [90, 0, 0],
			"translation": [0, 0.75, 0],
			"scale": [0.51, 0.51, 0.51]
		},
		"firstperson_righthand": {
			"rotation": [71, 2.5, 24.5],
			"translation": [-4.6, 5, 3.25]
		},
		"firstperson_lefthand": {
			"rotation": [-3, -0.5, 1],
			"translation": [-3, 16, -8.5],
			"scale": [0, 0, 0]
		},
		"ground": {
			"scale": [0.51, 0.51, 0.51]
		},
		"gui": {
			"rotation": [26, -141, 1],
			"translation": [0.25, 0.25, 0],
			"scale": [0.7, 0.7, 0.7]
		},
		"head": {
			"rotation": [-85.25, 0, 0],
			"translation": [-7, -23.75, -0.5],
			"scale": [0.51, 0.51, 0.51]
		},
		"fixed": {
			"rotation": [91, 44, -86],
			"translation": [1, 0.5, 0],
			"scale": [0.83, 0.83, 0.83]
		}
	},
	"groups": [
		{
			"name": "Charging Handle",
			"origin": [8, 9.00969, 13.77962],
			"color": 0,
			"children": [0, 1, 2, 3]
		}
	]
}