{"textures":{"0":"mcc:island_cosmetics/head/head_5","particle":"mcc:island_cosmetics/head/head_5"},"credit":"Made with Blockbench","texture_size":[128.0,128.0],"elements":[{"from":[11.25,1.75,7.0],"to":[16.25,4.75,9.0],"rotation":{"angle":-22.5,"axis":"z","origin":[14.5,2.5,8.0]},"faces":{"north":{"uv":[3.375,10.75,4.0,11.125],"texture":"#0","tintindex":0.0},"east":{"uv":[4.0,10.75,4.25,11.125],"texture":"#0","tintindex":0.0},"south":{"uv":[5.5,11.25,4.875,11.625],"texture":"#0","tintindex":0.0},"west":{"uv":[4.0,11.125,4.25,11.5],"texture":"#0","tintindex":0.0},"up":{"uv":[3.375,11.25,4.0,11.5],"texture":"#0","tintindex":0.0},"down":{"uv":[4.25,11.25,4.875,11.5],"texture":"#0","tintindex":0.0}}},{"from":[7.03942,11.14751,7.0],"to":[14.03942,13.14751,9.0],"rotation":{"angle":45.0,"axis":"z","origin":[16.53942,12.39751,8.0]},"faces":{"north":{"uv":[3.375,10.5,4.25,10.75],"texture":"#0"},"east":{"uv":[5.125,7.0,6.5,8.375],"texture":"#missing"},"south":{"uv":[4.25,10.5,3.375,10.75],"texture":"#0"},"west":{"uv":[4.0,10.5,4.125,10.625],"texture":"#0"},"up":{"uv":[4.25,10.25,5.125,10.5],"texture":"#0"},"down":{"uv":[5.125,11.25,4.25,11.0],"texture":"#0"}}},{"from":[13.78519,12.83265,6.98],"to":[20.82519,14.87265,9.02],"rotation":{"angle":22.5,"axis":"z","origin":[23.30519,14.10265,8.0]},"faces":{"north":{"uv":[3.375,10.25,4.25,10.5],"texture":"#0"},"east":{"uv":[3.375,10.25,3.5,10.5],"texture":"#0"},"south":{"uv":[4.25,10.25,3.375,10.5],"texture":"#0"},"west":{"uv":[3.375,10.375,3.5,10.5],"texture":"#0"},"up":{"uv":[4.375,10.5,5.25,10.75],"texture":"#0"},"down":{"uv":[5.125,11.0,4.25,10.75],"texture":"#0"}}},{"from":[11.03942,9.14751,8.0],"to":[23.03942,21.14751,8.0],"rotation":{"angle":22.5,"axis":"z","origin":[16.53942,12.39751,8.0]},"faces":{"north":{"uv":[1.625,10.25,3.125,11.75],"texture":"#0"},"east":{"uv":[5.125,7.0,6.5,8.375],"texture":"#missing"},"south":{"uv":[3.125,10.25,1.625,11.75],"texture":"#0"},"west":{"uv":[5.125,7.0,6.5,8.375],"texture":"#missing"},"up":{"uv":[5.125,7.0,6.5,8.375],"texture":"#missing"},"down":{"uv":[5.125,7.0,6.5,8.375],"texture":"#missing"}}},{"from":[-0.25,1.75,7.0],"to":[4.75,4.75,9.0],"rotation":{"angle":22.5,"axis":"z","origin":[1.5,2.5,8.0]},"faces":{"north":{"uv":[4.0,10.75,3.375,11.125],"texture":"#0","tintindex":0.0},"east":{"uv":[4.25,11.125,4.0,11.5],"texture":"#0","tintindex":0.0},"south":{"uv":[4.875,11.25,5.5,11.625],"texture":"#0","tintindex":0.0},"west":{"uv":[4.25,10.75,4.0,11.125],"texture":"#0","tintindex":0.0},"up":{"uv":[4.0,11.25,3.375,11.5],"texture":"#0","tintindex":0.0},"down":{"uv":[4.875,11.25,4.25,11.5],"texture":"#0","tintindex":0.0}}},{"from":[11.25,1.75,7.0],"to":[16.25,4.75,9.0],"rotation":{"angle":-22.5,"axis":"z","origin":[14.5,2.5,8.0]},"faces":{"north":{"uv":[3.375,11.5,4.0,11.875],"texture":"#0"},"east":{"uv":[4.25,10.5,4.375,10.625],"texture":"#0"},"south":{"uv":[4.25,10.5,4.375,10.625],"texture":"#0"},"west":{"uv":[4.0,11.75,4.25,12.125],"texture":"#0"},"up":{"uv":[4.25,10.5,4.375,10.625],"texture":"#0"},"down":{"uv":[4.25,11.875,4.875,12.125],"texture":"#0"}}},{"from":[-0.25,1.75,7.0],"to":[4.75,4.75,9.0],"rotation":{"angle":22.5,"axis":"z","origin":[1.5,2.5,8.0]},"faces":{"north":{"uv":[4.0,11.5,3.375,11.875],"texture":"#0"},"east":{"uv":[4.25,11.75,4.0,12.125],"texture":"#0"},"south":{"uv":[4.25,10.5,4.375,10.625],"texture":"#0"},"west":{"uv":[4.25,10.5,4.375,10.625],"texture":"#0"},"up":{"uv":[4.25,10.5,4.375,10.625],"texture":"#0"},"down":{"uv":[4.875,11.875,4.25,12.125],"texture":"#0"}}},{"from":[1.96058,11.14751,7.0],"to":[8.96058,13.14751,9.0],"rotation":{"angle":-45.0,"axis":"z","origin":[-0.53942,12.39751,8.0]},"faces":{"north":{"uv":[4.25,10.5,3.375,10.75],"texture":"#0"},"east":{"uv":[4.125,10.5,4.0,10.625],"texture":"#0"},"south":{"uv":[3.375,10.5,4.25,10.75],"texture":"#0"},"west":{"uv":[6.5,7.0,5.125,8.375],"texture":"#missing"},"up":{"uv":[5.125,10.25,4.25,10.5],"texture":"#0"},"down":{"uv":[4.25,11.25,5.125,11.0],"texture":"#0"}}},{"from":[-7.03942,9.14751,8.0],"to":[4.96058,21.14751,8.0],"rotation":{"angle":-22.5,"axis":"z","origin":[-0.53942,12.39751,8.0]},"faces":{"north":{"uv":[3.125,10.25,1.625,11.75],"texture":"#0"},"east":{"uv":[6.5,7.0,5.125,8.375],"texture":"#missing"},"south":{"uv":[1.625,10.25,3.125,11.75],"texture":"#0"},"west":{"uv":[6.5,7.0,5.125,8.375],"texture":"#missing"},"up":{"uv":[6.5,7.0,5.125,8.375],"texture":"#missing"},"down":{"uv":[6.5,7.0,5.125,8.375],"texture":"#missing"}}},{"from":[-4.82519,12.83265,6.98],"to":[2.21481,14.87265,9.02],"rotation":{"angle":-22.5,"axis":"z","origin":[-7.30519,14.10265,8.0]},"faces":{"north":{"uv":[4.25,10.25,3.375,10.5],"texture":"#0"},"east":{"uv":[3.5,10.375,3.375,10.5],"texture":"#0"},"south":{"uv":[3.375,10.25,4.25,10.5],"texture":"#0"},"west":{"uv":[3.5,10.25,3.375,10.5],"texture":"#0"},"up":{"uv":[5.25,10.5,4.375,10.75],"texture":"#0"},"down":{"uv":[4.25,11.0,5.125,10.75],"texture":"#0"}}}],"gui_light":"front","display":{"thirdperson_righthand":{"rotation":[55.5,34.0,0.0],"translation":[0.0,1.0,0.75],"scale":[0.52539,0.52539,0.52539]},"thirdperson_lefthand":{"rotation":[55.5,34.0,0.0],"translation":[0.0,1.0,0.75],"scale":[0.52539,0.52539,0.52539]},"firstperson_righthand":{"rotation":[21.0,114.5,-13.75],"translation":[9.5,0.0,-5.75],"scale":[0.41992,0.41992,0.41992]},"firstperson_lefthand":{"rotation":[21.0,114.5,-13.75],"translation":[9.5,0.0,-5.75],"scale":[0.41992,0.41992,0.41992]},"gui":{"rotation":[-155.36,-31.92,-180.0],"translation":[0.0,-0.5,0.0],"scale":[0.60351,0.60351,0.60351]},"head":{"translation":[0.0,5.75,0.0],"scale":[1.6,1.6,1.6]}}}