{"textures":{"0":"mcc:island_cosmetics/head/head_2","particle":"mcc:island_cosmetics/head/head_2"},"credit":"Made with Blockbench","texture_size":[128.0,128.0],"elements":[{"from":[3.5,-1.0,3.5],"to":[12.5,9.0,12.5],"rotation":{"angle":0.0,"axis":"y","origin":[10.0,6.24,8.5]},"faces":{"north":{"uv":[5.0,6.75,6.125,8.0],"texture":"#0"},"east":{"uv":[5.0,5.5,6.125,6.75],"texture":"#0"},"south":{"uv":[5.0,5.5,6.125,6.75],"texture":"#0"},"west":{"uv":[6.125,5.5,5.0,6.75],"texture":"#0"},"up":{"uv":[5.0,4.375,6.125,5.5],"texture":"#0"},"down":{"uv":[6.125,4.375,7.25,5.5],"texture":"#0"}}},{"from":[4.5,8.0,5.0],"to":[11.5,14.0,12.0],"rotation":{"angle":-22.5,"axis":"x","origin":[10.0,6.24,9.0]},"faces":{"north":{"uv":[7.0,7.25,7.875,8.0],"texture":"#0"},"east":{"uv":[7.875,7.25,8.75,8.0],"texture":"#0"},"south":{"uv":[7.0,6.5,7.875,7.25],"texture":"#0"},"west":{"uv":[8.75,7.25,7.875,8.0],"texture":"#0"},"up":{"uv":[7.875,6.375,8.75,7.25],"texture":"#0"},"down":{"uv":[6.5,6.875,6.625,7.0],"texture":"#0"}}},{"from":[6.0,13.0,9.0],"to":[10.0,17.0,13.0],"rotation":{"angle":-45.0,"axis":"x","origin":[9.5,6.24,9.0]},"faces":{"north":{"uv":[5.0,8.0,5.5,8.5],"texture":"#0"},"east":{"uv":[5.0,8.0,5.5,8.5],"texture":"#0"},"south":{"uv":[5.0,8.0,5.5,8.5],"texture":"#0"},"west":{"uv":[5.0,8.0,5.5,8.5],"texture":"#0"},"up":{"uv":[5.5,8.0,6.0,8.5],"texture":"#0"},"down":{"uv":[11.0,13.25,12.25,13.5],"texture":"#missing"}}},{"from":[6.0,-6.35828,0.03521],"to":[10.0,-2.35828,4.03521],"rotation":{"angle":-45.0,"axis":"x","origin":[8.0,-3.76119,4.96581]},"faces":{"north":{"uv":[5.5,8.0,6.0,8.5],"rotation":180.0,"texture":"#0"},"east":{"uv":[5.0,8.0,5.5,8.5],"rotation":90.0,"texture":"#0"},"south":{"uv":[11.0,13.25,12.25,13.5],"texture":"#missing"},"west":{"uv":[5.0,8.0,5.5,8.5],"rotation":270.0,"texture":"#0"},"up":{"uv":[5.0,8.0,5.5,8.5],"texture":"#0"},"down":{"uv":[5.0,8.0,5.5,8.5],"rotation":180.0,"texture":"#0"}}},{"from":[4.5,-5.82517,2.03566],"to":[11.5,4.17483,9.03566],"rotation":{"angle":22.5,"axis":"x","origin":[8.0,-3.76119,4.96581]},"faces":{"north":{"uv":[6.125,6.75,7.0,8.0],"texture":"#0"},"east":{"uv":[6.125,5.5,7.0,6.75],"texture":"#0"},"south":{"uv":[7.25,5.125,8.125,6.375],"texture":"#0"},"west":{"uv":[7.0,5.5,6.125,6.75],"texture":"#0"},"up":{"uv":[5.375,7.125,5.5,7.25],"texture":"#0"},"down":{"uv":[7.875,6.375,8.75,7.25],"texture":"#0"}}},{"name":"cube inverted","from":[12.5,9.0,12.5],"to":[3.5,-1.0,3.5],"rotation":{"angle":0.0,"axis":"y","origin":[-10.0,-6.24,-8.5]},"faces":{"north":{"uv":[5.0,6.75,6.125,5.5],"texture":"#0"},"east":{"uv":[6.125,6.75,5.0,5.5],"texture":"#0"},"south":{"uv":[5.0,8.0,6.125,6.75],"texture":"#0"},"west":{"uv":[5.0,6.75,6.125,5.5],"texture":"#0"},"up":{"uv":[7.25,4.375,6.125,5.5],"texture":"#0"},"down":{"uv":[6.125,4.375,5.0,5.5],"texture":"#0"}}}],"gui_light":"front","display":{"thirdperson_righthand":{"rotation":[64.25,0.0,0.0],"scale":[0.44336,0.44336,0.44336]},"thirdperson_lefthand":{"rotation":[64.25,0.0,0.0],"scale":[0.44336,0.44336,0.44336]},"firstperson_righthand":{"scale":[0.0,0.0,0.0]},"firstperson_lefthand":{"scale":[0.0,0.0,0.0]},"ground":{"translation":[0.0,4.25,0.0],"scale":[0.43945,0.43945,0.43945]},"gui":{"rotation":[-149.61,-31.92,-180.0],"translation":[-0.25,3.25,0.0],"scale":[0.625,0.625,0.625]},"head":{"translation":[0.0,5.75,0.0],"scale":[1.70352,1.70352,1.70352]}}}