{"textures":{"0":"mcc:island_cosmetics/head/head_2","1":"mcc:island_cosmetics/head_variant/variant_bucket_hat","particle":"mcc:island_cosmetics/head/head_2"},"credit":"Made with Blockbench","texture_size":[128.0,128.0],"elements":[{"from":[3.5,-2.26,3.5],"to":[12.5,2.74,12.5],"rotation":{"angle":0.0,"axis":"y","origin":[-0.49,0.0,-0.49]},"faces":{"north":{"uv":[1.375,10.375,2.5,11.0],"texture":"#0","tintindex":0.0},"east":{"uv":[1.375,10.375,2.5,11.0],"texture":"#0","tintindex":0.0},"south":{"uv":[1.375,10.375,2.5,11.0],"texture":"#0","tintindex":0.0},"west":{"uv":[1.375,10.375,2.5,11.0],"texture":"#0","tintindex":0.0},"up":{"uv":[2.5,10.375,3.625,11.5],"texture":"#0","tintindex":0.0},"down":{"uv":[3.375,4.25,3.5,4.375],"texture":"#0","tintindex":0.0}}},{"name":"cube inverted","from":[12.5,2.74,12.5],"to":[3.5,-2.26,3.5],"rotation":{"angle":0.0,"axis":"y","origin":[-0.49,0.0,-0.49]},"faces":{"north":{"uv":[1.375,11.0,2.5,10.375],"texture":"#0","tintindex":0.0},"east":{"uv":[1.375,11.0,2.5,10.375],"texture":"#0","tintindex":0.0},"south":{"uv":[1.375,11.0,2.5,10.375],"texture":"#0","tintindex":0.0},"west":{"uv":[1.375,11.0,2.5,10.375],"texture":"#0","tintindex":0.0},"up":{"uv":[3.5,4.25,3.375,4.375],"texture":"#0","tintindex":0.0},"down":{"uv":[3.625,10.375,2.5,11.5],"texture":"#0","tintindex":0.0}}},{"from":[4.06802,-8.75264,1.5],"to":[4.06802,-5.75264,14.5],"rotation":{"angle":-45.0,"axis":"z","origin":[8.0,-3.32066,8.0]},"faces":{"north":{"uv":[0.25,5.5,1.375,6.125],"rotation":90.0,"texture":"#1","tintindex":0.0},"east":{"uv":[0.125,7.25,1.75,6.875],"rotation":180.0,"texture":"#1","tintindex":0.0},"south":{"uv":[0.25,5.5,1.375,6.125],"rotation":270.0,"texture":"#1","tintindex":0.0},"west":{"uv":[0.125,6.875,1.75,7.25],"texture":"#1","tintindex":0.0},"up":{"uv":[0.25,5.5,1.375,6.125],"rotation":270.0,"texture":"#1","tintindex":0.0},"down":{"uv":[0.25,5.5,1.375,6.125],"rotation":270.0,"texture":"#1","tintindex":0.0}}},{"from":[1.5,-5.26,12.5],"to":[14.5,-2.26,12.5],"rotation":{"angle":-45.0,"axis":"x","origin":[8.0,-2.26,12.5]},"faces":{"north":{"uv":[0.125,7.25,1.75,6.875],"rotation":180.0,"texture":"#1","tintindex":0.0},"east":{"uv":[0.25,5.5,1.375,6.125],"rotation":270.0,"texture":"#1","tintindex":0.0},"south":{"uv":[0.125,6.875,1.75,7.25],"texture":"#1","tintindex":0.0},"west":{"uv":[0.25,5.5,1.375,6.125],"rotation":90.0,"texture":"#1","tintindex":0.0},"up":{"uv":[0.25,5.5,1.375,6.125],"rotation":180.0,"texture":"#1","tintindex":0.0},"down":{"uv":[0.25,5.5,1.375,6.125],"texture":"#1","tintindex":0.0}}},{"from":[1.5,-5.26,3.5],"to":[14.5,-2.26,3.5],"rotation":{"angle":45.0,"axis":"x","origin":[8.0,-2.26,3.5]},"faces":{"north":{"uv":[1.75,6.875,0.125,7.25],"texture":"#1","tintindex":0.0},"east":{"uv":[0.25,6.125,1.375,5.5],"rotation":270.0,"texture":"#1","tintindex":0.0},"south":{"uv":[1.75,7.25,0.125,6.875],"rotation":180.0,"texture":"#1","tintindex":0.0},"west":{"uv":[0.25,6.125,1.375,5.5],"rotation":90.0,"texture":"#1","tintindex":0.0},"up":{"uv":[0.25,6.125,1.375,5.5],"rotation":180.0,"texture":"#1","tintindex":0.0},"down":{"uv":[0.25,6.125,1.375,5.5],"texture":"#1","tintindex":0.0}}},{"from":[11.93198,-8.75264,1.5],"to":[11.93198,-5.75264,14.5],"rotation":{"angle":45.0,"axis":"z","origin":[8.0,-3.32066,8.0]},"faces":{"north":{"uv":[0.25,6.125,1.375,5.5],"rotation":90.0,"texture":"#1","tintindex":0.0},"east":{"uv":[1.75,6.875,0.125,7.25],"texture":"#1","tintindex":0.0},"south":{"uv":[0.25,6.125,1.375,5.5],"rotation":270.0,"texture":"#1","tintindex":0.0},"west":{"uv":[1.75,7.25,0.125,6.875],"rotation":180.0,"texture":"#1","tintindex":0.0},"up":{"uv":[0.25,6.125,1.375,5.5],"rotation":270.0,"texture":"#1","tintindex":0.0},"down":{"uv":[0.25,6.125,1.375,5.5],"rotation":270.0,"texture":"#1","tintindex":0.0}}}],"gui_light":"front","display":{"thirdperson_righthand":{"rotation":[64.25,0.0,0.0],"scale":[0.44336,0.44336,0.44336]},"thirdperson_lefthand":{"rotation":[64.25,0.0,0.0],"scale":[0.44336,0.44336,0.44336]},"firstperson_righthand":{"scale":[0.0,0.0,0.0]},"firstperson_lefthand":{"scale":[0.0,0.0,0.0]},"ground":{"translation":[0.0,4.25,0.0],"scale":[0.43945,0.43945,0.43945]},"gui":{"rotation":[-149.61,-31.92,-180.0],"translation":[0.0,7.0,0.0],"scale":[0.91601,0.91601,0.91601]},"head":{"rotation":[5.75,0.0,0.0],"translation":[0.0,20.5,1.75],"scale":[1.68789,1.68789,1.68789]}}}