{"textures":{"0":"mcc:island_cosmetics/head/head_7","particle":"mcc:island_cosmetics/head/head_7"},"credit":"Made with Blockbench","texture_size":[128.0,128.0],"elements":[{"from":[1.9,3.9,1.9],"to":[14.1,6.1,14.1],"rotation":{"angle":0.0,"axis":"x","origin":[8.5,4.25,8.5]},"faces":{"north":{"uv":[3.5,9.0,5.0,9.25],"texture":"#0"},"east":{"uv":[3.5,9.0,5.0,9.25],"texture":"#0"},"south":{"uv":[3.5,9.0,5.0,9.25],"texture":"#0"},"west":{"uv":[3.5,9.0,5.0,9.25],"texture":"#0"},"up":{"uv":[4.125,9.0,4.25,9.125],"texture":"#0"},"down":{"uv":[4.125,9.0,4.25,9.125],"texture":"#0"}}},{"from":[2.0,5.5,2.0],"to":[14.0,7.5,14.0],"rotation":{"angle":0.0,"axis":"x","origin":[8.5,4.25,8.5]},"faces":{"north":{"uv":[3.5,9.5,5.0,9.75],"texture":"#0"},"east":{"uv":[3.5,9.5,5.0,9.75],"texture":"#0"},"south":{"uv":[3.5,9.5,5.0,9.75],"texture":"#0"},"west":{"uv":[3.5,9.5,5.0,9.75],"texture":"#0"},"up":{"uv":[3.75,9.625,3.875,9.75],"texture":"#0"},"down":{"uv":[3.75,9.625,3.875,9.75],"texture":"#0"}}},{"from":[2.0,10.32843,0.75736],"to":[14.0,10.32843,4.75736],"rotation":{"angle":-45.0,"axis":"x","origin":[8.0,5.08579,8.0]},"faces":{"north":{"uv":[3.5,9.5,5.0,9.75],"texture":"#0"},"east":{"uv":[3.5,9.5,5.0,9.75],"texture":"#0"},"south":{"uv":[3.5,9.5,5.0,9.75],"texture":"#0"},"west":{"uv":[3.5,9.5,5.0,9.75],"texture":"#0"},"up":{"uv":[3.5,9.75,5.0,10.25],"texture":"#0"},"down":{"uv":[3.5,10.25,5.0,9.75],"texture":"#0"}}},{"from":[2.0,10.32843,11.24264],"to":[14.0,10.32843,15.24264],"rotation":{"angle":45.0,"axis":"x","origin":[8.0,5.08579,8.0]},"faces":{"north":{"uv":[5.0,9.5,3.5,9.75],"texture":"#0"},"east":{"uv":[5.0,9.5,3.5,9.75],"texture":"#0"},"south":{"uv":[5.0,9.5,3.5,9.75],"texture":"#0"},"west":{"uv":[5.0,9.5,3.5,9.75],"texture":"#0"},"up":{"uv":[3.5,10.25,5.0,9.75],"texture":"#0"},"down":{"uv":[3.5,9.75,5.0,10.25],"texture":"#0"}}},{"from":[0.75736,10.32843,2.0],"to":[4.75736,10.32843,14.0],"rotation":{"angle":45.0,"axis":"z","origin":[8.0,5.08579,8.0]},"faces":{"north":{"uv":[5.0,9.5,3.5,9.75],"texture":"#0"},"east":{"uv":[5.0,9.5,3.5,9.75],"texture":"#0"},"south":{"uv":[5.0,9.5,3.5,9.75],"texture":"#0"},"west":{"uv":[5.0,9.5,3.5,9.75],"texture":"#0"},"up":{"uv":[3.5,10.25,5.0,9.75],"rotation":90.0,"texture":"#0"},"down":{"uv":[3.5,9.75,5.0,10.25],"rotation":270.0,"texture":"#0"}}},{"from":[11.24264,10.32843,2.0],"to":[15.24264,10.32843,14.0],"rotation":{"angle":-45.0,"axis":"z","origin":[8.0,5.08579,8.0]},"faces":{"north":{"uv":[3.5,9.5,5.0,9.75],"texture":"#0"},"east":{"uv":[3.5,9.5,5.0,9.75],"texture":"#0"},"south":{"uv":[3.5,9.5,5.0,9.75],"texture":"#0"},"west":{"uv":[3.5,9.5,5.0,9.75],"texture":"#0"},"up":{"uv":[3.5,9.75,5.0,10.25],"rotation":90.0,"texture":"#0"},"down":{"uv":[3.5,10.25,5.0,9.75],"rotation":270.0,"texture":"#0"}}},{"from":[2.0,7.32843,0.75736],"to":[14.0,7.32843,4.75736],"rotation":{"angle":-45.0,"axis":"x","origin":[8.0,2.08579,8.0]},"faces":{"north":{"uv":[3.5,9.5,5.0,9.75],"texture":"#0"},"east":{"uv":[3.5,9.5,5.0,9.75],"texture":"#0"},"south":{"uv":[3.5,9.5,5.0,9.75],"texture":"#0"},"west":{"uv":[3.5,9.5,5.0,9.75],"texture":"#0"},"up":{"uv":[3.5,10.25,5.0,10.75],"texture":"#0"},"down":{"uv":[5.0,10.75,3.5,10.25],"texture":"#0"}}},{"from":[2.0,7.32843,11.24264],"to":[14.0,7.32843,15.24264],"rotation":{"angle":45.0,"axis":"x","origin":[8.0,2.08579,8.0]},"faces":{"north":{"uv":[5.0,9.5,3.5,9.75],"texture":"#0"},"east":{"uv":[5.0,9.5,3.5,9.75],"texture":"#0"},"south":{"uv":[5.0,9.5,3.5,9.75],"texture":"#0"},"west":{"uv":[5.0,9.5,3.5,9.75],"texture":"#0"},"up":{"uv":[3.5,10.75,5.0,10.25],"texture":"#0"},"down":{"uv":[5.0,10.25,3.5,10.75],"texture":"#0"}}},{"from":[0.75736,7.32843,2.0],"to":[4.75736,7.32843,14.0],"rotation":{"angle":45.0,"axis":"z","origin":[8.0,2.08579,8.0]},"faces":{"north":{"uv":[5.0,9.5,3.5,9.75],"texture":"#0"},"east":{"uv":[5.0,9.5,3.5,9.75],"texture":"#0"},"south":{"uv":[5.0,9.5,3.5,9.75],"texture":"#0"},"west":{"uv":[5.0,9.5,3.5,9.75],"texture":"#0"},"up":{"uv":[3.5,10.75,5.0,10.25],"rotation":90.0,"texture":"#0"},"down":{"uv":[5.0,10.25,3.5,10.75],"rotation":270.0,"texture":"#0"}}},{"from":[11.24264,7.32843,2.0],"to":[15.24264,7.32843,14.0],"rotation":{"angle":-45.0,"axis":"z","origin":[8.0,2.08579,8.0]},"faces":{"north":{"uv":[3.5,9.5,5.0,9.75],"texture":"#0"},"east":{"uv":[3.5,9.5,5.0,9.75],"texture":"#0"},"south":{"uv":[3.5,9.5,5.0,9.75],"texture":"#0"},"west":{"uv":[3.5,9.5,5.0,9.75],"texture":"#0"},"up":{"uv":[3.5,10.25,5.0,10.75],"rotation":90.0,"texture":"#0"},"down":{"uv":[5.0,10.75,3.5,10.25],"rotation":270.0,"texture":"#0"}}},{"from":[2.0,2.75,2.0],"to":[14.0,4.75,14.0],"rotation":{"angle":0.0,"axis":"x","origin":[8.5,4.25,8.5]},"faces":{"north":{"uv":[3.5,9.25,5.0,9.5],"texture":"#0"},"east":{"uv":[3.5,9.25,5.0,9.5],"texture":"#0"},"south":{"uv":[3.5,9.25,5.0,9.5],"texture":"#0"},"west":{"uv":[3.5,9.25,5.0,9.5],"texture":"#0"},"up":{"uv":[3.625,9.25,3.75,9.375],"texture":"#0"},"down":{"uv":[3.625,9.25,3.75,9.375],"texture":"#0"}}},{"from":[1.9,0.65,1.9],"to":[14.1,2.85,14.1],"rotation":{"angle":0.0,"axis":"x","origin":[8.5,4.25,8.5]},"faces":{"north":{"uv":[3.5,8.75,5.0,9.0],"texture":"#0"},"east":{"uv":[3.5,8.75,5.0,9.0],"texture":"#0"},"south":{"uv":[3.5,8.75,5.0,9.0],"texture":"#0"},"west":{"uv":[3.5,8.75,5.0,9.0],"texture":"#0"},"up":{"uv":[3.75,8.875,3.875,9.0],"texture":"#0"},"down":{"uv":[3.75,8.875,3.875,9.0],"texture":"#0"}}},{"from":[1.5,-2.0,1.5],"to":[14.5,1.0,14.5],"rotation":{"angle":0.0,"axis":"x","origin":[7.5,9.5,7.5]},"faces":{"north":{"uv":[3.5,7.625,5.125,8.0],"texture":"#0"},"east":{"uv":[3.5,7.625,5.125,8.0],"texture":"#0"},"south":{"uv":[3.5,7.625,5.125,8.0],"texture":"#0"},"west":{"uv":[3.5,7.625,5.125,8.0],"texture":"#0"},"up":{"uv":[6.625,7.625,8.25,9.25],"texture":"#0"},"down":{"uv":[5.0,9.0,6.625,10.625],"texture":"#0"}}},{"from":[1.5,6.75,1.5],"to":[14.5,9.75,14.5],"rotation":{"angle":0.0,"axis":"x","origin":[7.5,9.5,7.5]},"faces":{"north":{"uv":[3.5,8.125,5.125,8.5],"texture":"#0"},"east":{"uv":[3.5,8.125,5.125,8.5],"texture":"#0"},"south":{"uv":[3.5,8.125,5.125,8.5],"texture":"#0"},"west":{"uv":[3.5,8.125,5.125,8.5],"texture":"#0"},"up":{"uv":[5.0,9.0,6.625,10.625],"texture":"#0"},"down":{"uv":[6.625,7.625,8.25,9.25],"texture":"#0"}}},{"from":[2.5,9.75,2.5],"to":[13.5,11.75,13.5],"rotation":{"angle":0.0,"axis":"x","origin":[7.5,9.5,7.5]},"faces":{"north":{"uv":[3.5,8.5,4.875,8.75],"texture":"#0"},"east":{"uv":[3.5,8.5,4.875,8.75],"texture":"#0"},"south":{"uv":[3.5,8.5,4.875,8.75],"texture":"#0"},"west":{"uv":[3.5,8.5,4.875,8.75],"texture":"#0"},"up":{"uv":[5.125,7.625,6.5,9.0],"texture":"#0"},"down":{"uv":[5.125,7.0,6.5,8.375],"texture":"#missing"}}},{"from":[2.4,9.65,2.4],"to":[13.6,11.85,13.6],"rotation":{"angle":0.0,"axis":"x","origin":[7.5,9.5,7.5]},"faces":{"north":{"uv":[6.625,9.25,8.0,9.5],"texture":"#0"},"east":{"uv":[6.625,9.25,8.0,9.5],"texture":"#0"},"south":{"uv":[6.625,9.25,8.0,9.5],"texture":"#0"},"west":{"uv":[6.625,9.25,8.0,9.5],"texture":"#0"},"up":{"uv":[6.625,9.5,8.0,10.875],"texture":"#0"},"down":{"uv":[4.875,8.625,5.0,8.75],"texture":"#0"}}}],"gui_light":"front","display":{"thirdperson_righthand":{"rotation":[55.5,34.0,0.0],"translation":[0.0,1.0,0.75],"scale":[0.52539,0.52539,0.52539]},"thirdperson_lefthand":{"rotation":[55.5,34.0,0.0],"translation":[0.0,1.0,0.75],"scale":[0.52539,0.52539,0.52539]},"firstperson_righthand":{"rotation":[21.0,114.5,-13.75],"translation":[9.5,0.0,-5.75],"scale":[0.41992,0.41992,0.41992]},"firstperson_lefthand":{"rotation":[21.0,114.5,-13.75],"translation":[9.5,0.0,-5.75],"scale":[0.41992,0.41992,0.41992]},"gui":{"rotation":[-149.61,-31.92,-180.0],"translation":[0.0,2.25,0.0],"scale":[0.73632,0.73632,0.73632]},"head":{"translation":[0.0,9.0,0.0],"scale":[1.65078,1.65078,1.65078]}}}