{"textures":{"0":"mcc:island_cosmetics/head/head_4","particle":"mcc:island_cosmetics/head/head_4"},"credit":"Made with Blockbench","texture_size":[128.0,128.0],"elements":[{"from":[1.5,3.0,1.5],"to":[14.5,14.0,14.5],"rotation":{"angle":0.0,"axis":"y","origin":[8.0,7.5,8.0]},"faces":{"north":{"uv":[12.75,11.125,14.375,12.5],"texture":"#0"},"east":{"uv":[14.375,11.875,16.0,10.5],"rotation":180.0,"texture":"#0"},"south":{"uv":[12.75,12.5,14.375,13.875],"texture":"#0"},"west":{"uv":[14.375,11.875,16.0,10.5],"rotation":180.0,"texture":"#0"},"up":{"uv":[14.375,11.875,16.0,13.5],"rotation":270.0,"texture":"#0"},"down":{"uv":[12.25,9.75,12.375,9.875],"rotation":90.0,"texture":"#0"}}},{"from":[1.5,6.47885,-0.88643],"to":[14.5,6.47885,4.11357],"rotation":{"angle":-45.0,"axis":"x","origin":[9.0,1.58507,7.00734]},"faces":{"north":{"uv":[14.625,9.5,13.25,10.5],"texture":"#0"},"east":{"uv":[14.625,9.5,16.0,10.5],"texture":"#0"},"south":{"uv":[16.0,6.5,14.625,7.5],"texture":"#0"},"west":{"uv":[16.0,9.5,14.625,10.5],"texture":"#0"},"up":{"uv":[12.625,11.125,14.25,10.5],"rotation":180.0,"texture":"#0"},"down":{"uv":[12.625,10.5,14.25,11.125],"rotation":180.0,"texture":"#0"}}},{"from":[1.5,6.47885,11.88643],"to":[14.5,6.47885,16.88643],"rotation":{"angle":45.0,"axis":"x","origin":[9.0,1.58507,8.99266]},"faces":{"north":{"uv":[14.625,6.5,16.0,7.5],"texture":"#0"},"east":{"uv":[16.0,9.5,14.625,10.5],"texture":"#0"},"south":{"uv":[13.25,9.5,14.625,10.5],"texture":"#0"},"west":{"uv":[14.625,9.5,16.0,10.5],"texture":"#0"},"up":{"uv":[12.625,10.5,14.25,11.125],"rotation":180.0,"texture":"#0"},"down":{"uv":[12.625,11.125,14.25,10.5],"rotation":180.0,"texture":"#0"}}},{"from":[11.89377,6.47885,1.50734],"to":[16.89377,6.47885,14.50734],"rotation":{"angle":-45.0,"axis":"z","origin":[9.0,1.58507,9.00734]},"faces":{"north":{"uv":[16.0,9.5,14.625,10.5],"texture":"#0"},"east":{"uv":[14.625,9.5,13.25,10.5],"texture":"#0"},"south":{"uv":[14.625,9.5,16.0,10.5],"texture":"#0"},"west":{"uv":[16.0,6.5,14.625,7.5],"texture":"#0"},"up":{"uv":[14.25,10.5,12.625,11.125],"rotation":90.0,"texture":"#0"},"down":{"uv":[14.25,10.5,12.625,11.125],"rotation":90.0,"texture":"#0"}}},{"from":[-0.8791,6.47885,1.50734],"to":[4.1209,6.47885,14.50734],"rotation":{"angle":45.0,"axis":"z","origin":[7.01467,1.58507,9.00734]},"faces":{"north":{"uv":[14.625,9.5,16.0,10.5],"texture":"#0"},"east":{"uv":[14.625,6.5,16.0,7.5],"texture":"#0"},"south":{"uv":[16.0,9.5,14.625,10.5],"texture":"#0"},"west":{"uv":[13.25,9.5,14.625,10.5],"texture":"#0"},"up":{"uv":[14.25,11.125,12.625,10.5],"rotation":90.0,"texture":"#0"},"down":{"uv":[14.25,11.125,12.625,10.5],"rotation":90.0,"texture":"#0"}}},{"name":"cube inverted","from":[14.5,14.0,14.5],"to":[1.5,3.0,1.5],"rotation":{"angle":0.0,"axis":"y","origin":[8.0,7.5,8.0]},"faces":{"north":{"uv":[12.75,13.875,14.375,12.5],"texture":"#0"},"east":{"uv":[14.375,10.5,16.0,11.875],"rotation":180.0,"texture":"#0"},"south":{"uv":[12.75,12.5,14.375,11.125],"texture":"#0"},"west":{"uv":[14.375,10.5,16.0,11.875],"rotation":180.0,"texture":"#0"},"up":{"uv":[12.25,9.875,12.375,9.75],"rotation":90.0,"texture":"#0"},"down":{"uv":[14.375,13.5,16.0,11.875],"rotation":270.0,"texture":"#0"}}}],"gui_light":"front","display":{"thirdperson_righthand":{"rotation":[63.0,34.0,0.0],"translation":[0.0,1.0,-1.0],"scale":[0.52539,0.52539,0.52539]},"thirdperson_lefthand":{"rotation":[63.0,34.0,0.0],"translation":[0.0,1.0,-1.0],"scale":[0.52539,0.52539,0.52539]},"firstperson_righthand":{"rotation":[3.0,112.0,-13.0],"translation":[9.5,0.0,-5.75],"scale":[0.41992,0.41992,0.41992]},"firstperson_lefthand":{"rotation":[3.0,112.0,-13.0],"translation":[9.5,0.0,-5.75],"scale":[0.41992,0.41992,0.41992]},"ground":{"translation":[0.0,4.25,0.0],"scale":[0.28906,0.28906,0.28906]},"gui":{"rotation":[-149.43,-37.17,-179.4],"translation":[0.25,1.25,0.0],"scale":[0.62109,0.62109,0.62109]},"head":{"rotation":[2.0,0.0,0.0],"translation":[0.0,2.75,0.5],"scale":[1.49453,1.49453,1.49453]},"fixed":{"translation":[0.0,-3.25,-7.5]}}}