{"textures":{"0":"mcc:island_cosmetics/head/head_2","particle":"mcc:island_cosmetics/head/head_2"},"credit":"Made with Blockbench","texture_size":[128.0,128.0],"elements":[{"from":[3.0,7.0,5.0],"to":[6.0,10.0,6.0],"rotation":{"angle":22.5,"axis":"z","origin":[5.125,8.25,5.375]},"faces":{"north":{"uv":[8.625,3.625,9.0,4.0],"texture":"#0","tintindex":0.0},"east":{"uv":[9.25,3.625,9.375,4.0],"texture":"#0","tintindex":0.0},"south":{"uv":[9.0,3.625,9.375,4.0],"texture":"#0","tintindex":0.0},"west":{"uv":[9.0,3.625,9.125,4.0],"texture":"#0","tintindex":0.0},"up":{"uv":[9.0,3.625,9.375,3.75],"texture":"#0","tintindex":0.0},"down":{"uv":[9.25,3.875,9.375,4.0],"texture":"#0","tintindex":0.0}}},{"from":[1.0,7.0,5.0],"to":[8.0,12.0,5.0],"rotation":{"angle":22.5,"axis":"z","origin":[5.125,8.25,5.375]},"faces":{"north":{"uv":[8.5,3.0,9.375,3.625],"texture":"#0","tintindex":0.0},"east":{"uv":[0.0,0.0,1.5,3.5],"texture":"#missing","tintindex":0.0},"south":{"uv":[9.375,3.0,8.5,3.625],"texture":"#0","tintindex":0.0},"west":{"uv":[0.0,0.0,1.5,3.5],"texture":"#missing","tintindex":0.0},"up":{"uv":[0.0,0.0,2.5,1.5],"texture":"#missing","tintindex":0.0},"down":{"uv":[0.0,0.0,2.5,1.5],"texture":"#missing","tintindex":0.0}}},{"from":[8.0,7.0,5.0],"to":[15.0,12.0,5.0],"rotation":{"angle":-22.5,"axis":"z","origin":[10.875,8.25,5.375]},"faces":{"north":{"uv":[9.375,3.0,8.5,3.625],"texture":"#0","tintindex":0.0},"east":{"uv":[1.5,0.0,0.0,3.5],"texture":"#missing","tintindex":0.0},"south":{"uv":[8.5,3.0,9.375,3.625],"texture":"#0","tintindex":0.0},"west":{"uv":[1.5,0.0,0.0,3.5],"texture":"#missing","tintindex":0.0},"up":{"uv":[2.5,0.0,0.0,1.5],"texture":"#missing","tintindex":0.0},"down":{"uv":[2.5,0.0,0.0,1.5],"texture":"#missing","tintindex":0.0}}},{"from":[10.0,7.0,5.0],"to":[13.0,10.0,6.0],"rotation":{"angle":-22.5,"axis":"z","origin":[10.875,8.25,5.375]},"faces":{"north":{"uv":[9.0,3.625,8.625,4.0],"texture":"#0","tintindex":0.0},"east":{"uv":[9.125,3.625,9.0,4.0],"texture":"#0","tintindex":0.0},"south":{"uv":[9.375,3.625,9.0,4.0],"texture":"#0","tintindex":0.0},"west":{"uv":[9.375,3.625,9.25,4.0],"texture":"#0","tintindex":0.0},"up":{"uv":[9.375,3.625,9.0,3.75],"texture":"#0","tintindex":0.0},"down":{"uv":[9.375,3.875,9.25,4.0],"texture":"#0","tintindex":0.0}}},{"from":[10.0,7.0,5.0],"to":[13.0,10.0,6.0],"rotation":{"angle":-22.5,"axis":"z","origin":[10.875,8.25,5.375]},"faces":{"north":{"uv":[9.625,4.125,9.25,4.5],"texture":"#0"}}},{"from":[3.0,7.0,5.0],"to":[6.0,10.0,6.0],"rotation":{"angle":22.5,"axis":"z","origin":[5.125,8.25,5.375]},"faces":{"north":{"uv":[9.25,4.125,9.625,4.5],"texture":"#0"}}},{"from":[3.04,0.04,5.04],"to":[12.96,7.96,6.96],"faces":{"north":{"uv":[10.875,3.0,9.625,4.0],"texture":"#0","tintindex":0.0},"east":{"uv":[9.625,3.0,9.375,4.0],"texture":"#0","tintindex":0.0},"south":{"uv":[10.875,3.0,9.625,4.0],"texture":"#0","tintindex":0.0},"west":{"uv":[9.375,3.0,9.625,4.0],"texture":"#0","tintindex":0.0},"up":{"uv":[10.625,2.75,9.375,3.0],"texture":"#0","tintindex":0.0},"down":{"uv":[10.375,3.375,10.5,3.5],"texture":"#0","tintindex":0.0}}},{"name":"cube inverted","from":[12.96,7.96,6.96],"to":[3.04,0.04,5.04],"faces":{"north":{"uv":[10.875,4.0,9.625,3.0],"texture":"#0","tintindex":0.0},"east":{"uv":[9.375,4.0,9.625,3.0],"texture":"#0","tintindex":0.0},"south":{"uv":[10.875,4.0,9.625,3.0],"texture":"#0","tintindex":0.0},"west":{"uv":[9.625,4.0,9.375,3.0],"texture":"#0","tintindex":0.0},"up":{"uv":[10.5,3.375,10.375,3.5],"texture":"#0","tintindex":0.0},"down":{"uv":[9.375,2.75,10.625,3.0],"texture":"#0","tintindex":0.0}}}],"display":{"thirdperson_righthand":{"translation":[0.0,0.0,2.75]},"thirdperson_lefthand":{"translation":[0.0,0.0,2.5]},"firstperson_righthand":{"translation":[0.0,0.0,1.0]},"firstperson_lefthand":{"translation":[0.0,0.0,1.0]},"ground":{"scale":[1.5,1.5,1.5]},"gui":{"rotation":[26.0,-149.0,0.0],"translation":[-1.5,4.0,0.0],"scale":[1.16797,1.16797,1.16797]},"head":{"rotation":[-10.25,0.0,0.0],"translation":[0.0,8.4,0.25],"scale":[1.51406,1.51406,1.51406]}}}