{"textures":{"0":"mcc:island_cosmetics/head/head_3","1":"mcc:island_cosmetics/head/computer_head","particle":"mcc:island_cosmetics/head/head_3"},"credit":"Made with Blockbench","elements":[{"from":[1.0,-1.0,0.5],"to":[15.0,12.0,6.5],"rotation":{"angle":0.0,"axis":"x","origin":[5.0,9.5,7.5]},"faces":{"north":{"uv":[6.625,14.375,8.375,16.0],"texture":"#0"},"east":{"uv":[8.375,14.375,9.125,16.0],"texture":"#0"},"south":{"uv":[6.375,12.75,8.125,14.375],"texture":"#0"},"west":{"uv":[9.125,14.375,8.375,16.0],"texture":"#0"},"up":{"uv":[8.125,13.625,9.875,14.375],"texture":"#0"},"down":{"uv":[8.125,12.125,9.875,12.875],"texture":"#0"}}},{"from":[2.0,1.0,0.75],"to":[14.0,11.0,0.75],"rotation":{"angle":0.0,"axis":"x","origin":[6.0,9.5,7.5]},"faces":{"north":{"uv":[2.0,3.0,14.0,13.0],"texture":"#1","tintindex":0.0},"south":{"uv":[2.0,3.0,14.0,13.0],"texture":"#1","tintindex":0.0}}},{"from":[2.0,0.0,6.5],"to":[14.0,11.0,12.5],"rotation":{"angle":0.0,"axis":"x","origin":[6.0,9.5,7.5]},"faces":{"east":{"uv":[9.125,14.625,9.875,16.0],"texture":"#0"},"south":{"uv":[11.375,14.625,9.875,16.0],"texture":"#0"},"west":{"uv":[9.875,14.625,9.125,16.0],"texture":"#0"},"up":{"uv":[9.875,13.875,11.375,14.625],"texture":"#0"},"down":{"uv":[9.625,12.875,8.125,13.625],"texture":"#0"}}},{"name":"cube inverted","from":[14.0,11.0,1.5],"to":[2.0,1.0,0.5],"rotation":{"angle":0.0,"axis":"x","origin":[-6.0,9.5,7.5]},"faces":{"north":{"uv":[9.875,13.875,11.375,12.625],"texture":"#0"},"east":{"uv":[9.875,13.875,10.0,12.625],"texture":"#0"},"west":{"uv":[9.875,13.875,10.0,12.625],"texture":"#0"},"up":{"uv":[11.375,13.75,9.875,13.875],"texture":"#0"},"down":{"uv":[11.375,12.625,9.875,12.75],"texture":"#0"}}}],"gui_light":"front","display":{"thirdperson_righthand":{"rotation":[55.5,34.0,0.0],"translation":[0.0,1.0,0.75],"scale":[0.52539,0.52539,0.52539]},"thirdperson_lefthand":{"rotation":[55.5,34.0,0.0],"translation":[0.0,1.0,0.75],"scale":[0.52539,0.52539,0.52539]},"firstperson_righthand":{"rotation":[21.0,114.5,-13.75],"translation":[9.5,0.0,-5.75],"scale":[0.41992,0.41992,0.41992]},"firstperson_lefthand":{"rotation":[21.0,114.5,-13.75],"translation":[9.5,0.0,-5.75],"scale":[0.41992,0.41992,0.41992]},"gui":{"rotation":[-149.61,-31.92,-180.0],"translation":[-1.0,2.5,0.0],"scale":[0.76562,0.76562,0.76562]},"head":{"translation":[0.0,6.25,2.0],"scale":[1.62539,1.62539,1.62539]}}}