{"textures":{"0":"mcc:island_cosmetics/head/head_3","particle":"mcc:island_cosmetics/head/head_3"},"credit":"Made with Blockbench","texture_size":[128.0,128.0],"elements":[{"from":[3.5,2.0,3.5],"to":[12.5,14.0,12.5],"rotation":{"angle":0.0,"axis":"y","origin":[0.5,0.0,-1.5]},"faces":{"north":{"uv":[14.875,10.125,16.0,11.625],"texture":"#0","tintindex":0.0},"east":{"uv":[13.75,10.125,14.875,11.625],"texture":"#0","tintindex":0.0},"south":{"uv":[13.75,11.625,14.875,13.125],"texture":"#0","tintindex":0.0},"west":{"uv":[14.875,10.125,13.75,11.625],"texture":"#0","tintindex":0.0},"up":{"uv":[14.875,11.625,16.0,12.75],"texture":"#0","tintindex":0.0},"down":{"uv":[4.25,9.75,4.375,9.875],"texture":"#0","tintindex":0.0}}},{"from":[3.25,1.75,3.25],"to":[12.75,5.25,12.75],"rotation":{"angle":0.0,"axis":"y","origin":[0.5,0.0,-1.5]},"faces":{"north":{"uv":[14.875,13.125,16.0,13.5],"texture":"#0","tintindex":0.0},"east":{"uv":[14.875,12.75,16.0,13.125],"texture":"#0","tintindex":0.0},"south":{"uv":[14.875,13.125,16.0,13.5],"texture":"#0","tintindex":0.0},"west":{"uv":[16.0,12.75,14.875,13.125],"texture":"#0","tintindex":0.0},"up":{"uv":[14.0,9.375,14.125,9.5],"texture":"#0","tintindex":0.0},"down":{"uv":[14.0,9.375,14.125,9.5],"texture":"#0","tintindex":0.0}}},{"from":[3.25,13.0,3.25],"to":[12.75,14.25,12.75],"rotation":{"angle":0.0,"axis":"y","origin":[0.5,0.0,-1.5]},"faces":{"north":{"uv":[14.875,11.5,16.0,11.625],"texture":"#0","tintindex":0.0},"east":{"uv":[14.875,11.5,16.0,11.625],"texture":"#0","tintindex":0.0},"south":{"uv":[14.875,11.5,16.0,11.625],"texture":"#0","tintindex":0.0},"west":{"uv":[14.875,11.5,16.0,11.625],"texture":"#0","tintindex":0.0},"up":{"uv":[14.0,9.375,14.125,9.5],"texture":"#0","tintindex":0.0},"down":{"uv":[14.0,9.375,14.125,9.5],"texture":"#0","tintindex":0.0}}},{"name":"cube inverted","from":[12.75,5.25,12.75],"to":[3.25,1.75,3.25],"rotation":{"angle":0.0,"axis":"y","origin":[0.5,0.0,-1.5]},"faces":{"north":{"uv":[14.875,13.5,16.0,13.125],"texture":"#0","tintindex":0.0},"east":{"uv":[16.0,13.125,14.875,12.75],"texture":"#0","tintindex":0.0},"south":{"uv":[14.875,13.5,16.0,13.125],"texture":"#0","tintindex":0.0},"west":{"uv":[14.875,13.125,16.0,12.75],"texture":"#0","tintindex":0.0},"up":{"uv":[14.125,9.375,14.0,9.5],"texture":"#0","tintindex":0.0},"down":{"uv":[14.125,9.375,14.0,9.5],"texture":"#0","tintindex":0.0}}},{"name":"cube inverted","from":[12.75,14.25,12.75],"to":[3.25,13.0,3.25],"rotation":{"angle":0.0,"axis":"y","origin":[0.5,0.0,-1.5]},"faces":{"north":{"uv":[14.875,11.625,16.0,11.5],"texture":"#0","tintindex":0.0},"east":{"uv":[14.875,11.625,16.0,11.5],"texture":"#0","tintindex":0.0},"south":{"uv":[14.875,11.625,16.0,11.5],"texture":"#0","tintindex":0.0},"west":{"uv":[14.875,11.625,16.0,11.5],"texture":"#0","tintindex":0.0},"up":{"uv":[14.125,9.375,14.0,9.5],"texture":"#0","tintindex":0.0},"down":{"uv":[14.125,9.375,14.0,9.5],"texture":"#0","tintindex":0.0}}},{"name":"cube inverted","from":[12.5,14.0,12.5],"to":[3.5,2.0,3.5],"rotation":{"angle":0.0,"axis":"y","origin":[0.5,0.0,-1.5]},"faces":{"north":{"uv":[13.75,13.125,14.875,11.625],"texture":"#0","tintindex":0.0},"east":{"uv":[14.875,11.625,13.75,10.125],"texture":"#0","tintindex":0.0},"south":{"uv":[14.875,11.625,16.0,10.125],"texture":"#0","tintindex":0.0},"west":{"uv":[13.75,11.625,14.875,10.125],"texture":"#0","tintindex":0.0},"up":{"uv":[4.375,9.75,4.25,9.875],"texture":"#0","tintindex":0.0},"down":{"uv":[16.0,11.625,14.875,12.75],"texture":"#0","tintindex":0.0}}}],"gui_light":"front","display":{"thirdperson_righthand":{"rotation":[55.5,34.0,0.0],"translation":[0.0,1.0,0.75],"scale":[0.52539,0.52539,0.52539]},"thirdperson_lefthand":{"rotation":[55.5,34.0,0.0],"translation":[0.0,1.0,0.75],"scale":[0.52539,0.52539,0.52539]},"firstperson_righthand":{"rotation":[21.0,114.5,-13.75],"translation":[9.5,0.0,-5.75],"scale":[0.41992,0.41992,0.41992]},"firstperson_lefthand":{"rotation":[21.0,114.5,-13.75],"translation":[9.5,0.0,-5.75],"scale":[0.41992,0.41992,0.41992]},"gui":{"rotation":[-149.61,-31.92,-180.0],"scale":[0.8789,0.8789,0.8789]},"head":{"translation":[0.0,0.25,0.0],"scale":[1.73477,1.73477,1.73477]}}}