{"textures":{"0":"mcc:island_cosmetics/head/head_2","particle":"mcc:island_cosmetics/head/head_2"},"credit":"Made with Blockbench","texture_size":[128.0,128.0],"elements":[{"from":[2.9,2.8,2.9],"to":[13.1,10.0,13.1],"rotation":{"angle":0.0,"axis":"x","origin":[8.1,9.0,9.1]},"faces":{"north":{"uv":[0.0,12.0,1.25,12.875],"texture":"#0"},"east":{"uv":[0.0,13.25,1.25,14.125],"texture":"#0"},"south":{"uv":[0.625,13.875,0.75,14.0],"texture":"#0"},"west":{"uv":[1.25,13.25,0.0,14.125],"texture":"#0"},"up":{"uv":[0.625,13.875,0.75,14.0],"texture":"#0"},"down":{"uv":[0.625,13.875,0.75,14.0],"texture":"#0"}}},{"from":[5.9,1.4,1.4],"to":[10.1,4.6,3.6],"rotation":{"angle":0.0,"axis":"x","origin":[8.0,3.0,2.0]},"faces":{"north":{"uv":[1.25,12.875,1.75,13.25],"texture":"#0"},"east":{"uv":[1.25,13.25,1.5,13.625],"texture":"#0"},"south":{"uv":[2.0,13.25,1.5,13.625],"texture":"#0"},"west":{"uv":[1.5,13.25,1.25,13.625],"texture":"#0"},"up":{"uv":[2.25,12.875,1.75,13.125],"texture":"#0"},"down":{"uv":[1.625,13.25,1.75,13.375],"texture":"#0"}}},{"from":[2.0,0.25,3.25],"to":[14.0,4.25,3.25],"rotation":{"angle":0.0,"axis":"x","origin":[8.0,1.25,2.75]},"faces":{"north":{"uv":[1.25,13.625,2.75,14.125],"texture":"#0"},"east":{"uv":[1.25,13.25,1.5,13.625],"texture":"#0"},"south":{"uv":[1.25,13.625,2.75,14.125],"texture":"#0"},"west":{"uv":[1.5,13.25,1.25,13.625],"texture":"#0"},"up":{"uv":[0.0,4.625,1.25,5.875],"texture":"#missing"},"down":{"uv":[0.0,6.25,1.25,7.5],"texture":"#missing"}}},{"name":"cube inverted","from":[13.1,10.0,13.1],"to":[2.9,2.8,2.9],"rotation":{"angle":0.0,"axis":"x","origin":[8.1,9.0,9.1]},"faces":{"north":{"uv":[0.625,14.0,0.75,13.875],"texture":"#0"},"east":{"uv":[1.25,14.125,0.0,13.25],"texture":"#0"},"south":{"uv":[0.0,12.875,1.25,12.0],"texture":"#0"},"west":{"uv":[0.0,14.125,1.25,13.25],"texture":"#0"},"up":{"uv":[0.75,13.875,0.625,14.0],"texture":"#0"},"down":{"uv":[0.75,13.875,0.625,14.0],"texture":"#0"}}}],"gui_light":"front","display":{"thirdperson_righthand":{"rotation":[55.5,34.0,0.0],"translation":[0.0,1.0,0.75],"scale":[0.52539,0.52539,0.52539]},"thirdperson_lefthand":{"rotation":[55.5,34.0,0.0],"translation":[0.0,1.0,0.75],"scale":[0.52539,0.52539,0.52539]},"firstperson_righthand":{"rotation":[21.0,114.5,-13.75],"translation":[9.5,0.0,-5.75],"scale":[0.41992,0.41992,0.41992]},"firstperson_lefthand":{"rotation":[21.0,114.5,-13.75],"translation":[9.5,0.0,-5.75],"scale":[0.41992,0.41992,0.41992]},"gui":{"rotation":[-149.61,-31.92,-180.0],"translation":[-1.0,5.25,0.0],"scale":[1.10741,1.10741,1.10741]},"head":{"translation":[0.0,3.5,0.25],"scale":[1.6,1.6,1.6]}}}