{"textures":{"0":"mcc:island_cosmetics/head/head_3","2":"mcc:island_cosmetics/head/drinking_helmet","particle":"mcc:island_cosmetics/head/head_3"},"credit":"Made with Blockbench","texture_size":[32.0,32.0],"elements":[{"from":[3.5,9.0,3.5],"to":[12.5,14.0,12.5],"rotation":{"angle":0.0,"axis":"y","origin":[0.5,0.0,-1.5]},"faces":{"north":{"uv":[14.875,13.625,16.0,14.25],"texture":"#0","tintindex":0.0},"east":{"uv":[13.75,13.625,14.875,14.25],"texture":"#0","tintindex":0.0},"south":{"uv":[14.875,13.625,13.75,14.25],"texture":"#0","tintindex":0.0},"west":{"uv":[14.875,13.625,13.75,14.25],"texture":"#0","tintindex":0.0},"up":{"uv":[13.75,14.25,14.875,15.375],"texture":"#0","tintindex":0.0},"down":{"uv":[4.25,9.75,4.375,9.875],"texture":"#0","tintindex":0.0}}},{"from":[-1.5,15.0,8.0],"to":[17.5,20.0,8.0],"rotation":{"angle":0.0,"axis":"y","origin":[0.5,0.0,-1.5]},"faces":{"north":{"uv":[6.5,13.5,16.0,16.0],"texture":"#2"},"east":{"uv":[13.75,13.625,14.875,14.25],"texture":"#0"},"south":{"uv":[6.5,13.5,16.0,16.0],"texture":"#2"},"west":{"uv":[14.875,13.625,13.75,14.25],"texture":"#0"},"up":{"uv":[13.75,14.25,14.875,15.375],"texture":"#0"},"down":{"uv":[4.25,9.75,4.375,9.875],"texture":"#0"}}},{"from":[7.5,3.5,3.0],"to":[13.5,16.5,13.0],"rotation":{"angle":0.0,"axis":"y","origin":[8.0,17.5,8.0]},"faces":{"north":{"uv":[13.0,4.0,10.0,10.5],"texture":"#2"},"east":{"uv":[6.5,7.0,1.5,13.5],"texture":"#2"},"south":{"uv":[1.5,2.0,8.0,5.0],"rotation":90.0,"texture":"#2"},"west":{"uv":[15.125,13.0,15.25,13.125],"texture":"#0"},"up":{"uv":[8.0,0.5,13.0,3.5],"rotation":90.0,"texture":"#2"},"down":{"uv":[4.25,9.75,4.375,9.875],"rotation":270.0,"texture":"#0"}}},{"from":[3.25,8.5,6.5],"to":[12.75,14.5,9.5],"rotation":{"angle":0.0,"axis":"y","origin":[0.5,0.0,-1.5]},"faces":{"north":{"uv":[15.25,13.125,15.375,13.25],"texture":"#0"},"east":{"uv":[13.375,13.625,13.75,14.375],"texture":"#0"},"south":{"uv":[15.25,13.125,15.375,13.25],"texture":"#0"},"west":{"uv":[13.375,13.625,13.75,14.375],"texture":"#0"},"up":{"uv":[13.375,13.25,14.75,13.625],"texture":"#0"},"down":{"uv":[4.25,9.75,4.375,9.875],"texture":"#0"}}},{"from":[13.0,10.0,6.0],"to":[17.0,16.0,10.0],"rotation":{"angle":0.0,"axis":"y","origin":[0.5,0.0,-1.5]},"faces":{"north":{"uv":[16.0,14.875,15.5,15.625],"texture":"#0"},"east":{"uv":[16.0,14.875,15.5,15.625],"texture":"#0"},"south":{"uv":[16.0,14.875,15.5,15.625],"texture":"#0"},"west":{"uv":[16.0,14.875,15.5,15.625],"texture":"#0"},"up":{"uv":[15.5,14.875,15.0,15.375],"texture":"#0"},"down":{"uv":[15.5,14.875,15.0,15.375],"texture":"#0"}}},{"from":[13.0,10.0,6.0],"to":[17.0,16.0,10.0],"rotation":{"angle":0.0,"axis":"y","origin":[0.5,0.0,-1.5]},"faces":{"north":{"uv":[13.75,14.25,13.25,15.0],"texture":"#0","tintindex":0.0},"east":{"uv":[13.75,14.25,13.25,15.0],"texture":"#0","tintindex":0.0},"south":{"uv":[13.75,14.25,13.25,15.0],"texture":"#0","tintindex":0.0},"west":{"uv":[13.75,14.25,13.25,15.0],"texture":"#0","tintindex":0.0},"up":{"uv":[14.0,13.25,14.125,13.375],"texture":"#0","tintindex":0.0},"down":{"uv":[14.0,13.25,14.125,13.375],"texture":"#0","tintindex":0.0}}},{"from":[-1.0,10.0,6.0],"to":[3.0,16.0,10.0],"rotation":{"angle":0.0,"axis":"y","origin":[0.5,0.0,-1.5]},"faces":{"north":{"uv":[13.75,14.25,13.25,15.0],"texture":"#0","tintindex":0.0},"east":{"uv":[13.75,14.25,13.25,15.0],"texture":"#0","tintindex":0.0},"south":{"uv":[13.75,14.25,13.25,15.0],"texture":"#0","tintindex":0.0},"west":{"uv":[13.75,14.25,13.25,15.0],"texture":"#0","tintindex":0.0},"up":{"uv":[14.0,13.25,14.125,13.375],"texture":"#0","tintindex":0.0},"down":{"uv":[14.0,13.25,14.125,13.375],"texture":"#0","tintindex":0.0}}},{"from":[12.9,14.9,5.9],"to":[17.1,16.1,10.1],"rotation":{"angle":0.0,"axis":"y","origin":[0.5,0.0,-1.5]},"faces":{"north":{"uv":[15.5,15.25,15.0,15.375],"texture":"#0"},"east":{"uv":[15.5,15.25,15.0,15.375],"texture":"#0"},"south":{"uv":[15.5,15.25,15.0,15.375],"texture":"#0"},"west":{"uv":[15.5,15.25,15.0,15.375],"texture":"#0"},"up":{"uv":[15.25,13.125,15.375,13.25],"texture":"#0"},"down":{"uv":[15.25,13.125,15.375,13.25],"texture":"#0"}}},{"from":[12.9,9.9,5.9],"to":[17.1,11.1,10.1],"rotation":{"angle":0.0,"axis":"y","origin":[0.5,0.0,-1.5]},"faces":{"north":{"uv":[15.5,15.25,15.0,15.375],"texture":"#0"},"east":{"uv":[15.5,15.25,15.0,15.375],"texture":"#0"},"south":{"uv":[15.5,15.25,15.0,15.375],"texture":"#0"},"west":{"uv":[15.5,15.25,15.0,15.375],"texture":"#0"},"up":{"uv":[15.25,13.125,15.375,13.25],"texture":"#0"},"down":{"uv":[15.25,13.125,15.375,13.25],"texture":"#0"}}},{"from":[-1.1,9.9,5.9],"to":[3.1,11.1,10.1],"rotation":{"angle":0.0,"axis":"y","origin":[0.5,0.0,-1.5]},"faces":{"north":{"uv":[15.5,15.25,15.0,15.375],"texture":"#0"},"east":{"uv":[15.5,15.25,15.0,15.375],"texture":"#0"},"south":{"uv":[15.5,15.25,15.0,15.375],"texture":"#0"},"west":{"uv":[15.5,15.25,15.0,15.375],"texture":"#0"},"up":{"uv":[15.25,13.125,15.375,13.25],"texture":"#0"},"down":{"uv":[15.25,13.125,15.375,13.25],"texture":"#0"}}},{"from":[-1.1,14.9,5.9],"to":[3.1,16.1,10.1],"rotation":{"angle":0.0,"axis":"y","origin":[0.5,0.0,-1.5]},"faces":{"north":{"uv":[15.5,15.25,15.0,15.375],"texture":"#0"},"east":{"uv":[15.5,15.25,15.0,15.375],"texture":"#0"},"south":{"uv":[15.5,15.25,15.0,15.375],"texture":"#0"},"west":{"uv":[15.5,15.25,15.0,15.375],"texture":"#0"},"up":{"uv":[15.25,13.125,15.375,13.25],"texture":"#0"},"down":{"uv":[15.25,13.125,15.375,13.25],"texture":"#0"}}},{"from":[-1.0,10.0,6.0],"to":[3.0,16.0,10.0],"rotation":{"angle":0.0,"axis":"y","origin":[15.5,0.0,-1.5]},"faces":{"north":{"uv":[15.5,14.875,16.0,15.625],"texture":"#0"},"east":{"uv":[15.5,14.875,16.0,15.625],"texture":"#0"},"south":{"uv":[15.5,14.875,16.0,15.625],"texture":"#0"},"west":{"uv":[15.5,14.875,16.0,15.625],"texture":"#0"},"up":{"uv":[15.0,14.875,15.5,15.375],"texture":"#0"},"down":{"uv":[15.5,14.875,15.0,15.375],"texture":"#0"}}},{"from":[3.5,8.999,-1.5],"to":[12.5,9.999,3.5],"rotation":{"angle":0.0,"axis":"y","origin":[8.0,8.999,0.5]},"faces":{"north":{"uv":[4.125,8.625,4.25,8.5],"rotation":270.0,"texture":"#0","tintindex":0.0},"east":{"uv":[14.875,14.25,15.0,14.875],"rotation":90.0,"texture":"#0","tintindex":0.0},"south":{"uv":[4.125,8.625,4.25,8.5],"rotation":270.0,"texture":"#0","tintindex":0.0},"west":{"uv":[15.875,14.875,16.0,14.25],"rotation":90.0,"texture":"#0","tintindex":0.0},"up":{"uv":[14.875,14.25,16.0,14.875],"texture":"#0","tintindex":0.0},"down":{"uv":[4.25,8.5,4.125,8.625],"rotation":270.0,"texture":"#0","tintindex":0.0}}},{"name":"cube inverted","from":[12.5,9.999,3.5],"to":[3.5,8.999,-1.5],"rotation":{"angle":0.0,"axis":"y","origin":[8.0,8.999,0.5]},"faces":{"north":{"uv":[4.25,8.625,4.125,8.5],"rotation":270.0,"texture":"#0","tintindex":0.0},"east":{"uv":[16.0,14.875,15.875,14.25],"rotation":90.0,"texture":"#0","tintindex":0.0},"south":{"uv":[4.25,8.625,4.125,8.5],"rotation":270.0,"texture":"#0","tintindex":0.0},"west":{"uv":[15.0,14.25,14.875,14.875],"rotation":90.0,"texture":"#0","tintindex":0.0},"up":{"uv":[4.25,8.625,4.125,8.5],"rotation":270.0,"texture":"#0","tintindex":0.0},"down":{"uv":[16.0,14.25,14.875,14.875],"texture":"#0","tintindex":0.0}}},{"name":"cube inverted","from":[13.5,16.5,13.0],"to":[7.5,3.5,3.0],"rotation":{"angle":0.0,"axis":"y","origin":[8.0,17.5,8.0]},"faces":{"north":{"uv":[8.0,2.0,1.5,5.0],"rotation":90.0,"texture":"#2"},"east":{"uv":[15.125,13.125,15.25,13.0],"texture":"#0"},"south":{"uv":[13.0,10.5,10.0,4.0],"texture":"#2"},"west":{"uv":[6.5,13.5,1.5,7.0],"texture":"#2"},"up":{"uv":[4.25,9.875,4.375,9.75],"rotation":270.0,"texture":"#0"},"down":{"uv":[8.0,3.5,13.0,0.5],"rotation":90.0,"texture":"#2"}}},{"name":"cube inverted","from":[17.1,11.1,10.1],"to":[12.9,9.9,5.9],"rotation":{"angle":0.0,"axis":"y","origin":[0.5,0.0,-1.5]},"faces":{"north":{"uv":[15.5,15.375,15.0,15.25],"texture":"#0"},"east":{"uv":[15.5,15.375,15.0,15.25],"texture":"#0"},"south":{"uv":[15.5,15.375,15.0,15.25],"texture":"#0"},"west":{"uv":[15.5,15.375,15.0,15.25],"texture":"#0"},"up":{"uv":[15.375,13.125,15.25,13.25],"texture":"#0"},"down":{"uv":[15.375,13.125,15.25,13.25],"texture":"#0"}}},{"name":"cube inverted","from":[17.1,16.1,10.1],"to":[12.9,14.9,5.9],"rotation":{"angle":0.0,"axis":"y","origin":[0.5,0.0,-1.5]},"faces":{"north":{"uv":[15.5,15.375,15.0,15.25],"texture":"#0"},"east":{"uv":[15.5,15.375,15.0,15.25],"texture":"#0"},"south":{"uv":[15.5,15.375,15.0,15.25],"texture":"#0"},"west":{"uv":[15.5,15.375,15.0,15.25],"texture":"#0"},"up":{"uv":[15.375,13.125,15.25,13.25],"texture":"#0"},"down":{"uv":[15.375,13.125,15.25,13.25],"texture":"#0"}}},{"name":"cube inverted","from":[3.1,16.1,10.1],"to":[-1.1,14.9,5.9],"rotation":{"angle":0.0,"axis":"y","origin":[0.5,0.0,-1.5]},"faces":{"north":{"uv":[15.5,15.375,15.0,15.25],"texture":"#0"},"east":{"uv":[15.5,15.375,15.0,15.25],"texture":"#0"},"south":{"uv":[15.5,15.375,15.0,15.25],"texture":"#0"},"west":{"uv":[15.5,15.375,15.0,15.25],"texture":"#0"},"up":{"uv":[15.375,13.125,15.25,13.25],"texture":"#0"},"down":{"uv":[15.375,13.125,15.25,13.25],"texture":"#0"}}},{"name":"cube inverted","from":[3.1,11.1,10.1],"to":[-1.1,9.9,5.9],"rotation":{"angle":0.0,"axis":"y","origin":[0.5,0.0,-1.5]},"faces":{"north":{"uv":[15.5,15.375,15.0,15.25],"texture":"#0"},"east":{"uv":[15.5,15.375,15.0,15.25],"texture":"#0"},"south":{"uv":[15.5,15.375,15.0,15.25],"texture":"#0"},"west":{"uv":[15.5,15.375,15.0,15.25],"texture":"#0"},"up":{"uv":[15.375,13.125,15.25,13.25],"texture":"#0"},"down":{"uv":[15.375,13.125,15.25,13.25],"texture":"#0"}}},{"name":"cube inverted","from":[12.75,14.5,9.5],"to":[3.25,8.5,6.5],"rotation":{"angle":0.0,"axis":"y","origin":[0.5,0.0,-1.5]},"faces":{"north":{"uv":[15.25,13.25,15.375,13.125],"texture":"#0"},"east":{"uv":[13.375,14.375,13.75,13.625],"texture":"#0"},"south":{"uv":[15.25,13.25,15.375,13.125],"texture":"#0"},"west":{"uv":[13.375,14.375,13.75,13.625],"texture":"#0"},"up":{"uv":[4.375,9.75,4.25,9.875],"texture":"#0"},"down":{"uv":[14.75,13.25,13.375,13.625],"texture":"#0"}}},{"name":"cube inverted","from":[12.5,14.0,12.5],"to":[3.5,9.0,3.5],"rotation":{"angle":0.0,"axis":"y","origin":[0.5,0.0,-1.5]},"faces":{"north":{"uv":[14.875,14.25,13.75,13.625],"texture":"#0","tintindex":0.0},"east":{"uv":[14.875,14.25,13.75,13.625],"texture":"#0","tintindex":0.0},"south":{"uv":[14.875,14.25,16.0,13.625],"texture":"#0","tintindex":0.0},"west":{"uv":[13.75,14.25,14.875,13.625],"texture":"#0","tintindex":0.0},"up":{"uv":[4.375,9.75,4.25,9.875],"texture":"#0","tintindex":0.0},"down":{"uv":[14.875,14.25,13.75,15.375],"texture":"#0","tintindex":0.0}}}],"gui_light":"front","display":{"thirdperson_righthand":{"rotation":[55.5,34.0,0.0],"translation":[0.0,1.0,0.75],"scale":[0.52539,0.52539,0.52539]},"thirdperson_lefthand":{"rotation":[55.5,34.0,0.0],"translation":[0.0,1.0,0.75],"scale":[0.52539,0.52539,0.52539]},"firstperson_righthand":{"rotation":[21.0,114.5,-13.75],"translation":[9.5,0.0,-5.75],"scale":[0.41992,0.41992,0.41992]},"firstperson_lefthand":{"rotation":[21.0,114.5,-13.75],"translation":[9.5,0.0,-5.75],"scale":[0.41992,0.41992,0.41992]},"gui":{"rotation":[-149.61,-31.92,-180.0],"translation":[-0.25,-1.75,0.0],"scale":[0.80077,0.80077,0.80077]},"head":{"translation":[0.0,-1.5,0.0],"scale":[1.62734,1.62734,1.62734]}}}