{"textures":{"0":"mcc:island_cosmetics/head/head_2","particle":"mcc:island_cosmetics/head/head_2"},"credit":"Made with Blockbench","texture_size":[128.0,128.0],"elements":[{"from":[3.0,4.0,3.0],"to":[13.0,10.0,13.0],"rotation":{"angle":0.0,"axis":"y","origin":[9.5,6.24,8.0]},"faces":{"north":{"uv":[5.75,8.75,7.0,9.5],"texture":"#0"},"east":{"uv":[5.75,9.5,7.0,10.25],"texture":"#0"},"south":{"uv":[5.75,8.75,7.0,9.5],"texture":"#0"},"west":{"uv":[5.75,9.5,7.0,10.25],"texture":"#0"},"up":{"uv":[4.5,8.875,5.75,10.125],"texture":"#0"},"down":{"uv":[6.375,9.125,6.5,9.25],"texture":"#0"}}},{"from":[5.56075,10.0,5.54172],"to":[10.56075,11.0,10.54172],"rotation":{"angle":-22.5,"axis":"y","origin":[8.06075,10.5,8.04172]},"faces":{"north":{"uv":[5.0,8.75,5.625,8.875],"texture":"#0"},"east":{"uv":[5.0,8.75,5.625,8.875],"texture":"#0"},"south":{"uv":[5.0,8.75,5.625,8.875],"texture":"#0"},"west":{"uv":[5.0,8.75,5.625,8.875],"texture":"#0"},"up":{"uv":[4.375,8.25,5.0,8.875],"texture":"#0"},"down":{"uv":[5.0,8.75,5.125,8.875],"texture":"#0"}}},{"name":"cube inverted","from":[13.0,10.0,13.0],"to":[3.0,4.0,3.0],"rotation":{"angle":0.0,"axis":"y","origin":[-9.5,-6.24,-8.0]},"faces":{"north":{"uv":[5.75,9.5,7.0,8.75],"texture":"#0"},"east":{"uv":[5.75,10.25,7.0,9.5],"texture":"#0"},"south":{"uv":[5.75,9.5,7.0,8.75],"texture":"#0"},"west":{"uv":[5.75,10.25,7.0,9.5],"texture":"#0"},"up":{"uv":[6.5,9.125,6.375,9.25],"texture":"#0"},"down":{"uv":[5.75,8.875,4.5,10.125],"texture":"#0"}}}],"gui_light":"front","display":{"thirdperson_righthand":{"rotation":[64.25,0.0,0.0],"scale":[0.44336,0.44336,0.44336]},"thirdperson_lefthand":{"rotation":[64.25,0.0,0.0],"scale":[0.44336,0.44336,0.44336]},"firstperson_righthand":{"scale":[0.0,0.0,0.0]},"firstperson_lefthand":{"scale":[0.0,0.0,0.0]},"ground":{"translation":[0.0,4.25,0.0],"scale":[0.43945,0.43945,0.43945]},"gui":{"rotation":[-154.25,-38.49,-179.01],"translation":[0.0,1.0,0.0],"scale":[0.99765,0.99765,0.99765]},"head":{"rotation":[0.0,3.25,0.0],"translation":[0.0,4.25,0.0],"scale":[1.6,1.6,1.6]}}}