{"textures":{"0":"mcc:island_cosmetics/head/head_8","1":"mcc:island_cosmetics/head/eyeball","particle":"mcc:island_cosmetics/head/head_8"},"credit":"Made with Blockbench","texture_size":[128.0,128.0],"elements":[{"from":[2.5,0.0,3.0],"to":[13.5,11.0,14.0],"rotation":{"angle":0.0,"axis":"y","origin":[9.0,6.24,8.0]},"faces":{"north":{"uv":[8.0,0.0,9.375,1.375],"texture":"#0"},"east":{"uv":[9.375,0.0,10.75,1.375],"texture":"#0"},"south":{"uv":[13.5,0.0,14.875,1.375],"texture":"#0"},"west":{"uv":[10.75,0.0,9.375,1.375],"texture":"#0"},"up":{"uv":[10.75,0.0,12.125,1.375],"texture":"#0"},"down":{"uv":[12.125,0.0,13.5,1.375],"texture":"#0"}}},{"from":[2.5,0.0,3.0],"to":[13.5,11.0,3.0],"rotation":{"angle":0.0,"axis":"y","origin":[10.0,6.24,8.0]},"faces":{"north":{"uv":[8.0,1.375,9.375,2.75],"texture":"#0","tintindex":0.0},"east":{"uv":[3.0,7.5,3.125,7.625],"texture":"#0","tintindex":0.0},"south":{"uv":[8.0,1.375,9.375,2.75],"texture":"#0","tintindex":0.0},"west":{"uv":[3.0,7.5,3.125,7.625],"texture":"#0","tintindex":0.0},"up":{"uv":[3.0,7.5,3.125,7.625],"texture":"#0","tintindex":0.0},"down":{"uv":[3.0,7.5,3.125,7.625],"texture":"#0","tintindex":0.0}}},{"from":[8.0,0.0,13.0],"to":[8.0,10.0,23.0],"rotation":{"angle":0.0,"axis":"y","origin":[9.5,6.24,8.0]},"faces":{"north":{"uv":[1.5,10.375,2.75,11.625],"texture":"#0"},"east":{"uv":[3.0,3.0,13.0,13.0],"texture":"#1"},"south":{"uv":[2.75,11.625,4.0,12.875],"texture":"#0"},"west":{"uv":[13.0,3.0,3.0,13.0],"texture":"#1"},"up":{"uv":[4.0,10.375,5.25,11.625],"texture":"#0"},"down":{"uv":[1.5,11.625,2.75,12.875],"texture":"#0"}}}],"gui_light":"front","display":{"thirdperson_righthand":{"rotation":[64.25,0.0,0.0],"scale":[0.44336,0.44336,0.44336]},"thirdperson_lefthand":{"rotation":[64.25,0.0,0.0],"scale":[0.44336,0.44336,0.44336]},"firstperson_righthand":{"scale":[0.0,0.0,0.0]},"firstperson_lefthand":{"scale":[0.0,0.0,0.0]},"ground":{"translation":[0.0,4.25,0.0],"scale":[0.43945,0.43945,0.43945]},"gui":{"rotation":[-150.07,-36.97,-174.36],"translation":[0.5,1.5,0.0],"scale":[0.82031,0.82031,0.82031]},"head":{"translation":[0.0,5.5,-1.25],"scale":[1.70547,1.70547,1.70547]}}}