{"textures":{"0":"mcc:island_cosmetics/head/head_2","1":"mcc:island_cosmetics/head/fishbowl_anim","2":"mcc:island_cosmetics/head/fishbowl_fish","particle":"mcc:island_cosmetics/head/head_2"},"credit":"Made with Blockbench","texture_size":[32.0,32.0],"elements":[{"from":[3.5,13.5,3.5],"to":[12.5,14.5,12.5],"rotation":{"angle":0.0,"axis":"y","origin":[7.88889,7.14444,8.0]},"faces":{"north":{"uv":[11.125,4.375,12.25,4.5],"texture":"#0"},"east":{"uv":[11.125,4.375,12.25,4.5],"texture":"#0"},"south":{"uv":[11.125,4.375,12.25,4.5],"texture":"#0"},"west":{"uv":[11.125,4.375,12.25,4.5],"texture":"#0"},"up":{"uv":[11.75,4.0,11.875,4.125],"texture":"#0"},"down":{"uv":[11.75,4.0,11.875,4.125],"texture":"#0"}}},{"from":[14.0,0.0,2.5],"to":[14.0,8.0,9.5],"rotation":{"angle":0.0,"axis":"y","origin":[7.88889,7.14444,8.0]},"faces":{"north":{"uv":[12.875,6.5,14.375,7.75],"texture":"#0"},"east":{"uv":[14.5,5.125,15.375,6.125],"texture":"#0"},"south":{"uv":[12.875,6.5,14.375,7.75],"texture":"#0"},"west":{"uv":[15.375,5.125,14.5,6.125],"texture":"#0"},"up":{"uv":[12.375,5.875,12.5,6.0],"rotation":180.0,"texture":"#0"},"down":{"uv":[14.5,6.25,16.0,7.75],"rotation":180.0,"texture":"#0"}}},{"from":[6.0,0.0,14.0],"to":[13.0,8.0,14.0],"rotation":{"angle":0.0,"axis":"y","origin":[7.88889,7.14444,8.0]},"faces":{"north":{"uv":[15.375,4.125,14.5,5.125],"texture":"#0"},"east":{"uv":[12.875,6.5,14.375,7.75],"texture":"#0"},"south":{"uv":[14.5,4.125,15.375,5.125],"texture":"#0"},"west":{"uv":[12.875,6.5,14.375,7.75],"texture":"#0"},"up":{"uv":[12.375,5.875,12.5,6.0],"rotation":270.0,"texture":"#0"},"down":{"uv":[14.5,6.25,16.0,7.75],"rotation":90.0,"texture":"#0"}}},{"from":[2.0,0.0,2.0],"to":[9.0,8.0,2.0],"rotation":{"angle":0.0,"axis":"y","origin":[7.88889,7.14444,8.0]},"faces":{"north":{"uv":[14.5,4.125,15.375,5.125],"texture":"#0"},"east":{"uv":[12.875,6.5,14.375,7.75],"texture":"#0"},"south":{"uv":[15.375,4.125,14.5,5.125],"texture":"#0"},"west":{"uv":[12.875,6.5,14.375,7.75],"texture":"#0"},"up":{"uv":[12.5,6.0,12.375,5.875],"rotation":270.0,"texture":"#0"},"down":{"uv":[16.0,7.75,14.5,6.25],"rotation":90.0,"texture":"#0"}}},{"from":[2.0,0.0,6.5],"to":[2.0,8.0,13.5],"rotation":{"angle":0.0,"axis":"y","origin":[7.88889,7.14444,8.0]},"faces":{"north":{"uv":[14.375,6.5,12.875,7.75],"texture":"#0"},"east":{"uv":[14.5,5.125,15.375,6.125],"texture":"#0"},"south":{"uv":[14.375,6.5,12.875,7.75],"texture":"#0"},"west":{"uv":[15.375,5.125,14.5,6.125],"texture":"#0"},"up":{"uv":[12.5,5.875,12.375,6.0],"rotation":180.0,"texture":"#0"},"down":{"uv":[16.0,6.25,14.5,7.75],"rotation":180.0,"texture":"#0"}}},{"from":[3.0,1.9,3.0],"to":[13.0,11.9,13.0],"rotation":{"angle":0.0,"axis":"y","origin":[7.88889,7.14444,8.0]},"faces":{"north":{"uv":[0.0,5.0,5.0,10.0],"texture":"#2","tintindex":0.0},"east":{"uv":[5.0,0.0,10.0,5.0],"texture":"#2","tintindex":0.0},"south":{"uv":[0.0,0.0,5.0,5.0],"texture":"#2","tintindex":0.0},"west":{"uv":[5.0,5.0,10.0,10.0],"texture":"#2","tintindex":0.0},"up":{"uv":[0.0,8.0,0.5,8.5],"texture":"#1","tintindex":0.0},"down":{"uv":[0.0,8.0,0.5,8.5],"texture":"#1","tintindex":0.0}}},{"name":"cube inverted","from":[0.0,-0.5,0.0],"to":[16.0,13.5,16.0],"rotation":{"angle":0.0,"axis":"y","origin":[7.88889,7.14444,8.0]},"faces":{"north":{"uv":[8.0,0.0,0.0,7.0],"texture":"#1"},"east":{"uv":[11.125,4.5,13.125,6.25],"texture":"#0"},"south":{"uv":[8.0,0.0,0.0,7.0],"texture":"#1"},"west":{"uv":[11.125,4.5,13.125,6.25],"texture":"#0"},"up":{"uv":[5.25,13.625,7.25,11.625],"texture":"#0"},"down":{"uv":[5.25,13.625,7.25,11.625],"texture":"#0"}}},{"name":"cube inverted","from":[12.5,14.5,12.5],"to":[3.5,13.5,3.5],"rotation":{"angle":0.0,"axis":"y","origin":[7.88889,7.14444,8.0]},"faces":{"north":{"uv":[11.125,4.5,12.25,4.375],"texture":"#0"},"east":{"uv":[11.125,4.5,12.25,4.375],"texture":"#0"},"south":{"uv":[11.125,4.5,12.25,4.375],"texture":"#0"},"west":{"uv":[11.125,4.5,12.25,4.375],"texture":"#0"},"up":{"uv":[11.875,4.0,11.75,4.125],"texture":"#0"},"down":{"uv":[11.875,4.0,11.75,4.125],"texture":"#0"}}},{"name":"cube inverted","from":[13.0,11.9,13.0],"to":[3.0,1.9,3.0],"rotation":{"angle":0.0,"axis":"y","origin":[7.88889,7.14444,8.0]},"faces":{"north":{"uv":[0.0,5.0,5.0,0.0],"texture":"#2","tintindex":0.0},"east":{"uv":[5.0,10.0,10.0,5.0],"texture":"#2","tintindex":0.0},"south":{"uv":[0.0,10.0,5.0,5.0],"texture":"#2","tintindex":0.0},"west":{"uv":[5.0,5.0,10.0,0.0],"texture":"#2","tintindex":0.0},"up":{"uv":[0.5,8.0,0.0,8.5],"texture":"#1","tintindex":0.0},"down":{"uv":[0.5,8.0,0.0,8.5],"texture":"#1","tintindex":0.0}}}],"gui_light":"front","display":{"thirdperson_righthand":{"rotation":[64.25,0.0,0.0],"scale":[0.44336,0.44336,0.44336]},"thirdperson_lefthand":{"rotation":[64.25,0.0,0.0],"scale":[0.44336,0.44336,0.44336]},"firstperson_righthand":{"scale":[0.0,0.0,0.0]},"firstperson_lefthand":{"scale":[0.0,0.0,0.0]},"ground":{"translation":[0.0,4.25,0.0],"scale":[0.43945,0.43945,0.43945]},"gui":{"rotation":[-149.61,-31.92,-180.0],"translation":[0.0,0.75,0.0],"scale":[0.64452,0.64452,0.64452]},"head":{"translation":[0.0,4.0,0.0],"scale":[1.6,1.6,1.6]}}}