{"textures":{"0":"mcc:island_cosmetics/head/head_2","particle":"mcc:island_cosmetics/head/head_2"},"credit":"Made with Blockbench","texture_size":[128.0,128.0],"elements":[{"from":[3.0,0.0,3.0],"to":[13.0,10.0,13.0],"rotation":{"angle":0.0,"axis":"x","origin":[8.0,9.5,7.0]},"faces":{"north":{"uv":[0.0,14.125,1.25,15.375],"texture":"#0","tintindex":0.0},"east":{"uv":[1.25,14.125,2.5,15.375],"texture":"#0","tintindex":0.0},"south":{"uv":[3.75,14.125,5.0,15.375],"texture":"#0","tintindex":0.0},"west":{"uv":[2.5,14.125,1.25,15.375],"texture":"#0","tintindex":0.0},"up":{"uv":[2.5,14.125,3.75,15.375],"texture":"#0","tintindex":0.0},"down":{"uv":[2.125,14.75,2.25,14.875],"texture":"#0","tintindex":0.0}}},{"from":[3.0,0.0,3.0],"to":[13.0,10.0,13.0],"rotation":{"angle":0.0,"axis":"x","origin":[8.0,9.5,7.0]},"faces":{"north":{"uv":[6.25,14.75,7.5,16.0],"texture":"#0"},"east":{"uv":[7.5,14.75,8.75,16.0],"texture":"#0"},"south":{"uv":[10.0,14.75,11.25,16.0],"texture":"#0"},"west":{"uv":[8.75,14.75,7.5,16.0],"texture":"#0"},"up":{"uv":[8.75,14.75,10.0,16.0],"texture":"#0"},"down":{"uv":[2.125,14.75,2.25,14.875],"texture":"#0"}}},{"from":[2.75,1.0,-1.0],"to":[13.25,8.0,5.0],"rotation":{"angle":-22.5,"axis":"x","origin":[8.0,9.5,7.0]},"faces":{"north":{"uv":[5.0,14.25,6.25,15.125],"texture":"#0"},"east":{"uv":[5.0,15.125,5.75,16.0],"texture":"#0"},"west":{"uv":[5.75,15.125,5.0,16.0],"texture":"#0"}}},{"name":"cube inverted","from":[13.0,10.0,13.0],"to":[3.0,0.0,3.0],"rotation":{"angle":0.0,"axis":"x","origin":[8.0,9.5,7.0]},"faces":{"north":{"uv":[3.75,15.375,5.0,14.125],"texture":"#0","tintindex":0.0},"east":{"uv":[2.5,15.375,1.25,14.125],"texture":"#0","tintindex":0.0},"south":{"uv":[0.0,15.375,1.25,14.125],"texture":"#0","tintindex":0.0},"west":{"uv":[1.25,15.375,2.5,14.125],"texture":"#0","tintindex":0.0},"up":{"uv":[2.25,14.75,2.125,14.875],"texture":"#0","tintindex":0.0},"down":{"uv":[3.75,14.125,2.5,15.375],"texture":"#0","tintindex":0.0}}},{"name":"cube inverted","from":[13.0,10.0,13.0],"to":[3.0,0.0,3.0],"rotation":{"angle":0.0,"axis":"x","origin":[8.0,9.5,7.0]},"faces":{"north":{"uv":[10.0,16.0,11.25,14.75],"texture":"#0"},"east":{"uv":[8.75,16.0,7.5,14.75],"texture":"#0"},"south":{"uv":[6.25,16.0,7.5,14.75],"texture":"#0"},"west":{"uv":[7.5,16.0,8.75,14.75],"texture":"#0"},"up":{"uv":[2.25,14.75,2.125,14.875],"texture":"#0"},"down":{"uv":[10.0,14.75,8.75,16.0],"texture":"#0"}}},{"name":"cube inverted","from":[13.25,8.0,5.0],"to":[2.75,1.0,-1.0],"rotation":{"angle":-22.5,"axis":"x","origin":[8.0,9.5,7.0]},"faces":{"east":{"uv":[5.75,16.0,5.0,15.125],"texture":"#0"},"south":{"uv":[5.0,15.125,6.25,14.25],"texture":"#0"},"west":{"uv":[5.0,16.0,5.75,15.125],"texture":"#0"}}}],"gui_light":"front","display":{"thirdperson_righthand":{"rotation":[55.5,34.0,0.0],"translation":[0.0,1.0,0.75],"scale":[0.52539,0.52539,0.52539]},"thirdperson_lefthand":{"rotation":[55.5,34.0,0.0],"translation":[0.0,1.0,0.75],"scale":[0.52539,0.52539,0.52539]},"firstperson_righthand":{"rotation":[21.0,114.5,-13.75],"translation":[9.5,0.0,-5.75],"scale":[0.41992,0.41992,0.41992]},"firstperson_lefthand":{"rotation":[21.0,114.5,-13.75],"translation":[9.5,0.0,-5.75],"scale":[0.41992,0.41992,0.41992]},"gui":{"rotation":[-149.61,-31.92,-180.0],"translation":[-0.25,2.75,0.0],"scale":[0.80664,0.80664,0.80664]},"head":{"translation":[0.0,5.75,0.0],"scale":[1.6293,1.6293,1.6293]}}}