{"textures":{"1":"mcc:island_cosmetics/head/head_4"},"credit":"Made with Blockbench","texture_size":[128.0,128.0],"elements":[{"from":[3.5,3.25,3.5],"to":[12.5,9.25,12.5],"rotation":{"angle":0.0,"axis":"y","origin":[2.5,7.5,2.5]},"faces":{"north":{"uv":[0.0,0.0,1.125,0.75],"texture":"#1","tintindex":0.0},"east":{"uv":[1.125,0.0,2.25,0.75],"texture":"#1","tintindex":0.0},"south":{"uv":[3.375,0.0,2.25,0.75],"texture":"#1","tintindex":0.0},"west":{"uv":[2.25,0.0,1.125,0.75],"texture":"#1","tintindex":0.0},"up":{"uv":[1.125,0.75,0.0,1.875],"texture":"#1","tintindex":0.0},"down":{"uv":[0.5,0.125,0.625,0.25],"texture":"#1","tintindex":0.0}}},{"from":[6.52,9.27,7.52],"to":[11.48,15.23,12.48],"rotation":{"angle":22.5,"axis":"y","origin":[9.0,12.5,10.0]},"faces":{"north":{"uv":[1.125,0.75,1.75,1.5],"texture":"#1"},"east":{"uv":[1.125,0.75,1.75,1.5],"texture":"#1"},"south":{"uv":[1.125,0.75,1.75,1.5],"texture":"#1"},"west":{"uv":[1.125,0.75,1.75,1.5],"texture":"#1"},"up":{"uv":[1.125,1.5,1.75,2.125],"texture":"#1"},"down":{"uv":[1.75,0.75,2.375,1.375],"texture":"#1"}}},{"from":[10.5,10.5,9.75],"to":[13.5,15.5,10.75],"rotation":{"angle":22.5,"axis":"z","origin":[18.0,14.0,11.25]},"faces":{"north":{"uv":[1.125,2.875,1.5,3.5],"texture":"#1"},"east":{"uv":[1.0,2.875,1.125,3.5],"texture":"#1"},"south":{"uv":[1.5,2.875,1.125,3.5],"texture":"#1"},"west":{"uv":[1.375,2.875,1.5,3.5],"texture":"#1"},"up":{"uv":[1.0,3.375,1.125,3.5],"texture":"#1"},"down":{"uv":[1.0,3.375,1.125,3.5],"texture":"#1"}}},{"from":[11.33941,7.28002,7.75],"to":[14.33941,12.28002,8.75],"rotation":{"angle":0.0,"axis":"z","origin":[12.83941,10.78002,10.25]},"faces":{"north":{"uv":[1.125,2.875,1.5,3.5],"texture":"#1"},"east":{"uv":[1.0,2.875,1.125,3.5],"texture":"#1"},"south":{"uv":[1.5,2.875,1.125,3.5],"texture":"#1"},"west":{"uv":[1.375,2.875,1.5,3.5],"texture":"#1"},"up":{"uv":[1.0,3.375,1.125,3.5],"texture":"#1"},"down":{"uv":[1.0,3.375,1.125,3.5],"texture":"#1"}}},{"from":[7.52,9.27,5.52],"to":[10.48,12.23,8.48],"rotation":{"angle":22.5,"axis":"y","origin":[5.0,10.75,5.0]},"faces":{"north":{"uv":[2.25,2.5,2.625,2.875],"texture":"#1"},"east":{"uv":[2.625,2.5,2.25,2.875],"texture":"#1"},"south":{"uv":[2.25,2.5,2.625,2.875],"texture":"#1"},"west":{"uv":[2.625,2.5,2.25,2.875],"texture":"#1"},"up":{"uv":[3.0,2.5,2.625,2.875],"texture":"#1"},"down":{"uv":[2.5,2.75,2.625,2.875],"texture":"#1"}}},{"from":[4.5,8.25,5.5],"to":[7.5,11.25,8.5],"rotation":{"angle":-22.5,"axis":"y","origin":[5.0,10.75,5.0]},"faces":{"north":{"uv":[1.5,2.5,1.875,2.875],"texture":"#1"},"east":{"uv":[1.875,2.5,1.5,2.875],"texture":"#1"},"south":{"uv":[1.5,2.5,1.875,2.875],"texture":"#1"},"west":{"uv":[1.875,2.5,1.5,2.875],"texture":"#1"},"up":{"uv":[2.25,2.5,1.875,2.875],"texture":"#1"},"down":{"uv":[1.75,2.75,1.875,2.875],"texture":"#1"}}},{"from":[0.65851,0.5,7.73044],"to":[5.65851,9.5,7.73044],"rotation":{"angle":0.0,"axis":"y","origin":[5.15851,10.0,7.23044]},"faces":{"north":{"uv":[0.0,2.75,0.625,3.875],"texture":"#1"},"east":{"uv":[1.875,2.5,1.5,2.875],"texture":"#1"},"south":{"uv":[0.625,2.75,0.0,3.875],"texture":"#1"},"west":{"uv":[1.875,2.5,1.5,2.875],"texture":"#1"},"up":{"uv":[2.25,2.5,1.875,2.875],"texture":"#1"},"down":{"uv":[1.75,2.75,1.875,2.875],"texture":"#1"}}},{"from":[0.65851,5.5,6.73044],"to":[2.65851,7.5,8.73044],"rotation":{"angle":0.0,"axis":"y","origin":[5.15851,10.0,7.23044]},"faces":{"north":{"uv":[0.375,3.0,0.625,3.25],"texture":"#1"},"east":{"uv":[0.375,3.0,0.625,3.25],"texture":"#1"},"south":{"uv":[0.625,3.0,0.375,3.25],"texture":"#1"},"west":{"uv":[0.625,3.0,0.375,3.25],"texture":"#1"},"up":{"uv":[1.75,2.875,1.5,3.125],"texture":"#1"},"down":{"uv":[1.5,2.75,1.625,2.875],"texture":"#1"}}},{"from":[1.65851,1.5,6.73044],"to":[3.65851,3.5,8.73044],"rotation":{"angle":0.0,"axis":"y","origin":[5.15851,10.0,7.23044]},"faces":{"north":{"uv":[0.375,3.0,0.625,3.25],"texture":"#1"},"east":{"uv":[0.375,3.0,0.625,3.25],"texture":"#1"},"south":{"uv":[0.625,3.0,0.375,3.25],"texture":"#1"},"west":{"uv":[0.625,3.0,0.375,3.25],"texture":"#1"},"up":{"uv":[1.75,2.875,1.5,3.125],"texture":"#1"},"down":{"uv":[1.5,2.75,1.625,2.875],"texture":"#1"}}},{"from":[2.65851,3.5,7.73044],"to":[4.65851,5.5,9.73044],"rotation":{"angle":0.0,"axis":"y","origin":[5.15851,10.0,7.23044]},"faces":{"north":{"uv":[0.375,3.0,0.625,3.25],"texture":"#1"},"east":{"uv":[0.375,3.0,0.625,3.25],"texture":"#1"},"south":{"uv":[0.625,3.0,0.375,3.25],"texture":"#1"},"west":{"uv":[0.625,3.0,0.375,3.25],"texture":"#1"},"up":{"uv":[1.75,2.875,1.5,3.125],"texture":"#1"},"down":{"uv":[1.5,2.75,1.625,2.875],"texture":"#1"}}},{"from":[-0.5,10.5,10.5],"to":[4.5,13.5,10.5],"rotation":{"angle":-22.5,"axis":"z","origin":[-0.5,11.5,12.5]},"faces":{"north":{"uv":[1.5,2.875,1.125,2.25],"rotation":90.0,"texture":"#1"},"east":{"uv":[1.125,1.5,1.75,2.125],"rotation":90.0,"texture":"#1"},"south":{"uv":[1.5,2.25,1.125,2.875],"rotation":90.0,"texture":"#1"},"west":{"uv":[1.75,0.75,2.375,1.375],"rotation":90.0,"texture":"#1"},"up":{"uv":[1.125,0.75,1.75,1.5],"rotation":90.0,"texture":"#1"},"down":{"uv":[1.125,0.75,1.75,1.5],"rotation":90.0,"texture":"#1"}}},{"from":[3.5,7.25,9.75],"to":[6.5,12.25,9.75],"rotation":{"angle":22.5,"axis":"z","origin":[-0.5,11.5,12.5]},"faces":{"north":{"uv":[1.5,2.875,1.125,2.25],"texture":"#1"},"east":{"uv":[1.125,0.75,1.75,1.5],"rotation":180.0,"texture":"#1"},"south":{"uv":[1.5,2.25,1.125,2.875],"rotation":180.0,"texture":"#1"},"west":{"uv":[1.125,0.75,1.75,1.5],"rotation":180.0,"texture":"#1"},"up":{"uv":[1.75,0.75,2.375,1.375],"rotation":180.0,"texture":"#1"},"down":{"uv":[1.125,1.5,1.75,2.125],"rotation":180.0,"texture":"#1"}}},{"from":[10.8221,8.07376,11.75],"to":[13.8221,13.07376,11.75],"rotation":{"angle":-45.0,"axis":"z","origin":[12.3221,10.57376,11.75]},"faces":{"north":{"uv":[1.5,2.875,1.125,2.25],"texture":"#1"},"east":{"uv":[1.125,0.75,1.75,1.5],"rotation":180.0,"texture":"#1"},"south":{"uv":[1.5,2.25,1.125,2.875],"rotation":180.0,"texture":"#1"},"west":{"uv":[1.125,0.75,1.75,1.5],"rotation":180.0,"texture":"#1"},"up":{"uv":[1.75,0.75,2.375,1.375],"rotation":180.0,"texture":"#1"},"down":{"uv":[1.125,1.5,1.75,2.125],"rotation":180.0,"texture":"#1"}}},{"from":[12.3221,7.07376,12.75],"to":[17.3221,10.07376,12.75],"rotation":{"angle":-45.0,"axis":"z","origin":[12.3221,10.57376,11.75]},"faces":{"north":{"uv":[1.5,2.875,1.125,2.25],"rotation":270.0,"texture":"#1"},"east":{"uv":[1.75,0.75,2.375,1.375],"rotation":270.0,"texture":"#1"},"south":{"uv":[1.5,2.25,1.125,2.875],"rotation":270.0,"texture":"#1"},"west":{"uv":[1.125,1.5,1.75,2.125],"rotation":270.0,"texture":"#1"},"up":{"uv":[1.125,0.75,1.75,1.5],"rotation":270.0,"texture":"#1"},"down":{"uv":[1.125,0.75,1.75,1.5],"rotation":270.0,"texture":"#1"}}},{"from":[8.75,1.0,2.75],"to":[13.75,10.0,7.75],"rotation":{"angle":-45.0,"axis":"y","origin":[11.0,6.0,5.5]},"faces":{"north":{"uv":[1.75,1.375,2.375,2.5],"texture":"#1"},"east":{"uv":[2.375,1.375,3.0,2.5],"texture":"#1"},"south":{"uv":[2.0,0.5,2.125,0.625],"texture":"#1"},"west":{"uv":[3.0,0.75,3.625,1.875],"texture":"#1"},"up":{"uv":[2.375,0.75,3.0,1.375],"texture":"#1"},"down":{"uv":[2.0,0.5,2.125,0.625],"texture":"#1"}}},{"from":[2.43297,1.0,8.46088],"to":[7.43297,10.0,13.46088],"rotation":{"angle":22.5,"axis":"y","origin":[4.68297,5.5,9.96088]},"faces":{"north":{"uv":[5.625,0.0,5.0,1.125],"texture":"#1"},"east":{"uv":[5.375,0.125,5.25,0.25],"texture":"#1"},"south":{"uv":[5.0,0.625,4.375,1.75],"texture":"#1"},"west":{"uv":[4.375,0.625,3.75,1.75],"texture":"#1"},"up":{"uv":[5.0,0.0,4.375,0.625],"rotation":270.0,"texture":"#1"},"down":{"uv":[3.375,0.875,3.25,1.0],"texture":"#1"}}},{"from":[5.5,15.25,10.0],"to":[12.5,22.25,10.0],"rotation":{"angle":-45.0,"axis":"y","origin":[9.0,18.75,10.0]},"faces":{"north":{"uv":[0.875,1.875,0.0,2.75],"texture":"#1"},"east":{"uv":[1.125,0.75,1.75,1.5],"texture":"#1"},"south":{"uv":[0.0,1.875,0.875,2.75],"texture":"#1"},"west":{"uv":[1.125,0.75,1.75,1.5],"texture":"#1"},"up":{"uv":[1.125,1.5,1.75,2.125],"texture":"#1"},"down":{"uv":[1.75,0.75,2.375,1.375],"texture":"#1"}}},{"from":[5.5,15.25,10.0],"to":[12.5,22.25,10.0],"rotation":{"angle":22.5,"axis":"y","origin":[9.0,18.75,10.0]},"faces":{"north":{"uv":[0.875,1.875,0.0,2.75],"texture":"#1"},"east":{"uv":[1.125,0.75,1.75,1.5],"texture":"#1"},"south":{"uv":[0.0,1.875,0.875,2.75],"texture":"#1"},"west":{"uv":[1.125,0.75,1.75,1.5],"texture":"#1"},"up":{"uv":[1.125,1.5,1.75,2.125],"rotation":180.0,"texture":"#1"},"down":{"uv":[1.75,0.75,2.375,1.375],"rotation":180.0,"texture":"#1"}}},{"name":"cube inverted","from":[12.5,9.25,12.5],"to":[3.5,3.25,3.5],"rotation":{"angle":0.0,"axis":"y","origin":[2.5,7.5,2.5]},"faces":{"north":{"uv":[3.375,0.75,2.25,0.0],"texture":"#1","tintindex":0.0},"east":{"uv":[2.25,0.75,1.125,0.0],"texture":"#1","tintindex":0.0},"south":{"uv":[0.0,0.75,1.125,0.0],"texture":"#1","tintindex":0.0},"west":{"uv":[1.125,0.75,2.25,0.0],"texture":"#1","tintindex":0.0},"up":{"uv":[0.625,0.125,0.5,0.25],"texture":"#1","tintindex":0.0},"down":{"uv":[0.0,0.75,1.125,1.875],"texture":"#1","tintindex":0.0}}},{"name":"cube inverted","from":[7.43297,10.0,13.46088],"to":[2.43297,1.0,8.46088],"rotation":{"angle":22.5,"axis":"y","origin":[4.68297,5.5,9.96088]},"faces":{"north":{"uv":[5.0,1.75,4.375,0.625],"texture":"#1"},"east":{"uv":[4.375,1.75,3.75,0.625],"texture":"#1"},"south":{"uv":[5.625,1.125,5.0,0.0],"texture":"#1"},"west":{"uv":[5.375,0.25,5.25,0.125],"texture":"#1"},"up":{"uv":[3.25,0.875,3.375,1.0],"texture":"#1"},"down":{"uv":[5.0,0.625,4.375,0.0],"rotation":270.0,"texture":"#1"}}},{"name":"cube inverted","from":[13.75,10.0,7.75],"to":[8.75,1.0,2.75],"rotation":{"angle":-45.0,"axis":"y","origin":[11.0,6.0,5.5]},"faces":{"north":{"uv":[2.0,0.625,2.125,0.5],"texture":"#1"},"east":{"uv":[3.0,1.875,3.625,0.75],"texture":"#1"},"south":{"uv":[1.75,2.5,2.375,1.375],"texture":"#1"},"west":{"uv":[2.375,2.5,3.0,1.375],"texture":"#1"},"up":{"uv":[2.125,0.5,2.0,0.625],"texture":"#1"},"down":{"uv":[3.0,0.75,2.375,1.375],"texture":"#1"}}}],"gui_light":"front","display":{"thirdperson_righthand":{"rotation":[55.5,34.0,0.0],"translation":[0.0,1.0,0.75],"scale":[0.52539,0.52539,0.52539]},"thirdperson_lefthand":{"rotation":[55.5,34.0,0.0],"translation":[0.0,1.0,0.75],"scale":[0.52539,0.52539,0.52539]},"firstperson_righthand":{"rotation":[21.0,114.5,-13.75],"translation":[9.5,0.0,-5.75],"scale":[0.41992,0.41992,0.41992]},"firstperson_lefthand":{"rotation":[21.0,114.5,-13.75],"translation":[9.5,0.0,-5.75],"scale":[0.41992,0.41992,0.41992]},"gui":{"rotation":[-149.61,-31.92,-180.0],"translation":[0.25,-1.75,0.0],"scale":[0.68359,0.68359,0.68359]},"head":{"translation":[0.0,5.5,0.0],"scale":[1.6293,1.6293,1.6293]}}}