{"textures":{"0":"mcc:island_cosmetics/head/head_5","particle":"mcc:island_cosmetics/head/head_5"},"credit":"Made with Blockbench","texture_size":[128.0,128.0],"elements":[{"from":[3.52,5.52,3.52],"to":[12.48,8.48,12.48],"rotation":{"angle":0.0,"axis":"x","origin":[7.5,9.5,7.5]},"faces":{"north":{"uv":[5.375,10.75,6.5,11.125],"texture":"#0"},"east":{"uv":[6.625,10.25,7.75,10.625],"texture":"#0"},"south":{"uv":[6.625,10.625,7.75,11.0],"texture":"#0"},"west":{"uv":[7.75,10.25,6.625,10.625],"texture":"#0"}}},{"from":[3.52,5.52,3.52],"to":[12.48,8.48,12.48],"rotation":{"angle":0.0,"axis":"x","origin":[7.5,9.5,7.5]},"faces":{"north":{"uv":[5.5,11.5,6.625,11.875],"texture":"#0","tintindex":0.0},"east":{"uv":[6.625,11.0,7.75,11.375],"texture":"#0","tintindex":0.0},"south":{"uv":[5.5,11.125,6.625,11.5],"texture":"#0","tintindex":0.0},"west":{"uv":[7.75,11.0,6.625,11.375],"texture":"#0","tintindex":0.0}}},{"from":[6.43748,5.0,1.36733],"to":[10.43748,9.0,3.36733],"rotation":{"angle":-22.5,"axis":"y","origin":[8.0,7.0,9.25]},"faces":{"north":{"uv":[5.375,10.25,5.875,10.75],"texture":"#0"},"east":{"uv":[5.875,10.25,6.125,10.75],"texture":"#0"},"south":{"uv":[6.125,10.25,6.625,10.75],"rotation":90.0,"texture":"#0"},"west":{"uv":[6.125,10.25,5.875,10.75],"texture":"#0"},"up":{"uv":[6.125,10.75,5.875,10.25],"rotation":90.0,"texture":"#0"},"down":{"uv":[5.875,10.25,6.125,10.75],"rotation":90.0,"texture":"#0"}}},{"from":[5.56252,5.0,1.36733],"to":[9.56252,9.0,3.36733],"rotation":{"angle":22.5,"axis":"y","origin":[8.0,7.0,9.25]},"faces":{"north":{"uv":[5.875,10.25,5.375,10.75],"texture":"#0"},"east":{"uv":[5.875,10.25,6.125,10.75],"texture":"#0"},"south":{"uv":[6.125,10.75,6.625,10.25],"rotation":90.0,"texture":"#0"},"west":{"uv":[6.125,10.25,5.875,10.75],"texture":"#0"},"up":{"uv":[6.125,10.25,5.875,10.75],"rotation":90.0,"texture":"#0"},"down":{"uv":[5.875,10.75,6.125,10.25],"rotation":90.0,"texture":"#0"}}},{"name":"cube inverted","from":[12.48,8.48,12.48],"to":[3.52,5.52,3.52],"rotation":{"angle":0.0,"axis":"x","origin":[7.5,9.5,7.5]},"faces":{"north":{"uv":[6.625,11.0,7.75,10.625],"texture":"#0"},"east":{"uv":[7.75,10.625,6.625,10.25],"texture":"#0"},"south":{"uv":[5.375,11.125,6.5,10.75],"texture":"#0"},"west":{"uv":[6.625,10.625,7.75,10.25],"texture":"#0"}}},{"name":"cube inverted","from":[12.48,8.48,12.48],"to":[3.52,5.52,3.52],"rotation":{"angle":0.0,"axis":"x","origin":[7.5,9.5,7.5]},"faces":{"north":{"uv":[5.5,11.5,6.625,11.125],"texture":"#0","tintindex":0.0},"east":{"uv":[7.75,11.375,6.625,11.0],"texture":"#0","tintindex":0.0},"south":{"uv":[5.5,11.875,6.625,11.5],"texture":"#0","tintindex":0.0},"west":{"uv":[6.625,11.375,7.75,11.0],"texture":"#0","tintindex":0.0}}}],"gui_light":"front","display":{"thirdperson_righthand":{"rotation":[55.5,34.0,0.0],"translation":[0.0,1.0,0.75],"scale":[0.52539,0.52539,0.52539]},"thirdperson_lefthand":{"rotation":[55.5,34.0,0.0],"translation":[0.0,1.0,0.75],"scale":[0.52539,0.52539,0.52539]},"firstperson_righthand":{"rotation":[21.0,114.5,-13.75],"translation":[9.5,0.0,-5.75],"scale":[0.41992,0.41992,0.41992]},"firstperson_lefthand":{"rotation":[21.0,114.5,-13.75],"translation":[9.5,0.0,-5.75],"scale":[0.41992,0.41992,0.41992]},"gui":{"rotation":[-160.8,-33.59,175.04],"translation":[-0.5,1.5,0.0],"scale":[1.0703,1.0703,1.0703]},"head":{"rotation":[7.0,0.0,0.0],"translation":[0.0,6.0,0.5],"scale":[1.65859,1.65859,1.65859]}}}