{"textures":{"0":"mcc:island_cosmetics/head/head","particle":"mcc:island_cosmetics/head/head"},"credit":"Made with Blockbench","texture_size":[128.0,128.0],"elements":[{"from":[3.0,0.0,3.0],"to":[13.0,4.0,13.0],"faces":{"north":{"uv":[4.125,1.75,5.375,2.25],"texture":"#0","tintindex":0.0},"east":{"uv":[4.125,1.75,5.375,2.25],"texture":"#0","tintindex":0.0},"south":{"uv":[4.125,1.75,5.375,2.25],"texture":"#0","tintindex":0.0},"west":{"uv":[4.125,1.75,5.375,2.25],"texture":"#0","tintindex":0.0},"up":{"uv":[5.875,2.75,7.125,4.0],"texture":"#0","tintindex":0.0},"down":{"uv":[5.875,2.75,7.125,4.0],"texture":"#0","tintindex":0.0}}},{"from":[1.0,4.0,1.0],"to":[15.0,5.0,15.0],"rotation":{"angle":-45.0,"axis":"y","origin":[8.0,4.5,8.0]},"faces":{"north":{"uv":[4.125,2.0,2.375,2.125],"texture":"#0","tintindex":0.0},"east":{"uv":[2.375,2.125,4.125,2.25],"texture":"#0","tintindex":0.0},"south":{"uv":[2.375,2.125,4.125,2.25],"texture":"#0","tintindex":0.0},"west":{"uv":[2.375,2.125,4.125,2.25],"texture":"#0","tintindex":0.0},"up":{"uv":[2.375,2.25,4.125,4.0],"texture":"#0","tintindex":0.0},"down":{"uv":[4.125,2.25,5.875,4.0],"texture":"#0","tintindex":0.0}}},{"from":[7.0,5.25,7.0],"to":[9.0,5.25,9.0],"rotation":{"angle":-45.0,"axis":"y","origin":[8.0,4.5,8.0]},"faces":{"north":{"uv":[4.125,2.0,2.375,2.125],"texture":"#0","tintindex":0.0},"east":{"uv":[2.375,2.125,4.125,2.25],"texture":"#0","tintindex":0.0},"south":{"uv":[2.375,2.125,4.125,2.25],"texture":"#0","tintindex":0.0},"west":{"uv":[2.375,2.125,4.125,2.25],"texture":"#0","tintindex":0.0},"up":{"uv":[2.375,2.0,2.625,2.25],"texture":"#0","tintindex":0.0},"down":{"uv":[2.375,2.0,2.625,2.25],"texture":"#0","tintindex":0.0}}},{"from":[7.5,-3.0,-0.25],"to":[8.5,1.0,0.75],"rotation":{"angle":-45.0,"axis":"y","origin":[8.0,4.5,8.0]},"faces":{"north":{"uv":[1.125,2.875,1.25,3.375],"texture":"#0"},"east":{"uv":[1.125,2.875,1.25,3.375],"texture":"#0"},"south":{"uv":[1.125,2.875,1.25,3.375],"texture":"#0"},"west":{"uv":[1.125,2.875,1.25,3.375],"texture":"#0"},"up":{"uv":[1.125,2.875,1.25,3.0],"texture":"#0"},"down":{"uv":[1.125,3.25,1.25,3.375],"texture":"#0"}}},{"from":[6.4,-2.1,0.15],"to":[9.6,5.1,8.35],"rotation":{"angle":-45.0,"axis":"y","origin":[8.0,4.5,8.0]},"faces":{"north":{"uv":[1.375,2.875,1.75,3.75],"texture":"#0"},"up":{"uv":[1.875,2.875,2.25,3.875],"texture":"#0"}}},{"name":"cube inverted","from":[9.6,5.1,8.35],"to":[6.4,-2.1,0.15],"rotation":{"angle":-45.0,"axis":"y","origin":[8.0,4.5,8.0]},"faces":{"south":{"uv":[1.375,3.75,1.75,2.875],"texture":"#0"},"down":{"uv":[2.25,2.875,1.875,3.875],"texture":"#0"}}}],"gui_light":"front","display":{"thirdperson_righthand":{"rotation":[64.25,0.0,0.0],"scale":[0.44336,0.44336,0.44336]},"thirdperson_lefthand":{"rotation":[64.25,0.0,0.0],"scale":[0.44336,0.44336,0.44336]},"firstperson_righthand":{"scale":[0.0,0.0,0.0]},"firstperson_lefthand":{"scale":[0.0,0.0,0.0]},"ground":{"translation":[0.0,4.25,0.0],"scale":[0.43945,0.43945,0.43945]},"gui":{"rotation":[23.0,-153.0,0.0],"translation":[0.0,4.5,0.0],"scale":[0.84375,0.84375,0.84375]},"head":{"rotation":[6.25,0.0,0.0],"translation":[0.0,14.5,1.5],"scale":[1.58047,1.58047,1.58047]}}}