{"textures":{"0":"mcc:island_cosmetics/head/head_2","particle":"mcc:island_cosmetics/head/head_2"},"credit":"Made with Blockbench","texture_size":[128.0,128.0],"elements":[{"from":[3.5,0.0,6.0],"to":[12.5,8.0,9.0],"rotation":{"angle":0.0,"axis":"y","origin":[-0.5,0.0,0.0]},"faces":{"north":{"uv":[1.25,1.75,1.375,1.875],"texture":"#0","tintindex":0.0},"east":{"uv":[2.375,3.0,2.0,4.0],"texture":"#0","tintindex":0.0},"south":{"uv":[1.25,1.75,1.375,1.875],"texture":"#0","tintindex":0.0},"west":{"uv":[2.0,3.0,2.375,4.0],"texture":"#0","tintindex":0.0},"up":{"uv":[1.625,2.5,0.5,2.875],"texture":"#0","tintindex":0.0},"down":{"uv":[8.375,1.75,8.5,1.875],"texture":"#0","tintindex":0.0}}},{"from":[12.5,4.0,7.0],"to":[12.5,5.0,8.0],"rotation":{"angle":0.0,"axis":"y","origin":[-0.5,0.0,0.0]},"faces":{"north":{"uv":[1.25,1.75,1.375,1.875],"texture":"#0"},"east":{"uv":[0.75,3.875,0.625,4.0],"texture":"#0"},"south":{"uv":[1.25,1.75,1.375,1.875],"texture":"#0"},"west":{"uv":[0.75,3.875,0.625,4.0],"texture":"#0"},"up":{"uv":[1.625,2.5,0.5,2.875],"texture":"#0"},"down":{"uv":[8.375,1.75,8.5,1.875],"texture":"#0"}}},{"from":[3.5,4.0,7.0],"to":[3.5,5.0,8.0],"rotation":{"angle":0.0,"axis":"y","origin":[16.5,0.0,0.0]},"faces":{"north":{"uv":[1.375,1.75,1.25,1.875],"texture":"#0"},"east":{"uv":[0.625,3.875,0.75,4.0],"texture":"#0"},"south":{"uv":[1.375,1.75,1.25,1.875],"texture":"#0"},"west":{"uv":[0.625,3.875,0.75,4.0],"texture":"#0"},"up":{"uv":[0.5,2.5,1.625,2.875],"texture":"#0"},"down":{"uv":[8.5,1.75,8.375,1.875],"texture":"#0"}}},{"from":[12.0,-1.0,5.0],"to":[14.0,4.0,10.0],"rotation":{"angle":0.0,"axis":"y","origin":[-0.5,0.0,0.0]},"faces":{"north":{"uv":[1.75,2.875,1.5,3.5],"texture":"#0","tintindex":0.0},"east":{"uv":[1.5,2.875,0.875,3.5],"texture":"#0","tintindex":0.0},"south":{"uv":[1.5,2.875,1.75,3.5],"texture":"#0","tintindex":0.0},"west":{"uv":[2.0,3.5,1.375,4.125],"texture":"#0","tintindex":0.0},"up":{"uv":[1.125,3.5,0.875,4.125],"texture":"#0","tintindex":0.0},"down":{"uv":[1.125,3.5,1.375,4.125],"texture":"#0","tintindex":0.0}}},{"from":[2.0,-1.0,5.0],"to":[4.0,4.0,10.0],"rotation":{"angle":0.0,"axis":"y","origin":[16.5,0.0,0.0]},"faces":{"north":{"uv":[1.5,2.875,1.75,3.5],"texture":"#0","tintindex":0.0},"east":{"uv":[1.375,3.5,2.0,4.125],"texture":"#0","tintindex":0.0},"south":{"uv":[1.75,2.875,1.5,3.5],"texture":"#0","tintindex":0.0},"west":{"uv":[0.875,2.875,1.5,3.5],"texture":"#0","tintindex":0.0},"up":{"uv":[0.875,3.5,1.125,4.125],"texture":"#0","tintindex":0.0},"down":{"uv":[1.375,3.5,1.125,4.125],"texture":"#0","tintindex":0.0}}},{"from":[11.98,-1.02,4.98],"to":[13.02,4.02,10.02],"rotation":{"angle":0.0,"axis":"y","origin":[-0.5,0.0,0.0]},"faces":{"north":{"uv":[0.875,3.25,0.75,3.875],"texture":"#0"},"east":{"uv":[0.75,3.25,0.125,3.875],"texture":"#0"},"south":{"uv":[0.875,3.25,0.75,3.875],"texture":"#0"},"west":{"uv":[0.75,3.25,0.125,3.875],"texture":"#0"},"up":{"uv":[0.875,3.25,0.75,3.375],"texture":"#0"},"down":{"uv":[0.875,3.75,0.75,3.875],"texture":"#0"}}},{"from":[2.98,-1.02,4.98],"to":[4.02,4.02,10.02],"rotation":{"angle":0.0,"axis":"y","origin":[16.5,0.0,0.0]},"faces":{"north":{"uv":[0.75,3.25,0.875,3.875],"texture":"#0"},"east":{"uv":[0.125,3.25,0.75,3.875],"texture":"#0"},"south":{"uv":[0.75,3.25,0.875,3.875],"texture":"#0"},"west":{"uv":[0.125,3.25,0.75,3.875],"texture":"#0"},"up":{"uv":[0.75,3.25,0.875,3.375],"texture":"#0"},"down":{"uv":[0.75,3.75,0.875,3.875],"texture":"#0"}}},{"name":"cube inverted","from":[12.5,8.0,9.0],"to":[3.5,0.0,6.0],"rotation":{"angle":0.0,"axis":"y","origin":[0.5,0.0,0.0]},"faces":{"north":{"uv":[1.25,1.875,1.375,1.75],"texture":"#0","tintindex":0.0},"east":{"uv":[2.0,4.0,2.375,3.0],"texture":"#0","tintindex":0.0},"south":{"uv":[1.25,1.875,1.375,1.75],"texture":"#0","tintindex":0.0},"west":{"uv":[2.375,4.0,2.0,3.0],"texture":"#0","tintindex":0.0},"up":{"uv":[8.5,1.75,8.375,1.875],"texture":"#0","tintindex":0.0},"down":{"uv":[0.5,2.5,1.625,2.875],"texture":"#0","tintindex":0.0}}}],"gui_light":"front","display":{"thirdperson_righthand":{"rotation":[64.25,0.0,0.0],"scale":[0.44336,0.44336,0.44336]},"thirdperson_lefthand":{"rotation":[64.25,0.0,0.0],"scale":[0.44336,0.44336,0.44336]},"firstperson_righthand":{"scale":[0.0,0.0,0.0]},"firstperson_lefthand":{"scale":[0.0,0.0,0.0]},"ground":{"translation":[0.0,4.25,0.0],"scale":[0.43945,0.43945,0.43945]},"gui":{"rotation":[-150.51,-35.52,179.83],"translation":[-0.25,5.0,0.0],"scale":[0.99609,0.99609,0.99609]},"head":{"translation":[0.0,10.0,1.0],"scale":[1.64492,1.64492,1.64492]}}}