{"textures":{"0":"mcc:island_cosmetics/head/head_7","2":"mcc:island_cosmetics/head/hothead_anim","particle":"mcc:island_cosmetics/head/head_7"},"credit":"Made with Blockbench","texture_size":[128.0,128.0],"elements":[{"from":[2.5,0.0,2.5],"to":[13.5,11.0,13.5],"rotation":{"angle":0.0,"axis":"x","origin":[7.5,12.0,8.5]},"faces":{"north":{"uv":[11.5,0.0,12.875,1.375],"texture":"#0"},"east":{"uv":[12.875,0.0,11.5,1.375],"texture":"#0"},"south":{"uv":[11.5,0.0,12.875,1.375],"texture":"#0"},"west":{"uv":[12.875,0.0,11.5,1.375],"texture":"#0"},"up":{"uv":[12.875,1.375,14.25,0.0],"rotation":90.0,"texture":"#0"},"down":{"uv":[10.125,2.25,11.5,0.875],"rotation":90.0,"texture":"#0"}}},{"from":[2.5,0.0,2.25],"to":[13.5,11.0,2.25],"rotation":{"angle":0.0,"axis":"x","origin":[7.5,12.0,8.5]},"faces":{"north":{"uv":[10.5,0.0,16.0,5.5],"texture":"#2"},"east":{"uv":[12.875,0.0,11.5,1.375],"texture":"#0"},"south":{"uv":[10.5,0.0,16.0,5.5],"texture":"#2"},"west":{"uv":[12.875,0.0,11.5,1.375],"texture":"#0"},"up":{"uv":[12.875,0.0,14.25,1.375],"texture":"#0"},"down":{"uv":[5.125,7.0,6.5,8.375],"texture":"#0"}}},{"from":[5.5,11.0,5.5],"to":[10.5,13.0,10.5],"rotation":{"angle":0.0,"axis":"x","origin":[7.5,9.5,7.5]},"faces":{"north":{"uv":[12.125,1.375,11.5,1.625],"texture":"#0"},"east":{"uv":[12.125,1.375,11.5,1.625],"texture":"#0"},"south":{"uv":[12.125,1.375,11.5,1.625],"texture":"#0"},"west":{"uv":[12.125,1.375,11.5,1.625],"texture":"#0"},"up":{"uv":[12.75,1.375,12.125,2.0],"texture":"#0"},"down":{"uv":[12.5,1.625,12.625,1.75],"texture":"#0"}}},{"from":[6.0,5.0,8.0],"to":[23.0,20.0,8.0],"rotation":{"angle":-45.0,"axis":"y","origin":[8.0,14.0,8.0]},"faces":{"north":{"uv":[0.0,0.0,8.5,7.5],"texture":"#2"},"east":{"uv":[5.125,7.0,6.5,8.375],"texture":"#missing"},"south":{"uv":[8.5,0.0,0.0,7.5],"texture":"#2"},"west":{"uv":[5.125,7.0,6.5,8.375],"texture":"#missing"},"up":{"uv":[5.125,7.0,6.5,8.375],"texture":"#missing"},"down":{"uv":[5.125,7.0,6.5,8.375],"texture":"#missing"}}}],"gui_light":"front","display":{"thirdperson_righthand":{"rotation":[55.5,34.0,0.0],"translation":[0.0,1.0,0.75],"scale":[0.52539,0.52539,0.52539]},"thirdperson_lefthand":{"rotation":[55.5,34.0,0.0],"translation":[0.0,1.0,0.75],"scale":[0.52539,0.52539,0.52539]},"firstperson_righthand":{"rotation":[21.0,114.5,-13.75],"translation":[9.5,0.0,-5.75],"scale":[0.41992,0.41992,0.41992]},"firstperson_lefthand":{"rotation":[21.0,114.5,-13.75],"translation":[9.5,0.0,-5.75],"scale":[0.41992,0.41992,0.41992]},"gui":{"rotation":[-149.61,-31.92,-180.0],"translation":[1.5,0.25,0.0],"scale":[0.68554,0.68554,0.68554]},"head":{"translation":[0.0,6.0,0.0],"scale":[1.65859,1.65859,1.65859]}}}