{"textures":{"0":"mcc:island_cosmetics/head/head_5","1":"mcc:island_cosmetics/head/king_whip_anim","2":"mcc:island_cosmetics/head/head_9","particle":"mcc:island_cosmetics/head/head_5"},"credit":"Made with Blockbench","texture_size":[128.0,128.0],"elements":[{"from":[1.0,7.0,1.75],"to":[15.0,11.0,15.75],"rotation":{"angle":-22.5,"axis":"x","origin":[8.5,9.5,7.75]},"faces":{"north":{"uv":[12.5,4.625,14.25,5.125],"texture":"#2"},"east":{"uv":[12.5,4.625,14.25,5.125],"texture":"#2"},"south":{"uv":[12.5,4.625,14.25,5.125],"texture":"#2"},"west":{"uv":[12.5,4.625,14.25,5.125],"texture":"#2"},"up":{"uv":[14.25,4.625,16.0,6.375],"texture":"#2"},"down":{"uv":[14.25,6.375,16.0,8.125],"texture":"#2"}}},{"from":[4.3,5.61755,1.33493],"to":[13.7,10.01755,2.73493],"rotation":{"angle":0.0,"axis":"x","origin":[9.0,7.81755,3.03493]},"faces":{"north":{"uv":[10.125,4.75,11.25,5.25],"texture":"#0","tintindex":0.0},"east":{"uv":[10.125,4.875,10.25,5.0],"texture":"#0","tintindex":0.0},"south":{"uv":[10.125,4.875,10.25,5.0],"texture":"#0","tintindex":0.0},"west":{"uv":[10.125,4.875,10.25,5.0],"texture":"#0","tintindex":0.0},"up":{"uv":[11.25,4.75,10.125,4.875],"texture":"#0","tintindex":0.0},"down":{"uv":[10.125,4.875,10.25,5.0],"texture":"#0","tintindex":0.0}}},{"from":[2.0,10.0,2.5],"to":[14.0,15.0,14.5],"rotation":{"angle":0.0,"axis":"y","origin":[2.0,-1.0,-1.5]},"faces":{"north":{"uv":[14.5,8.125,16.0,8.75],"texture":"#2","tintindex":0.0},"east":{"uv":[14.5,8.125,16.0,8.75],"texture":"#2","tintindex":0.0},"south":{"uv":[14.5,8.125,16.0,8.75],"texture":"#2","tintindex":0.0},"west":{"uv":[14.5,8.125,16.0,8.75],"texture":"#2","tintindex":0.0},"up":{"uv":[12.75,5.25,14.25,6.75],"texture":"#2","tintindex":0.0},"down":{"uv":[14.5,9.75,16.0,11.25],"texture":"#2","tintindex":0.0}}},{"from":[1.8,9.8,2.3],"to":[14.2,15.2,14.7],"rotation":{"angle":0.0,"axis":"y","origin":[2.0,-1.0,-1.5]},"faces":{"east":{"uv":[6.875,4.375,8.375,5.0],"texture":"#0","tintindex":0.0},"south":{"uv":[6.875,3.875,8.375,4.5],"texture":"#0","tintindex":0.0},"west":{"uv":[6.875,4.375,8.375,5.0],"texture":"#0","tintindex":0.0}}},{"from":[3.5,11.25,2.25],"to":[12.5,15.25,2.25],"rotation":{"angle":0.0,"axis":"y","origin":[1.5,-1.0,-1.5]},"faces":{"north":{"uv":[7.5,3.0,8.625,3.5],"texture":"#0"},"east":{"uv":[5.875,3.5,7.25,4.0],"texture":"#0"},"south":{"uv":[7.5,3.0,8.625,3.5],"texture":"#0"},"west":{"uv":[5.875,3.5,7.25,4.0],"texture":"#0"},"up":{"uv":[3.5,4.5,4.75,5.625],"texture":"#missing"},"down":{"uv":[2.5,7.125,3.75,8.25],"texture":"#missing"}}},{"from":[4.0,14.0,3.25],"to":[12.0,19.0,3.25],"rotation":{"angle":0.0,"axis":"y","origin":[1.5,-1.0,-1.5]},"faces":{"north":{"uv":[4.0,6.0,12.0,11.0],"texture":"#1"},"east":{"uv":[5.875,3.5,7.25,4.0],"texture":"#0"},"south":{"uv":[4.0,6.0,12.0,11.0],"texture":"#1"},"west":{"uv":[5.875,3.5,7.25,4.0],"texture":"#0"},"up":{"uv":[3.5,4.5,4.75,5.625],"texture":"#missing"},"down":{"uv":[2.5,7.125,3.75,8.25],"texture":"#missing"}}},{"from":[3.0,15.0,3.5],"to":[13.0,19.0,13.5],"rotation":{"angle":0.0,"axis":"y","origin":[1.0,-1.0,-1.5]},"faces":{"north":{"uv":[14.75,8.75,16.0,9.25],"texture":"#2","tintindex":0.0},"east":{"uv":[14.75,8.75,16.0,9.25],"texture":"#2","tintindex":0.0},"south":{"uv":[14.75,8.75,16.0,9.25],"texture":"#2","tintindex":0.0},"west":{"uv":[14.75,8.75,16.0,9.25],"texture":"#2","tintindex":0.0},"up":{"uv":[13.0,6.75,14.25,8.0],"texture":"#2","tintindex":0.0},"down":{"uv":[2.5,7.125,3.75,8.25],"texture":"#missing","tintindex":0.0}}},{"from":[2.8,14.8,3.3],"to":[13.2,19.2,13.7],"rotation":{"angle":0.0,"axis":"y","origin":[1.0,-1.0,-1.5]},"faces":{"east":{"uv":[6.875,3.875,8.125,4.375],"texture":"#0","tintindex":0.0},"south":{"uv":[6.875,4.375,8.125,4.875],"texture":"#0","tintindex":0.0},"west":{"uv":[6.875,3.875,8.125,4.375],"texture":"#0","tintindex":0.0},"up":{"uv":[8.625,4.75,9.875,6.0],"texture":"#0","tintindex":0.0}}},{"from":[6.25,17.37132,6.58579],"to":[11.25,21.37132,10.58579],"rotation":{"angle":22.5,"axis":"z","origin":[8.0,18.62132,6.58579]},"faces":{"north":{"uv":[15.375,9.25,16.0,9.75],"texture":"#2","tintindex":0.0},"east":{"uv":[14.25,8.75,14.75,9.25],"texture":"#2","tintindex":0.0},"south":{"uv":[15.375,9.25,16.0,9.75],"texture":"#2","tintindex":0.0},"west":{"uv":[14.25,8.75,14.75,9.25],"texture":"#2","tintindex":0.0},"up":{"uv":[14.75,9.25,15.375,9.75],"texture":"#2","tintindex":0.0},"down":{"uv":[14.75,9.125,14.875,9.25],"texture":"#2","tintindex":0.0}}},{"from":[6.05,17.17132,6.38579],"to":[11.45,21.57132,10.78579],"rotation":{"angle":22.5,"axis":"z","origin":[8.0,18.62132,6.58579]},"faces":{"up":{"uv":[9.75,5.375,9.125,5.875],"texture":"#0","tintindex":0.0}}},{"from":[7.25,18.37132,8.58579],"to":[14.25,22.37132,8.58579],"rotation":{"angle":22.5,"axis":"z","origin":[8.0,18.62132,6.58579]},"faces":{"north":{"uv":[6.0,4.875,6.875,5.375],"texture":"#0","tintindex":0.0},"east":{"uv":[3.5,4.5,4.75,5.625],"rotation":180.0,"texture":"#missing","tintindex":0.0},"south":{"uv":[6.875,4.875,6.0,5.375],"texture":"#0","tintindex":0.0},"west":{"uv":[2.5,7.125,3.75,8.25],"texture":"#missing","tintindex":0.0},"up":{"uv":[4.75,4.5,6.0,5.75],"rotation":90.0,"texture":"#missing","tintindex":0.0},"down":{"uv":[0.0,5.0,1.25,6.25],"rotation":90.0,"texture":"#missing","tintindex":0.0}}},{"name":"cube inverted","from":[13.7,10.01755,2.73493],"to":[4.3,5.61755,1.33493],"rotation":{"angle":0.0,"axis":"x","origin":[9.0,7.81755,3.03493]},"faces":{"north":{"uv":[10.125,5.0,10.25,4.875],"texture":"#0","tintindex":0.0},"east":{"uv":[10.125,5.0,10.25,4.875],"texture":"#0","tintindex":0.0},"south":{"uv":[10.125,5.25,11.25,4.75],"texture":"#0","tintindex":0.0},"west":{"uv":[10.125,5.0,10.25,4.875],"texture":"#0","tintindex":0.0},"up":{"uv":[10.25,4.875,10.125,5.0],"texture":"#0","tintindex":0.0},"down":{"uv":[10.125,4.75,11.25,4.875],"texture":"#0","tintindex":0.0}}}],"gui_light":"front","display":{"thirdperson_righthand":{"rotation":[63.0,34.0,0.0],"translation":[0.0,1.0,-1.0],"scale":[0.52539,0.52539,0.52539]},"thirdperson_lefthand":{"rotation":[63.0,34.0,0.0],"translation":[0.0,1.0,-1.0],"scale":[0.52539,0.52539,0.52539]},"firstperson_righthand":{"rotation":[3.0,112.0,-13.0],"translation":[9.5,0.0,-5.75],"scale":[0.41992,0.41992,0.41992]},"firstperson_lefthand":{"rotation":[3.0,112.0,-13.0],"translation":[9.5,0.0,-5.75],"scale":[0.41992,0.41992,0.41992]},"ground":{"translation":[0.0,4.25,0.0],"scale":[0.28906,0.28906,0.28906]},"gui":{"rotation":[-149.61,-31.92,-180.0],"translation":[0.25,-2.5,0.0],"scale":[0.7539,0.7539,0.7539]},"head":{"rotation":[-6.5,0.32,-2.73],"translation":[0.0,-8.0,0.25],"scale":[1.6,1.6,1.6]},"fixed":{"translation":[0.0,-3.25,-7.5]}}}