{"textures":{"0":"mcc:island_cosmetics/head/head_4","1":"mcc:island_cosmetics/head/mellowhead","particle":"mcc:island_cosmetics/head/head_4"},"credit":"Made with Blockbench","texture_size":[32.0,32.0],"elements":[{"from":[2.0,0.0,2.0],"to":[14.0,13.0,14.0],"rotation":{"angle":0.0,"axis":"y","origin":[0.0,0.0,-1.0]},"faces":{"north":{"uv":[14.5,0.0,16.0,1.625],"texture":"#0"},"east":{"uv":[14.5,0.0,16.0,1.625],"texture":"#0"},"south":{"uv":[14.5,0.0,16.0,1.625],"texture":"#0"},"west":{"uv":[14.5,0.0,16.0,1.625],"texture":"#0"},"up":{"uv":[14.5,1.625,16.0,3.125],"texture":"#0"},"down":{"uv":[14.5,3.125,16.0,4.625],"texture":"#0"}}},{"from":[2.0,-5.0,2.0],"to":[14.0,0.0,14.0],"rotation":{"angle":0.0,"axis":"y","origin":[1.0,0.0,0.0]},"faces":{"north":{"uv":[5.5,0.0,11.5,2.5],"texture":"#1"},"east":{"uv":[5.5,5.0,11.5,7.5],"texture":"#1"},"south":{"uv":[5.5,5.0,11.5,7.5],"texture":"#1"},"west":{"uv":[11.5,5.0,5.5,7.5],"texture":"#1"},"up":{"uv":[2.375,8.5,2.5,8.625],"texture":"#0"},"down":{"uv":[2.375,8.5,2.5,8.625],"texture":"#0"}}},{"from":[2.0,1.0,1.5],"to":[14.0,12.0,1.5],"rotation":{"angle":0.0,"axis":"y","origin":[0.0,0.0,-0.5]},"faces":{"north":{"uv":[0.0,0.0,5.5,5.5],"texture":"#1"},"east":{"uv":[2.875,6.75,4.25,8.125],"texture":"#0"},"south":{"uv":[0.0,0.0,5.5,5.5],"texture":"#1"},"west":{"uv":[2.875,6.75,4.25,8.125],"texture":"#0"},"up":{"uv":[2.875,8.125,4.25,9.5],"texture":"#0"},"down":{"uv":[1.5,8.875,2.875,10.25],"texture":"#0"}}},{"name":"cube inverted","from":[13.5,0.0,13.5],"to":[2.5,-5.0,2.5],"rotation":{"angle":0.0,"axis":"y","origin":[0.5,0.0,-0.5]},"faces":{"north":{"uv":[5.5,7.5,11.0,5.0],"texture":"#1"},"east":{"uv":[11.0,7.5,5.5,5.0],"texture":"#1"},"south":{"uv":[5.5,2.5,11.0,0.0],"texture":"#1"},"west":{"uv":[5.5,7.5,11.0,5.0],"texture":"#1"},"up":{"uv":[2.5,8.5,2.375,8.625],"texture":"#0"},"down":{"uv":[2.5,8.5,2.375,8.625],"texture":"#0"}}}],"gui_light":"front","display":{"thirdperson_righthand":{"rotation":[63.0,34.0,0.0],"translation":[0.0,1.0,-1.0],"scale":[0.52539,0.52539,0.52539]},"thirdperson_lefthand":{"rotation":[63.0,34.0,0.0],"translation":[0.0,1.0,-1.0],"scale":[0.52539,0.52539,0.52539]},"firstperson_righthand":{"rotation":[3.0,112.0,-13.0],"translation":[9.5,0.0,-5.75],"scale":[0.41992,0.41992,0.41992]},"firstperson_lefthand":{"rotation":[3.0,112.0,-13.0],"translation":[9.5,0.0,-5.75],"scale":[0.41992,0.41992,0.41992]},"ground":{"translation":[0.0,4.25,0.0],"scale":[0.28906,0.28906,0.28906]},"gui":{"rotation":[-149.61,-31.92,-180.0],"translation":[0.0,1.75,0.0],"scale":[0.71679,0.71679,0.71679]},"head":{"translation":[0.0,5.75,0.0],"scale":[1.6,1.6,1.6]},"fixed":{"translation":[0.0,-3.25,-7.5]}}}