{"textures":{"0":"mcc:island_cosmetics/head/head_6","particle":"mcc:island_cosmetics/head/head_6"},"credit":"Made with Blockbench","texture_size":[128.0,128.0],"elements":[{"from":[3.0,-0.5,3.0],"to":[13.0,9.5,13.0],"rotation":{"angle":0.0,"axis":"x","origin":[8.0,9.5,7.0]},"faces":{"north":{"uv":[9.0,5.875,10.25,7.125],"texture":"#0"},"east":{"uv":[7.75,5.875,9.0,7.125],"texture":"#0"},"south":{"uv":[11.5,5.875,10.25,7.125],"texture":"#0"},"west":{"uv":[9.0,5.875,7.75,7.125],"texture":"#0"},"up":{"uv":[9.625,4.625,10.875,5.875],"texture":"#0"},"down":{"uv":[12.75,5.875,11.5,7.125],"texture":"#0"}}},{"from":[3.0,-0.5,3.0],"to":[13.0,9.5,13.0],"rotation":{"angle":0.0,"axis":"x","origin":[8.0,9.5,7.0]},"faces":{"north":{"uv":[9.0,7.125,10.25,8.375],"texture":"#0","tintindex":0.0},"east":{"uv":[7.75,7.125,9.0,8.375],"texture":"#0","tintindex":0.0},"south":{"uv":[11.5,7.125,10.25,8.375],"texture":"#0","tintindex":0.0},"west":{"uv":[9.0,7.125,7.75,8.375],"texture":"#0","tintindex":0.0},"up":{"uv":[11.5,7.375,12.75,8.625],"texture":"#0","tintindex":0.0},"down":{"uv":[11.5,5.875,12.75,7.125],"texture":"#0","tintindex":0.0}}},{"from":[3.5,-1.5,8.75],"to":[12.5,4.5,10.75],"rotation":{"angle":45.0,"axis":"x","origin":[7.5,4.5,8.0]},"faces":{"north":{"uv":[7.875,5.125,8.0,5.25],"texture":"#0"},"east":{"uv":[12.375,5.125,12.125,5.875],"texture":"#0"},"south":{"uv":[7.875,5.125,8.0,5.25],"texture":"#0"},"west":{"uv":[12.375,5.125,12.125,5.875],"texture":"#0"},"up":{"uv":[9.625,4.625,10.875,5.875],"texture":"#0"},"down":{"uv":[12.625,7.125,11.5,7.375],"texture":"#0"}}},{"from":[3.0,5.5,0.0],"to":[13.0,5.5,3.0],"rotation":{"angle":0.0,"axis":"x","origin":[8.0,9.5,7.0]},"faces":{"north":{"uv":[5.125,7.0,6.5,8.375],"texture":"#missing"},"east":{"uv":[5.125,7.0,6.5,8.375],"texture":"#missing"},"south":{"uv":[5.125,7.0,6.5,8.375],"texture":"#missing"},"west":{"uv":[5.125,7.0,6.5,8.375],"texture":"#missing"},"up":{"uv":[9.625,4.25,10.875,4.625],"texture":"#0"},"down":{"uv":[9.625,4.625,10.875,4.25],"texture":"#0"}}},{"name":"cube inverted","from":[13.0,5.5,7.0],"to":[3.0,-0.5,3.0],"rotation":{"angle":0.0,"axis":"x","origin":[8.0,9.5,7.0]},"faces":{"north":{"uv":[12.125,5.875,10.875,5.125],"texture":"#0"},"east":{"uv":[8.125,5.375,8.25,5.25],"texture":"#0"},"south":{"uv":[8.125,5.375,8.25,5.25],"texture":"#0"},"west":{"uv":[8.125,5.375,8.25,5.25],"texture":"#0"},"up":{"uv":[8.25,5.25,8.125,5.375],"texture":"#0"},"down":{"uv":[10.875,4.625,12.125,5.125],"texture":"#0"}}},{"name":"cube inverted","from":[12.5,4.5,10.75],"to":[3.5,-1.5,8.75],"rotation":{"angle":45.0,"axis":"x","origin":[7.5,4.5,8.0]},"faces":{"north":{"uv":[7.875,5.25,8.0,5.125],"texture":"#0"},"east":{"uv":[12.375,5.875,12.125,5.125],"texture":"#0"},"south":{"uv":[7.875,5.25,8.0,5.125],"texture":"#0"},"west":{"uv":[12.375,5.875,12.125,5.125],"texture":"#0"},"up":{"uv":[11.5,7.125,12.625,7.375],"texture":"#0"},"down":{"uv":[10.875,4.625,9.625,5.875],"texture":"#0"}}}],"gui_light":"front","display":{"thirdperson_righthand":{"rotation":[55.5,34.0,0.0],"translation":[0.0,1.0,0.75],"scale":[0.52539,0.52539,0.52539]},"thirdperson_lefthand":{"rotation":[55.5,34.0,0.0],"translation":[0.0,1.0,0.75],"scale":[0.52539,0.52539,0.52539]},"firstperson_righthand":{"rotation":[21.0,114.5,-13.75],"translation":[9.5,0.0,-5.75],"scale":[0.41992,0.41992,0.41992]},"firstperson_lefthand":{"rotation":[21.0,114.5,-13.75],"translation":[9.5,0.0,-5.75],"scale":[0.41992,0.41992,0.41992]},"gui":{"rotation":[-149.61,-31.92,-180.0],"translation":[-0.25,2.75,0.0],"scale":[0.95116,0.95116,0.95116]},"head":{"translation":[0.0,7.0,0.0],"scale":[1.64883,1.64883,1.64883]}}}