{"textures":{"0":"mcc:island_cosmetics/head/head_2","particle":"mcc:island_cosmetics/head/head_2"},"credit":"Made with Blockbench","texture_size":[128.0,128.0],"elements":[{"from":[3.5,-2.0,3.0],"to":[12.5,7.0,12.0],"rotation":{"angle":0.0,"axis":"y","origin":[-0.5,0.0,0.0]},"faces":{"north":{"uv":[6.375,0.0,5.25,1.125],"texture":"#0"},"east":{"uv":[3.0,0.0,4.125,1.125],"texture":"#0"},"south":{"uv":[5.25,0.0,4.125,1.125],"texture":"#0"},"west":{"uv":[4.125,0.0,3.0,1.125],"texture":"#0"},"up":{"uv":[5.25,1.25,4.125,2.375],"texture":"#0"},"down":{"uv":[8.375,1.75,8.5,1.875],"texture":"#0"}}},{"from":[10.0,0.0,0.0],"to":[13.0,4.0,3.0],"faces":{"north":{"uv":[2.75,1.5,3.125,2.0],"texture":"#0"},"east":{"uv":[3.25,2.0,2.875,2.5],"texture":"#0"},"south":{"uv":[3.625,2.0,3.25,2.5],"texture":"#0"},"west":{"uv":[8.375,3.0,8.7525,3.7525],"texture":"#0"},"up":{"uv":[2.25,2.25,2.75,2.625],"texture":"#0"},"down":{"uv":[2.875,2.625,3.25,3.0],"texture":"#0"}}},{"from":[10.0,1.0,-2.0],"to":[12.0,3.0,1.0],"faces":{"north":{"uv":[3.25,1.5,3.5,1.75],"texture":"#0","tintindex":0.0},"east":{"uv":[3.0,1.25,3.375,1.5],"texture":"#0"},"south":{"uv":[3.0,1.375,3.125,1.5],"texture":"#0"},"west":{"uv":[3.375,1.25,3.0,1.5],"texture":"#0"},"up":{"uv":[3.5,1.25,3.75,1.625],"texture":"#0"},"down":{"uv":[3.75,1.25,4.0,1.625],"texture":"#0"}}},{"from":[4.0,1.0,-2.0],"to":[6.0,3.0,1.0],"faces":{"north":{"uv":[3.25,1.5,3.5,1.75],"texture":"#0","tintindex":0.0},"east":{"uv":[3.0,1.25,3.375,1.5],"texture":"#0"},"south":{"uv":[3.0,1.375,3.125,1.5],"texture":"#0"},"west":{"uv":[3.375,1.25,3.0,1.5],"texture":"#0"},"up":{"uv":[3.5,1.25,3.75,1.625],"texture":"#0"},"down":{"uv":[3.75,1.25,4.0,1.625],"texture":"#0"}}},{"from":[7.0,3.0,-2.0],"to":[9.0,5.0,1.0],"faces":{"north":{"uv":[3.25,1.5,3.5,1.75],"texture":"#0","tintindex":0.0},"east":{"uv":[3.0,1.25,3.375,1.5],"texture":"#0"},"south":{"uv":[3.0,1.375,3.125,1.5],"texture":"#0"},"west":{"uv":[3.375,1.25,3.0,1.5],"texture":"#0"},"up":{"uv":[3.5,1.25,3.75,1.625],"texture":"#0"},"down":{"uv":[3.75,1.25,4.0,1.625],"texture":"#0"}}},{"from":[6.0,0.0,0.0],"to":[10.0,6.0,3.0],"faces":{"north":{"uv":[2.25,1.5,2.75,2.25],"texture":"#0"},"east":{"uv":[3.625,1.75,3.25,2.5],"texture":"#0"},"south":{"uv":[1.75,2.25,2.25,3.0],"texture":"#0"},"west":{"uv":[3.25,1.75,3.625,2.5],"texture":"#0"},"up":{"uv":[2.25,2.25,2.75,2.625],"texture":"#0"},"down":{"uv":[3.25,2.5,3.75,2.875],"texture":"#0"}}},{"from":[3.0,0.0,0.0],"to":[6.0,4.0,3.0],"faces":{"north":{"uv":[2.875,1.5,3.25,2.0],"texture":"#0"},"east":{"uv":[8.7525,3.0,8.375,3.7525],"texture":"#0"},"south":{"uv":[3.25,2.0,3.625,2.5],"texture":"#0"},"west":{"uv":[2.875,2.0,3.25,2.5],"texture":"#0"},"up":{"uv":[2.25,2.25,2.75,2.625],"texture":"#0"},"down":{"uv":[3.25,2.625,2.875,3.0],"texture":"#0"}}},{"name":"cube inverted","from":[12.5,7.0,12.0],"to":[3.5,-2.0,3.0],"rotation":{"angle":0.0,"axis":"y","origin":[0.5,0.0,0.0]},"faces":{"north":{"uv":[5.25,1.125,4.125,0.0],"texture":"#0"},"east":{"uv":[4.125,1.125,3.0,0.0],"texture":"#0"},"south":{"uv":[6.375,1.125,5.25,0.0],"texture":"#0"},"west":{"uv":[3.0,1.125,4.125,0.0],"texture":"#0"},"up":{"uv":[8.5,1.75,8.375,1.875],"texture":"#0"},"down":{"uv":[4.125,1.25,5.25,2.375],"texture":"#0"}}},{"name":"cube inverted","from":[6.0,3.0,-2.0],"to":[4.0,1.0,-8.0],"faces":{"north":{"uv":[7.0,0.5,7.125,0.375],"texture":"#0","tintindex":0.0},"east":{"uv":[6.375,0.625,7.125,0.375],"rotation":180.0,"texture":"#0","tintindex":0.0},"south":{"uv":[7.0,0.5,7.125,0.375],"texture":"#0","tintindex":0.0},"west":{"uv":[6.375,0.625,7.125,0.375],"texture":"#0","tintindex":0.0},"up":{"uv":[6.375,0.625,7.125,0.375],"rotation":90.0,"texture":"#0","tintindex":0.0},"down":{"uv":[6.375,0.625,7.125,0.375],"rotation":270.0,"texture":"#0","tintindex":0.0}}},{"name":"cube inverted","from":[9.0,5.0,-2.0],"to":[7.0,3.0,-8.0],"faces":{"north":{"uv":[7.0,0.5,7.125,0.375],"texture":"#0","tintindex":0.0},"east":{"uv":[6.375,0.625,7.125,0.375],"rotation":180.0,"texture":"#0","tintindex":0.0},"south":{"uv":[7.0,0.5,7.125,0.375],"texture":"#0","tintindex":0.0},"west":{"uv":[6.375,0.625,7.125,0.375],"texture":"#0","tintindex":0.0},"up":{"uv":[6.375,0.625,7.125,0.375],"rotation":90.0,"texture":"#0","tintindex":0.0},"down":{"uv":[6.375,0.625,7.125,0.375],"rotation":270.0,"texture":"#0","tintindex":0.0}}},{"name":"cube inverted","from":[12.0,3.0,-2.0],"to":[10.0,1.0,-8.0],"faces":{"north":{"uv":[7.0,0.5,7.125,0.375],"texture":"#0","tintindex":0.0},"east":{"uv":[6.375,0.625,7.125,0.375],"rotation":180.0,"texture":"#0","tintindex":0.0},"south":{"uv":[7.0,0.5,7.125,0.375],"texture":"#0","tintindex":0.0},"west":{"uv":[6.375,0.625,7.125,0.375],"texture":"#0","tintindex":0.0},"up":{"uv":[6.375,0.625,7.125,0.375],"rotation":90.0,"texture":"#0","tintindex":0.0},"down":{"uv":[6.375,0.625,7.125,0.375],"rotation":270.0,"texture":"#0","tintindex":0.0}}}],"gui_light":"front","display":{"thirdperson_righthand":{"rotation":[64.25,0.0,0.0],"scale":[0.44336,0.44336,0.44336]},"thirdperson_lefthand":{"rotation":[64.25,0.0,0.0],"scale":[0.44336,0.44336,0.44336]},"firstperson_righthand":{"scale":[0.0,0.0,0.0]},"firstperson_lefthand":{"scale":[0.0,0.0,0.0]},"ground":{"translation":[0.0,4.25,0.0],"scale":[0.43945,0.43945,0.43945]},"gui":{"rotation":[-149.61,-31.92,-180.0],"translation":[-2.25,5.25,0.0],"scale":[0.90429,0.90429,0.90429]},"head":{"translation":[0.0,9.0,1.0],"scale":[1.64492,1.64492,1.64492]}}}