{"textures":{"0":"mcc:island_cosmetics/head/head_9","particle":"mcc:island_cosmetics/head/head_9"},"credit":"Made with Blockbench","texture_size":[128.0,128.0],"elements":[{"from":[4.5,8.0,4.5],"to":[10.5,11.0,10.5],"rotation":{"angle":-45.0,"axis":"y","origin":[8.0,10.0,8.0]},"faces":{"north":{"uv":[13.0,0.0,13.75,0.375],"texture":"#0"},"east":{"uv":[13.0,0.0,13.75,0.375],"texture":"#0"},"south":{"uv":[13.0,0.0,13.75,0.375],"texture":"#0"},"west":{"uv":[13.0,0.0,13.75,0.375],"texture":"#0"},"up":{"uv":[13.0,0.5,13.75,1.25],"texture":"#0"},"down":{"uv":[13.125,0.25,13.25,0.375],"texture":"#0"}}},{"from":[2.5,7.0,3.0],"to":[13.5,12.0,10.0],"rotation":{"angle":0.0,"axis":"y","origin":[8.0,11.0,8.0]},"faces":{"north":{"uv":[14.625,1.625,16.0,2.25],"texture":"#0"},"east":{"uv":[13.75,0.0,14.625,0.625],"texture":"#0"},"west":{"uv":[14.625,0.0,13.75,0.625],"texture":"#0"},"down":{"uv":[13.25,1.375,14.625,2.25],"texture":"#0","tintindex":0.0}}},{"from":[3.5,7.0,3.0],"to":[12.5,12.0,10.0],"rotation":{"angle":0.0,"axis":"y","origin":[8.0,11.0,8.0]},"faces":{"north":{"uv":[13.75,0.75,14.875,1.375],"texture":"#0","tintindex":0.0}}},{"name":"cube inverted","from":[12.5,12.0,10.0],"to":[3.5,7.0,3.0],"rotation":{"angle":0.0,"axis":"y","origin":[8.0,11.0,8.0]},"faces":{"south":{"uv":[13.75,1.375,14.875,0.75],"texture":"#0"}}},{"name":"cube inverted","from":[13.5,12.0,10.0],"to":[2.5,7.0,3.0],"rotation":{"angle":0.0,"axis":"y","origin":[8.0,11.0,8.0]},"faces":{"east":{"uv":[14.625,0.625,13.75,0.0],"texture":"#0"},"south":{"uv":[14.625,2.25,16.0,1.625],"texture":"#0"},"west":{"uv":[13.75,0.625,14.625,0.0],"texture":"#0"},"up":{"uv":[14.625,1.375,13.25,2.25],"texture":"#0","tintindex":0.0}}}],"gui_light":"front","display":{"thirdperson_righthand":{"rotation":[63.0,34.0,0.0],"translation":[0.0,1.0,-1.0],"scale":[0.37891,0.37891,0.37891]},"thirdperson_lefthand":{"rotation":[63.0,34.0,0.0],"translation":[0.0,1.0,-1.0],"scale":[0.37891,0.37891,0.37891]},"firstperson_righthand":{"rotation":[3.0,112.0,-13.0],"translation":[9.5,0.0,-5.75],"scale":[0.35547,0.35547,0.35547]},"firstperson_lefthand":{"rotation":[3.0,112.0,-13.0],"translation":[9.5,0.0,-5.75],"scale":[0.35547,0.35547,0.35547]},"ground":{"translation":[0.0,4.25,0.0],"scale":[0.28906,0.28906,0.28906]},"gui":{"rotation":[-155.0,-36.12,170.39],"translation":[-1.0,0.25,0.0],"scale":[1.09569,1.09569,1.09569]},"head":{"rotation":[21.43,0.44,-0.59],"translation":[0.0,5.0,0.25],"scale":[1.6,1.6,1.6]},"fixed":{"translation":[0.0,-3.25,-7.5]}}}