{"textures":{"0":"mcc:island_cosmetics/head/head_5","particle":"mcc:island_cosmetics/head/head_5"},"credit":"Made with Blockbench","texture_size":[128.0,128.0],"elements":[{"from":[2.98,-1.02,2.48],"to":[13.02,9.02,13.52],"rotation":{"angle":0.0,"axis":"x","origin":[7.0,9.5,7.5]},"faces":{"north":{"uv":[5.625,12.0,6.875,13.25],"texture":"#0","tintindex":0.0},"east":{"uv":[3.5,12.25,4.875,13.5],"texture":"#0","tintindex":0.0},"south":{"uv":[0.0,14.75,1.25,16.0],"texture":"#0","tintindex":0.0},"west":{"uv":[4.875,12.25,3.5,13.5],"texture":"#0","tintindex":0.0},"up":{"uv":[0.0,13.25,1.25,14.625],"texture":"#0","tintindex":0.0},"down":{"uv":[2.875,13.75,1.625,15.125],"texture":"#0","tintindex":0.0}}},{"from":[2.98,2.98,2.48],"to":[13.02,7.02,13.52],"rotation":{"angle":0.0,"axis":"x","origin":[7.0,9.5,7.5]},"faces":{"north":{"uv":[3.125,15.0,4.375,15.5],"texture":"#0"},"east":{"uv":[3.0,15.5,4.375,16.0],"texture":"#0"},"south":{"uv":[3.625,11.0,3.75,11.125],"texture":"#0"},"west":{"uv":[4.375,15.5,3.0,16.0],"texture":"#0"},"up":{"uv":[3.625,11.0,3.75,11.125],"texture":"#0"},"down":{"uv":[3.625,11.0,3.75,11.125],"texture":"#0"}}},{"from":[3.81802,-3.0,-1.01041],"to":[6.81802,2.0,4.98959],"rotation":{"angle":22.5,"axis":"y","origin":[4.81802,1.0,1.98959]},"faces":{"north":{"uv":[5.125,13.625,5.5,14.25],"texture":"#0","tintindex":0.0},"east":{"uv":[5.5,13.625,6.25,14.25],"texture":"#0","tintindex":0.0},"south":{"uv":[4.75,13.625,5.125,14.25],"texture":"#0","tintindex":0.0},"west":{"uv":[6.25,13.625,5.5,14.25],"texture":"#0","tintindex":0.0},"up":{"uv":[5.25,12.875,5.625,13.625],"texture":"#0","tintindex":0.0},"down":{"uv":[4.875,12.875,5.25,13.625],"texture":"#0","tintindex":0.0}}},{"from":[5.31802,-8.0,-3.01041],"to":[5.31802,3.0,4.98959],"rotation":{"angle":45.0,"axis":"y","origin":[4.81802,2.0,1.98959]},"faces":{"north":{"uv":[5.125,7.0,6.5,8.375],"texture":"#missing","tintindex":0.0},"east":{"uv":[5.875,14.25,6.875,15.625],"texture":"#0","tintindex":0.0},"south":{"uv":[5.125,7.0,6.5,8.375],"texture":"#missing","tintindex":0.0},"west":{"uv":[6.875,14.25,5.875,15.625],"texture":"#0","tintindex":0.0},"up":{"uv":[5.125,7.0,6.5,8.375],"texture":"#missing","tintindex":0.0},"down":{"uv":[5.125,7.0,6.5,8.375],"texture":"#missing","tintindex":0.0}}},{"from":[1.08862,-3.0,3.08631],"to":[7.08862,2.0,6.08631],"rotation":{"angle":-22.5,"axis":"y","origin":[5.08862,-2.0,1.33631]},"faces":{"north":{"uv":[5.5,13.625,6.25,14.25],"texture":"#0","tintindex":0.0},"east":{"uv":[4.75,13.625,5.125,14.25],"texture":"#0","tintindex":0.0},"south":{"uv":[6.25,13.625,5.5,14.25],"texture":"#0","tintindex":0.0},"west":{"uv":[5.125,13.625,5.5,14.25],"texture":"#0","tintindex":0.0},"up":{"uv":[5.25,12.875,5.625,13.625],"rotation":270.0,"texture":"#0","tintindex":0.0},"down":{"uv":[4.875,12.875,5.25,13.625],"rotation":90.0,"texture":"#0","tintindex":0.0}}},{"from":[-0.91138,-8.0,4.58631],"to":[7.08862,3.0,4.58631],"rotation":{"angle":-22.5,"axis":"y","origin":[5.08862,-1.0,1.33631]},"faces":{"north":{"uv":[5.875,14.25,6.875,15.625],"texture":"#0","tintindex":0.0},"east":{"uv":[5.125,7.0,6.5,8.375],"texture":"#missing","tintindex":0.0},"south":{"uv":[6.875,14.25,5.875,15.625],"texture":"#0","tintindex":0.0},"west":{"uv":[5.125,7.0,6.5,8.375],"texture":"#missing","tintindex":0.0},"up":{"uv":[5.125,7.0,6.5,8.375],"rotation":270.0,"texture":"#missing","tintindex":0.0},"down":{"uv":[5.125,7.0,6.5,8.375],"rotation":90.0,"texture":"#missing","tintindex":0.0}}},{"from":[11.10272,-8.0,-3.12563],"to":[11.10272,3.0,4.87437],"rotation":{"angle":-45.0,"axis":"y","origin":[11.10272,-2.5,0.87437]},"faces":{"north":{"uv":[6.5,7.0,5.125,8.375],"texture":"#missing","tintindex":0.0},"east":{"uv":[5.875,14.25,6.875,15.625],"texture":"#0","tintindex":0.0},"south":{"uv":[6.5,7.0,5.125,8.375],"texture":"#missing","tintindex":0.0},"west":{"uv":[6.875,14.25,5.875,15.625],"texture":"#0","tintindex":0.0},"up":{"uv":[6.5,7.0,5.125,8.375],"texture":"#missing","tintindex":0.0},"down":{"uv":[6.5,7.0,5.125,8.375],"texture":"#missing","tintindex":0.0}}},{"from":[9.18198,-3.0,-1.01041],"to":[12.18198,2.0,4.98959],"rotation":{"angle":-22.5,"axis":"y","origin":[11.18198,1.0,1.98959]},"faces":{"north":{"uv":[5.5,13.625,5.125,14.25],"texture":"#0","tintindex":0.0},"east":{"uv":[5.5,13.625,6.25,14.25],"texture":"#0","tintindex":0.0},"south":{"uv":[5.125,13.625,4.75,14.25],"texture":"#0","tintindex":0.0},"west":{"uv":[6.25,13.625,5.5,14.25],"texture":"#0","tintindex":0.0},"up":{"uv":[5.625,12.875,5.25,13.625],"texture":"#0","tintindex":0.0},"down":{"uv":[5.25,12.875,4.875,13.625],"texture":"#0","tintindex":0.0}}},{"from":[8.91138,-3.0,3.08631],"to":[14.91138,2.0,6.08631],"rotation":{"angle":22.5,"axis":"y","origin":[10.91138,-2.0,1.33631]},"faces":{"north":{"uv":[6.25,13.625,5.5,14.25],"texture":"#0","tintindex":0.0},"east":{"uv":[5.5,13.625,5.125,14.25],"texture":"#0","tintindex":0.0},"south":{"uv":[5.5,13.625,6.25,14.25],"texture":"#0","tintindex":0.0},"west":{"uv":[5.125,13.625,4.75,14.25],"texture":"#0","tintindex":0.0},"up":{"uv":[5.25,13.625,5.625,12.875],"rotation":270.0,"texture":"#0","tintindex":0.0},"down":{"uv":[4.875,13.625,5.25,12.875],"rotation":90.0,"texture":"#0","tintindex":0.0}}},{"from":[8.91138,-8.0,4.58631],"to":[16.91138,3.0,4.58631],"rotation":{"angle":22.5,"axis":"y","origin":[10.91138,-1.0,1.33631]},"faces":{"north":{"uv":[6.875,14.25,5.875,15.625],"texture":"#0","tintindex":0.0},"east":{"uv":[6.5,7.0,5.125,8.375],"texture":"#missing","tintindex":0.0},"south":{"uv":[5.875,14.25,6.875,15.625],"texture":"#0","tintindex":0.0},"west":{"uv":[6.5,7.0,5.125,8.375],"texture":"#missing","tintindex":0.0},"up":{"uv":[5.125,8.375,6.5,7.0],"rotation":270.0,"texture":"#missing","tintindex":0.0},"down":{"uv":[5.125,8.375,6.5,7.0],"rotation":90.0,"texture":"#missing","tintindex":0.0}}},{"from":[3.81802,-3.0,10.01041],"to":[6.81802,2.0,16.01041],"rotation":{"angle":-22.5,"axis":"y","origin":[4.81802,1.0,13.01041]},"faces":{"north":{"uv":[5.125,13.625,4.75,14.25],"texture":"#0","tintindex":0.0},"east":{"uv":[6.25,13.625,5.5,14.25],"texture":"#0","tintindex":0.0},"south":{"uv":[5.5,13.625,5.125,14.25],"texture":"#0","tintindex":0.0},"west":{"uv":[5.5,13.625,6.25,14.25],"texture":"#0","tintindex":0.0},"up":{"uv":[5.25,13.625,5.625,12.875],"texture":"#0","tintindex":0.0},"down":{"uv":[4.875,13.625,5.25,12.875],"texture":"#0","tintindex":0.0}}},{"from":[10.68198,-8.0,10.01041],"to":[10.68198,3.0,18.01041],"rotation":{"angle":45.0,"axis":"y","origin":[11.18198,2.0,13.01041]},"faces":{"north":{"uv":[5.125,7.0,6.5,8.375],"texture":"#missing","tintindex":0.0},"east":{"uv":[6.875,14.25,5.875,15.625],"texture":"#0","tintindex":0.0},"south":{"uv":[5.125,7.0,6.5,8.375],"texture":"#missing","tintindex":0.0},"west":{"uv":[5.875,14.25,6.875,15.625],"texture":"#0","tintindex":0.0},"up":{"uv":[6.5,8.375,5.125,7.0],"texture":"#missing","tintindex":0.0},"down":{"uv":[6.5,8.375,5.125,7.0],"texture":"#missing","tintindex":0.0}}},{"from":[5.31802,-8.0,10.01041],"to":[5.31802,3.0,18.01041],"rotation":{"angle":-45.0,"axis":"y","origin":[4.81802,2.0,13.01041]},"faces":{"north":{"uv":[6.5,7.0,5.125,8.375],"texture":"#missing","tintindex":0.0},"east":{"uv":[6.875,14.25,5.875,15.625],"texture":"#0","tintindex":0.0},"south":{"uv":[6.5,7.0,5.125,8.375],"texture":"#missing","tintindex":0.0},"west":{"uv":[5.875,14.25,6.875,15.625],"texture":"#0","tintindex":0.0},"up":{"uv":[5.125,8.375,6.5,7.0],"texture":"#missing","tintindex":0.0},"down":{"uv":[5.125,8.375,6.5,7.0],"texture":"#missing","tintindex":0.0}}},{"from":[9.18198,-3.0,10.01041],"to":[12.18198,2.0,16.01041],"rotation":{"angle":22.5,"axis":"y","origin":[11.18198,1.0,13.01041]},"faces":{"north":{"uv":[4.75,13.625,5.125,14.25],"texture":"#0","tintindex":0.0},"east":{"uv":[6.25,13.625,5.5,14.25],"texture":"#0","tintindex":0.0},"south":{"uv":[5.125,13.625,5.5,14.25],"texture":"#0","tintindex":0.0},"west":{"uv":[5.5,13.625,6.25,14.25],"texture":"#0","tintindex":0.0},"up":{"uv":[5.625,13.625,5.25,12.875],"texture":"#0","tintindex":0.0},"down":{"uv":[5.25,13.625,4.875,12.875],"texture":"#0","tintindex":0.0}}},{"from":[1.08862,-3.0,8.91369],"to":[7.08862,2.0,11.91369],"rotation":{"angle":22.5,"axis":"y","origin":[5.08862,-2.0,13.66369]},"faces":{"north":{"uv":[5.5,13.625,6.25,14.25],"texture":"#0","tintindex":0.0},"east":{"uv":[5.125,13.625,4.75,14.25],"texture":"#0","tintindex":0.0},"south":{"uv":[6.25,13.625,5.5,14.25],"texture":"#0","tintindex":0.0},"west":{"uv":[5.5,13.625,5.125,14.25],"texture":"#0","tintindex":0.0},"up":{"uv":[5.625,12.875,5.25,13.625],"rotation":270.0,"texture":"#0","tintindex":0.0},"down":{"uv":[5.25,12.875,4.875,13.625],"rotation":90.0,"texture":"#0","tintindex":0.0}}},{"from":[-0.91138,-8.0,10.41369],"to":[7.08862,3.0,10.41369],"rotation":{"angle":22.5,"axis":"y","origin":[5.08862,-1.0,13.66369]},"faces":{"north":{"uv":[5.875,14.25,6.875,15.625],"texture":"#0","tintindex":0.0},"east":{"uv":[6.5,7.0,5.125,8.375],"texture":"#missing","tintindex":0.0},"south":{"uv":[6.875,14.25,5.875,15.625],"texture":"#0","tintindex":0.0},"west":{"uv":[6.5,7.0,5.125,8.375],"texture":"#missing","tintindex":0.0},"up":{"uv":[6.5,7.0,5.125,8.375],"rotation":270.0,"texture":"#missing","tintindex":0.0},"down":{"uv":[6.5,7.0,5.125,8.375],"rotation":90.0,"texture":"#missing","tintindex":0.0}}},{"from":[8.91138,-3.0,8.91369],"to":[14.91138,2.0,11.91369],"rotation":{"angle":-22.5,"axis":"y","origin":[10.91138,-2.0,13.66369]},"faces":{"north":{"uv":[6.25,13.625,5.5,14.25],"texture":"#0","tintindex":0.0},"east":{"uv":[5.125,13.625,5.5,14.25],"texture":"#0","tintindex":0.0},"south":{"uv":[5.5,13.625,6.25,14.25],"texture":"#0","tintindex":0.0},"west":{"uv":[4.75,13.625,5.125,14.25],"texture":"#0","tintindex":0.0},"up":{"uv":[5.625,13.625,5.25,12.875],"rotation":270.0,"texture":"#0","tintindex":0.0},"down":{"uv":[5.25,13.625,4.875,12.875],"rotation":90.0,"texture":"#0","tintindex":0.0}}},{"from":[8.91138,-8.0,10.41369],"to":[16.91138,3.0,10.41369],"rotation":{"angle":-22.5,"axis":"y","origin":[10.91138,-1.0,13.66369]},"faces":{"north":{"uv":[6.875,14.25,5.875,15.625],"texture":"#0","tintindex":0.0},"east":{"uv":[5.125,7.0,6.5,8.375],"texture":"#missing","tintindex":0.0},"south":{"uv":[5.875,14.25,6.875,15.625],"texture":"#0","tintindex":0.0},"west":{"uv":[5.125,7.0,6.5,8.375],"texture":"#missing","tintindex":0.0},"up":{"uv":[6.5,8.375,5.125,7.0],"rotation":270.0,"texture":"#missing","tintindex":0.0},"down":{"uv":[6.5,8.375,5.125,7.0],"rotation":90.0,"texture":"#missing","tintindex":0.0}}},{"from":[10.5,4.0,1.5],"to":[15.5,7.0,6.5],"rotation":{"angle":22.5,"axis":"z","origin":[8.0,4.0,8.0]},"faces":{"north":{"uv":[6.25,13.25,6.875,13.625],"texture":"#0","tintindex":0.0},"east":{"uv":[6.875,13.25,6.25,13.625],"texture":"#0","tintindex":0.0},"south":{"uv":[5.625,13.25,6.25,13.625],"texture":"#0","tintindex":0.0},"west":{"uv":[5.625,13.25,6.25,13.625],"texture":"#0","tintindex":0.0},"up":{"uv":[5.5,12.25,4.875,12.875],"texture":"#0","tintindex":0.0},"down":{"uv":[6.25,13.625,6.875,14.25],"texture":"#0","tintindex":0.0}}},{"from":[0.5,4.0,1.5],"to":[5.5,7.0,6.5],"rotation":{"angle":-22.5,"axis":"z","origin":[8.0,4.0,8.0]},"faces":{"north":{"uv":[6.875,13.25,6.25,13.625],"texture":"#0","tintindex":0.0},"east":{"uv":[6.25,13.25,5.625,13.625],"texture":"#0","tintindex":0.0},"south":{"uv":[6.25,13.25,5.625,13.625],"texture":"#0","tintindex":0.0},"west":{"uv":[6.25,13.25,6.875,13.625],"texture":"#0","tintindex":0.0},"up":{"uv":[5.5,12.25,4.875,12.875],"texture":"#0","tintindex":0.0},"down":{"uv":[6.875,13.625,6.25,14.25],"texture":"#0","tintindex":0.0}}},{"from":[2.0,3.01609,5.69027],"to":[14.0,13.01609,16.69027],"rotation":{"angle":-22.5,"axis":"x","origin":[7.0,8.01609,13.19027]},"faces":{"north":{"uv":[1.5,13.625,3.0,14.875],"texture":"#0","tintindex":0.0},"east":{"uv":[3.0,13.5,4.25,14.875],"rotation":90.0,"texture":"#0","tintindex":0.0},"south":{"uv":[4.5,14.375,5.75,15.875],"rotation":90.0,"texture":"#0","tintindex":0.0},"west":{"uv":[3.0,14.875,4.25,13.5],"rotation":90.0,"texture":"#0","tintindex":0.0},"up":{"uv":[3.0,13.5,4.5,14.875],"texture":"#0","tintindex":0.0},"down":{"uv":[4.5,14.875,3.0,13.5],"texture":"#0","tintindex":0.0}}}],"gui_light":"front","display":{"thirdperson_righthand":{"rotation":[55.5,34.0,0.0],"translation":[0.0,1.0,0.75],"scale":[0.52539,0.52539,0.52539]},"thirdperson_lefthand":{"rotation":[55.5,34.0,0.0],"translation":[0.0,1.0,0.75],"scale":[0.52539,0.52539,0.52539]},"firstperson_righthand":{"rotation":[21.0,114.5,-13.75],"translation":[9.5,0.0,-5.75],"scale":[0.41992,0.41992,0.41992]},"firstperson_lefthand":{"rotation":[21.0,114.5,-13.75],"translation":[9.5,0.0,-5.75],"scale":[0.41992,0.41992,0.41992]},"gui":{"rotation":[-149.61,-31.92,-180.0],"translation":[-0.25,2.5,0.0],"scale":[0.52343,0.52343,0.52343]},"head":{"rotation":[-1.8,-0.84,0.12],"translation":[0.0,6.5,-0.25],"scale":[1.60391,1.60391,1.60391]}}}