{"textures":{"0":"mcc:island_cosmetics/head/head_7","1":"mcc:island_cosmetics/head/parasite_anim","particle":"mcc:island_cosmetics/head/head_7"},"credit":"Made with Blockbench","elements":[{"from":[3.0,6.0,3.0],"to":[13.0,11.0,13.0],"rotation":{"angle":0.0,"axis":"x","origin":[8.0,9.5,7.0]},"faces":{"north":{"uv":[8.875,2.25,10.125,2.875],"texture":"#0","tintindex":0.0},"east":{"uv":[10.125,3.0,8.875,3.625],"texture":"#0","tintindex":0.0},"south":{"uv":[8.875,3.0,10.125,3.625],"texture":"#0","tintindex":0.0},"west":{"uv":[8.875,3.0,10.125,3.625],"texture":"#0","tintindex":0.0},"up":{"uv":[10.125,2.25,11.375,3.5],"texture":"#0","tintindex":0.0},"down":{"uv":[8.25,4.0,9.5,5.25],"texture":"#0","tintindex":0.0}}},{"from":[7.5,4.0,-1.0],"to":[10.5,9.0,4.0],"rotation":{"angle":-45.0,"axis":"y","origin":[8.0,7.5,7.0]},"faces":{"north":{"uv":[10.125,3.5,10.5,4.125],"texture":"#0","tintindex":0.0},"east":{"uv":[10.125,3.625,9.5,4.25],"texture":"#0","tintindex":0.0},"south":{"uv":[10.0,3.625,10.125,4.25],"texture":"#0","tintindex":0.0},"west":{"uv":[9.5,3.625,10.125,4.25],"texture":"#0","tintindex":0.0},"up":{"uv":[10.5,3.5,10.875,4.125],"texture":"#0","tintindex":0.0},"down":{"uv":[10.875,3.5,11.25,4.125],"texture":"#0","tintindex":0.0}}},{"from":[9.0,-2.0,-4.0],"to":[9.0,9.0,2.0],"rotation":{"angle":-45.0,"axis":"y","origin":[8.0,7.5,7.0]},"faces":{"north":{"uv":[5.125,7.0,6.5,8.375],"texture":"#missing","tintindex":0.0},"east":{"uv":[12.125,2.25,11.375,3.625],"texture":"#0","tintindex":0.0},"south":{"uv":[5.125,7.0,6.5,8.375],"texture":"#missing","tintindex":0.0},"west":{"uv":[11.375,2.25,12.125,3.625],"texture":"#0","tintindex":0.0},"up":{"uv":[5.125,7.0,6.5,8.375],"texture":"#missing","tintindex":0.0},"down":{"uv":[5.125,7.0,6.5,8.375],"texture":"#missing","tintindex":0.0}}},{"from":[7.0,-2.0,-4.0],"to":[7.0,9.0,2.0],"rotation":{"angle":45.0,"axis":"y","origin":[8.0,7.5,7.0]},"faces":{"north":{"uv":[6.5,7.0,5.125,8.375],"texture":"#missing","tintindex":0.0},"east":{"uv":[12.125,2.25,11.375,3.625],"texture":"#0","tintindex":0.0},"south":{"uv":[6.5,7.0,5.125,8.375],"texture":"#missing","tintindex":0.0},"west":{"uv":[11.375,2.25,12.125,3.625],"texture":"#0","tintindex":0.0},"up":{"uv":[6.5,7.0,5.125,8.375],"texture":"#missing","tintindex":0.0},"down":{"uv":[6.5,7.0,5.125,8.375],"texture":"#missing","tintindex":0.0}}},{"from":[5.5,4.0,-1.0],"to":[8.5,9.0,4.0],"rotation":{"angle":45.0,"axis":"y","origin":[8.0,7.5,7.0]},"faces":{"north":{"uv":[10.5,3.5,10.125,4.125],"texture":"#0","tintindex":0.0},"east":{"uv":[10.125,3.625,9.5,4.25],"texture":"#0","tintindex":0.0},"south":{"uv":[10.125,3.625,10.0,4.25],"texture":"#0","tintindex":0.0},"west":{"uv":[9.5,3.625,10.125,4.25],"texture":"#0","tintindex":0.0},"up":{"uv":[10.875,3.5,10.5,4.125],"texture":"#0","tintindex":0.0},"down":{"uv":[11.25,3.5,10.875,4.125],"texture":"#0","tintindex":0.0}}},{"from":[5.5,4.0,12.0],"to":[8.5,9.0,17.0],"rotation":{"angle":-45.0,"axis":"y","origin":[8.0,7.5,9.0]},"faces":{"north":{"uv":[10.0,3.625,10.125,4.25],"texture":"#0","tintindex":0.0},"east":{"uv":[9.5,3.625,10.125,4.25],"texture":"#0","tintindex":0.0},"south":{"uv":[10.125,3.5,10.5,4.125],"texture":"#0","tintindex":0.0},"west":{"uv":[10.125,3.625,9.5,4.25],"texture":"#0","tintindex":0.0},"up":{"uv":[10.875,4.125,10.5,3.5],"texture":"#0","tintindex":0.0},"down":{"uv":[11.25,4.125,10.875,3.5],"texture":"#0","tintindex":0.0}}},{"from":[7.0,-2.0,14.0],"to":[7.0,9.0,20.0],"rotation":{"angle":-45.0,"axis":"y","origin":[8.0,7.5,9.0]},"faces":{"north":{"uv":[5.125,7.0,6.5,8.375],"texture":"#missing","tintindex":0.0},"east":{"uv":[11.375,2.25,12.125,3.625],"texture":"#0","tintindex":0.0},"south":{"uv":[5.125,7.0,6.5,8.375],"texture":"#missing","tintindex":0.0},"west":{"uv":[12.125,2.25,11.375,3.625],"texture":"#0","tintindex":0.0},"up":{"uv":[6.5,8.375,5.125,7.0],"texture":"#missing","tintindex":0.0},"down":{"uv":[6.5,8.375,5.125,7.0],"texture":"#missing","tintindex":0.0}}},{"from":[7.5,4.0,12.0],"to":[10.5,9.0,17.0],"rotation":{"angle":45.0,"axis":"y","origin":[8.0,7.5,9.0]},"faces":{"north":{"uv":[10.125,3.625,10.0,4.25],"texture":"#0","tintindex":0.0},"east":{"uv":[9.5,3.625,10.125,4.25],"texture":"#0","tintindex":0.0},"south":{"uv":[10.5,3.5,10.125,4.125],"texture":"#0","tintindex":0.0},"west":{"uv":[10.125,3.625,9.5,4.25],"texture":"#0","tintindex":0.0},"up":{"uv":[10.5,4.125,10.875,3.5],"texture":"#0","tintindex":0.0},"down":{"uv":[10.875,4.125,11.25,3.5],"texture":"#0","tintindex":0.0}}},{"from":[9.0,-2.0,14.0],"to":[9.0,9.0,20.0],"rotation":{"angle":45.0,"axis":"y","origin":[8.0,7.5,9.0]},"faces":{"north":{"uv":[6.5,7.0,5.125,8.375],"texture":"#missing","tintindex":0.0},"east":{"uv":[11.375,2.25,12.125,3.625],"texture":"#0","tintindex":0.0},"south":{"uv":[6.5,7.0,5.125,8.375],"texture":"#missing","tintindex":0.0},"west":{"uv":[12.125,2.25,11.375,3.625],"texture":"#0","tintindex":0.0},"up":{"uv":[5.125,8.375,6.5,7.0],"texture":"#missing","tintindex":0.0},"down":{"uv":[5.125,8.375,6.5,7.0],"texture":"#missing","tintindex":0.0}}},{"from":[3.02,6.02,1.02],"to":[12.98,8.98,3.98],"rotation":{"angle":-22.5,"axis":"x","origin":[8.0,8.5,8.0]},"faces":{"north":{"uv":[8.875,1.375,10.125,1.75],"texture":"#0","tintindex":0.0},"east":{"uv":[8.5,3.25,8.875,3.625],"texture":"#0","tintindex":0.0},"south":{"uv":[9.0,3.625,9.125,3.75],"texture":"#0","tintindex":0.0},"west":{"uv":[8.875,3.25,8.5,3.625],"texture":"#0","tintindex":0.0},"up":{"uv":[8.875,1.75,10.125,2.25],"texture":"#0","tintindex":0.0},"down":{"uv":[9.5,3.625,8.25,4.0],"texture":"#0","tintindex":0.0}}},{"from":[5.5,7.0,1.0],"to":[10.5,12.0,6.0],"rotation":{"angle":0.0,"axis":"x","origin":[8.0,9.5,3.5]},"faces":{"north":{"uv":[6.0,0.0,11.0,5.0],"texture":"#1","tintindex":0.0},"east":{"uv":[8.875,2.0,8.25,2.625],"texture":"#0","tintindex":0.0},"south":{"uv":[8.875,2.875,9.5,3.5],"texture":"#0","tintindex":0.0},"west":{"uv":[8.25,2.0,8.875,2.625],"texture":"#0","tintindex":0.0},"up":{"uv":[8.25,2.625,8.875,3.25],"texture":"#0","tintindex":0.0},"down":{"uv":[11.125,4.0,11.25,4.125],"texture":"#0","tintindex":0.0}}},{"from":[5.5,7.0,1.0],"to":[10.5,12.0,6.0],"rotation":{"angle":0.0,"axis":"x","origin":[8.0,9.5,3.5]},"faces":{"north":{"uv":[0.0,0.0,5.0,5.0],"texture":"#1"},"east":{"uv":[0.0,0.0,1.0,1.0],"texture":"#1"},"south":{"uv":[0.0,0.0,1.0,1.0],"texture":"#1"},"west":{"uv":[0.0,0.0,1.0,1.0],"texture":"#1"},"up":{"uv":[0.0,0.0,1.0,1.0],"texture":"#1"},"down":{"uv":[0.0,0.0,1.0,1.0],"texture":"#1"}}}],"gui_light":"front","display":{"thirdperson_righthand":{"rotation":[55.5,34.0,0.0],"translation":[0.0,1.0,0.75],"scale":[0.52539,0.52539,0.52539]},"thirdperson_lefthand":{"rotation":[55.5,34.0,0.0],"translation":[0.0,1.0,0.75],"scale":[0.52539,0.52539,0.52539]},"firstperson_righthand":{"rotation":[21.0,114.5,-13.75],"translation":[9.5,0.0,-5.75],"scale":[0.41992,0.41992,0.41992]},"firstperson_lefthand":{"rotation":[21.0,114.5,-13.75],"translation":[9.5,0.0,-5.75],"scale":[0.41992,0.41992,0.41992]},"gui":{"rotation":[-161.01,-33.36,174.62],"translation":[0.0,2.25,0.0],"scale":[0.63866,0.63866,0.63866]},"head":{"rotation":[6.73,0.22,0.13],"translation":[0.0,4.0,0.5],"scale":[1.64297,1.64297,1.64297]}}}