{"textures":{"0":"mcc:island_cosmetics/head/head_2","particle":"mcc:island_cosmetics/head/head_2"},"credit":"Made with Blockbench","texture_size":[128.0,128.0],"elements":[{"from":[3.5,8.0,3.5],"to":[12.5,10.0,12.5],"rotation":{"angle":0.0,"axis":"x","origin":[7.5,9.5,8.0]},"faces":{"north":{"uv":[8.625,9.5,9.75,9.75],"texture":"#0"},"east":{"uv":[8.625,9.75,9.75,10.0],"texture":"#0"},"south":{"uv":[8.625,10.0,9.75,10.25],"texture":"#0"},"west":{"uv":[9.75,9.75,8.625,10.0],"texture":"#0"},"up":{"uv":[7.125,2.125,8.25,2.875],"texture":"#0"},"down":{"uv":[10.0,8.75,11.125,9.875],"texture":"#0"}}},{"from":[3.47,7.97,-0.53],"to":[12.53,9.03,3.53],"rotation":{"angle":0.0,"axis":"x","origin":[8.0,8.5,2.0]},"faces":{"north":{"uv":[10.0,8.125,11.125,8.25],"texture":"#0"},"east":{"uv":[10.0,8.0,10.5,8.125],"texture":"#0"},"south":{"uv":[10.0,8.125,11.125,8.25],"texture":"#0"},"west":{"uv":[10.5,8.0,10.0,8.125],"texture":"#0"},"up":{"uv":[10.0,8.25,11.125,8.75],"texture":"#0"},"down":{"uv":[10.0,8.125,11.125,8.25],"texture":"#0"}}},{"from":[2.5,10.0,2.5],"to":[13.5,13.0,13.5],"rotation":{"angle":0.0,"axis":"x","origin":[7.5,9.5,8.0]},"faces":{"north":{"uv":[7.125,10.125,8.5,10.5],"texture":"#0"},"east":{"uv":[7.125,9.75,8.5,10.125],"texture":"#0"},"south":{"uv":[7.125,9.375,8.5,9.75],"texture":"#0"},"west":{"uv":[8.5,9.75,7.125,10.125],"texture":"#0"},"up":{"uv":[7.125,8.0,8.5,9.375],"texture":"#0"},"down":{"uv":[8.5,8.0,9.875,9.375],"texture":"#0"}}},{"name":"cube inverted","from":[12.53,9.03,3.53],"to":[3.47,7.97,-0.53],"rotation":{"angle":0.0,"axis":"x","origin":[8.0,8.5,2.0]},"faces":{"north":{"uv":[10.0,8.25,11.125,8.125],"texture":"#0"},"east":{"uv":[10.5,8.125,10.0,8.0],"texture":"#0"},"south":{"uv":[10.0,8.25,11.125,8.125],"texture":"#0"},"west":{"uv":[10.0,8.125,10.5,8.0],"texture":"#0"},"up":{"uv":[11.125,8.125,10.0,8.25],"texture":"#0"},"down":{"uv":[11.125,8.25,10.0,8.75],"texture":"#0"}}}],"gui_light":"front","display":{"thirdperson_righthand":{"rotation":[55.5,34.0,0.0],"translation":[0.0,1.0,0.75],"scale":[0.52539,0.52539,0.52539]},"thirdperson_lefthand":{"rotation":[55.5,34.0,0.0],"translation":[0.0,1.0,0.75],"scale":[0.52539,0.52539,0.52539]},"firstperson_righthand":{"rotation":[21.0,114.5,-13.75],"translation":[9.5,0.0,-5.75],"scale":[0.41992,0.41992,0.41992]},"firstperson_lefthand":{"rotation":[21.0,114.5,-13.75],"translation":[9.5,0.0,-5.75],"scale":[0.41992,0.41992,0.41992]},"gui":{"rotation":[-149.61,-31.92,-180.0],"translation":[-0.25,-1.0,0.0],"scale":[0.85351,0.85351,0.85351]},"head":{"translation":[0.0,3.75,0.0],"scale":[1.6293,1.6293,1.6293]}}}