{"textures":{"0":"mcc:island_cosmetics/head/head_3","1":"mcc:island_cosmetics/head/propeller_anim","particle":"mcc:island_cosmetics/head/head_3"},"credit":"Made with Blockbench","elements":[{"from":[3.5,9.0,3.5],"to":[12.5,13.0,12.5],"rotation":{"angle":0.0,"axis":"y","origin":[15.5,0.0,-1.5]},"faces":{"north":{"uv":[7.375,9.25,6.25,9.75],"texture":"#0"},"east":{"uv":[8.625,9.0,7.5,9.5],"texture":"#0"},"south":{"uv":[7.375,8.25,6.25,8.75],"texture":"#0"},"west":{"uv":[7.375,8.75,6.25,9.25],"texture":"#0"},"up":{"uv":[8.625,7.875,7.5,9.0],"texture":"#0"},"down":{"uv":[4.375,9.75,4.25,9.875],"texture":"#0"}}},{"from":[2.0,16.0,2.0],"to":[14.0,16.0,14.0],"rotation":{"angle":0.0,"axis":"y","origin":[8.5,16.0,8.5]},"faces":{"north":{"uv":[2.375,10.0,3.5,10.5],"texture":"#0","tintindex":0.0},"east":{"uv":[3.5,8.375,2.375,8.875],"texture":"#0","tintindex":0.0},"south":{"uv":[3.75,9.5,4.875,10.0],"texture":"#0","tintindex":0.0},"west":{"uv":[2.375,8.375,3.5,8.875],"texture":"#0","tintindex":0.0},"up":{"uv":[1.0,1.0,13.0,13.0],"texture":"#1"},"down":{"uv":[1.0,13.0,13.0,1.0],"texture":"#1"}}},{"from":[7.49,12.99,7.49],"to":[8.51,17.01,8.51],"rotation":{"angle":0.0,"axis":"y","origin":[0.5,0.0,-1.5]},"faces":{"north":{"uv":[8.75,7.875,8.875,8.375],"texture":"#0"},"east":{"uv":[8.75,7.875,8.875,8.375],"texture":"#0"},"south":{"uv":[8.75,7.875,8.875,8.375],"texture":"#0"},"west":{"uv":[8.75,7.875,8.875,8.375],"texture":"#0"},"up":{"uv":[8.75,7.875,8.875,8.0],"texture":"#0"},"down":{"uv":[8.75,8.25,8.875,8.375],"texture":"#0"}}},{"from":[3.5,8.999,-1.5],"to":[12.5,9.999,3.5],"rotation":{"angle":0.0,"axis":"y","origin":[8.0,8.999,0.5]},"faces":{"north":{"uv":[4.125,8.625,4.25,8.5],"rotation":270.0,"texture":"#0"},"east":{"uv":[6.125,7.875,5.5,8.0],"rotation":180.0,"texture":"#0"},"south":{"uv":[4.125,8.625,4.25,8.5],"rotation":270.0,"texture":"#0"},"west":{"uv":[5.5,8.875,6.125,9.0],"rotation":180.0,"texture":"#0"},"up":{"uv":[5.5,7.875,6.125,9.0],"rotation":270.0,"texture":"#0"},"down":{"uv":[4.25,8.5,4.125,8.625],"rotation":270.0,"texture":"#0"}}},{"name":"cube inverted","from":[12.5,9.999,3.5],"to":[3.5,8.999,-1.5],"rotation":{"angle":0.0,"axis":"y","origin":[8.0,8.999,0.5]},"faces":{"north":{"uv":[4.25,8.625,4.125,8.5],"rotation":270.0,"texture":"#0"},"east":{"uv":[5.5,9.0,6.125,8.875],"rotation":180.0,"texture":"#0"},"south":{"uv":[4.25,8.625,4.125,8.5],"rotation":270.0,"texture":"#0"},"west":{"uv":[6.125,8.0,5.5,7.875],"rotation":180.0,"texture":"#0"},"up":{"uv":[4.25,8.625,4.125,8.5],"rotation":270.0,"texture":"#0"},"down":{"uv":[5.5,9.0,6.125,7.875],"rotation":270.0,"texture":"#0"}}},{"name":"cube inverted","from":[12.5,13.0,12.5],"to":[3.5,9.0,3.5],"rotation":{"angle":0.0,"axis":"y","origin":[15.5,0.0,-1.5]},"faces":{"north":{"uv":[7.375,8.75,6.25,8.25],"texture":"#0"},"east":{"uv":[7.375,9.25,6.25,8.75],"texture":"#0"},"south":{"uv":[7.375,9.75,6.25,9.25],"texture":"#0"},"west":{"uv":[8.625,9.5,7.5,9.0],"texture":"#0"},"up":{"uv":[4.25,9.75,4.375,9.875],"texture":"#0"},"down":{"uv":[7.5,7.875,8.625,9.0],"texture":"#0"}}}],"gui_light":"front","display":{"thirdperson_righthand":{"rotation":[55.5,34.0,0.0],"translation":[0.0,1.0,0.75],"scale":[0.52539,0.52539,0.52539]},"thirdperson_lefthand":{"rotation":[55.5,34.0,0.0],"translation":[0.0,1.0,0.75],"scale":[0.52539,0.52539,0.52539]},"firstperson_righthand":{"rotation":[21.0,114.5,-13.75],"translation":[9.5,0.0,-5.75],"scale":[0.41992,0.41992,0.41992]},"firstperson_lefthand":{"rotation":[21.0,114.5,-13.75],"translation":[9.5,0.0,-5.75],"scale":[0.41992,0.41992,0.41992]},"gui":{"rotation":[-149.61,-31.92,-180.0],"translation":[-1.25,-2.25,0.0],"scale":[0.92577,0.92577,0.92577]},"head":{"rotation":[2.5,0.0,0.0],"translation":[0.0,0.0,-0.25],"scale":[1.64492,1.64492,1.64492]}}}