{"textures":{"0":"mcc:island_cosmetics/head/head_5","particle":"mcc:island_cosmetics/head/head_5"},"credit":"Made with Blockbench","texture_size":[128.0,128.0],"elements":[{"from":[11.0,5.82769,8.36627],"to":[17.0,8.82769,11.36627],"rotation":{"angle":22.5,"axis":"z","origin":[15.75,4.32769,9.86627]},"faces":{"north":{"uv":[2.375,12.375,1.625,12.75],"texture":"#0","tintindex":0.0},"east":{"uv":[2.0,12.75,1.625,13.125],"texture":"#0","tintindex":0.0},"south":{"uv":[1.625,12.75,2.375,12.375],"texture":"#0","tintindex":0.0},"west":{"uv":[2.75,13.125,2.375,13.5],"texture":"#0","tintindex":0.0},"up":{"uv":[2.75,12.75,2.0,13.125],"texture":"#0","tintindex":0.0},"down":{"uv":[1.625,13.5,2.375,13.125],"texture":"#0","tintindex":0.0}}},{"from":[14.0,0.82769,8.36627],"to":[17.0,5.82769,11.36627],"rotation":{"angle":22.5,"axis":"z","origin":[15.75,4.32769,9.86627]},"faces":{"north":{"uv":[1.625,11.75,2.0,12.375],"texture":"#0","tintindex":0.0},"east":{"uv":[2.0,11.75,1.625,12.375],"texture":"#0","tintindex":0.0},"south":{"uv":[1.625,11.75,2.0,12.375],"texture":"#0","tintindex":0.0},"west":{"uv":[2.0,11.75,1.625,12.375],"texture":"#0","tintindex":0.0},"up":{"uv":[6.5,7.0,5.125,8.375],"texture":"#missing","tintindex":0.0},"down":{"uv":[2.75,13.125,2.375,13.5],"texture":"#0","tintindex":0.0}}},{"from":[13.99344,0.0,7.73374],"to":[16.99344,3.0,12.73374],"rotation":{"angle":22.5,"axis":"y","origin":[9.0,3.83772,7.70828]},"faces":{"north":{"uv":[2.375,13.125,2.0,13.5],"texture":"#0","tintindex":0.0},"east":{"uv":[2.75,12.75,2.125,13.125],"texture":"#0","tintindex":0.0},"south":{"uv":[2.375,13.125,2.0,13.5],"texture":"#0","tintindex":0.0},"west":{"uv":[2.75,13.125,2.125,12.75],"texture":"#0","tintindex":0.0},"up":{"uv":[2.125,12.75,2.75,13.125],"rotation":90.0,"texture":"#0","tintindex":0.0},"down":{"uv":[2.125,13.125,2.75,12.75],"rotation":90.0,"texture":"#0","tintindex":0.0}}},{"from":[15.49344,0.0,3.73374],"to":[15.49344,8.0,10.73374],"rotation":{"angle":22.5,"axis":"y","origin":[9.0,3.83772,7.70828]},"faces":{"north":{"uv":[6.5,7.0,5.125,8.375],"texture":"#missing","tintindex":0.0},"east":{"uv":[3.375,11.75,2.5,12.75],"texture":"#0","tintindex":0.0},"south":{"uv":[6.5,7.0,5.125,8.375],"texture":"#missing","tintindex":0.0},"west":{"uv":[2.5,11.75,3.375,12.75],"texture":"#0","tintindex":0.0},"up":{"uv":[5.125,8.375,6.5,7.0],"rotation":270.0,"texture":"#missing","tintindex":0.0},"down":{"uv":[5.125,8.375,6.5,7.0],"rotation":90.0,"texture":"#missing","tintindex":0.0}}},{"from":[0.50656,0.0,3.73374],"to":[0.50656,8.0,10.73374],"rotation":{"angle":-22.5,"axis":"y","origin":[7.0,3.83772,7.70828]},"faces":{"north":{"uv":[5.125,7.0,6.5,8.375],"texture":"#missing","tintindex":0.0},"east":{"uv":[3.375,11.75,2.5,12.75],"texture":"#0","tintindex":0.0},"south":{"uv":[5.125,7.0,6.5,8.375],"texture":"#missing","tintindex":0.0},"west":{"uv":[2.5,11.75,3.375,12.75],"texture":"#0","tintindex":0.0},"up":{"uv":[5.125,7.0,6.5,8.375],"rotation":270.0,"texture":"#missing","tintindex":0.0},"down":{"uv":[5.125,7.0,6.5,8.375],"rotation":90.0,"texture":"#missing","tintindex":0.0}}},{"from":[-0.99344,0.0,7.73374],"to":[2.00656,3.0,12.73374],"rotation":{"angle":-22.5,"axis":"y","origin":[7.0,3.83772,7.70828]},"faces":{"north":{"uv":[2.0,13.125,2.375,13.5],"texture":"#0","tintindex":0.0},"east":{"uv":[2.125,13.125,2.75,12.75],"texture":"#0","tintindex":0.0},"south":{"uv":[2.0,13.125,2.375,13.5],"texture":"#0","tintindex":0.0},"west":{"uv":[2.125,12.75,2.75,13.125],"texture":"#0","tintindex":0.0},"up":{"uv":[2.125,13.125,2.75,12.75],"rotation":90.0,"texture":"#0","tintindex":0.0},"down":{"uv":[2.125,12.75,2.75,13.125],"rotation":90.0,"texture":"#0","tintindex":0.0}}},{"from":[-1.0,0.82769,8.36627],"to":[2.0,5.82769,11.36627],"rotation":{"angle":-22.5,"axis":"z","origin":[0.25,4.32769,9.86627]},"faces":{"north":{"uv":[2.0,11.75,1.625,12.375],"texture":"#0","tintindex":0.0},"east":{"uv":[1.625,11.75,2.0,12.375],"texture":"#0","tintindex":0.0},"south":{"uv":[2.0,11.75,1.625,12.375],"texture":"#0","tintindex":0.0},"west":{"uv":[1.625,11.75,2.0,12.375],"texture":"#0","tintindex":0.0},"up":{"uv":[5.125,7.0,6.5,8.375],"texture":"#missing","tintindex":0.0},"down":{"uv":[2.375,13.125,2.75,13.5],"texture":"#0","tintindex":0.0}}},{"from":[-1.0,5.82769,8.36627],"to":[5.0,8.82769,11.36627],"rotation":{"angle":-22.5,"axis":"z","origin":[0.25,4.32769,9.86627]},"faces":{"north":{"uv":[1.625,12.375,2.375,12.75],"texture":"#0","tintindex":0.0},"east":{"uv":[2.375,13.125,2.75,13.5],"texture":"#0","tintindex":0.0},"south":{"uv":[2.375,12.75,1.625,12.375],"texture":"#0","tintindex":0.0},"west":{"uv":[1.625,12.75,2.0,13.125],"texture":"#0","tintindex":0.0},"up":{"uv":[2.0,12.75,2.75,13.125],"texture":"#0","tintindex":0.0},"down":{"uv":[2.375,13.5,1.625,13.125],"texture":"#0","tintindex":0.0}}}],"gui_light":"front","display":{"thirdperson_righthand":{"rotation":[55.5,34.0,0.0],"translation":[0.0,1.0,0.75],"scale":[0.52539,0.52539,0.52539]},"thirdperson_lefthand":{"rotation":[55.5,34.0,0.0],"translation":[0.0,1.0,0.75],"scale":[0.52539,0.52539,0.52539]},"firstperson_righthand":{"rotation":[21.0,114.5,-13.75],"translation":[9.5,0.0,-5.75],"scale":[0.41992,0.41992,0.41992]},"firstperson_lefthand":{"rotation":[21.0,114.5,-13.75],"translation":[9.5,0.0,-5.75],"scale":[0.41992,0.41992,0.41992]},"gui":{"rotation":[-138.82,-49.29,-163.68],"translation":[1.0,3.0,0.0],"scale":[0.81249,0.81249,0.81249]},"head":{"rotation":[-16.0,0.0,0.0],"translation":[0.0,8.0,-2.5],"scale":[1.62539,1.62539,1.62539]}}}