{"textures":{"0":"mcc:island_cosmetics/head/head_4","particle":"mcc:island_cosmetics/head/head_4"},"credit":"Made with Blockbench","texture_size":[128.0,128.0],"elements":[{"from":[2.9,4.65,2.9],"to":[13.1,9.85,13.1],"faces":{"north":{"uv":[0.0,6.375,1.25,7.0],"texture":"#0","tintindex":0.0},"east":{"uv":[0.0,6.375,1.25,7.0],"texture":"#0","tintindex":0.0},"south":{"uv":[0.0,6.375,1.25,7.0],"texture":"#0","tintindex":0.0},"west":{"uv":[0.0,6.375,1.25,7.0],"texture":"#0","tintindex":0.0},"up":{"uv":[1.25,6.375,2.5,7.625],"texture":"#0","tintindex":0.0},"down":{"uv":[3.125,5.875,3.25,6.0],"texture":"#0","tintindex":0.0}}},{"from":[2.0,-1.5,4.75],"to":[14.0,8.5,4.75],"rotation":{"angle":22.5,"axis":"x","origin":[0.0,-0.5,0.75]},"faces":{"north":{"uv":[0.5,7.625,2.0,8.875],"texture":"#0"},"east":{"uv":[0.0,6.375,1.25,7.0],"texture":"#0"},"south":{"uv":[0.5,7.625,2.0,8.875],"texture":"#0"},"west":{"uv":[0.0,6.375,1.25,7.0],"texture":"#0"},"up":{"uv":[1.25,6.375,2.5,7.625],"texture":"#0"},"down":{"uv":[3.75,0.0,5.0,1.25],"texture":"#missing"}}},{"from":[2.0,-8.95461,4.06283],"to":[14.0,-2.95461,4.06283],"rotation":{"angle":0.0,"axis":"x","origin":[0.0,-11.95461,0.06283]},"faces":{"north":{"uv":[0.0,9.125,1.5,9.875],"texture":"#0"},"east":{"uv":[0.0,6.375,1.25,7.0],"texture":"#0"},"south":{"uv":[0.0,9.125,1.5,9.875],"texture":"#0"},"west":{"uv":[0.0,6.375,1.25,7.0],"texture":"#0"},"up":{"uv":[1.25,6.375,2.5,7.625],"texture":"#0"},"down":{"uv":[3.75,0.0,5.0,1.25],"texture":"#missing"}}},{"from":[3.0,-5.72312,13.58731],"to":[13.0,4.27688,13.58731],"rotation":{"angle":-22.5,"axis":"x","origin":[8.0,2.77688,9.33731]},"faces":{"north":{"uv":[3.375,14.5,2.125,15.75],"texture":"#0"},"east":{"uv":[0.25,8.0,0.0,9.125],"texture":"#0"},"south":{"uv":[3.375,14.5,2.125,15.75],"texture":"#0"},"west":{"uv":[0.0,8.0,0.25,9.125],"texture":"#0"},"up":{"uv":[3.125,5.875,3.25,6.0],"texture":"#0"},"down":{"uv":[3.125,5.875,3.25,6.0],"texture":"#0"}}},{"from":[3.0,-5.72312,13.58731],"to":[13.0,4.27688,13.58731],"rotation":{"angle":-22.5,"axis":"x","origin":[8.0,2.77688,9.33731]},"faces":{"north":{"uv":[4.375,5.25,5.625,6.5],"texture":"#0","tintindex":0.0},"east":{"uv":[0.25,8.0,0.0,9.125],"texture":"#0","tintindex":0.0},"south":{"uv":[4.375,5.25,5.625,6.5],"texture":"#0","tintindex":0.0},"west":{"uv":[0.0,8.0,0.25,9.125],"texture":"#0","tintindex":0.0},"up":{"uv":[3.125,5.875,3.25,6.0],"texture":"#0","tintindex":0.0},"down":{"uv":[3.125,5.875,3.25,6.0],"texture":"#0","tintindex":0.0}}},{"from":[1.0,6.0,2.5],"to":[15.0,16.0,2.5],"faces":{"north":{"uv":[2.5,5.375,4.25,6.625],"texture":"#0"},"east":{"uv":[1.25,0.5,2.5,2.0],"texture":"#missing"},"south":{"uv":[2.5,5.375,4.25,6.625],"texture":"#0"},"west":{"uv":[1.25,0.5,2.5,2.0],"texture":"#missing"},"up":{"uv":[2.5,1.25,3.75,0.0],"texture":"#missing"},"down":{"uv":[3.75,0.0,5.0,1.25],"texture":"#missing"}}},{"from":[-1.0,7.0,2.75],"to":[3.0,12.0,2.75],"rotation":{"angle":22.5,"axis":"z","origin":[8.0,9.5,8.0]},"faces":{"north":{"uv":[0.5,8.125,0.0,7.5],"texture":"#0","tintindex":0.0},"east":{"uv":[1.25,0.5,2.5,2.0],"texture":"#missing","tintindex":0.0},"south":{"uv":[0.5,8.125,0.0,7.5],"texture":"#0","tintindex":0.0},"west":{"uv":[1.25,0.5,2.5,2.0],"texture":"#missing","tintindex":0.0},"up":{"uv":[2.5,1.25,3.75,0.0],"texture":"#missing","tintindex":0.0},"down":{"uv":[3.75,0.0,5.0,1.25],"texture":"#missing","tintindex":0.0}}},{"from":[13.0,7.0,2.75],"to":[17.0,12.0,2.75],"rotation":{"angle":-22.5,"axis":"z","origin":[8.0,9.5,8.0]},"faces":{"north":{"uv":[0.0,8.125,0.5,7.5],"texture":"#0","tintindex":0.0},"east":{"uv":[2.5,0.5,1.25,2.0],"texture":"#missing","tintindex":0.0},"south":{"uv":[0.0,8.125,0.5,7.5],"texture":"#0","tintindex":0.0},"west":{"uv":[2.5,0.5,1.25,2.0],"texture":"#missing","tintindex":0.0},"up":{"uv":[3.75,1.25,2.5,0.0],"texture":"#missing","tintindex":0.0},"down":{"uv":[5.0,0.0,3.75,1.25],"texture":"#missing","tintindex":0.0}}},{"from":[3.0,5.5,-2.0],"to":[13.0,5.5,2.0],"rotation":{"angle":-45.0,"axis":"x","origin":[8.0,7.0,3.0]},"faces":{"north":{"uv":[0.0,0.5,1.25,2.0],"texture":"#missing","tintindex":0.0},"east":{"uv":[1.25,0.5,2.5,2.0],"texture":"#missing","tintindex":0.0},"south":{"uv":[1.25,0.5,2.5,2.0],"texture":"#missing","tintindex":0.0},"west":{"uv":[1.25,0.5,2.5,2.0],"texture":"#missing","tintindex":0.0},"up":{"uv":[0.0,7.0,1.25,7.5],"texture":"#0","tintindex":0.0},"down":{"uv":[0.0,7.5,1.25,7.0],"texture":"#0","tintindex":0.0}}},{"from":[2.41269,-5.72312,3.0],"to":[2.41269,4.27688,13.0],"rotation":{"angle":-22.5,"axis":"z","origin":[6.66269,2.77688,8.0]},"faces":{"north":{"uv":[0.0,8.0,0.25,9.125],"texture":"#0"},"east":{"uv":[2.125,14.5,3.375,15.75],"texture":"#0"},"south":{"uv":[0.25,8.0,0.0,9.125],"texture":"#0"},"west":{"uv":[2.125,14.5,3.375,15.75],"texture":"#0"},"up":{"uv":[0.625,5.875,0.5,6.0],"texture":"#0"},"down":{"uv":[0.625,5.875,0.5,6.0],"texture":"#0"}}},{"from":[2.41269,-5.72312,3.0],"to":[2.41269,4.27688,13.0],"rotation":{"angle":-22.5,"axis":"z","origin":[6.66269,2.77688,8.0]},"faces":{"north":{"uv":[0.0,8.0,0.25,9.125],"texture":"#0","tintindex":0.0},"east":{"uv":[4.375,5.25,5.625,6.5],"texture":"#0","tintindex":0.0},"south":{"uv":[0.25,8.0,0.0,9.125],"texture":"#0","tintindex":0.0},"west":{"uv":[4.375,5.25,5.625,6.5],"texture":"#0","tintindex":0.0},"up":{"uv":[0.625,5.875,0.5,6.0],"texture":"#0","tintindex":0.0},"down":{"uv":[0.625,5.875,0.5,6.0],"texture":"#0","tintindex":0.0}}},{"from":[13.58731,-5.72312,3.0],"to":[13.58731,4.27688,13.0],"rotation":{"angle":22.5,"axis":"z","origin":[9.33731,2.77688,8.0]},"faces":{"north":{"uv":[0.25,8.0,0.0,9.125],"texture":"#0"},"east":{"uv":[3.375,14.5,2.125,15.75],"texture":"#0"},"south":{"uv":[0.0,8.0,0.25,9.125],"texture":"#0"},"west":{"uv":[3.375,14.5,2.125,15.75],"texture":"#0"},"up":{"uv":[0.5,5.875,0.625,6.0],"texture":"#0"},"down":{"uv":[0.5,5.875,0.625,6.0],"texture":"#0"}}},{"from":[13.58731,-5.72312,3.0],"to":[13.58731,4.27688,13.0],"rotation":{"angle":22.5,"axis":"z","origin":[9.33731,2.77688,8.0]},"faces":{"north":{"uv":[0.25,8.0,0.0,9.125],"texture":"#0","tintindex":0.0},"east":{"uv":[5.625,5.25,4.375,6.5],"texture":"#0","tintindex":0.0},"south":{"uv":[0.0,8.0,0.25,9.125],"texture":"#0","tintindex":0.0},"west":{"uv":[5.625,5.25,4.375,6.5],"texture":"#0","tintindex":0.0},"up":{"uv":[0.5,5.875,0.625,6.0],"texture":"#0","tintindex":0.0},"down":{"uv":[0.5,5.875,0.625,6.0],"texture":"#0","tintindex":0.0}}},{"from":[-1.0,7.0,2.75],"to":[3.0,12.0,2.75],"rotation":{"angle":22.5,"axis":"z","origin":[8.0,9.5,8.0]},"faces":{"north":{"uv":[4.875,8.125,4.375,7.5],"texture":"#0"},"east":{"uv":[1.25,0.5,2.5,2.0],"texture":"#missing"},"south":{"uv":[4.375,8.125,4.875,7.5],"texture":"#0"},"west":{"uv":[1.25,0.5,2.5,2.0],"texture":"#missing"},"up":{"uv":[2.5,1.25,3.75,0.0],"texture":"#missing"},"down":{"uv":[3.75,0.0,5.0,1.25],"texture":"#missing"}}},{"from":[2.9,4.65,2.9],"to":[13.1,9.85,13.1],"faces":{"north":{"uv":[5.625,5.75,6.875,6.375],"texture":"#0"},"east":{"uv":[5.625,5.75,6.875,6.375],"texture":"#0"},"south":{"uv":[5.625,5.75,6.875,6.375],"texture":"#0"},"west":{"uv":[5.625,5.75,6.875,6.375],"texture":"#0"},"up":{"uv":[5.625,6.375,6.875,7.625],"texture":"#0"},"down":{"uv":[3.125,5.875,3.25,6.0],"texture":"#0"}}},{"from":[13.0,7.0,2.75],"to":[17.0,12.0,2.75],"rotation":{"angle":-22.5,"axis":"z","origin":[8.0,9.5,8.0]},"faces":{"north":{"uv":[4.375,8.125,4.875,7.5],"texture":"#0"},"east":{"uv":[2.5,0.5,1.25,2.0],"texture":"#missing"},"south":{"uv":[4.875,8.125,4.375,7.5],"texture":"#0"},"west":{"uv":[2.5,0.5,1.25,2.0],"texture":"#missing"},"up":{"uv":[3.75,1.25,2.5,0.0],"texture":"#missing"},"down":{"uv":[5.0,0.0,3.75,1.25],"texture":"#missing"}}},{"from":[3.0,5.5,-2.0],"to":[13.0,5.5,2.0],"rotation":{"angle":-45.0,"axis":"x","origin":[8.0,7.0,3.0]},"faces":{"north":{"uv":[0.0,0.5,1.25,2.0],"texture":"#missing"},"east":{"uv":[1.25,0.5,2.5,2.0],"texture":"#missing"},"south":{"uv":[1.25,0.5,2.5,2.0],"texture":"#missing"},"west":{"uv":[1.25,0.5,2.5,2.0],"texture":"#missing"},"up":{"uv":[4.375,7.0,5.625,7.5],"texture":"#0"},"down":{"uv":[4.375,7.5,5.625,7.0],"texture":"#0"}}}],"gui_light":"front","display":{"thirdperson_righthand":{"rotation":[63.0,34.0,0.0],"translation":[0.0,1.0,-1.0],"scale":[0.52539,0.52539,0.52539]},"thirdperson_lefthand":{"rotation":[63.0,34.0,0.0],"translation":[0.0,1.0,-1.0],"scale":[0.52539,0.52539,0.52539]},"firstperson_righthand":{"rotation":[3.0,112.0,-13.0],"translation":[9.5,0.0,-5.75],"scale":[0.41992,0.41992,0.41992]},"firstperson_lefthand":{"rotation":[3.0,112.0,-13.0],"translation":[9.5,0.0,-5.75],"scale":[0.41992,0.41992,0.41992]},"ground":{"translation":[0.0,4.25,0.0],"scale":[0.28906,0.28906,0.28906]},"gui":{"rotation":[-149.61,-31.92,-180.0],"translation":[-0.5,3.75,0.0],"scale":[0.70116,0.70116,0.70116]},"head":{"translation":[0.0,9.25,0.0],"scale":[1.6,1.6,1.6]},"fixed":{"translation":[0.0,-3.25,-7.5]}}}