{"textures":{"0":"mcc:island_cosmetics/head/head_4","particle":"mcc:island_cosmetics/head/head_4"},"credit":"Made with Blockbench","texture_size":[128.0,128.0],"elements":[{"from":[3.5,4.0,4.0],"to":[12.5,14.0,7.0],"rotation":{"angle":22.5,"axis":"x","origin":[8.34776,4.73123,7.0]},"faces":{"north":{"uv":[6.625,3.625,6.75,3.75],"rotation":270.0,"texture":"#0","tintindex":0.0},"east":{"uv":[6.625,3.625,7.875,4.0],"rotation":270.0,"texture":"#0","tintindex":0.0},"south":{"uv":[6.625,3.625,6.75,3.75],"rotation":270.0,"texture":"#0","tintindex":0.0},"west":{"uv":[6.625,3.625,7.875,4.0],"rotation":270.0,"texture":"#0","tintindex":0.0},"up":{"uv":[7.625,3.625,7.75,4.0],"rotation":180.0,"texture":"#0","tintindex":0.0},"down":{"uv":[6.625,4.0,7.0,5.125],"rotation":270.0,"texture":"#0","tintindex":0.0}}},{"from":[5.5,-1.25,5.0],"to":[10.5,4.75,5.0],"rotation":{"angle":0.0,"axis":"x","origin":[8.34776,4.73123,7.0]},"faces":{"north":{"uv":[7.0,4.0,7.75,4.625],"rotation":270.0,"texture":"#0","tintindex":0.0},"east":{"uv":[6.625,3.625,7.75,4.0],"rotation":270.0,"texture":"#0","tintindex":0.0},"south":{"uv":[7.0,4.0,7.75,4.625],"rotation":270.0,"texture":"#0","tintindex":0.0},"west":{"uv":[6.625,3.625,7.75,4.0],"rotation":270.0,"texture":"#0","tintindex":0.0},"up":{"uv":[10.75,1.25,10.875,1.375],"rotation":270.0,"texture":"#missing","tintindex":0.0},"down":{"uv":[6.625,4.0,7.0,5.125],"rotation":270.0,"texture":"#0","tintindex":0.0}}},{"from":[-2.5,15.82453,-4.12189],"to":[18.5,15.82453,8.87811],"rotation":{"angle":-22.5,"axis":"x","origin":[8.0,13.70298,8.0]},"faces":{"north":{"uv":[11.0,0.875,11.25,2.125],"rotation":270.0,"texture":"#missing","tintindex":0.0},"east":{"uv":[11.25,0.875,11.5,2.0],"rotation":270.0,"texture":"#missing","tintindex":0.0},"south":{"uv":[11.0,2.125,11.25,0.875],"rotation":270.0,"texture":"#missing","tintindex":0.0},"west":{"uv":[10.25,1.5,10.375,1.625],"rotation":270.0,"texture":"#missing","tintindex":0.0},"up":{"uv":[3.625,5.25,1.0,3.625],"texture":"#0","tintindex":0.0},"down":{"uv":[3.625,3.625,1.0,5.25],"texture":"#0","tintindex":0.0}}},{"from":[-2.5,15.82453,7.12189],"to":[18.5,15.82453,20.12189],"rotation":{"angle":22.5,"axis":"x","origin":[8.0,13.70298,8.0]},"faces":{"north":{"uv":[11.0,0.875,11.25,2.125],"rotation":270.0,"texture":"#missing","tintindex":0.0},"east":{"uv":[11.25,2.0,11.5,0.875],"rotation":270.0,"texture":"#missing","tintindex":0.0},"south":{"uv":[11.0,2.125,11.25,0.875],"rotation":270.0,"texture":"#missing","tintindex":0.0},"west":{"uv":[10.25,1.625,10.375,1.5],"rotation":270.0,"texture":"#missing","tintindex":0.0},"up":{"uv":[3.625,3.625,1.0,5.25],"texture":"#0","tintindex":0.0},"down":{"uv":[3.625,5.25,1.0,3.625],"texture":"#0","tintindex":0.0}}},{"from":[-3.97544,15.7954,-2.5],"to":[9.02456,15.7954,18.5],"rotation":{"angle":22.5,"axis":"z","origin":[8.0,13.32029,8.0]},"faces":{"north":{"uv":[10.25,1.625,10.375,1.5],"rotation":270.0,"texture":"#missing","tintindex":0.0},"east":{"uv":[11.0,0.875,11.25,2.125],"rotation":270.0,"texture":"#missing","tintindex":0.0},"south":{"uv":[11.25,2.0,11.5,0.875],"rotation":270.0,"texture":"#missing","tintindex":0.0},"west":{"uv":[11.0,2.125,11.25,0.875],"rotation":270.0,"texture":"#missing","tintindex":0.0},"up":{"uv":[3.625,3.625,1.0,5.25],"rotation":90.0,"texture":"#0","tintindex":0.0},"down":{"uv":[3.625,5.25,1.0,3.625],"rotation":270.0,"texture":"#0","tintindex":0.0}}},{"from":[6.97544,15.7954,-2.5],"to":[19.97544,15.7954,18.5],"rotation":{"angle":-22.5,"axis":"z","origin":[8.0,13.32029,8.0]},"faces":{"north":{"uv":[10.25,1.5,10.375,1.625],"rotation":270.0,"texture":"#missing","tintindex":0.0},"east":{"uv":[11.0,0.875,11.25,2.125],"rotation":270.0,"texture":"#missing","tintindex":0.0},"south":{"uv":[11.25,0.875,11.5,2.0],"rotation":270.0,"texture":"#missing","tintindex":0.0},"west":{"uv":[11.0,2.125,11.25,0.875],"rotation":270.0,"texture":"#missing","tintindex":0.0},"up":{"uv":[3.625,5.25,1.0,3.625],"rotation":90.0,"texture":"#0","tintindex":0.0},"down":{"uv":[3.625,3.625,1.0,5.25],"rotation":270.0,"texture":"#0","tintindex":0.0}}},{"from":[7.0,15.0,7.0],"to":[9.0,17.0,9.0],"faces":{"north":{"uv":[1.875,3.0,2.125,3.25],"texture":"#0"},"east":{"uv":[1.875,3.0,2.125,3.25],"texture":"#0"},"south":{"uv":[1.875,3.0,2.125,3.25],"texture":"#0"},"west":{"uv":[1.875,3.0,2.125,3.25],"texture":"#0"},"up":{"uv":[2.125,3.0,2.375,3.25],"texture":"#0"},"down":{"uv":[1.875,3.125,2.0,3.25],"texture":"#0"}}},{"name":"cube inverted","from":[12.5,14.0,7.0],"to":[3.5,4.0,4.0],"rotation":{"angle":22.5,"axis":"x","origin":[8.34776,4.73123,7.0]},"faces":{"north":{"uv":[6.75,3.625,6.625,3.75],"rotation":270.0,"texture":"#0","tintindex":0.0},"east":{"uv":[7.875,3.625,6.625,4.0],"rotation":270.0,"texture":"#0","tintindex":0.0},"south":{"uv":[6.75,3.625,6.625,3.75],"rotation":270.0,"texture":"#0","tintindex":0.0},"west":{"uv":[7.875,3.625,6.625,4.0],"rotation":270.0,"texture":"#0","tintindex":0.0},"up":{"uv":[6.625,5.125,7.0,4.0],"rotation":270.0,"texture":"#0","tintindex":0.0},"down":{"uv":[7.75,3.625,7.625,4.0],"rotation":180.0,"texture":"#0","tintindex":0.0}}}],"gui_light":"front","display":{"thirdperson_righthand":{"rotation":[55.5,34.0,0.0],"translation":[0.0,1.0,0.75],"scale":[0.52539,0.52539,0.52539]},"thirdperson_lefthand":{"rotation":[55.5,34.0,0.0],"translation":[0.0,1.0,0.75],"scale":[0.52539,0.52539,0.52539]},"firstperson_righthand":{"rotation":[21.0,114.5,-13.75],"translation":[9.5,0.0,-5.75],"scale":[0.41992,0.41992,0.41992]},"firstperson_lefthand":{"rotation":[21.0,114.5,-13.75],"translation":[9.5,0.0,-5.75],"scale":[0.41992,0.41992,0.41992]},"gui":{"rotation":[-149.61,-31.92,-180.0],"translation":[0.0,-0.25,0.0],"scale":[0.52148,0.52148,0.52148]},"head":{"translation":[0.0,-2.25,0.0],"scale":[1.63125,1.63125,1.63125]}}}