{"textures":{"0":"mcc:island_cosmetics/head/head_5","particle":"mcc:island_cosmetics/head/head_5"},"credit":"Made with Blockbench","texture_size":[128.0,128.0],"elements":[{"from":[3.52,5.52,3.52],"to":[12.48,8.48,12.48],"rotation":{"angle":0.0,"axis":"x","origin":[7.5,9.5,7.5]},"faces":{"north":{"uv":[5.375,8.875,5.5,9.0],"texture":"#0"},"east":{"uv":[7.75,10.875,8.875,11.25],"texture":"#0"},"south":{"uv":[8.875,10.875,10.0,11.25],"texture":"#0"},"west":{"uv":[8.875,10.875,7.75,11.25],"texture":"#0"}}},{"from":[3.52,5.52,3.52],"to":[12.48,8.48,12.48],"rotation":{"angle":0.0,"axis":"x","origin":[7.5,9.5,7.5]},"faces":{"north":{"uv":[5.375,8.875,5.5,9.0],"texture":"#0","tintindex":0.0},"east":{"uv":[7.875,11.5,9.0,11.875],"texture":"#0","tintindex":0.0},"south":{"uv":[6.75,11.5,7.875,11.875],"texture":"#0","tintindex":0.0},"west":{"uv":[9.0,11.5,7.875,11.875],"texture":"#0","tintindex":0.0}}},{"from":[3.0,4.5,1.5],"to":[13.0,9.5,3.5],"faces":{"north":{"uv":[7.75,10.25,9.0,10.875],"texture":"#0"},"east":{"uv":[9.0,10.25,9.25,10.875],"texture":"#0"},"south":{"uv":[10.0,10.5,11.25,11.125],"texture":"#0"},"west":{"uv":[9.25,10.25,9.0,10.875],"texture":"#0"},"up":{"uv":[9.25,10.25,10.5,10.5],"texture":"#0"},"down":{"uv":[7.75,11.25,9.0,11.5],"texture":"#0"}}},{"from":[3.0,4.5,1.5],"to":[13.0,9.5,3.5],"faces":{"north":{"uv":[9.0,11.25,10.25,11.875],"texture":"#0","tintindex":0.0},"east":{"uv":[5.625,8.875,5.75,9.0],"texture":"#0"},"south":{"uv":[5.625,8.875,5.75,9.0],"texture":"#0"},"west":{"uv":[5.625,8.875,5.75,9.0],"texture":"#0"},"up":{"uv":[5.625,8.875,5.75,9.0],"texture":"#0"},"down":{"uv":[5.625,8.875,5.75,9.0],"texture":"#0"}}},{"name":"cube inverted","from":[12.48,8.48,12.48],"to":[3.52,5.52,3.52],"rotation":{"angle":0.0,"axis":"x","origin":[7.5,9.5,7.5]},"faces":{"north":{"uv":[8.875,11.25,10.0,10.875],"texture":"#0"},"east":{"uv":[8.875,11.25,7.75,10.875],"texture":"#0"},"south":{"uv":[5.375,9.0,5.5,8.875],"texture":"#0"},"west":{"uv":[7.75,11.25,8.875,10.875],"texture":"#0"}}},{"name":"cube inverted","from":[12.48,8.48,12.48],"to":[3.52,5.52,3.52],"rotation":{"angle":0.0,"axis":"x","origin":[7.5,9.5,7.5]},"faces":{"north":{"uv":[6.75,11.875,7.875,11.5],"texture":"#0","tintindex":0.0},"east":{"uv":[9.0,11.875,7.875,11.5],"texture":"#0","tintindex":0.0},"south":{"uv":[5.375,9.0,5.5,8.875],"texture":"#0","tintindex":0.0},"west":{"uv":[7.875,11.875,9.0,11.5],"texture":"#0","tintindex":0.0}}}],"gui_light":"front","display":{"thirdperson_righthand":{"rotation":[55.5,34.0,0.0],"translation":[0.0,1.0,0.75],"scale":[0.52539,0.52539,0.52539]},"thirdperson_lefthand":{"rotation":[55.5,34.0,0.0],"translation":[0.0,1.0,0.75],"scale":[0.52539,0.52539,0.52539]},"firstperson_righthand":{"rotation":[21.0,114.5,-13.75],"translation":[9.5,0.0,-5.75],"scale":[0.41992,0.41992,0.41992]},"firstperson_lefthand":{"rotation":[21.0,114.5,-13.75],"translation":[9.5,0.0,-5.75],"scale":[0.41992,0.41992,0.41992]},"gui":{"rotation":[-160.8,-33.59,175.04],"translation":[-1.0,1.75,0.0],"scale":[1.0703,1.0703,1.0703]},"head":{"translation":[0.0,2.25,0.5],"scale":[1.65859,1.65859,1.65859]}}}