{"textures":{"0":"mcc:island_cosmetics/head/head_8","1":"mcc:island_cosmetics/head/slime_wall","particle":"mcc:island_cosmetics/head/head_8"},"credit":"Made with Blockbench","elements":[{"from":[-0.5,-2.0,5.0],"to":[16.5,11.0,11.0],"rotation":{"angle":0.0,"axis":"y","origin":[3.5,3.5,3.0]},"faces":{"north":{"uv":[3.375,9.625,5.5,11.25],"texture":"#0","tintindex":0.0},"east":{"uv":[5.5,9.625,6.25,11.25],"texture":"#0","tintindex":0.0},"south":{"uv":[3.375,9.625,5.5,11.25],"texture":"#0","tintindex":0.0},"west":{"uv":[6.25,9.625,5.5,11.25],"texture":"#0","tintindex":0.0},"up":{"uv":[3.375,8.75,5.5,9.5],"texture":"#0","tintindex":0.0},"down":{"uv":[3.375,8.0,5.5,8.75],"texture":"#0","tintindex":0.0}}},{"from":[11.5,8.0,11.0],"to":[4.5,1.0,5.0],"rotation":{"angle":0.0,"axis":"y","origin":[3.5,3.5,3.0]},"faces":{"east":{"uv":[5.5,8.75,6.25,9.625],"texture":"#0","tintindex":0.0},"west":{"uv":[5.5,8.75,6.25,9.625],"texture":"#0","tintindex":0.0},"up":{"uv":[5.5,7.875,6.25,8.75],"rotation":90.0,"texture":"#0","tintindex":0.0},"down":{"uv":[5.5,7.0,6.25,7.875],"rotation":90.0,"texture":"#0","tintindex":0.0}}},{"from":[0.5,-8.0,5.0],"to":[16.5,-2.0,11.0],"rotation":{"angle":0.0,"axis":"y","origin":[3.0,3.5,4.0]},"faces":{"north":{"uv":[0.0,1.0,16.0,7.0],"texture":"#1","tintindex":0.0},"south":{"uv":[0.0,1.0,16.0,7.0],"texture":"#1","tintindex":0.0}}},{"name":"cube inverted","from":[16.5,-2.0,11.0],"to":[0.5,-8.0,5.0],"rotation":{"angle":0.0,"axis":"y","origin":[3.0,3.5,4.0]},"faces":{"north":{"uv":[0.0,7.0,16.0,1.0],"texture":"#1","tintindex":0.0},"south":{"uv":[0.0,7.0,16.0,1.0],"texture":"#1","tintindex":0.0}}}],"gui_light":"front","display":{"thirdperson_righthand":{"rotation":[63.0,34.0,0.0],"translation":[0.0,1.0,-1.0],"scale":[0.37891,0.37891,0.37891]},"thirdperson_lefthand":{"rotation":[63.0,34.0,0.0],"translation":[0.0,1.0,-1.0],"scale":[0.37891,0.37891,0.37891]},"firstperson_righthand":{"rotation":[3.0,112.0,-13.0],"translation":[9.5,0.0,-5.75],"scale":[0.35547,0.35547,0.35547]},"firstperson_lefthand":{"rotation":[3.0,112.0,-13.0],"translation":[9.5,0.0,-5.75],"scale":[0.35547,0.35547,0.35547]},"ground":{"translation":[0.0,4.25,0.0],"scale":[0.28906,0.28906,0.28906]},"gui":{"rotation":[-149.61,-31.92,-180.0],"translation":[0.0,3.25,0.0],"scale":[0.69725,0.69725,0.69725]},"head":{"rotation":[-1.0,0.0,3.25],"translation":[-0.5,5.75,0.0],"scale":[1.55899,1.55899,1.55899]},"fixed":{"translation":[0.0,-3.25,-7.5]}}}