{"textures":{"0":"mcc:island_cosmetics/head/head_3","particle":"mcc:island_cosmetics/head/head_3"},"credit":"Made with Blockbench","texture_size":[128.0,128.0],"elements":[{"from":[3.5,9.0,3.5],"to":[12.5,13.0,12.5],"rotation":{"angle":0.0,"axis":"y","origin":[0.5,0.0,17.5]},"faces":{"north":{"uv":[4.875,9.5,3.75,10.0],"texture":"#0","tintindex":0.0},"east":{"uv":[2.375,8.375,3.5,8.875],"texture":"#0","tintindex":0.0},"south":{"uv":[3.5,10.0,2.375,10.5],"texture":"#0","tintindex":0.0},"west":{"uv":[3.5,8.375,2.375,8.875],"texture":"#0","tintindex":0.0},"up":{"uv":[2.375,10.0,3.5,8.875],"texture":"#0","tintindex":0.0},"down":{"uv":[4.25,9.875,4.375,9.75],"texture":"#0","tintindex":0.0}}},{"from":[3.5,9.0,3.5],"to":[12.5,13.0,3.5],"rotation":{"angle":0.0,"axis":"y","origin":[0.5,0.0,17.5]},"faces":{"north":{"uv":[4.625,10.0,3.5,10.5],"texture":"#0"},"east":{"uv":[4.125,9.0,4.25,9.125],"texture":"#0"},"south":{"uv":[4.625,10.0,3.5,10.5],"texture":"#0"},"west":{"uv":[4.125,9.0,4.25,9.125],"texture":"#0"},"up":{"uv":[4.125,9.0,4.25,9.125],"texture":"#0"},"down":{"uv":[4.25,9.875,4.375,9.75],"texture":"#0"}}},{"from":[3.5,8.999,12.5],"to":[12.5,9.999,17.5],"rotation":{"angle":0.0,"axis":"y","origin":[8.0,8.999,15.5]},"faces":{"north":{"uv":[4.125,8.5,4.25,8.625],"rotation":270.0,"texture":"#0"},"east":{"uv":[3.5,8.5,4.125,8.375],"rotation":180.0,"texture":"#0"},"south":{"uv":[4.125,8.5,4.25,8.625],"rotation":270.0,"texture":"#0"},"west":{"uv":[3.5,8.5,4.125,8.375],"texture":"#0"},"up":{"uv":[4.125,8.375,3.5,9.5],"rotation":270.0,"texture":"#0"},"down":{"uv":[4.125,8.5,4.25,8.625],"rotation":270.0,"texture":"#0"}}},{"name":"cube inverted","from":[9.0,13.25,9.0],"to":[7.0,13.25,7.0],"rotation":{"angle":0.0,"axis":"y","origin":[0.5,0.0,17.5]},"faces":{"north":{"uv":[14.0,6.375,12.75,6.0],"texture":"#missing","tintindex":0.0},"east":{"uv":[14.0,6.375,12.75,6.0],"texture":"#missing","tintindex":0.0},"south":{"uv":[14.0,6.375,12.75,6.0],"texture":"#missing","tintindex":0.0},"west":{"uv":[14.0,6.375,12.75,6.0],"texture":"#missing","tintindex":0.0},"up":{"uv":[3.75,9.75,3.5,9.5],"texture":"#0","tintindex":0.0},"down":{"uv":[3.75,9.75,3.5,9.5],"texture":"#0","tintindex":0.0}}},{"name":"cube inverted","from":[12.5,13.0,12.5],"to":[3.5,9.0,3.5],"rotation":{"angle":0.0,"axis":"y","origin":[0.5,0.0,17.5]},"faces":{"north":{"uv":[3.5,10.5,2.375,10.0],"texture":"#0","tintindex":0.0},"east":{"uv":[3.5,8.875,2.375,8.375],"texture":"#0","tintindex":0.0},"south":{"uv":[4.875,10.0,3.75,9.5],"texture":"#0","tintindex":0.0},"west":{"uv":[2.375,8.875,3.5,8.375],"texture":"#0","tintindex":0.0},"up":{"uv":[4.375,9.875,4.25,9.75],"texture":"#0","tintindex":0.0},"down":{"uv":[3.5,10.0,2.375,8.875],"texture":"#0","tintindex":0.0}}},{"name":"cube inverted","from":[12.5,9.999,17.5],"to":[3.5,8.999,12.5],"rotation":{"angle":0.0,"axis":"y","origin":[8.0,8.999,15.5]},"faces":{"north":{"uv":[4.25,8.5,4.125,8.625],"rotation":270.0,"texture":"#0"},"east":{"uv":[3.5,8.375,4.125,8.5],"texture":"#0"},"south":{"uv":[4.25,8.5,4.125,8.625],"rotation":270.0,"texture":"#0"},"west":{"uv":[3.5,8.375,4.125,8.5],"rotation":180.0,"texture":"#0"},"up":{"uv":[4.125,8.625,4.25,8.5],"rotation":270.0,"texture":"#0"},"down":{"uv":[4.125,9.5,3.5,8.375],"rotation":270.0,"texture":"#0"}}}],"gui_light":"front","display":{"thirdperson_righthand":{"rotation":[55.5,34.0,0.0],"translation":[0.0,1.0,0.75],"scale":[0.52539,0.52539,0.52539]},"thirdperson_lefthand":{"rotation":[55.5,34.0,0.0],"translation":[0.0,1.0,0.75],"scale":[0.52539,0.52539,0.52539]},"firstperson_righthand":{"rotation":[21.0,114.5,-13.75],"translation":[9.5,0.0,-5.75],"scale":[0.41992,0.41992,0.41992]},"firstperson_lefthand":{"rotation":[21.0,114.5,-13.75],"translation":[9.5,0.0,-5.75],"scale":[0.41992,0.41992,0.41992]},"gui":{"rotation":[-149.61,-31.92,-180.0],"translation":[1.25,-2.25,0.0],"scale":[0.96484,0.96484,0.96484]},"head":{"rotation":[2.5,0.0,0.0],"translation":[0.0,0.0,-0.25],"scale":[1.64492,1.64492,1.64492]}}}