{"textures":{"0":"mcc:island_cosmetics/head/head_2","particle":"mcc:island_cosmetics/head/head_2"},"credit":"Made with Blockbench","texture_size":[128.0,128.0],"elements":[{"from":[2.9,3.4,0.4],"to":[13.1,8.6,3.6],"rotation":{"angle":0.0,"axis":"y","origin":[9.5,6.24,8.5]},"faces":{"north":{"uv":[11.25,8.625,12.5,9.25],"texture":"#0","tintindex":0.0},"east":{"uv":[12.5,8.625,12.875,9.25],"texture":"#0","tintindex":0.0},"south":{"uv":[11.875,8.875,12.0,9.0],"texture":"#0","tintindex":0.0},"west":{"uv":[12.875,8.625,12.5,9.25],"texture":"#0","tintindex":0.0},"up":{"uv":[11.25,8.25,12.5,8.625],"texture":"#0","tintindex":0.0},"down":{"uv":[11.25,7.875,12.5,8.25],"texture":"#0","tintindex":0.0}}},{"from":[3.0,3.5,0.5],"to":[13.0,8.5,3.5],"rotation":{"angle":0.0,"axis":"y","origin":[9.5,6.24,8.5]},"faces":{"north":{"uv":[9.625,11.375,10.875,12.0],"texture":"#0"},"east":{"uv":[10.875,11.375,11.25,12.0],"texture":"#0"},"south":{"uv":[13.375,9.125,14.625,9.75],"texture":"#0"},"west":{"uv":[11.25,11.375,10.875,12.0],"texture":"#0"},"up":{"uv":[9.625,11.0,10.875,11.375],"texture":"#0"},"down":{"uv":[9.625,10.625,10.875,11.0],"texture":"#0"}}},{"from":[3.49,3.99,3.49],"to":[12.51,7.01,12.51],"rotation":{"angle":0.0,"axis":"y","origin":[10.0,6.24,8.5]},"faces":{"north":{"uv":[13.5,8.125,13.625,8.25],"texture":"#0"},"east":{"uv":[14.125,8.25,15.25,8.625],"texture":"#0"},"south":{"uv":[13.5,8.125,13.625,8.25],"texture":"#0"},"west":{"uv":[15.25,8.25,14.125,8.625],"texture":"#0"},"up":{"uv":[10.5,6.625,10.625,6.75],"texture":"#0"},"down":{"uv":[10.5,6.625,10.625,6.75],"texture":"#0"}}},{"from":[3.49,3.99,3.49],"to":[12.51,7.01,12.51],"rotation":{"angle":0.0,"axis":"y","origin":[10.0,6.24,8.5]},"faces":{"north":{"uv":[13.5,8.125,13.625,8.25],"texture":"#0","tintindex":0.0},"east":{"uv":[14.125,7.875,15.25,8.25],"texture":"#0","tintindex":0.0},"south":{"uv":[14.125,8.625,15.25,9.0],"texture":"#0","tintindex":0.0},"west":{"uv":[15.25,7.875,14.125,8.25],"texture":"#0","tintindex":0.0},"up":{"uv":[10.5,6.625,10.625,6.75],"texture":"#0"},"down":{"uv":[10.5,6.625,10.625,6.75],"texture":"#0"}}},{"from":[1.25,0.75,4.0],"to":[3.25,12.75,6.0],"rotation":{"angle":22.5,"axis":"x","origin":[2.5,8.5,3.5]},"faces":{"north":{"uv":[13.0,7.875,13.25,9.375],"texture":"#0"},"east":{"uv":[13.25,7.875,13.0,9.375],"texture":"#0"},"south":{"uv":[13.0,7.875,13.25,9.375],"texture":"#0"},"west":{"uv":[13.25,7.875,13.0,9.375],"texture":"#0"},"up":{"uv":[10.5,6.625,10.625,6.75],"texture":"#0"},"down":{"uv":[13.125,9.25,13.25,9.375],"texture":"#0"}}},{"from":[1.2,10.7,3.95],"to":[3.3,12.8,6.05],"rotation":{"angle":22.5,"axis":"x","origin":[2.5,8.5,3.5]},"faces":{"north":{"uv":[13.625,8.25,13.875,8.5],"texture":"#0","tintindex":0.0},"east":{"uv":[13.875,8.25,13.625,8.5],"texture":"#0","tintindex":0.0},"south":{"uv":[13.625,8.25,13.875,8.5],"texture":"#0","tintindex":0.0},"west":{"uv":[13.875,8.25,13.625,8.5],"texture":"#0","tintindex":0.0},"up":{"uv":[8.875,7.375,9.0,7.5],"texture":"#0"},"down":{"uv":[13.375,8.75,13.625,9.0],"texture":"#0","tintindex":0.0}}},{"from":[1.2,2.7,3.95],"to":[3.3,6.8,6.05],"rotation":{"angle":22.5,"axis":"x","origin":[2.5,8.5,3.5]},"faces":{"north":{"uv":[13.625,8.25,13.875,8.75],"texture":"#0","tintindex":0.0},"east":{"uv":[13.875,8.25,13.625,8.75],"texture":"#0","tintindex":0.0},"south":{"uv":[13.625,8.25,13.875,8.75],"texture":"#0","tintindex":0.0},"west":{"uv":[13.875,8.25,13.625,8.75],"texture":"#0","tintindex":0.0},"up":{"uv":[8.875,7.375,9.0,7.5],"texture":"#0"},"down":{"uv":[8.875,7.375,9.0,7.5],"texture":"#0"}}},{"from":[3.25,0.75,4.0],"to":[8.25,2.75,6.0],"rotation":{"angle":22.5,"axis":"x","origin":[2.5,8.5,3.5]},"faces":{"north":{"uv":[13.375,7.875,14.0,8.125],"texture":"#0"},"east":{"uv":[10.5,6.625,10.625,6.75],"texture":"#0"},"south":{"uv":[14.0,8.125,13.375,7.875],"texture":"#0"},"west":{"uv":[4.0,10.375,2.75,11.625],"texture":"#missing"},"up":{"uv":[14.0,7.875,13.375,8.125],"texture":"#0"},"down":{"uv":[14.0,7.875,13.375,8.125],"texture":"#0"}}},{"from":[6.2,0.7,3.95],"to":[8.3,2.8,6.05],"rotation":{"angle":22.5,"axis":"x","origin":[2.5,8.5,3.5]},"faces":{"north":{"uv":[13.375,8.25,13.625,8.5],"texture":"#0","tintindex":0.0},"east":{"uv":[12.5,7.875,12.75,8.125],"texture":"#0","tintindex":0.0},"south":{"uv":[13.625,8.75,13.375,8.5],"texture":"#0","tintindex":0.0},"west":{"uv":[13.375,8.75,13.625,9.0],"texture":"#0","tintindex":0.0},"up":{"uv":[13.625,8.25,13.375,8.5],"texture":"#0","tintindex":0.0},"down":{"uv":[13.625,8.5,13.375,8.75],"texture":"#0","tintindex":0.0}}},{"name":"cube inverted","from":[12.51,7.01,12.51],"to":[3.49,3.99,3.49],"rotation":{"angle":0.0,"axis":"y","origin":[10.0,6.24,8.5]},"faces":{"north":{"uv":[14.125,9.0,15.25,8.625],"texture":"#0","tintindex":0.0},"east":{"uv":[15.25,8.25,14.125,7.875],"texture":"#0","tintindex":0.0},"south":{"uv":[13.5,8.25,13.625,8.125],"texture":"#0","tintindex":0.0},"west":{"uv":[14.125,8.25,15.25,7.875],"texture":"#0","tintindex":0.0},"up":{"uv":[10.5,6.625,10.625,6.75],"texture":"#0"},"down":{"uv":[10.5,6.625,10.625,6.75],"texture":"#0"}}},{"name":"cube inverted","from":[13.0,8.5,3.5],"to":[3.0,3.5,0.5],"rotation":{"angle":0.0,"axis":"y","origin":[9.5,6.24,8.5]},"faces":{"north":{"uv":[13.375,9.75,14.625,9.125],"texture":"#0"},"east":{"uv":[11.25,12.0,10.875,11.375],"texture":"#0"},"south":{"uv":[8.625,12.375,8.75,12.5],"texture":"#0"},"west":{"uv":[10.875,12.0,11.25,11.375],"texture":"#0"},"up":{"uv":[10.875,10.625,9.625,11.0],"texture":"#0"},"down":{"uv":[10.875,11.0,9.625,11.375],"texture":"#0"}}},{"name":"cube inverted","from":[13.1,8.6,3.6],"to":[2.9,3.4,0.4],"rotation":{"angle":0.0,"axis":"y","origin":[9.5,6.24,8.5]},"faces":{"north":{"uv":[11.875,9.0,12.0,8.875],"texture":"#0","tintindex":0.0},"east":{"uv":[12.875,9.25,12.5,8.625],"texture":"#0","tintindex":0.0},"south":{"uv":[11.25,9.25,12.5,8.625],"texture":"#0","tintindex":0.0},"west":{"uv":[12.5,9.25,12.875,8.625],"texture":"#0","tintindex":0.0},"up":{"uv":[12.5,7.875,11.25,8.25],"texture":"#0","tintindex":0.0},"down":{"uv":[12.5,8.25,11.25,8.625],"texture":"#0","tintindex":0.0}}},{"name":"cube inverted","from":[3.3,12.8,6.05],"to":[1.2,10.7,3.95],"rotation":{"angle":22.5,"axis":"x","origin":[2.5,8.5,3.5]},"faces":{"north":{"uv":[13.625,8.5,13.875,8.25],"texture":"#0","tintindex":0.0},"east":{"uv":[13.875,8.5,13.625,8.25],"texture":"#0","tintindex":0.0},"south":{"uv":[13.625,8.5,13.875,8.25],"texture":"#0","tintindex":0.0},"west":{"uv":[13.875,8.5,13.625,8.25],"texture":"#0","tintindex":0.0},"up":{"uv":[13.625,8.75,13.375,9.0],"texture":"#0","tintindex":0.0},"down":{"uv":[9.0,7.375,8.875,7.5],"texture":"#0"}}},{"name":"cube inverted","from":[8.3,2.8,6.05],"to":[6.2,0.7,3.95],"rotation":{"angle":22.5,"axis":"x","origin":[2.5,8.5,3.5]},"faces":{"north":{"uv":[13.625,8.5,13.375,8.75],"texture":"#0","tintindex":0.0},"east":{"uv":[13.375,9.0,13.625,8.75],"texture":"#0","tintindex":0.0},"south":{"uv":[13.375,8.5,13.625,8.25],"texture":"#0","tintindex":0.0},"west":{"uv":[12.5,8.125,12.75,7.875],"texture":"#0","tintindex":0.0},"up":{"uv":[13.375,8.5,13.625,8.75],"texture":"#0","tintindex":0.0},"down":{"uv":[13.375,8.25,13.625,8.5],"texture":"#0","tintindex":0.0}}},{"name":"cube inverted","from":[3.3,6.8,6.05],"to":[1.2,2.7,3.95],"rotation":{"angle":22.5,"axis":"x","origin":[2.5,8.5,3.5]},"faces":{"north":{"uv":[13.625,8.75,13.875,8.25],"texture":"#0","tintindex":0.0},"east":{"uv":[13.875,8.75,13.625,8.25],"texture":"#0","tintindex":0.0},"south":{"uv":[13.625,8.75,13.875,8.25],"texture":"#0","tintindex":0.0},"west":{"uv":[13.875,8.75,13.625,8.25],"texture":"#0","tintindex":0.0},"up":{"uv":[9.0,7.375,8.875,7.5],"texture":"#0"},"down":{"uv":[9.0,7.375,8.875,7.5],"texture":"#0"}}}],"gui_light":"front","display":{"thirdperson_righthand":{"rotation":[64.25,0.0,0.0],"scale":[0.44336,0.44336,0.44336]},"thirdperson_lefthand":{"rotation":[64.25,0.0,0.0],"scale":[0.44336,0.44336,0.44336]},"firstperson_righthand":{"scale":[0.0,0.0,0.0]},"firstperson_lefthand":{"scale":[0.0,0.0,0.0]},"ground":{"translation":[0.0,4.25,0.0],"scale":[0.43945,0.43945,0.43945]},"gui":{"rotation":[-149.61,-31.92,-180.0],"translation":[-1.5,2.5,0.0],"scale":[0.94335,0.94335,0.94335]},"head":{"translation":[0.0,2.75,0.75],"scale":[1.6,1.6,1.6]}}}