{"textures":{"0":"mcc:island_cosmetics/head/head_7","particle":"mcc:island_cosmetics/head/head_7"},"credit":"Made with Blockbench","texture_size":[128.0,128.0],"elements":[{"from":[1.5,1.0,1.5],"to":[14.5,11.0,14.5],"rotation":{"angle":0.0,"axis":"x","origin":[7.5,9.5,7.5]},"faces":{"north":{"uv":[14.375,0.0,16.0,1.25],"texture":"#0","tintindex":0.0},"east":{"uv":[14.375,1.75,16.0,3.0],"texture":"#0","tintindex":0.0},"south":{"uv":[14.375,1.75,16.0,3.0],"texture":"#0","tintindex":0.0},"west":{"uv":[14.375,1.75,16.0,3.0],"texture":"#0","tintindex":0.0},"up":{"uv":[14.375,3.0,16.0,4.625],"texture":"#0","tintindex":0.0},"down":{"uv":[12.75,2.625,14.375,4.25],"texture":"#0","tintindex":0.0}}},{"from":[9.0,11.0,7.0],"to":[11.0,17.0,9.0],"rotation":{"angle":-22.5,"axis":"z","origin":[8.0,16.0,8.0]},"faces":{"north":{"uv":[14.0,1.5,14.25,2.25],"texture":"#0"},"east":{"uv":[14.25,1.5,14.0,2.25],"texture":"#0"},"south":{"uv":[14.0,1.5,14.25,2.25],"texture":"#0"},"west":{"uv":[14.25,1.5,14.0,2.25],"texture":"#0"},"up":{"uv":[14.0,1.5,13.75,1.75],"texture":"#0"},"down":{"uv":[14.0,1.5,13.75,1.75],"texture":"#0"}}},{"from":[3.5,11.10196,1.51256],"to":[12.5,11.10196,8.51256],"rotation":{"angle":22.5,"axis":"x","origin":[7.5,12.33939,8.0]},"faces":{"north":{"uv":[14.25,1.5,14.0,2.25],"texture":"#0"},"east":{"uv":[14.0,1.5,14.25,2.25],"texture":"#0"},"south":{"uv":[14.25,1.5,14.0,2.25],"texture":"#0"},"west":{"uv":[14.0,1.5,14.25,2.25],"texture":"#0"},"up":{"uv":[13.75,1.5,12.875,2.625],"rotation":90.0,"texture":"#0"},"down":{"uv":[12.875,1.5,13.75,2.625],"rotation":90.0,"texture":"#0"}}},{"from":[3.5,11.10196,7.48744],"to":[12.5,11.10196,14.48744],"rotation":{"angle":-22.5,"axis":"x","origin":[7.5,12.33939,8.0]},"faces":{"north":{"uv":[14.0,1.5,14.25,2.25],"texture":"#0"},"east":{"uv":[14.25,1.5,14.0,2.25],"texture":"#0"},"south":{"uv":[14.0,1.5,14.25,2.25],"texture":"#0"},"west":{"uv":[14.25,1.5,14.0,2.25],"texture":"#0"},"up":{"uv":[12.875,1.5,13.75,2.625],"rotation":90.0,"texture":"#0"},"down":{"uv":[13.75,1.5,12.875,2.625],"rotation":90.0,"texture":"#0"}}},{"from":[1.51256,11.10196,3.5],"to":[8.51256,11.10196,12.5],"rotation":{"angle":-22.5,"axis":"z","origin":[8.0,12.33939,8.0]},"faces":{"north":{"uv":[14.25,1.5,14.0,2.25],"texture":"#0"},"east":{"uv":[14.0,1.5,14.25,2.25],"texture":"#0"},"south":{"uv":[14.25,1.5,14.0,2.25],"texture":"#0"},"west":{"uv":[14.0,1.5,14.25,2.25],"texture":"#0"},"up":{"uv":[12.875,1.5,13.75,2.625],"rotation":180.0,"texture":"#0"},"down":{"uv":[13.75,1.5,12.875,2.625],"texture":"#0"}}},{"from":[7.48744,11.10196,3.5],"to":[14.48744,11.10196,12.5],"rotation":{"angle":22.5,"axis":"z","origin":[8.0,12.33939,8.0]},"faces":{"north":{"uv":[14.0,1.5,14.25,2.25],"texture":"#0"},"east":{"uv":[14.25,1.5,14.0,2.25],"texture":"#0"},"south":{"uv":[14.0,1.5,14.25,2.25],"texture":"#0"},"west":{"uv":[14.25,1.5,14.0,2.25],"texture":"#0"},"up":{"uv":[13.75,1.5,12.875,2.625],"rotation":180.0,"texture":"#0"},"down":{"uv":[12.875,1.5,13.75,2.625],"texture":"#0"}}},{"from":[3.0,-2.0,3.0],"to":[13.0,1.0,13.0],"rotation":{"angle":0.0,"axis":"x","origin":[7.0,9.5,8.0]},"faces":{"north":{"uv":[14.625,1.375,15.875,1.75],"texture":"#0","tintindex":0.0},"east":{"uv":[14.625,1.375,15.875,1.75],"texture":"#0","tintindex":0.0},"south":{"uv":[14.625,1.375,15.875,1.75],"texture":"#0","tintindex":0.0},"west":{"uv":[14.625,1.375,15.875,1.75],"texture":"#0","tintindex":0.0},"up":{"uv":[15.0,0.75,15.125,0.875],"texture":"#0","tintindex":0.0},"down":{"uv":[14.75,4.625,16.0,5.875],"texture":"#0","tintindex":0.0}}},{"from":[1.5,1.0,1.5],"to":[14.5,11.0,14.5],"rotation":{"angle":0.0,"axis":"x","origin":[7.5,9.5,7.5]},"faces":{"north":{"uv":[11.5,8.375,13.125,9.625],"texture":"#0"},"east":{"uv":[11.5,7.0,13.125,8.25],"texture":"#0"},"south":{"uv":[11.5,7.0,13.125,8.25],"texture":"#0"},"west":{"uv":[11.5,7.0,13.125,8.25],"texture":"#0"},"up":{"uv":[8.375,7.0,10.0,8.625],"texture":"#0"},"down":{"uv":[10.625,7.75,10.75,7.875],"texture":"#0"}}},{"from":[3.0,-2.0,3.0],"to":[13.0,1.0,13.0],"rotation":{"angle":0.0,"axis":"x","origin":[7.0,9.5,8.0]},"faces":{"north":{"uv":[10.125,8.5,11.375,8.875],"texture":"#0"},"east":{"uv":[10.125,8.5,11.375,8.875],"texture":"#0"},"south":{"uv":[10.125,8.5,11.375,8.875],"texture":"#0"},"west":{"uv":[10.125,8.5,11.375,8.875],"texture":"#0"},"up":{"uv":[15.0,0.75,15.125,0.875],"texture":"#0"},"down":{"uv":[10.125,7.0,11.375,8.25],"texture":"#0"}}},{"name":"cube inverted","from":[14.5,11.0,14.5],"to":[1.5,1.0,1.5],"rotation":{"angle":0.0,"axis":"x","origin":[7.5,9.5,7.5]},"faces":{"north":{"uv":[11.5,8.25,13.125,7.0],"texture":"#0"},"east":{"uv":[11.5,8.25,13.125,7.0],"texture":"#0"},"south":{"uv":[11.5,9.625,13.125,8.375],"texture":"#0"},"west":{"uv":[11.5,8.25,13.125,7.0],"texture":"#0"},"up":{"uv":[10.75,7.75,10.625,7.875],"texture":"#0"},"down":{"uv":[10.0,7.0,8.375,8.625],"texture":"#0"}}},{"name":"cube inverted","from":[14.5,11.0,14.5],"to":[1.5,1.0,1.5],"rotation":{"angle":0.0,"axis":"x","origin":[7.5,9.5,7.5]},"faces":{"north":{"uv":[14.375,3.0,16.0,1.75],"texture":"#0","tintindex":0.0},"east":{"uv":[14.375,3.0,16.0,1.75],"texture":"#0","tintindex":0.0},"south":{"uv":[14.375,1.25,16.0,0.0],"texture":"#0","tintindex":0.0},"west":{"uv":[14.375,3.0,16.0,1.75],"texture":"#0","tintindex":0.0},"up":{"uv":[14.375,2.625,12.75,4.25],"texture":"#0","tintindex":0.0},"down":{"uv":[16.0,3.0,14.375,4.625],"texture":"#0","tintindex":0.0}}}],"gui_light":"front","display":{"thirdperson_righthand":{"rotation":[55.5,34.0,0.0],"translation":[0.0,1.0,0.75],"scale":[0.52539,0.52539,0.52539]},"thirdperson_lefthand":{"rotation":[55.5,34.0,0.0],"translation":[0.0,1.0,0.75],"scale":[0.52539,0.52539,0.52539]},"firstperson_righthand":{"rotation":[21.0,114.5,-13.75],"translation":[9.5,0.0,-5.75],"scale":[0.41992,0.41992,0.41992]},"firstperson_lefthand":{"rotation":[21.0,114.5,-13.75],"translation":[9.5,0.0,-5.75],"scale":[0.41992,0.41992,0.41992]},"gui":{"rotation":[-149.61,-31.92,-180.0],"translation":[-0.25,1.5,0.0],"scale":[0.74023,0.74023,0.74023]},"head":{"translation":[0.0,5.75,0.0],"scale":[1.64297,1.64297,1.64297]}}}