{"textures":{"0":"mcc:island_cosmetics/head/head_2","particle":"mcc:island_cosmetics/head/head_2"},"credit":"Made with Blockbench","texture_size":[128.0,128.0],"elements":[{"from":[1.5,0.0,2.75],"to":[14.5,9.0,14.75],"rotation":{"angle":0.0,"axis":"x","origin":[7.5,9.5,7.5]},"faces":{"north":{"uv":[16.0,12.125,14.375,13.25],"texture":"#0","tintindex":0.0},"east":{"uv":[14.375,12.125,12.875,13.25],"texture":"#0","tintindex":0.0},"south":{"uv":[16.0,12.125,14.375,13.25],"texture":"#0","tintindex":0.0},"west":{"uv":[14.375,12.125,12.875,13.25],"texture":"#0","tintindex":0.0},"up":{"uv":[12.875,11.75,11.25,13.25],"texture":"#0","tintindex":0.0},"down":{"uv":[12.875,10.25,11.25,11.75],"texture":"#0","tintindex":0.0}}},{"from":[1.3,-2.2,2.55],"to":[14.7,5.2,14.95],"rotation":{"angle":0.0,"axis":"x","origin":[8.5,9.5,7.5]},"faces":{"north":{"uv":[14.375,10.125,16.0,11.0],"texture":"#0"},"east":{"uv":[12.875,10.125,14.375,11.0],"texture":"#0"},"south":{"uv":[14.375,10.125,16.0,11.0],"texture":"#0"},"west":{"uv":[12.875,10.125,14.375,11.0],"texture":"#0"},"up":{"uv":[15.0,10.25,15.125,10.375],"texture":"#0"},"down":{"uv":[15.0,10.25,15.125,10.375],"texture":"#0"}}},{"from":[6.0,2.0,1.75],"to":[10.0,6.0,2.75],"rotation":{"angle":0.0,"axis":"x","origin":[8.0,9.5,7.5]},"faces":{"north":{"uv":[14.875,11.625,14.375,12.125],"texture":"#0"},"east":{"uv":[14.5,11.625,14.375,12.125],"texture":"#0"},"south":{"uv":[14.875,11.625,14.375,12.125],"texture":"#0"},"west":{"uv":[14.875,11.625,14.75,12.125],"texture":"#0"},"up":{"uv":[14.875,11.625,14.375,11.75],"texture":"#0"},"down":{"uv":[14.875,12.0,14.375,12.125],"texture":"#0"}}},{"from":[5.0,5.0,2.25],"to":[14.0,14.0,2.25],"rotation":{"angle":45.0,"axis":"z","origin":[8.0,8.0,2.25]},"faces":{"north":{"uv":[16.0,11.0,14.875,12.125],"texture":"#0"},"east":{"uv":[16.0,9.625,14.625,10.75],"texture":"#missing"},"south":{"uv":[14.875,12.125,16.0,11.0],"rotation":270.0,"texture":"#0"},"west":{"uv":[14.625,9.625,16.0,10.75],"texture":"#missing"},"up":{"uv":[13.75,11.125,13.75,11.25],"texture":"#missing"},"down":{"uv":[12.625,10.75,11.25,12.125],"texture":"#missing"}}},{"name":"cube inverted","from":[14.7,5.2,14.95],"to":[1.3,-2.2,2.55],"rotation":{"angle":0.0,"axis":"x","origin":[8.5,9.5,7.5]},"faces":{"north":{"uv":[14.375,11.0,16.0,10.125],"texture":"#0"},"east":{"uv":[12.875,11.0,14.375,10.125],"texture":"#0"},"south":{"uv":[14.375,11.0,16.0,10.125],"texture":"#0"},"west":{"uv":[12.875,11.0,14.375,10.125],"texture":"#0"},"up":{"uv":[15.125,10.25,15.0,10.375],"texture":"#0"},"down":{"uv":[15.125,10.25,15.0,10.375],"texture":"#0"}}},{"name":"cube inverted","from":[14.5,9.0,14.75],"to":[1.5,0.0,2.75],"rotation":{"angle":0.0,"axis":"x","origin":[7.5,9.5,7.5]},"faces":{"north":{"uv":[16.0,13.25,14.375,12.125],"texture":"#0","tintindex":0.0},"east":{"uv":[14.375,13.25,12.875,12.125],"texture":"#0","tintindex":0.0},"south":{"uv":[16.0,13.25,14.375,12.125],"texture":"#0","tintindex":0.0},"west":{"uv":[14.375,13.25,12.875,12.125],"texture":"#0","tintindex":0.0},"up":{"uv":[11.25,10.25,12.875,11.75],"texture":"#0","tintindex":0.0},"down":{"uv":[11.25,11.75,12.875,13.25],"texture":"#0","tintindex":0.0}}}],"gui_light":"front","display":{"thirdperson_righthand":{"rotation":[55.5,34.0,0.0],"translation":[0.0,1.0,0.75],"scale":[0.52539,0.52539,0.52539]},"thirdperson_lefthand":{"rotation":[55.5,34.0,0.0],"translation":[0.0,1.0,0.75],"scale":[0.52539,0.52539,0.52539]},"firstperson_righthand":{"rotation":[21.0,114.5,-13.75],"translation":[9.5,0.0,-5.75],"scale":[0.41992,0.41992,0.41992]},"firstperson_lefthand":{"rotation":[21.0,114.5,-13.75],"translation":[9.5,0.0,-5.75],"scale":[0.41992,0.41992,0.41992]},"gui":{"rotation":[-149.61,-31.92,-180.0],"translation":[0.25,2.5,0.0],"scale":[0.73632,0.73632,0.73632]},"head":{"translation":[0.0,13.0,-0.5],"scale":[1.6,1.6,1.6]}}}