{"textures":{"0":"mcc:island_cosmetics/head/head_9","particle":"mcc:island_cosmetics/head/head_9"},"credit":"Made with Blockbench","texture_size":[128.0,128.0],"elements":[{"from":[3.5,0.0,3.5],"to":[12.5,4.0,12.5],"rotation":{"angle":0.0,"axis":"y","origin":[3.5,3.5,3.5]},"faces":{"north":{"uv":[14.875,3.0,16.0,3.5],"texture":"#0","tintindex":0.0},"east":{"uv":[13.75,3.0,14.875,3.5],"texture":"#0","tintindex":0.0},"south":{"uv":[16.0,2.5,14.875,3.0],"texture":"#0","tintindex":0.0},"west":{"uv":[14.875,3.0,13.75,3.5],"texture":"#0","tintindex":0.0},"down":{"uv":[16.0,3.5,14.875,4.625],"texture":"#0","tintindex":0.0}}},{"name":"cube inverted","from":[12.5,4.0,12.5],"to":[3.5,0.0,3.5],"rotation":{"angle":0.0,"axis":"y","origin":[3.5,3.5,3.5]},"faces":{"north":{"uv":[16.0,3.0,14.875,2.5],"texture":"#0","tintindex":0.0},"east":{"uv":[14.875,3.5,13.75,3.0],"texture":"#0","tintindex":0.0},"south":{"uv":[14.875,3.5,16.0,3.0],"texture":"#0","tintindex":0.0},"west":{"uv":[13.75,3.5,14.875,3.0],"texture":"#0","tintindex":0.0},"up":{"uv":[14.875,3.5,16.0,4.625],"texture":"#0","tintindex":0.0}}}],"gui_light":"front","display":{"thirdperson_righthand":{"rotation":[63.0,34.0,0.0],"translation":[0.0,1.0,-1.0],"scale":[0.37891,0.37891,0.37891]},"thirdperson_lefthand":{"rotation":[63.0,34.0,0.0],"translation":[0.0,1.0,-1.0],"scale":[0.37891,0.37891,0.37891]},"firstperson_righthand":{"rotation":[3.0,112.0,-13.0],"translation":[9.5,0.0,-5.75],"scale":[0.35547,0.35547,0.35547]},"firstperson_lefthand":{"rotation":[3.0,112.0,-13.0],"translation":[9.5,0.0,-5.75],"scale":[0.35547,0.35547,0.35547]},"ground":{"translation":[0.0,4.25,0.0],"scale":[0.28906,0.28906,0.28906]},"gui":{"rotation":[-149.61,-31.92,-180.0],"translation":[-0.25,5.75,0.0],"scale":[1.11327,1.11327,1.11327]},"head":{"rotation":[-2.75,0.0,0.0],"translation":[0.0,6.25,-0.5],"scale":[1.65665,1.65665,1.65665]},"fixed":{"translation":[0.0,-3.25,-7.5]}}}