{"textures":{"0":"mcc:island_cosmetics/head/head_4","1":"mcc:island_cosmetics/head/head_5","particle":"mcc:island_cosmetics/head/head_4"},"credit":"Made with Blockbench","texture_size":[128.0,128.0],"elements":[{"from":[3.5,4.0,2.5],"to":[12.5,8.0,11.5],"rotation":{"angle":0.0,"axis":"y","origin":[0.5,0.0,-0.5]},"faces":{"north":{"uv":[0.0,9.5,0.125,9.625],"texture":"#0"},"east":{"uv":[0.0,14.875,1.125,15.375],"texture":"#0"},"south":{"uv":[0.0,15.375,1.125,15.875],"texture":"#0"},"west":{"uv":[1.125,14.875,0.0,15.375],"texture":"#0"},"up":{"uv":[0.0,14.625,0.125,14.75],"texture":"#0"},"down":{"uv":[0.0,14.625,0.125,14.75],"texture":"#0"}}},{"from":[4.5,-1.0,11.5],"to":[11.5,5.0,11.5],"rotation":{"angle":0.0,"axis":"y","origin":[0.5,0.0,-0.5]},"faces":{"north":{"uv":[2.0,14.875,1.125,15.625],"texture":"#0"},"east":{"uv":[0.0,14.875,1.125,15.375],"texture":"#0"},"south":{"uv":[1.125,14.875,2.0,15.625],"texture":"#0"},"west":{"uv":[1.125,14.875,0.0,15.375],"texture":"#0"},"up":{"uv":[0.0,14.625,0.125,14.75],"texture":"#0"},"down":{"uv":[0.0,14.625,0.125,14.75],"texture":"#0"}}},{"from":[2.5,-3.0,0.5],"to":[13.5,14.0,3.5],"rotation":{"angle":0.0,"axis":"y","origin":[0.5,-1.0,-0.5]},"faces":{"north":{"uv":[0.0,10.0,1.375,12.125],"texture":"#0"},"east":{"uv":[0.0,12.125,0.375,14.25],"texture":"#0"},"south":{"uv":[0.375,12.75,1.75,14.875],"texture":"#0"},"west":{"uv":[0.375,12.125,0.0,14.25],"texture":"#0"},"up":{"uv":[0.625,12.75,0.75,12.875],"texture":"#0"},"down":{"uv":[0.625,12.75,0.75,12.875],"texture":"#0"}}},{"from":[2.5,-3.0,0.5],"to":[13.5,14.0,3.5],"rotation":{"angle":0.0,"axis":"y","origin":[0.5,-1.0,-0.5]},"faces":{"north":{"uv":[0.0,0.0,1.375,2.125],"texture":"#1","tintindex":0.0},"east":{"uv":[0.0,2.125,0.375,4.25],"texture":"#1","tintindex":0.0},"south":{"uv":[0.375,2.75,1.75,4.875],"texture":"#1","tintindex":0.0},"west":{"uv":[0.375,2.125,0.0,4.25],"texture":"#1","tintindex":0.0},"up":{"uv":[0.375,12.375,1.75,12.75],"texture":"#0","tintindex":0.0},"down":{"uv":[0.375,12.75,1.75,12.375],"texture":"#0","tintindex":0.0}}},{"from":[5.5,14.0,0.25],"to":[10.5,23.0,0.25],"rotation":{"angle":-22.5,"axis":"x","origin":[8.0,18.5,1.5]},"faces":{"north":{"uv":[1.75,12.375,2.375,13.5],"texture":"#0"},"east":{"uv":[0.0,12.125,0.375,14.25],"texture":"#0"},"south":{"uv":[2.375,12.375,1.75,13.5],"texture":"#0"},"west":{"uv":[0.375,12.125,0.0,14.25],"texture":"#0"},"up":{"uv":[0.375,12.375,1.75,12.75],"texture":"#0"},"down":{"uv":[0.375,12.75,1.75,12.375],"texture":"#0"}}},{"from":[1.13604,10.29289,2.5],"to":[6.13604,19.29289,2.5],"rotation":{"angle":22.5,"axis":"z","origin":[1.63604,14.79289,2.5]},"faces":{"north":{"uv":[3.0,12.375,2.375,13.5],"texture":"#0","tintindex":0.0},"east":{"uv":[0.0,12.125,0.375,14.25],"texture":"#0","tintindex":0.0},"south":{"uv":[2.375,12.375,3.0,13.5],"texture":"#0","tintindex":0.0},"west":{"uv":[0.375,12.125,0.0,14.25],"texture":"#0","tintindex":0.0},"up":{"uv":[1.75,12.375,0.375,12.75],"texture":"#0","tintindex":0.0},"down":{"uv":[1.75,12.75,0.375,12.375],"texture":"#0","tintindex":0.0}}},{"from":[-1.86396,10.29289,2.5],"to":[7.13604,15.29289,2.5],"rotation":{"angle":-22.5,"axis":"z","origin":[1.63604,14.79289,2.5]},"faces":{"north":{"uv":[3.5,12.375,2.875,13.5],"rotation":90.0,"texture":"#0"},"east":{"uv":[1.75,12.75,0.375,12.375],"rotation":270.0,"texture":"#0"},"south":{"uv":[3.5,12.375,2.875,13.5],"rotation":270.0,"texture":"#0"},"west":{"uv":[1.75,12.375,0.375,12.75],"rotation":270.0,"texture":"#0"},"up":{"uv":[0.0,12.125,0.375,14.25],"rotation":270.0,"texture":"#0"},"down":{"uv":[0.375,12.125,0.0,14.25],"rotation":270.0,"texture":"#0"}}},{"from":[8.86396,10.29289,2.5],"to":[17.86396,15.29289,2.5],"rotation":{"angle":22.5,"axis":"z","origin":[14.36396,14.79289,2.5]},"faces":{"north":{"uv":[3.5,13.5,2.875,12.375],"rotation":90.0,"texture":"#0"},"east":{"uv":[1.75,12.75,0.375,12.375],"rotation":270.0,"texture":"#0"},"south":{"uv":[3.5,13.5,2.875,12.375],"rotation":270.0,"texture":"#0"},"west":{"uv":[1.75,12.375,0.375,12.75],"rotation":270.0,"texture":"#0"},"up":{"uv":[0.0,14.25,0.375,12.125],"rotation":270.0,"texture":"#0"},"down":{"uv":[0.375,14.25,0.0,12.125],"rotation":270.0,"texture":"#0"}}},{"from":[9.86396,10.29289,1.5],"to":[14.86396,19.29289,1.5],"rotation":{"angle":-22.5,"axis":"z","origin":[14.36396,14.79289,2.5]},"faces":{"north":{"uv":[2.375,12.375,3.0,13.5],"texture":"#0","tintindex":0.0},"east":{"uv":[0.0,12.125,0.375,14.25],"texture":"#0","tintindex":0.0},"south":{"uv":[3.0,12.375,2.375,13.5],"texture":"#0","tintindex":0.0},"west":{"uv":[0.375,12.125,0.0,14.25],"texture":"#0","tintindex":0.0},"up":{"uv":[0.375,12.375,1.75,12.75],"texture":"#0","tintindex":0.0},"down":{"uv":[0.375,12.75,1.75,12.375],"texture":"#0","tintindex":0.0}}},{"from":[6.5,4.0,-1.5],"to":[9.5,10.0,0.5],"rotation":{"angle":0.0,"axis":"x","origin":[8.0,6.0,-0.5]},"faces":{"north":{"uv":[1.375,11.25,1.75,12.0],"texture":"#0"},"east":{"uv":[2.625,11.25,2.375,12.0],"texture":"#0"},"south":{"uv":[7.25,8.875,6.125,10.0],"rotation":90.0,"texture":"#missing"},"west":{"uv":[2.375,11.25,2.625,12.0],"texture":"#0"},"up":{"uv":[1.375,11.25,1.75,11.5],"texture":"#0"},"down":{"uv":[1.375,11.875,1.5,12.0],"texture":"#0"}}},{"from":[9.5,4.0,-1.5],"to":[10.5,6.0,0.5],"rotation":{"angle":0.0,"axis":"x","origin":[8.0,6.0,-0.5]},"faces":{"north":{"uv":[1.75,11.625,1.875,11.875],"texture":"#0"},"east":{"uv":[1.875,11.625,2.125,11.875],"texture":"#0"},"south":{"uv":[7.25,8.875,6.125,10.0],"rotation":90.0,"texture":"#missing"},"west":{"uv":[5.0,8.875,6.125,10.0],"texture":"#missing"},"up":{"uv":[1.75,11.875,1.875,12.125],"texture":"#0"},"down":{"uv":[1.875,11.875,2.0,12.125],"texture":"#0"}}},{"from":[5.5,4.0,-1.5],"to":[6.5,6.0,0.5],"rotation":{"angle":0.0,"axis":"x","origin":[8.0,6.0,-0.5]},"faces":{"north":{"uv":[1.875,11.625,1.75,11.875],"texture":"#0"},"east":{"uv":[6.125,8.875,5.0,10.0],"texture":"#missing"},"south":{"uv":[7.25,10.0,6.125,8.875],"rotation":90.0,"texture":"#missing"},"west":{"uv":[2.125,11.625,1.875,11.875],"texture":"#0"},"up":{"uv":[1.875,11.875,1.75,12.125],"texture":"#0"},"down":{"uv":[2.0,11.875,1.875,12.125],"texture":"#0"}}},{"from":[8.47,7.97,-1.53],"to":[13.53,11.03,0.53],"rotation":{"angle":22.5,"axis":"z","origin":[11.0,9.5,-0.5]},"faces":{"north":{"uv":[1.75,11.25,2.375,11.625],"texture":"#0","tintindex":0.0},"east":{"uv":[2.625,11.5,2.875,11.875],"texture":"#0","tintindex":0.0},"south":{"uv":[2.625,11.75,2.75,11.875],"texture":"#0","tintindex":0.0},"west":{"uv":[2.875,11.5,3.125,11.875],"texture":"#0","tintindex":0.0},"up":{"uv":[2.625,11.25,3.25,11.5],"texture":"#0","tintindex":0.0},"down":{"uv":[2.625,12.0,2.0,12.25],"texture":"#0","tintindex":0.0}}},{"from":[2.47,7.97,-1.53],"to":[7.53,11.03,0.53],"rotation":{"angle":-22.5,"axis":"z","origin":[5.0,9.5,-0.5]},"faces":{"north":{"uv":[2.375,11.25,1.75,11.625],"texture":"#0","tintindex":0.0},"east":{"uv":[3.125,11.5,2.875,11.875],"texture":"#0","tintindex":0.0},"south":{"uv":[2.625,11.75,2.75,11.875],"texture":"#0","tintindex":0.0},"west":{"uv":[2.875,11.5,2.625,11.875],"texture":"#0","tintindex":0.0},"up":{"uv":[3.25,11.25,2.625,11.5],"texture":"#0","tintindex":0.0},"down":{"uv":[2.0,12.0,2.625,12.25],"texture":"#0","tintindex":0.0}}},{"from":[1.5,-1.0,-0.5],"to":[14.5,4.0,1.5],"rotation":{"angle":0.0,"axis":"y","origin":[8.0,1.5,0.5]},"faces":{"north":{"uv":[1.375,10.5,3.0,11.125],"texture":"#0"},"east":{"uv":[3.0,10.5,3.25,11.125],"texture":"#0"},"south":{"uv":[1.375,10.5,3.0,11.125],"texture":"#0"},"west":{"uv":[3.25,10.5,3.0,11.125],"texture":"#0"},"up":{"uv":[0.375,12.125,2.0,12.375],"texture":"#0"},"down":{"uv":[0.375,12.375,2.0,12.125],"texture":"#0"}}},{"name":"cube inverted","from":[12.5,8.0,11.5],"to":[3.5,4.0,2.5],"rotation":{"angle":0.0,"axis":"y","origin":[0.5,0.0,-0.5]},"faces":{"north":{"uv":[0.0,15.875,1.125,15.375],"texture":"#0"},"east":{"uv":[1.125,15.375,0.0,14.875],"texture":"#0"},"south":{"uv":[0.0,9.625,0.125,9.5],"texture":"#0"},"west":{"uv":[0.0,15.375,1.125,14.875],"texture":"#0"},"up":{"uv":[0.125,14.625,0.0,14.75],"texture":"#0"},"down":{"uv":[0.125,14.625,0.0,14.75],"texture":"#0"}}}],"gui_light":"front","display":{"thirdperson_righthand":{"rotation":[63.0,34.0,0.0],"translation":[0.0,1.0,-1.0],"scale":[0.52539,0.52539,0.52539]},"thirdperson_lefthand":{"rotation":[63.0,34.0,0.0],"translation":[0.0,1.0,-1.0],"scale":[0.52539,0.52539,0.52539]},"firstperson_righthand":{"rotation":[3.0,112.0,-13.0],"translation":[9.5,0.0,-5.75],"scale":[0.41992,0.41992,0.41992]},"firstperson_lefthand":{"rotation":[3.0,112.0,-13.0],"translation":[9.5,0.0,-5.75],"scale":[0.41992,0.41992,0.41992]},"ground":{"translation":[0.0,4.25,0.0],"scale":[0.28906,0.28906,0.28906]},"gui":{"rotation":[-149.61,-31.92,-180.0],"translation":[-2.0,1.5,0.0],"scale":[0.64453,0.64453,0.64453]},"head":{"translation":[0.0,3.5,2.5],"scale":[1.61367,1.61367,1.61367]},"fixed":{"translation":[0.0,-3.25,-7.5]}}}