{"textures":{"0":"mcc:island_cosmetics/head/head_6","particle":"mcc:island_cosmetics/head/head_6"},"credit":"Made with Blockbench","texture_size":[128.0,128.0],"elements":[{"from":[-1.0,1.0,-1.0],"to":[17.0,1.0,17.0],"rotation":{"angle":0.0,"axis":"y","origin":[0.0,0.0,1.0]},"faces":{"north":{"uv":[0.0,10.875,1.875,11.25],"texture":"#0"},"east":{"uv":[0.0,11.25,1.875,11.625],"texture":"#0"},"south":{"uv":[0.0,10.875,1.875,11.25],"texture":"#0"},"west":{"uv":[0.0,11.25,1.875,11.625],"texture":"#0"},"up":{"uv":[0.0,8.375,2.25,10.625],"texture":"#0"},"down":{"uv":[0.0,8.375,2.25,10.625],"texture":"#0"}}},{"from":[3.5,1.0,3.5],"to":[12.5,11.0,12.5],"rotation":{"angle":0.0,"axis":"y","origin":[-0.5,0.0,-0.5]},"faces":{"north":{"uv":[2.25,8.625,3.375,9.875],"texture":"#0"},"east":{"uv":[2.25,8.625,3.375,9.875],"texture":"#0"},"south":{"uv":[2.25,8.625,3.375,9.875],"texture":"#0"},"west":{"uv":[2.25,8.625,3.375,9.875],"texture":"#0"},"up":{"uv":[2.25,9.875,3.375,11.0],"texture":"#0"},"down":{"uv":[1.5,8.0,1.625,8.125],"texture":"#0"}}},{"from":[3.4,1.9,3.4],"to":[12.6,4.1,12.6],"rotation":{"angle":0.0,"axis":"y","origin":[-0.5,0.0,-0.5]},"faces":{"north":{"uv":[1.125,10.625,2.25,10.875],"texture":"#0","tintindex":0.0},"east":{"uv":[1.125,10.625,2.25,10.875],"texture":"#0","tintindex":0.0},"south":{"uv":[1.125,10.625,2.25,10.875],"texture":"#0","tintindex":0.0},"west":{"uv":[1.125,10.625,2.25,10.875],"texture":"#0","tintindex":0.0},"up":{"uv":[1.625,8.0,1.75,8.125],"texture":"#0"},"down":{"uv":[1.625,8.0,1.75,8.125],"texture":"#0"}}}],"gui_light":"front","display":{"thirdperson_righthand":{"rotation":[55.5,34.0,0.0],"translation":[0.0,1.0,0.75],"scale":[0.52539,0.52539,0.52539]},"thirdperson_lefthand":{"rotation":[55.5,34.0,0.0],"translation":[0.0,1.0,0.75],"scale":[0.52539,0.52539,0.52539]},"firstperson_righthand":{"rotation":[21.0,114.5,-13.75],"translation":[9.5,0.0,-5.75],"scale":[0.41992,0.41992,0.41992]},"firstperson_lefthand":{"rotation":[21.0,114.5,-13.75],"translation":[9.5,0.0,-5.75],"scale":[0.41992,0.41992,0.41992]},"gui":{"rotation":[-149.61,-31.92,-180.0],"translation":[0.0,2.25,0.0],"scale":[0.75195,0.75195,0.75195]},"head":{"rotation":[2.75,0.0,0.0],"translation":[0.0,16.5,0.5],"scale":[1.61172,1.61172,1.61172]}}}