{"textures":{"0":"mcc:island_cosmetics/head/head_4","particle":"mcc:island_cosmetics/head/head_4"},"credit":"Made with Blockbench","texture_size":[128.0,128.0],"elements":[{"from":[2.5,2.0,2.5],"to":[13.5,10.0,13.5],"rotation":{"angle":0.0,"axis":"y","origin":[0.5,0.0,-0.5]},"faces":{"north":{"uv":[13.25,9.5,14.625,10.5],"texture":"#0"},"east":{"uv":[14.625,9.5,16.0,10.5],"texture":"#0"},"south":{"uv":[14.625,6.5,16.0,7.5],"texture":"#0"},"west":{"uv":[16.0,9.5,14.625,10.5],"texture":"#0"},"up":{"uv":[13.25,6.5,14.625,7.875],"texture":"#0"},"down":{"uv":[11.625,8.125,13.0,9.5],"texture":"#0"}}},{"from":[9.75,4.5,0.5],"to":[13.75,8.5,3.5],"rotation":{"angle":-22.5,"axis":"y","origin":[11.5,7.0,1.5]},"faces":{"north":{"uv":[12.125,5.75,12.625,6.25],"texture":"#0"},"east":{"uv":[12.125,5.75,11.75,6.25],"texture":"#0","tintindex":0.0},"south":{"uv":[12.375,5.875,12.5,6.0],"texture":"#0","tintindex":0.0},"west":{"uv":[11.75,5.75,12.125,6.25],"texture":"#0","tintindex":0.0},"up":{"uv":[11.25,5.75,11.75,6.125],"texture":"#0","tintindex":0.0},"down":{"uv":[11.25,6.125,11.75,6.5],"texture":"#0","tintindex":0.0}}},{"from":[2.25,4.5,0.5],"to":[6.25,8.5,3.5],"rotation":{"angle":22.5,"axis":"y","origin":[4.5,7.0,1.5]},"faces":{"north":{"uv":[12.625,5.75,12.125,6.25],"texture":"#0"},"east":{"uv":[12.125,5.75,11.75,6.25],"texture":"#0","tintindex":0.0},"south":{"uv":[12.5,5.875,12.375,6.0],"texture":"#0","tintindex":0.0},"west":{"uv":[11.75,5.75,12.125,6.25],"texture":"#0","tintindex":0.0},"up":{"uv":[11.75,5.75,11.25,6.125],"texture":"#0","tintindex":0.0},"down":{"uv":[11.75,6.125,11.25,6.5],"texture":"#0","tintindex":0.0}}},{"from":[2.05,4.3,0.3],"to":[6.45,8.7,1.7],"rotation":{"angle":22.5,"axis":"y","origin":[4.5,7.0,1.5]},"faces":{"north":{"uv":[12.25,7.5,12.375,7.625],"rotation":90.0,"texture":"#0","tintindex":0.0},"east":{"uv":[12.125,5.75,12.0,6.25],"texture":"#0","tintindex":0.0},"south":{"uv":[11.875,6.5,11.375,7.0],"texture":"#0","tintindex":0.0},"west":{"uv":[12.125,5.75,12.0,6.25],"texture":"#0","tintindex":0.0},"up":{"uv":[12.0,6.25,12.125,5.75],"rotation":90.0,"texture":"#0","tintindex":0.0},"down":{"uv":[12.0,6.125,12.125,6.25],"rotation":90.0,"texture":"#0","tintindex":0.0}}},{"from":[7.5,10.0,7.5],"to":[8.5,15.0,8.5],"rotation":{"angle":0.0,"axis":"y","origin":[0.5,0.0,-0.5]},"faces":{"north":{"uv":[10.875,6.0,11.0,6.625],"texture":"#0"},"east":{"uv":[10.875,6.0,11.0,6.625],"texture":"#0"},"south":{"uv":[10.875,6.0,11.0,6.625],"texture":"#0"},"west":{"uv":[10.875,6.0,11.0,6.625],"texture":"#0"},"up":{"uv":[6.5,6.5,6.625,6.625],"texture":"#missing"},"down":{"uv":[6.5,6.5,6.625,6.625],"texture":"#missing"}}},{"from":[5.5,14.0,5.5],"to":[10.5,14.0,10.5],"rotation":{"angle":0.0,"axis":"y","origin":[0.5,0.0,-0.5]},"faces":{"north":{"uv":[8.25,5.375,9.375,6.5],"texture":"#missing","tintindex":0.0},"east":{"uv":[8.0,6.0,8.125,6.125],"texture":"#missing","tintindex":0.0},"south":{"uv":[6.5,6.5,6.625,6.625],"texture":"#missing","tintindex":0.0},"west":{"uv":[8.0,6.0,8.125,6.125],"texture":"#missing","tintindex":0.0},"up":{"uv":[12.625,7.25,13.25,7.875],"texture":"#0","tintindex":0.0},"down":{"uv":[12.625,7.25,13.25,7.875],"texture":"#0","tintindex":0.0}}},{"from":[4.5,12.0,4.5],"to":[11.5,12.0,11.5],"rotation":{"angle":0.0,"axis":"y","origin":[0.5,0.0,-0.5]},"faces":{"north":{"uv":[8.25,5.375,9.375,6.5],"texture":"#missing","tintindex":0.0},"east":{"uv":[8.0,6.0,8.125,6.125],"texture":"#missing","tintindex":0.0},"south":{"uv":[6.5,6.5,6.625,6.625],"texture":"#missing","tintindex":0.0},"west":{"uv":[8.0,6.0,8.125,6.125],"texture":"#missing","tintindex":0.0},"up":{"uv":[11.75,7.25,12.625,8.125],"texture":"#0","tintindex":0.0},"down":{"uv":[11.75,7.25,12.625,8.125],"texture":"#0","tintindex":0.0}}},{"from":[7.0,15.0,7.0],"to":[9.0,17.0,9.0],"rotation":{"angle":0.0,"axis":"y","origin":[0.5,0.0,-0.5]},"faces":{"north":{"uv":[10.75,5.75,11.0,6.0],"texture":"#0","tintindex":0.0},"east":{"uv":[11.0,5.75,10.75,6.0],"texture":"#0","tintindex":0.0},"south":{"uv":[10.75,5.75,11.0,6.0],"texture":"#0","tintindex":0.0},"west":{"uv":[11.0,5.75,10.75,6.0],"texture":"#0","tintindex":0.0},"up":{"uv":[11.0,6.0,11.25,6.25],"texture":"#0","tintindex":0.0},"down":{"uv":[11.0,6.25,11.25,6.5],"texture":"#0","tintindex":0.0}}},{"from":[0.5,4.0,6.0],"to":[2.5,8.0,10.0],"rotation":{"angle":0.0,"axis":"y","origin":[15.5,0.0,-0.5]},"faces":{"north":{"uv":[11.875,6.25,12.125,6.75],"texture":"#0","tintindex":0.0},"east":{"uv":[8.125,6.0,8.0,6.125],"texture":"#missing","tintindex":0.0},"south":{"uv":[12.125,6.25,11.875,6.75],"texture":"#0","tintindex":0.0},"west":{"uv":[12.125,6.25,12.625,6.75],"texture":"#0","tintindex":0.0},"up":{"uv":[13.0,6.5,13.25,7.0],"texture":"#0","tintindex":0.0},"down":{"uv":[12.75,6.5,13.0,7.0],"texture":"#0","tintindex":0.0}}},{"from":[13.5,4.0,6.0],"to":[15.5,8.0,10.0],"rotation":{"angle":0.0,"axis":"y","origin":[0.5,0.0,-0.5]},"faces":{"north":{"uv":[12.125,6.25,11.875,6.75],"texture":"#0","tintindex":0.0},"east":{"uv":[12.625,6.25,12.125,6.75],"texture":"#0","tintindex":0.0},"south":{"uv":[11.875,6.25,12.125,6.75],"texture":"#0","tintindex":0.0},"west":{"uv":[8.0,6.0,8.125,6.125],"texture":"#missing","tintindex":0.0},"up":{"uv":[13.25,6.5,13.0,7.0],"texture":"#0","tintindex":0.0},"down":{"uv":[13.0,6.5,12.75,7.0],"texture":"#0","tintindex":0.0}}},{"from":[0.0,-0.75,10.5],"to":[16.0,1.25,12.5],"rotation":{"angle":0.0,"axis":"x","origin":[6.125,0.75,11.5]},"faces":{"north":{"uv":[11.25,7.0,13.25,7.25],"rotation":180.0,"texture":"#0","tintindex":0.0},"east":{"uv":[11.0,5.75,11.25,6.0],"rotation":270.0,"texture":"#0","tintindex":0.0},"south":{"uv":[11.25,7.0,13.25,7.25],"texture":"#0","tintindex":0.0},"west":{"uv":[11.0,5.75,11.25,6.0],"texture":"#0","tintindex":0.0},"up":{"uv":[11.25,7.0,13.25,7.25],"rotation":180.0,"texture":"#0","tintindex":0.0},"down":{"uv":[11.25,7.0,13.25,7.25],"texture":"#0","tintindex":0.0}}},{"from":[2.0,-1.75,1.0],"to":[14.0,2.25,14.0],"rotation":{"angle":0.0,"axis":"x","origin":[8.0,0.75,10.625]},"faces":{"north":{"uv":[12.5,5.125,14.0,5.625],"texture":"#0"},"east":{"uv":[10.875,5.125,12.5,5.625],"texture":"#0"},"south":{"uv":[13.25,4.5,11.75,5.0],"texture":"#0"},"west":{"uv":[12.5,5.125,10.875,5.625],"texture":"#0"},"up":{"uv":[14.5,7.875,13.0,9.5],"texture":"#0"},"down":{"uv":[14.5,7.875,16.0,9.5],"texture":"#0"}}},{"from":[-0.1,-0.85,10.4],"to":[1.1,1.35,12.6],"rotation":{"angle":0.0,"axis":"x","origin":[6.125,0.75,11.5]},"faces":{"north":{"uv":[13.125,7.0,13.25,7.25],"rotation":180.0,"texture":"#0","tintindex":0.0},"east":{"uv":[12.375,6.75,12.25,6.875],"rotation":270.0,"texture":"#0","tintindex":0.0},"south":{"uv":[13.125,7.0,13.25,7.25],"texture":"#0","tintindex":0.0},"west":{"uv":[12.375,6.75,12.25,6.875],"rotation":90.0,"texture":"#0","tintindex":0.0},"up":{"uv":[13.125,7.0,13.25,7.25],"rotation":180.0,"texture":"#0","tintindex":0.0},"down":{"uv":[13.125,7.0,13.25,7.25],"texture":"#0","tintindex":0.0}}},{"from":[14.9,-0.85,10.4],"to":[16.1,1.35,12.6],"rotation":{"angle":0.0,"axis":"x","origin":[6.125,0.75,11.5]},"faces":{"north":{"uv":[13.25,7.0,13.125,7.25],"rotation":180.0,"texture":"#0","tintindex":0.0},"east":{"uv":[12.375,6.75,12.25,6.875],"rotation":270.0,"texture":"#0","tintindex":0.0},"south":{"uv":[13.25,7.0,13.125,7.25],"texture":"#0","tintindex":0.0},"west":{"uv":[12.375,6.75,12.25,6.875],"rotation":90.0,"texture":"#0","tintindex":0.0},"up":{"uv":[13.25,7.0,13.125,7.25],"rotation":180.0,"texture":"#0","tintindex":0.0},"down":{"uv":[13.25,7.0,13.125,7.25],"texture":"#0","tintindex":0.0}}},{"from":[9.55,4.3,0.3],"to":[13.95,8.7,1.7],"rotation":{"angle":-22.5,"axis":"y","origin":[11.5,7.0,1.5]},"faces":{"north":{"uv":[12.25,7.625,12.375,7.5],"rotation":90.0,"texture":"#0","tintindex":0.0},"east":{"uv":[12.0,5.75,12.125,6.25],"texture":"#0","tintindex":0.0},"south":{"uv":[11.375,6.5,11.875,7.0],"texture":"#0","tintindex":0.0},"west":{"uv":[12.0,5.75,12.125,6.25],"texture":"#0","tintindex":0.0},"up":{"uv":[12.0,5.75,12.125,6.25],"rotation":90.0,"texture":"#0","tintindex":0.0},"down":{"uv":[12.0,6.25,12.125,6.125],"rotation":90.0,"texture":"#0","tintindex":0.0}}},{"name":"cube inverted","from":[6.45,8.7,1.7],"to":[2.05,4.3,0.3],"rotation":{"angle":22.5,"axis":"y","origin":[4.5,7.0,1.5]},"faces":{"north":{"uv":[11.875,7.0,11.375,6.5],"texture":"#0","tintindex":0.0},"east":{"uv":[12.125,6.25,12.0,5.75],"texture":"#0","tintindex":0.0},"south":{"uv":[12.375,7.5,12.25,7.625],"rotation":90.0,"texture":"#0","tintindex":0.0},"west":{"uv":[12.125,6.25,12.0,5.75],"texture":"#0","tintindex":0.0},"up":{"uv":[12.0,6.25,12.125,6.125],"rotation":90.0,"texture":"#0","tintindex":0.0},"down":{"uv":[12.0,5.75,12.125,6.25],"rotation":90.0,"texture":"#0","tintindex":0.0}}},{"name":"cube inverted","from":[13.95,8.7,1.7],"to":[9.55,4.3,0.3],"rotation":{"angle":-22.5,"axis":"y","origin":[11.5,7.0,1.5]},"faces":{"north":{"uv":[11.375,7.0,11.875,6.5],"texture":"#0","tintindex":0.0},"east":{"uv":[12.0,6.25,12.125,5.75],"texture":"#0","tintindex":0.0},"south":{"uv":[12.375,7.625,12.25,7.5],"rotation":90.0,"texture":"#0","tintindex":0.0},"west":{"uv":[12.0,6.25,12.125,5.75],"texture":"#0","tintindex":0.0},"up":{"uv":[12.0,6.125,12.125,6.25],"rotation":90.0,"texture":"#0","tintindex":0.0},"down":{"uv":[12.0,6.25,12.125,5.75],"rotation":90.0,"texture":"#0","tintindex":0.0}}},{"name":"cube inverted","from":[16.1,1.35,12.6],"to":[14.9,-0.85,10.4],"rotation":{"angle":0.0,"axis":"x","origin":[6.125,0.75,11.5]},"faces":{"north":{"uv":[13.25,7.25,13.125,7.0],"texture":"#0","tintindex":0.0},"east":{"uv":[12.25,6.75,12.375,6.875],"rotation":90.0,"texture":"#0","tintindex":0.0},"south":{"uv":[13.25,7.25,13.125,7.0],"rotation":180.0,"texture":"#0","tintindex":0.0},"west":{"uv":[12.25,6.75,12.375,6.875],"rotation":270.0,"texture":"#0","tintindex":0.0},"up":{"uv":[13.125,7.0,13.25,7.25],"texture":"#0","tintindex":0.0},"down":{"uv":[13.125,7.0,13.25,7.25],"rotation":180.0,"texture":"#0","tintindex":0.0}}},{"name":"cube inverted","from":[1.1,1.35,12.6],"to":[-0.1,-0.85,10.4],"rotation":{"angle":0.0,"axis":"x","origin":[6.125,0.75,11.5]},"faces":{"north":{"uv":[13.125,7.25,13.25,7.0],"texture":"#0","tintindex":0.0},"east":{"uv":[12.25,6.75,12.375,6.875],"rotation":90.0,"texture":"#0","tintindex":0.0},"south":{"uv":[13.125,7.25,13.25,7.0],"rotation":180.0,"texture":"#0","tintindex":0.0},"west":{"uv":[12.25,6.75,12.375,6.875],"rotation":270.0,"texture":"#0","tintindex":0.0},"up":{"uv":[13.25,7.0,13.125,7.25],"texture":"#0","tintindex":0.0},"down":{"uv":[13.25,7.0,13.125,7.25],"rotation":180.0,"texture":"#0","tintindex":0.0}}}],"gui_light":"front","display":{"thirdperson_righthand":{"rotation":[63.0,34.0,0.0],"translation":[0.0,1.0,-1.0],"scale":[0.52539,0.52539,0.52539]},"thirdperson_lefthand":{"rotation":[63.0,34.0,0.0],"translation":[0.0,1.0,-1.0],"scale":[0.52539,0.52539,0.52539]},"firstperson_righthand":{"rotation":[3.0,112.0,-13.0],"translation":[9.5,0.0,-5.75],"scale":[0.41992,0.41992,0.41992]},"firstperson_lefthand":{"rotation":[3.0,112.0,-13.0],"translation":[9.5,0.0,-5.75],"scale":[0.41992,0.41992,0.41992]},"ground":{"translation":[0.0,4.25,0.0],"scale":[0.28906,0.28906,0.28906]},"gui":{"rotation":[-149.12,-36.45,-176.11],"translation":[0.0,1.5,0.0],"scale":[0.6621,0.6621,0.6621]},"head":{"rotation":[-2.5,0.0,0.0],"translation":[0.0,8.0,0.25],"scale":[1.6,1.6,1.6]},"fixed":{"translation":[0.0,-3.25,-7.5]}}}