{"textures":{"0":"mcc:island_cosmetics/head/head_2","particle":"mcc:island_cosmetics/head/head_2"},"credit":"Made with Blockbench","texture_size":[128.0,128.0],"elements":[{"from":[2.0,-1.27,2.0],"to":[14.0,0.73,14.0],"rotation":{"angle":0.0,"axis":"y","origin":[0.02,0.0,0.02]},"faces":{"north":{"uv":[0.0,1.5,1.5,1.75],"texture":"#0"},"east":{"uv":[0.0,1.5,1.5,1.75],"texture":"#0"},"south":{"uv":[0.0,1.5,1.5,1.75],"texture":"#0"},"west":{"uv":[0.0,1.5,1.5,1.75],"texture":"#0"},"up":{"uv":[1.5,0.0,3.0,1.5],"texture":"#0"},"down":{"uv":[0.0,0.0,1.5,1.5],"texture":"#0"}}},{"from":[5.0,0.73,5.0],"to":[11.0,6.73,11.0],"rotation":{"angle":0.0,"axis":"y","origin":[0.02,0.0,0.02]},"faces":{"north":{"uv":[0.0,1.75,0.75,2.5],"texture":"#0"},"east":{"uv":[0.0,1.75,0.75,2.5],"texture":"#0"},"south":{"uv":[0.0,1.75,0.75,2.5],"texture":"#0"},"west":{"uv":[0.0,1.75,0.75,2.5],"texture":"#0"},"up":{"uv":[1.5,1.5,2.25,2.25],"texture":"#0"},"down":{"uv":[0.0,0.0,1.5,1.5],"texture":"#0"}}},{"from":[6.0,6.73,6.0],"to":[10.0,12.73,10.0],"rotation":{"angle":0.0,"axis":"y","origin":[0.02,0.0,0.02]},"faces":{"north":{"uv":[0.0,2.5,0.5,3.25],"texture":"#0"},"east":{"uv":[0.0,2.5,0.5,3.25],"texture":"#0"},"south":{"uv":[0.0,2.5,0.5,3.25],"texture":"#0"},"west":{"uv":[0.0,2.5,0.5,3.25],"texture":"#0"},"up":{"uv":[0.75,1.75,1.25,2.25],"texture":"#0"},"down":{"uv":[0.0,0.0,1.5,1.5],"texture":"#0"}}}],"gui_light":"front","display":{"thirdperson_righthand":{"rotation":[64.25,0.0,0.0],"scale":[0.44336,0.44336,0.44336]},"thirdperson_lefthand":{"rotation":[64.25,0.0,0.0],"scale":[0.44336,0.44336,0.44336]},"firstperson_righthand":{"scale":[0.0,0.0,0.0]},"firstperson_lefthand":{"scale":[0.0,0.0,0.0]},"ground":{"translation":[0.0,4.25,0.0],"scale":[0.43945,0.43945,0.43945]},"gui":{"rotation":[-149.61,-31.92,-180.0],"translation":[0.0,2.75,0.0],"scale":[0.86132,0.86132,0.86132]},"head":{"rotation":[0.0,0.0,-9.25],"translation":[2.25,21.5,0.0],"scale":[1.80509,1.80509,1.80509]}}}