{"textures":{"0":"mcc:island_cosmetics/head/head_6","particle":"mcc:island_cosmetics/head/head_6"},"credit":"Made with Blockbench","texture_size":[128.0,128.0],"elements":[{"from":[3.0,3.0,3.0],"to":[13.0,11.0,13.0],"rotation":{"angle":0.0,"axis":"x","origin":[8.0,9.5,8.0]},"faces":{"north":{"uv":[3.625,5.625,4.875,6.625],"texture":"#0"},"east":{"uv":[3.625,6.625,4.875,7.625],"texture":"#0"},"south":{"uv":[4.875,7.0,6.125,8.0],"texture":"#0"},"west":{"uv":[4.875,6.625,3.625,7.625],"texture":"#0"},"up":{"uv":[1.0,7.0,2.25,8.25],"texture":"#0"},"down":{"uv":[6.125,7.0,7.375,8.25],"texture":"#0"}}},{"from":[7.0,2.5,2.5],"to":[9.0,11.5,13.5],"rotation":{"angle":0.0,"axis":"x","origin":[8.0,9.5,8.0]},"faces":{"north":{"uv":[3.375,5.625,3.625,6.75],"texture":"#0"},"east":{"uv":[2.25,7.0,3.625,8.125],"texture":"#0"},"south":{"uv":[3.625,5.625,3.375,6.75],"texture":"#0"},"west":{"uv":[2.25,7.0,3.625,8.125],"texture":"#0"},"up":{"uv":[3.125,5.625,3.375,7.0],"texture":"#0"},"down":{"uv":[7.375,7.0,7.625,8.375],"texture":"#0"}}},{"from":[13.22744,-1.14843,3.0],"to":[13.22744,1.85157,13.0],"rotation":{"angle":22.5,"axis":"z","origin":[10.22744,1.85157,8.0]},"faces":{"east":{"uv":[3.625,7.625,4.875,8.0],"texture":"#0"},"west":{"uv":[4.875,7.625,3.625,8.0],"texture":"#0"}}},{"from":[2.77256,-1.14843,3.0],"to":[2.77256,1.85157,13.0],"rotation":{"angle":-22.5,"axis":"z","origin":[5.77256,1.85157,8.0]},"faces":{"east":{"uv":[3.625,7.625,4.875,8.0],"texture":"#0"},"west":{"uv":[4.875,7.625,3.625,8.0],"texture":"#0"}}},{"name":"cube inverted","from":[13.0,11.0,13.0],"to":[3.0,3.0,3.0],"rotation":{"angle":0.0,"axis":"x","origin":[8.0,9.5,8.0]},"faces":{"north":{"uv":[4.875,8.0,6.125,7.0],"texture":"#0"},"east":{"uv":[4.875,7.625,3.625,6.625],"texture":"#0"},"south":{"uv":[3.625,6.625,4.875,5.625],"texture":"#0"},"west":{"uv":[3.625,7.625,4.875,6.625],"texture":"#0"},"up":{"uv":[7.375,7.0,6.125,8.25],"texture":"#0"},"down":{"uv":[2.25,7.0,1.0,8.25],"texture":"#0"}}},{"name":"cube inverted","from":[9.0,11.5,13.5],"to":[7.0,2.5,2.5],"rotation":{"angle":0.0,"axis":"x","origin":[8.0,9.5,8.0]},"faces":{"north":{"uv":[3.625,6.75,3.375,5.625],"texture":"#0"},"east":{"uv":[2.25,8.125,3.625,7.0],"texture":"#0"},"south":{"uv":[3.375,6.75,3.625,5.625],"texture":"#0"},"west":{"uv":[2.25,8.125,3.625,7.0],"texture":"#0"},"up":{"uv":[7.625,7.0,7.375,8.375],"texture":"#0"},"down":{"uv":[3.375,5.625,3.125,7.0],"texture":"#0"}}}],"gui_light":"front","display":{"thirdperson_righthand":{"rotation":[55.5,34.0,0.0],"translation":[0.0,1.0,0.75],"scale":[0.52539,0.52539,0.52539]},"thirdperson_lefthand":{"rotation":[55.5,34.0,0.0],"translation":[0.0,1.0,0.75],"scale":[0.52539,0.52539,0.52539]},"firstperson_righthand":{"rotation":[21.0,114.5,-13.75],"translation":[9.5,0.0,-5.75],"scale":[0.41992,0.41992,0.41992]},"firstperson_lefthand":{"rotation":[21.0,114.5,-13.75],"translation":[9.5,0.0,-5.75],"scale":[0.41992,0.41992,0.41992]},"gui":{"rotation":[-149.61,-31.92,-180.0],"translation":[0.25,1.25,0.0],"scale":[0.90234,0.90234,0.90234]},"head":{"translation":[0.0,4.5,0.0],"scale":[1.62539,1.62539,1.62539]}}}