{"textures":{"4":"mcc:island_cosmetics/npc/faction_elder"},"credit":"Made with Blockbench","texture_size":[128.0,128.0],"elements":[{"name":"body","from":[1.8,-13.95,11.8],"to":[14.2,0.45,19.2],"rotation":{"angle":0.0,"axis":"x","origin":[8.0,-4.25,8.5]},"faces":{"north":{"uv":[5.25,14.25,6.75,16.0],"texture":"#4"},"east":{"uv":[4.375,14.25,5.25,16.0],"texture":"#4"},"south":{"uv":[7.625,14.25,9.125,16.0],"texture":"#4"},"west":{"uv":[6.75,14.25,7.625,16.0],"texture":"#4"},"up":{"uv":[6.75,14.25,5.25,13.375],"texture":"#4"},"down":{"uv":[8.25,13.375,6.75,14.25],"texture":"#4"}}},{"name":"body","from":[0.8,0.29919,11.57829],"to":[15.2,6.69919,17.97829],"rotation":{"angle":0.0,"axis":"x","origin":[8.0,0.49919,15.27829]},"faces":{"north":{"uv":[6.0,12.5,7.75,13.25],"texture":"#4"},"east":{"uv":[5.25,12.5,6.0,13.25],"texture":"#4"},"south":{"uv":[8.5,12.5,10.25,13.25],"texture":"#4"},"west":{"uv":[7.75,12.5,8.5,13.25],"texture":"#4"},"up":{"uv":[7.75,12.5,6.0,11.75],"texture":"#4"},"down":{"uv":[9.5,11.75,7.75,12.5],"texture":"#4"}}},{"name":"body","from":[0.0,-8.27864,14.46024],"to":[2.0,-3.27864,19.46024],"rotation":{"angle":0.0,"axis":"x","origin":[0.84105,-3.16209,16.96024]},"faces":{"north":{"uv":[5.625,11.0,5.875,11.625],"texture":"#4"},"east":{"uv":[5.0,11.0,5.625,11.625],"texture":"#4"},"south":{"uv":[6.5,11.0,6.75,11.625],"texture":"#4"},"west":{"uv":[5.875,11.0,6.5,11.625],"texture":"#4"},"up":{"uv":[5.875,11.0,5.625,10.375],"texture":"#4"},"down":{"uv":[6.125,10.375,5.875,11.0],"texture":"#4"}}},{"name":"body","from":[0.15865,-3.39047,17.46024],"to":[0.15865,-0.39047,19.46024],"rotation":{"angle":0.0,"axis":"x","origin":[0.84105,-3.16209,16.96024]},"faces":{"north":{"uv":[6.5,10.625,6.5,11.0],"texture":"#4"},"east":{"uv":[6.25,10.625,6.5,11.0],"texture":"#4"},"south":{"uv":[6.75,10.625,6.75,11.0],"texture":"#4"},"west":{"uv":[6.5,10.625,6.75,11.0],"texture":"#4"},"up":{"uv":[6.5,10.625,6.5,10.375],"texture":"#4"},"down":{"uv":[6.5,10.375,6.5,10.625],"texture":"#4"}}},{"name":"body","from":[0.15865,-3.39047,14.46024],"to":[0.15865,-0.39047,16.46024],"rotation":{"angle":0.0,"axis":"x","origin":[0.84105,-3.16209,16.96024]},"faces":{"north":{"uv":[6.5,10.625,6.5,11.0],"texture":"#4"},"east":{"uv":[6.25,10.625,6.5,11.0],"texture":"#4"},"south":{"uv":[6.75,10.625,6.75,11.0],"texture":"#4"},"west":{"uv":[6.75,10.625,6.5,11.0],"texture":"#4"},"up":{"uv":[6.5,10.625,6.5,10.375],"texture":"#4"},"down":{"uv":[6.5,10.375,6.5,10.625],"texture":"#4"}}},{"name":"body","from":[0.0,-13.02864,10.71024],"to":[2.0,-8.02864,15.71024],"rotation":{"angle":0.0,"axis":"x","origin":[0.84105,0.58791,17.21024]},"faces":{"north":{"uv":[8.125,11.0,8.375,11.625],"texture":"#4"},"east":{"uv":[7.5,11.0,8.125,11.625],"texture":"#4"},"south":{"uv":[9.0,11.0,9.25,11.625],"texture":"#4"},"west":{"uv":[8.375,11.0,9.0,11.625],"texture":"#4"},"up":{"uv":[8.375,11.0,8.125,10.375],"texture":"#4"},"down":{"uv":[8.625,10.375,8.375,11.0],"texture":"#4"}}},{"name":"body","from":[2.5,-2.77883,18.84245],"to":[7.5,2.22117,20.84245],"rotation":{"angle":-22.5,"axis":"z","origin":[4.0,1.97117,19.84245]},"faces":{"north":{"uv":[7.5,9.625,8.125,10.25],"texture":"#4"},"east":{"uv":[9.0,9.625,9.25,10.25],"texture":"#4"},"south":{"uv":[8.375,9.625,9.0,10.25],"texture":"#4"},"west":{"uv":[8.125,9.625,8.375,10.25],"texture":"#4"},"up":{"uv":[8.375,9.625,8.125,9.0],"rotation":270.0,"texture":"#4"},"down":{"uv":[8.625,9.0,8.375,9.625],"rotation":90.0,"texture":"#4"}}},{"name":"body","from":[1.5,1.22117,19.84245],"to":[8.5,3.22117,19.84245],"rotation":{"angle":-22.5,"axis":"z","origin":[4.0,1.97117,19.84245]},"faces":{"north":{"uv":[9.375,9.625,10.25,9.875],"texture":"#4"},"east":{"uv":[11.125,9.625,11.125,9.875],"texture":"#4"},"south":{"uv":[10.25,9.625,11.125,9.875],"texture":"#4"},"west":{"uv":[10.25,9.625,10.25,9.875],"texture":"#4"},"up":{"uv":[10.25,9.625,10.25,8.75],"rotation":270.0,"texture":"#4"},"down":{"uv":[10.25,8.75,10.25,9.625],"rotation":90.0,"texture":"#4"}}},{"name":"body","from":[7.5,-4.73074,19.34029],"to":[14.5,-1.73074,19.34029],"rotation":{"angle":0.0,"axis":"y","origin":[11.0,-3.73074,19.34029]},"faces":{"north":{"uv":[5.625,8.625,6.5,9.0],"texture":"#4"},"east":{"uv":[7.375,8.625,7.375,9.0],"texture":"#4"},"south":{"uv":[6.5,8.625,7.375,9.0],"texture":"#4"},"west":{"uv":[6.5,8.625,6.5,9.0],"texture":"#4"},"up":{"uv":[6.5,8.625,6.5,7.75],"rotation":270.0,"texture":"#4"},"down":{"uv":[6.5,7.75,6.5,8.625],"rotation":90.0,"texture":"#4"}}},{"name":"body","from":[8.5,-8.73074,18.34029],"to":[13.5,-3.73074,20.34029],"rotation":{"angle":0.0,"axis":"y","origin":[11.0,-3.73074,19.34029]},"faces":{"north":{"uv":[5.625,9.625,6.25,10.25],"texture":"#4"},"east":{"uv":[7.125,9.625,7.375,10.25],"texture":"#4"},"south":{"uv":[6.5,9.625,7.125,10.25],"texture":"#4"},"west":{"uv":[6.25,9.625,6.5,10.25],"texture":"#4"},"up":{"uv":[6.5,9.625,6.25,9.0],"rotation":270.0,"texture":"#4"},"down":{"uv":[6.75,9.0,6.5,9.625],"rotation":90.0,"texture":"#4"}}},{"name":"body","from":[-0.5,-9.47858,20.20641],"to":[8.5,-4.47858,20.20641],"rotation":{"angle":0.0,"axis":"y","origin":[-4.0,-4.97858,18.20641]},"faces":{"north":{"uv":[11.375,11.5,12.5,12.125],"texture":"#4"},"east":{"uv":[13.625,11.5,13.625,12.125],"texture":"#4"},"south":{"uv":[12.5,11.5,13.625,12.125],"texture":"#4"},"west":{"uv":[12.5,11.5,12.5,12.125],"texture":"#4"},"up":{"uv":[12.5,11.5,12.5,10.375],"rotation":270.0,"texture":"#4"},"down":{"uv":[12.5,10.375,12.5,11.5],"rotation":90.0,"texture":"#4"}}},{"name":"body","from":[1.5,-11.47858,19.20641],"to":[6.5,-6.47858,21.20641],"rotation":{"angle":0.0,"axis":"y","origin":[-4.0,-4.97858,18.20641]},"faces":{"north":{"uv":[9.5,11.0,10.125,11.625],"texture":"#4"},"east":{"uv":[11.0,11.0,11.25,11.625],"texture":"#4"},"south":{"uv":[10.375,11.0,11.0,11.625],"texture":"#4"},"west":{"uv":[10.125,11.0,10.375,11.625],"texture":"#4"},"up":{"uv":[10.375,11.0,10.125,10.375],"rotation":270.0,"texture":"#4"},"down":{"uv":[10.625,10.375,10.375,11.0],"rotation":90.0,"texture":"#4"}}},{"name":"body","from":[14.0,-7.77864,11.71024],"to":[16.0,-2.77864,16.71024],"shade":false,"rotation":{"angle":0.0,"axis":"x","origin":[15.15895,-3.66209,14.21024]},"faces":{"north":{"uv":[12.0,15.375,11.75,16.0],"texture":"#4"},"east":{"uv":[12.625,15.375,12.0,16.0],"texture":"#4"},"south":{"uv":[12.875,15.375,12.625,16.0],"texture":"#4"},"west":{"uv":[11.75,15.375,11.125,16.0],"texture":"#4"},"up":{"uv":[11.75,15.375,12.0,14.75],"texture":"#4"},"down":{"uv":[12.0,14.75,12.25,15.375],"texture":"#4"}}},{"name":"body","from":[16.0,-15.02864,15.21024],"to":[18.0,-10.02864,15.21024],"shade":false,"rotation":{"angle":0.0,"axis":"x","origin":[15.15895,0.58791,17.21024]},"faces":{"north":{"uv":[9.5,14.75,9.25,15.375],"texture":"#4"},"east":{"uv":[9.5,14.75,9.5,15.375],"texture":"#4"},"south":{"uv":[9.75,14.75,9.5,15.375],"texture":"#4"},"west":{"uv":[9.25,14.75,9.25,15.375],"texture":"#4"},"up":{"uv":[9.25,14.75,9.5,14.75],"texture":"#4"},"down":{"uv":[9.5,14.75,9.75,14.75],"texture":"#4"}}},{"name":"body","from":[14.0,-14.02864,12.71024],"to":[16.0,-9.02864,17.71024],"shade":false,"rotation":{"angle":0.0,"axis":"x","origin":[15.15895,0.58791,17.21024]},"faces":{"north":{"uv":[10.125,15.375,9.875,16.0],"texture":"#4"},"east":{"uv":[10.75,15.375,10.125,16.0],"texture":"#4"},"south":{"uv":[11.0,15.375,10.75,16.0],"texture":"#4"},"west":{"uv":[9.875,15.375,9.25,16.0],"texture":"#4"},"up":{"uv":[9.875,15.375,10.125,14.75],"texture":"#4"},"down":{"uv":[10.125,14.75,10.375,15.375],"texture":"#4"}}},{"name":"body","from":[15.0,-7.77864,9.71024],"to":[15.0,0.22136,18.71024],"shade":false,"rotation":{"angle":0.0,"axis":"x","origin":[15.15895,-3.66209,14.21024]},"faces":{"north":{"uv":[14.875,15.0,14.875,16.0],"texture":"#4"},"east":{"uv":[16.0,15.0,14.875,16.0],"texture":"#4"},"south":{"uv":[16.0,15.0,16.0,16.0],"texture":"#4"},"west":{"uv":[16.0,15.0,14.875,16.0],"texture":"#4"},"up":{"uv":[14.875,15.0,14.875,13.875],"texture":"#4"},"down":{"uv":[14.875,13.875,14.875,15.0],"texture":"#4"}}},{"name":"body","from":[15.75,0.22136,11.46024],"to":[15.75,7.22136,20.46024],"shade":false,"rotation":{"angle":0.0,"axis":"x","origin":[15.15895,-3.66209,14.21024]},"faces":{"north":{"uv":[12.75,9.0,12.75,9.875],"texture":"#4"},"east":{"uv":[13.875,9.0,12.75,9.875],"texture":"#4"},"south":{"uv":[13.875,9.0,13.875,9.875],"texture":"#4"},"west":{"uv":[13.875,9.0,12.75,9.875],"texture":"#4"},"up":{"uv":[12.75,9.0,12.75,7.875],"texture":"#4"},"down":{"uv":[12.75,7.875,12.75,9.0],"texture":"#4"}}},{"name":"body","from":[14.75,0.22136,13.46024],"to":[16.75,5.22136,18.46024],"shade":false,"rotation":{"angle":0.0,"axis":"x","origin":[15.15895,-3.66209,14.21024]},"faces":{"north":{"uv":[10.125,14.0,9.875,14.625],"texture":"#4"},"east":{"uv":[10.75,14.0,10.125,14.625],"texture":"#4"},"south":{"uv":[11.0,14.0,10.75,14.625],"texture":"#4"},"west":{"uv":[9.875,14.0,9.25,14.625],"texture":"#4"},"up":{"uv":[9.875,14.0,10.125,13.375],"texture":"#4"},"down":{"uv":[10.125,13.375,10.375,14.0],"texture":"#4"}}},{"name":"body","from":[-0.75,0.22136,13.46024],"to":[1.25,5.22136,18.46024],"rotation":{"angle":0.0,"axis":"x","origin":[0.84105,-3.66209,14.21024]},"faces":{"north":{"uv":[11.875,14.0,12.125,14.625],"texture":"#4"},"east":{"uv":[11.25,14.0,11.875,14.625],"texture":"#4"},"south":{"uv":[12.75,14.0,13.0,14.625],"texture":"#4"},"west":{"uv":[12.125,14.0,12.75,14.625],"texture":"#4"},"up":{"uv":[12.125,14.0,11.875,13.375],"texture":"#4"},"down":{"uv":[12.375,13.375,12.125,14.0],"texture":"#4"}}},{"name":"body","from":[7.27297,-1.11767,19.45426],"to":[14.27297,4.88233,19.45426],"rotation":{"angle":22.5,"axis":"z","origin":[5.77297,4.13233,25.45426]},"faces":{"north":{"uv":[8.75,7.375,9.625,8.125],"texture":"#4"},"east":{"uv":[9.625,7.375,9.625,8.125],"texture":"#4"},"south":{"uv":[8.75,7.375,9.625,8.125],"texture":"#4"},"west":{"uv":[8.75,7.375,8.75,8.125],"texture":"#4"},"up":{"uv":[8.75,7.375,8.75,6.5],"rotation":270.0,"texture":"#4"},"down":{"uv":[8.75,6.5,8.75,7.375],"rotation":90.0,"texture":"#4"}}},{"name":"body","from":[8.27297,-2.11767,18.45426],"to":[13.27297,2.88233,20.45426],"rotation":{"angle":22.5,"axis":"z","origin":[5.77297,4.13233,25.45426]},"faces":{"north":{"uv":[13.125,14.0,13.75,14.625],"texture":"#4"},"east":{"uv":[14.625,14.0,14.875,14.625],"texture":"#4"},"south":{"uv":[14.0,14.0,14.625,14.625],"texture":"#4"},"west":{"uv":[13.75,14.0,14.0,14.625],"texture":"#4"},"up":{"uv":[14.0,14.0,13.75,13.375],"rotation":270.0,"texture":"#4"},"down":{"uv":[14.25,13.375,14.0,14.0],"rotation":90.0,"texture":"#4"}}},{"name":"body","from":[1.0,-8.02864,10.71024],"to":[1.0,-5.02864,15.71024],"rotation":{"angle":0.0,"axis":"x","origin":[0.84105,0.58791,17.21024]},"faces":{"north":{"uv":[11.0,12.875,11.0,13.25],"texture":"#4"},"east":{"uv":[10.375,12.875,11.0,13.25],"texture":"#4"},"south":{"uv":[11.625,12.875,11.625,13.25],"texture":"#4"},"west":{"uv":[11.0,12.875,11.625,13.25],"texture":"#4"},"up":{"uv":[11.0,12.875,11.0,12.25],"texture":"#4"},"down":{"uv":[11.0,12.25,11.0,12.875],"texture":"#4"}}},{"name":"body","from":[-0.75,5.22136,13.46024],"to":[-0.75,6.22136,18.46024],"rotation":{"angle":0.0,"axis":"x","origin":[0.84105,-3.66209,14.21024]},"faces":{"north":{"uv":[11.875,14.0,12.125,14.625],"texture":"#4"},"east":{"uv":[9.625,11.75,10.25,11.875],"texture":"#4"},"south":{"uv":[12.75,14.0,13.0,14.625],"texture":"#4"},"west":{"uv":[9.625,11.75,10.25,11.875],"texture":"#4"},"up":{"uv":[9.75,12.625,9.875,12.0],"texture":"#4"},"down":{"uv":[12.375,13.375,12.125,14.0],"texture":"#4"}}}],"display":{"head":{"rotation":[11.0,0.0,0.0],"translation":[0.0,9.25,2.0],"scale":[1.61953,1.61953,1.61953]}}}