{"textures":{"0":"mcc:island_cosmetics/accessory/offhand_4","particle":"mcc:island_cosmetics/accessory/offhand_4"},"credit":"Made with Blockbench","texture_size":[128.0,128.0],"elements":[{"from":[5.5,9.0,5.5],"to":[10.5,17.0,10.5],"rotation":{"angle":0.0,"axis":"y","origin":[15.5,3.0,1.0]},"faces":{"north":{"uv":[12.5,15.0,13.125,16.0],"rotation":180.0,"texture":"#0","tintindex":0.0},"east":{"uv":[13.125,15.0,12.5,16.0],"rotation":180.0,"texture":"#0","tintindex":0.0},"south":{"uv":[12.5,15.0,13.125,16.0],"rotation":180.0,"texture":"#0","tintindex":0.0},"west":{"uv":[13.125,15.0,12.5,16.0],"rotation":180.0,"texture":"#0","tintindex":0.0},"up":{"uv":[13.125,14.25,12.5,14.875],"rotation":180.0,"texture":"#0"},"down":{"uv":[13.125,14.875,12.5,14.25],"rotation":180.0,"texture":"#0"}}}],"gui_light":"front","display":{"thirdperson_righthand":{"rotation":[90.0,-90.0,0.0],"translation":[0.0,-1.75,-0.25]},"thirdperson_lefthand":{"rotation":[90.0,-90.0,0.0],"translation":[0.0,-1.75,-0.25]},"firstperson_righthand":{"rotation":[36.12,1.54,-10.68],"translation":[2.13,0.2,0.38],"scale":[0.64289,0.64289,0.64289]},"firstperson_lefthand":{"rotation":[36.12,1.54,-10.68],"translation":[2.13,0.2,0.38],"scale":[0.64289,0.64289,0.64289]},"ground":{"translation":[0.0,4.25,0.0],"scale":[0.43945,0.43945,0.43945]},"gui":{"rotation":[58.33,39.38,-56.6],"translation":[-4.25,-5.0,0.0],"scale":[1.31992,1.31992,1.31992]},"head":{"rotation":[0.0,90.0,0.0],"translation":[0.0,-20.25,8.0],"scale":[1.7543,1.7543,1.7543]}}}