{"textures":{"0":"mcc:island_cosmetics/accessory/offhand_1","particle":"mcc:island_cosmetics/accessory/offhand_1"},"credit":"Made with Blockbench","texture_size":[128.0,128.0],"elements":[{"from":[6.0,7.0,7.0],"to":[11.0,14.0,11.0],"faces":{"north":{"uv":[0.875,2.75,1.5,3.625],"texture":"#0"},"east":{"uv":[0.5,2.75,0.0,3.625],"texture":"#0"},"south":{"uv":[1.5,2.75,2.125,3.625],"texture":"#0"},"west":{"uv":[0.0,2.75,0.5,3.625],"texture":"#0"},"up":{"uv":[0.75,3.625,1.375,4.125],"texture":"#0"},"down":{"uv":[1.375,3.625,2.0,4.125],"texture":"#0"}}},{"from":[7.0,11.69454,5.43414],"to":[10.0,16.69454,8.43414],"rotation":{"angle":-45.0,"axis":"x","origin":[8.5,15.94454,6.93414]},"faces":{"north":{"uv":[0.375,3.625,0.75,4.25],"texture":"#0"},"east":{"uv":[0.5,3.375,0.875,2.75],"rotation":180.0,"texture":"#0"},"south":{"uv":[0.0,3.625,0.375,4.25],"texture":"#0"},"west":{"uv":[0.5,2.75,0.875,3.375],"texture":"#0"},"up":{"uv":[0.0,4.25,0.375,4.625],"texture":"#0"},"down":{"uv":[0.0,0.0,0.125,0.125],"texture":"#missing"}}},{"from":[7.5,16.69454,5.43414],"to":[9.5,18.69454,7.43414],"rotation":{"angle":-45.0,"axis":"x","origin":[7.0,15.94454,6.93414]},"faces":{"north":{"uv":[0.375,4.0,0.625,4.25],"texture":"#0"},"east":{"uv":[0.75,3.375,0.5,3.625],"texture":"#0"},"south":{"uv":[0.625,3.375,0.75,3.625],"texture":"#0"},"west":{"uv":[0.5,3.375,0.75,3.625],"texture":"#0"},"up":{"uv":[0.375,4.0,0.625,4.25],"texture":"#0"},"down":{"uv":[0.0,0.0,0.125,0.125],"texture":"#missing"}}},{"from":[7.5,7.41421,2.58579],"to":[9.5,9.41421,4.58579],"rotation":{"angle":-45.0,"axis":"x","origin":[9.0,8.41421,9.58579]},"faces":{"north":{"uv":[0.375,4.0,0.625,4.25],"texture":"#0"},"east":{"uv":[0.5,3.375,0.75,3.625],"rotation":90.0,"texture":"#0"},"south":{"uv":[0.0,0.0,0.125,0.125],"rotation":180.0,"texture":"#missing"},"west":{"uv":[0.75,3.375,0.5,3.625],"rotation":270.0,"texture":"#0"},"up":{"uv":[0.375,4.0,0.625,4.25],"texture":"#0"},"down":{"uv":[0.625,3.375,0.75,3.625],"rotation":180.0,"texture":"#0"}}},{"from":[7.0,9.59619,3.26777],"to":[10.0,12.59619,8.26777],"rotation":{"angle":-45.0,"axis":"x","origin":[8.0,11.59619,12.76777]},"faces":{"north":{"uv":[0.0,4.25,0.375,4.625],"texture":"#0"},"east":{"uv":[0.5,2.75,0.875,3.375],"rotation":90.0,"texture":"#0"},"south":{"uv":[0.0,0.0,0.125,0.125],"texture":"#missing"},"west":{"uv":[0.875,2.75,0.5,3.375],"rotation":270.0,"texture":"#0"},"up":{"uv":[0.375,3.625,0.75,4.25],"texture":"#0"},"down":{"uv":[0.0,3.625,0.375,4.25],"rotation":180.0,"texture":"#0"}}}],"gui_light":"front","display":{"thirdperson_righthand":{"rotation":[132.77,37.77,140.88],"translation":[2.0,1.0,2.5],"scale":[0.85,0.85,0.85]},"thirdperson_lefthand":{"rotation":[132.77,37.77,140.88],"translation":[2.0,1.0,2.5],"scale":[0.85,0.85,0.85]},"firstperson_righthand":{"rotation":[88.21,51.0,-112.07],"translation":[2.13,1.7,1.13],"scale":[0.47297,0.47297,0.47297]},"firstperson_lefthand":{"rotation":[88.21,51.0,-112.07],"translation":[2.13,1.7,1.13],"scale":[0.47297,0.47297,0.47297]},"ground":{"translation":[0.0,4.25,0.0],"scale":[0.43945,0.43945,0.43945]},"gui":{"rotation":[127.16,41.78,-122.85],"translation":[-0.5,-2.75,0.0],"scale":[0.9957,0.9957,0.9957]}}}