{"textures":{"0":"mcc:island_cosmetics/accessory/offhand_3","particle":"mcc:island_cosmetics/accessory/offhand_3"},"credit":"Made with Blockbench","ambientocclusion":false,"texture_size":[128.0,128.0],"elements":[{"from":[5.0,-9.96217,5.0],"to":[11.0,-3.96217,11.0],"rotation":{"angle":0.0,"axis":"z","origin":[8.34567,-1.7312,7.25]},"faces":{"north":{"uv":[14.5,11.75,15.25,11.0],"rotation":90.0,"texture":"#0"},"east":{"uv":[15.25,10.25,16.0,11.0],"rotation":90.0,"texture":"#0"},"south":{"uv":[14.5,11.0,15.25,10.25],"rotation":90.0,"texture":"#0"},"west":{"uv":[12.625,10.5,13.375,9.75],"rotation":90.0,"texture":"#0"},"up":{"uv":[15.25,12.5,16.0,11.75],"rotation":90.0,"texture":"#0"},"down":{"uv":[13.375,10.25,14.125,9.5],"rotation":90.0,"texture":"#0"}}},{"from":[5.5,-4.0,5.5],"to":[10.5,4.0,10.5],"rotation":{"angle":0.0,"axis":"z","origin":[7.54567,-1.7312,6.95]},"faces":{"north":{"uv":[15.375,9.25,16.0,10.25],"texture":"#0"},"east":{"uv":[16.0,9.25,15.375,10.25],"texture":"#0"},"south":{"uv":[15.375,9.25,16.0,10.25],"texture":"#0"},"west":{"uv":[16.0,9.25,15.375,10.25],"texture":"#0"},"up":{"uv":[14.375,9.875,14.5,10.0],"texture":"#0"},"down":{"uv":[9.5,6.375,9.625,6.5],"rotation":90.0,"texture":"#missing"}}},{"from":[8.0,-4.0,10.5],"to":[8.0,4.0,14.5],"rotation":{"angle":0.0,"axis":"y","origin":[12.8,-0.16217,10.7]},"faces":{"north":{"uv":[0.125,9.25,0.125,10.25],"texture":"#0"},"east":{"uv":[14.875,9.25,15.375,10.25],"texture":"#0"},"south":{"uv":[16.0,9.25,15.5,10.25],"texture":"#0"},"west":{"uv":[15.375,9.25,14.875,10.25],"texture":"#0"},"up":{"uv":[14.375,8.625,13.875,9.625],"rotation":90.0,"texture":"#0"},"down":{"uv":[9.5,6.375,9.625,6.5],"texture":"#missing"}}},{"name":"cube inverted","from":[10.5,4.0,10.5],"to":[5.5,-4.0,5.5],"rotation":{"angle":0.0,"axis":"z","origin":[7.54567,-1.7312,6.95]},"faces":{"north":{"uv":[15.375,10.25,16.0,9.25],"texture":"#0"},"east":{"uv":[16.0,10.25,15.375,9.25],"texture":"#0"},"south":{"uv":[15.375,10.25,16.0,9.25],"texture":"#0"},"west":{"uv":[16.0,10.25,15.375,9.25],"texture":"#0"},"up":{"uv":[9.5,6.5,9.625,6.375],"rotation":90.0,"texture":"#missing"},"down":{"uv":[14.5,9.875,14.375,10.0],"texture":"#0"}}}],"gui_light":"front","display":{"thirdperson_righthand":{"rotation":[90.0,90.0,0.0],"translation":[-0.25,-2.0,14.25],"scale":[1.0293,1.0293,1.0293]},"thirdperson_lefthand":{"rotation":[90.0,90.0,0.0],"translation":[-0.25,-2.0,14.25],"scale":[1.0293,1.0293,1.0293]},"firstperson_righthand":{"rotation":[-81.0,-36.0,168.35],"translation":[5.5,-5.25,2.5],"scale":[0.91211,0.91211,0.91211]},"firstperson_lefthand":{"rotation":[-99.0,-11.0,-180.0],"translation":[9.5,-5.25,8.5],"scale":[0.0,0.0,0.0]},"ground":{"translation":[0.0,4.25,0.0],"scale":[0.43945,0.43945,0.43945]},"gui":{"rotation":[-137.82,-43.75,-118.06],"translation":[7.25,8.5,0.0],"scale":[0.96447,0.96447,0.96447]},"head":{"rotation":[0.0,3.25,0.0],"translation":[0.0,4.25,0.0],"scale":[1.6,1.6,1.6]}}}