{"textures":{"0":"mcc:island_cosmetics/accessory/offhand_3","particle":"mcc:island_cosmetics/accessory/offhand_3"},"credit":"Made with Blockbench","texture_size":[128.0,128.0],"elements":[{"from":[6.8,-7.2,6.8],"to":[9.2,2.2,9.2],"rotation":{"angle":0.0,"axis":"y","origin":[9.0,-0.5,9.0]},"faces":{"north":{"uv":[9.25,5.375,9.5,6.5],"texture":"#0","tintindex":0.0},"east":{"uv":[9.25,5.375,9.5,6.5],"texture":"#0","tintindex":0.0},"south":{"uv":[9.25,5.375,9.5,6.5],"texture":"#0","tintindex":0.0},"west":{"uv":[9.25,5.375,9.5,6.5],"texture":"#0","tintindex":0.0},"up":{"uv":[11.875,0.875,12.0,1.0],"texture":"#missing"},"down":{"uv":[11.875,0.875,12.0,1.0],"texture":"#missing"}}},{"from":[6.0,2.0,6.0],"to":[10.0,21.0,10.0],"rotation":{"angle":0.0,"axis":"y","origin":[8.0,-0.5,8.5]},"faces":{"north":{"uv":[8.75,5.375,9.25,7.75],"texture":"#0"},"east":{"uv":[8.75,5.375,9.25,7.75],"texture":"#0"},"south":{"uv":[8.75,5.375,9.25,7.75],"texture":"#0"},"west":{"uv":[8.75,5.375,9.25,7.75],"texture":"#0"},"up":{"uv":[9.25,7.0,9.75,7.5],"texture":"#0"},"down":{"uv":[9.25,6.5,9.75,7.0],"texture":"#0"}}},{"from":[6.0,-9.0,6.0],"to":[10.0,-7.0,10.0],"rotation":{"angle":0.0,"axis":"y","origin":[8.0,-0.5,8.5]},"faces":{"north":{"uv":[8.75,7.75,9.25,8.0],"texture":"#0"},"east":{"uv":[8.75,7.75,9.25,8.0],"texture":"#0"},"south":{"uv":[8.75,7.75,9.25,8.0],"texture":"#0"},"west":{"uv":[8.75,7.75,9.25,8.0],"texture":"#0"},"up":{"uv":[9.25,7.0,9.75,7.5],"texture":"#0"},"down":{"uv":[9.25,6.5,9.75,7.0],"texture":"#0"}}}],"gui_light":"front","display":{"thirdperson_righthand":{"rotation":[29.32,10.75,-7.16],"translation":[1.0,8.0,6.75],"scale":[0.91055,0.91055,0.91055]},"thirdperson_lefthand":{"rotation":[29.32,10.75,-7.16],"translation":[1.0,8.0,6.75],"scale":[0.91055,0.91055,0.91055]},"firstperson_righthand":{"rotation":[174.14,68.55,172.1],"translation":[10.5,5.5,-7.25],"scale":[0.61719,0.61719,0.61719]},"firstperson_lefthand":{"rotation":[174.14,68.55,172.1],"translation":[10.5,5.5,-7.25],"scale":[0.61719,0.61719,0.61719]},"ground":{"translation":[0.0,4.25,0.0],"scale":[0.43945,0.43945,0.43945]},"gui":{"rotation":[-156.08,-6.57,-137.01],"translation":[1.0,1.0,0.0],"scale":[0.61485,0.61095,0.61485]},"head":{"rotation":[0.0,3.25,0.0],"translation":[0.0,4.25,0.0],"scale":[1.6,1.6,1.6]}}}