{"textures":{"0":"mcc:island_cosmetics/accessory/offhand_1","particle":"mcc:island_cosmetics/accessory/offhand_1"},"credit":"Made with Blockbench","texture_size":[128.0,128.0],"elements":[{"from":[7.0,-14.0,7.0],"to":[9.0,-3.0,9.0],"rotation":{"angle":0.0,"axis":"y","origin":[9.0,17.0,6.875]},"faces":{"north":{"uv":[2.75,4.375,3.0,5.75],"texture":"#0"},"east":{"uv":[2.75,4.375,3.0,5.75],"texture":"#0"},"south":{"uv":[2.75,4.375,3.0,5.75],"texture":"#0"},"west":{"uv":[2.75,4.375,3.0,5.75],"texture":"#0"},"up":{"uv":[3.0,4.375,3.25,4.625],"texture":"#0"},"down":{"uv":[3.0,4.625,3.25,4.875],"texture":"#0"}}},{"from":[6.9,-14.1,6.9],"to":[9.1,-2.9,9.1],"rotation":{"angle":0.0,"axis":"y","origin":[9.1,17.0,6.975]},"faces":{"north":{"uv":[4.25,4.0,4.5,5.375],"texture":"#0"},"east":{"uv":[4.5,4.0,4.25,5.375],"texture":"#0"},"south":{"uv":[4.25,4.0,4.5,5.375],"texture":"#0"},"west":{"uv":[4.5,4.0,4.25,5.375],"texture":"#0"},"up":{"uv":[3.0,4.125,3.125,4.25],"texture":"#0"},"down":{"uv":[3.0,4.125,3.125,4.25],"texture":"#0"}}},{"from":[6.8,-7.05,6.8],"to":[9.2,-5.9,9.2],"rotation":{"angle":0.0,"axis":"y","origin":[9.1,17.0,8.975]},"faces":{"north":{"uv":[4.25,3.75,4.5,3.875],"texture":"#0","tintindex":0.0},"east":{"uv":[4.5,3.75,4.25,3.875],"texture":"#0","tintindex":0.0},"south":{"uv":[4.375,3.875,4.5,4.0],"texture":"#0","tintindex":0.0},"west":{"uv":[4.375,3.875,4.5,4.0],"texture":"#0","tintindex":0.0},"up":{"uv":[3.0,4.125,3.125,4.25],"texture":"#0"},"down":{"uv":[3.0,4.125,3.125,4.25],"texture":"#0"}}},{"from":[7.4,-2.85,7.4],"to":[8.6,23.35,8.6],"rotation":{"angle":0.0,"axis":"y","origin":[8.0,17.0,5.875]},"faces":{"north":{"uv":[3.625,4.0,3.5,7.5],"texture":"#0"},"east":{"uv":[3.625,4.0,3.5,7.5],"texture":"#0"},"south":{"uv":[3.625,4.0,3.5,7.5],"texture":"#0"},"west":{"uv":[3.625,4.0,3.5,7.5],"texture":"#0"},"up":{"uv":[3.5,4.125,3.375,4.25],"texture":"#0"},"down":{"uv":[3.25,4.25,3.375,4.375],"texture":"#0"}}},{"from":[7.4,-3.1,7.4],"to":[8.6,-1.9,8.6],"rotation":{"angle":0.0,"axis":"y","origin":[8.0,17.0,5.875]},"faces":{"north":{"uv":[3.5,6.625,3.375,6.75],"texture":"#0"},"east":{"uv":[3.5,6.625,3.375,6.75],"texture":"#0"},"south":{"uv":[3.5,6.625,3.375,6.75],"texture":"#0"},"west":{"uv":[3.5,6.625,3.375,6.75],"texture":"#0"},"up":{"uv":[3.375,4.125,3.25,4.25],"texture":"#0"},"down":{"uv":[3.375,4.125,3.25,4.25],"texture":"#0"}}},{"from":[9.22,24.22,9.22],"to":[6.78,-3.78,6.78],"rotation":{"angle":0.0,"axis":"y","origin":[7.25,17.0,5.125]},"faces":{"north":{"uv":[3.875,4.375,4.0,4.5],"texture":"#0","tintindex":0.0},"east":{"uv":[3.875,4.375,4.0,4.5],"texture":"#0","tintindex":0.0},"south":{"uv":[3.875,4.375,4.0,4.5],"texture":"#0","tintindex":0.0},"west":{"uv":[3.875,4.375,4.0,4.5],"texture":"#0","tintindex":0.0},"up":{"uv":[12.375,5.75,12.5,5.875],"texture":"#0","tintindex":0.0},"down":{"uv":[3.875,4.375,4.0,4.5],"texture":"#0","tintindex":0.0}}},{"from":[9.75,25.25,9.75],"to":[6.25,-3.75,6.25],"rotation":{"angle":0.0,"axis":"y","origin":[7.25,17.0,5.125]},"faces":{"north":{"uv":[4.0,5.375,4.125,5.5],"texture":"#0","tintindex":0.0},"east":{"uv":[4.0,5.375,4.125,5.5],"texture":"#0","tintindex":0.0},"south":{"uv":[4.0,5.375,4.125,5.5],"texture":"#0","tintindex":0.0},"west":{"uv":[4.0,5.375,4.125,5.5],"texture":"#0","tintindex":0.0},"up":{"uv":[3.625,5.375,3.75,5.5],"texture":"#0","tintindex":0.0},"down":{"uv":[4.0,5.375,4.125,5.5],"texture":"#0","tintindex":0.0}}}],"gui_light":"front","display":{"thirdperson_righthand":{"rotation":[36.84,-1.18,-0.04],"translation":[0.0,11.0,9.75],"scale":[0.85,0.85,0.85]},"thirdperson_lefthand":{"rotation":[36.84,-1.18,-0.04],"translation":[0.0,11.0,9.75],"scale":[0.85,0.85,0.85]},"firstperson_righthand":{"rotation":[-11.23,-3.56,3.35],"translation":[10.5,6.5,-7.25],"scale":[0.54297,0.54297,0.54297]},"firstperson_lefthand":{"rotation":[-11.23,-3.56,3.35],"translation":[10.5,6.5,-7.25],"scale":[0.54297,0.54297,0.54297]},"ground":{"translation":[0.0,4.25,0.0],"scale":[0.43945,0.43945,0.43945]},"gui":{"rotation":[-147.58,-6.57,-137.01],"translation":[0.75,0.75,0.0],"scale":[0.48985,0.48985,0.48985]},"head":{"rotation":[0.0,3.25,0.0],"translation":[0.0,4.25,0.0],"scale":[1.6,1.6,1.6]}}}