{"textures":{"0":"mcc:island_cosmetics/accessory/offhand_1","particle":"mcc:island_cosmetics/accessory/offhand_1"},"credit":"Made with Blockbench","texture_size":[128.0,128.0],"elements":[{"from":[5.0,0.0,6.5],"to":[11.0,3.0,9.5],"rotation":{"angle":0.0,"axis":"y","origin":[0.0,0.0,0.5]},"faces":{"north":{"uv":[3.5,10.0,4.25,10.375],"rotation":180.0,"texture":"#0"},"east":{"uv":[3.5,10.375,3.875,10.75],"rotation":180.0,"texture":"#0"},"south":{"uv":[3.5,10.0,4.25,10.375],"rotation":180.0,"texture":"#0"},"west":{"uv":[3.5,10.375,3.875,10.75],"rotation":180.0,"texture":"#0"},"up":{"uv":[3.5,11.125,4.25,11.5],"texture":"#0"},"down":{"uv":[3.5,10.75,4.25,11.125],"texture":"#0"}}},{"from":[5.0,14.0,6.5],"to":[11.0,17.0,9.5],"rotation":{"angle":0.0,"axis":"y","origin":[0.0,0.0,0.5]},"faces":{"north":{"uv":[3.5,10.0,4.25,10.375],"texture":"#0"},"east":{"uv":[3.5,10.375,3.875,10.75],"texture":"#0"},"south":{"uv":[3.5,10.0,4.25,10.375],"texture":"#0"},"west":{"uv":[3.5,10.375,3.875,10.75],"texture":"#0"},"up":{"uv":[3.5,10.75,4.25,11.125],"texture":"#0"},"down":{"uv":[3.5,11.125,4.25,11.5],"texture":"#0"}}},{"from":[6.5,3.0,6.5],"to":[9.5,14.0,9.5],"rotation":{"angle":0.0,"axis":"y","origin":[0.5,0.0,0.5]},"faces":{"north":{"uv":[3.125,10.0,3.5,11.375],"texture":"#0"},"east":{"uv":[3.125,10.0,3.5,11.375],"texture":"#0"},"south":{"uv":[3.125,10.0,3.5,11.375],"texture":"#0"},"west":{"uv":[3.125,10.0,3.5,11.375],"texture":"#0"},"up":{"uv":[0.0,0.0,0.125,0.125],"texture":"#missing"},"down":{"uv":[0.0,0.0,0.125,0.125],"texture":"#missing"}}}],"gui_light":"front","display":{"thirdperson_righthand":{"rotation":[-178.5,-89.0,176.75],"translation":[0.0,-1.5,3.0],"scale":[0.85,0.85,0.85]},"thirdperson_lefthand":{"rotation":[-178.5,-89.0,176.75],"translation":[0.0,-1.5,3.0],"scale":[0.85,0.85,0.85]},"firstperson_righthand":{"rotation":[-42.25,104.0,10.25],"translation":[2.13,3.2,1.13],"scale":[0.41438,0.41438,0.41438]},"firstperson_lefthand":{"rotation":[-24.0,281.5,10.25],"translation":[2.13,3.2,1.63],"scale":[0.41438,0.41438,0.41438]},"ground":{"translation":[0.0,4.25,0.0],"scale":[0.43945,0.43945,0.43945]},"gui":{"rotation":[178.81,-18.91,-138.15],"translation":[-0.25,-0.25,0.0],"scale":[0.84531,0.84531,0.84531]}}}