{"textures":{"0":"mcc:island_cosmetics/accessory/offhand_3","particle":"mcc:island_cosmetics/accessory/offhand_3"},"credit":"Made with Blockbench","texture_size":[128.0,128.0],"elements":[{"from":[2.17134,-0.05806,2.98],"to":[8.21134,0.98194,12.02],"rotation":{"angle":-22.5,"axis":"z","origin":[8.19134,0.46194,7.5]},"faces":{"north":{"uv":[15.25,6.5,14.5,6.625],"texture":"#0","tintindex":0.0},"east":{"uv":[15.625,6.75,14.5,6.875],"texture":"#0","tintindex":0.0},"south":{"uv":[15.25,6.5,14.5,6.625],"texture":"#0","tintindex":0.0},"west":{"uv":[15.625,6.75,14.5,6.875],"texture":"#0","tintindex":0.0},"up":{"uv":[15.25,6.875,14.5,8.0],"texture":"#0","tintindex":0.0},"down":{"uv":[16.0,6.875,15.25,8.0],"texture":"#0","tintindex":0.0}}},{"from":[2.25,1.25,3.0],"to":[8.25,1.25,12.0],"rotation":{"angle":-22.5,"axis":"z","origin":[8.0,0.5,7.5]},"faces":{"north":{"uv":[9.5,5.375,9.25,6.5],"texture":"#missing","tintindex":0.0},"east":{"uv":[9.5,5.375,9.25,6.5],"texture":"#missing","tintindex":0.0},"south":{"uv":[9.5,5.375,9.25,6.5],"texture":"#missing","tintindex":0.0},"west":{"uv":[9.5,5.375,9.25,6.5],"texture":"#missing","tintindex":0.0},"up":{"uv":[14.5,6.375,13.75,7.5],"texture":"#0"},"down":{"uv":[14.5,6.375,13.75,7.5],"texture":"#0"}}},{"from":[8.0,1.25,3.0],"to":[14.0,1.25,12.0],"rotation":{"angle":22.5,"axis":"z","origin":[8.0,0.5,7.5]},"faces":{"north":{"uv":[9.25,5.375,9.5,6.5],"texture":"#missing","tintindex":0.0},"east":{"uv":[9.25,5.375,9.5,6.5],"texture":"#missing","tintindex":0.0},"south":{"uv":[9.25,5.375,9.5,6.5],"texture":"#missing","tintindex":0.0},"west":{"uv":[9.25,5.375,9.5,6.5],"texture":"#missing","tintindex":0.0},"up":{"uv":[14.5,6.375,13.75,7.5],"texture":"#0"},"down":{"uv":[14.5,6.375,13.75,7.5],"texture":"#0"}}},{"from":[8.0,1.25,3.0],"to":[14.0,1.25,12.0],"rotation":{"angle":0.0,"axis":"z","origin":[8.0,0.5,7.5]},"faces":{"north":{"uv":[9.25,5.375,9.5,6.5],"texture":"#missing","tintindex":0.0},"east":{"uv":[9.25,5.375,9.5,6.5],"texture":"#missing","tintindex":0.0},"south":{"uv":[9.25,5.375,9.5,6.5],"texture":"#missing","tintindex":0.0},"west":{"uv":[9.25,5.375,9.5,6.5],"texture":"#missing","tintindex":0.0},"up":{"uv":[14.5,6.375,13.75,7.5],"texture":"#0"},"down":{"uv":[14.5,6.375,13.75,7.5],"texture":"#0"}}},{"from":[8.0,0.0,3.0],"to":[14.0,1.0,12.0],"rotation":{"angle":0.0,"axis":"z","origin":[8.0,0.5,7.5]},"faces":{"north":{"uv":[15.25,6.5,14.5,6.625],"texture":"#0","tintindex":0.0},"east":{"uv":[15.625,6.75,14.5,6.875],"texture":"#0","tintindex":0.0},"south":{"uv":[15.25,6.5,14.5,6.625],"texture":"#0","tintindex":0.0},"west":{"uv":[15.625,6.75,14.5,6.875],"texture":"#0","tintindex":0.0},"up":{"uv":[15.25,6.875,14.5,8.0],"texture":"#0","tintindex":0.0},"down":{"uv":[16.0,6.875,15.25,8.0],"texture":"#0","tintindex":0.0}}},{"from":[9.9,-3.1,2.9],"to":[12.1,1.1,7.1],"rotation":{"angle":0.0,"axis":"z","origin":[8.0,0.5,7.5]},"faces":{"north":{"uv":[14.5,7.5,14.25,8.0],"texture":"#0"},"east":{"uv":[13.625,7.125,13.75,7.25],"texture":"#0"},"south":{"uv":[13.625,7.125,13.75,7.25],"texture":"#0"},"west":{"uv":[13.625,7.125,13.75,7.25],"texture":"#0"},"up":{"uv":[14.25,7.5,14.0,8.0],"texture":"#0"},"down":{"uv":[13.625,7.125,13.75,7.25],"texture":"#0"}}}],"gui_light":"front","display":{"thirdperson_righthand":{"rotation":[84.25,-31.0,26.25],"translation":[-0.75,4.0,5.75],"scale":[0.8832,0.8832,0.8832]},"thirdperson_lefthand":{"rotation":[74.13,-22.01,9.46],"translation":[0.5,3.75,6.75],"scale":[0.8832,0.8832,0.8832]},"firstperson_righthand":{"rotation":[-139.49,30.67,137.99],"translation":[5.25,5.0,-6.5],"scale":[0.88867,0.88867,0.88867]},"firstperson_lefthand":{"rotation":[-139.49,30.67,137.99],"translation":[5.25,5.0,-6.5],"scale":[0.88867,0.88867,0.88867]},"ground":{"translation":[0.0,4.25,0.0],"scale":[0.43945,0.43945,0.43945]},"gui":{"rotation":[-165.68,-31.71,158.71],"translation":[-2.0,7.25,0.0],"scale":[1.09923,1.09923,1.09923]},"head":{"rotation":[0.0,3.25,0.0],"translation":[0.0,4.25,0.0],"scale":[1.6,1.6,1.6]}}}