{"textures":{"0":"mcc:island_cosmetics/accessory/offhand_1","1":"mcc:island_cosmetics/accessory/boombox_anim","particle":"mcc:island_cosmetics/accessory/offhand_1"},"credit":"Made with Blockbench","elements":[{"from":[-1.0,-2.0,6.0],"to":[17.0,6.0,11.0],"rotation":{"angle":0.0,"axis":"y","origin":[-0.5,0.0,-0.5]},"faces":{"north":{"uv":[5.75,9.5,8.0,10.5],"texture":"#0","tintindex":0.0},"east":{"uv":[6.375,8.25,5.75,9.25],"texture":"#0","tintindex":0.0},"south":{"uv":[6.375,8.25,8.625,9.25],"texture":"#0","tintindex":0.0},"west":{"uv":[5.75,8.25,6.375,9.25],"texture":"#0","tintindex":0.0},"up":{"uv":[7.625,10.0,7.75,10.125],"texture":"#0","tintindex":0.0},"down":{"uv":[8.0,9.25,10.25,9.875],"texture":"#0","tintindex":0.0}}},{"from":[-1.25,-1.25,5.75],"to":[5.25,5.25,5.75],"rotation":{"angle":0.0,"axis":"y","origin":[-0.5,0.0,-0.5]},"faces":{"north":{"uv":[0.0,0.0,6.0,6.0],"texture":"#1"},"east":{"uv":[6.375,8.25,5.75,9.25],"texture":"#0"},"south":{"uv":[0.0,0.0,6.0,6.0],"texture":"#1"},"west":{"uv":[5.75,8.25,6.375,9.25],"texture":"#0"},"up":{"uv":[7.625,10.0,7.75,10.125],"texture":"#0"},"down":{"uv":[8.0,9.25,10.25,9.875],"texture":"#0"}}},{"from":[10.75,-1.25,5.75],"to":[17.25,5.25,5.75],"rotation":{"angle":0.0,"axis":"y","origin":[-0.5,0.0,-0.5]},"faces":{"north":{"uv":[0.0,0.0,6.0,6.0],"texture":"#1"},"east":{"uv":[6.375,8.25,5.75,9.25],"texture":"#0"},"south":{"uv":[0.0,0.0,6.0,6.0],"texture":"#1"},"west":{"uv":[5.75,8.25,6.375,9.25],"texture":"#0"},"up":{"uv":[7.625,10.0,7.75,10.125],"texture":"#0"},"down":{"uv":[8.0,9.25,10.25,9.875],"texture":"#0"}}},{"from":[-1.0,6.0,6.0],"to":[17.0,8.0,11.0],"rotation":{"angle":0.0,"axis":"y","origin":[-0.5,0.0,-0.5]},"faces":{"north":{"uv":[5.75,9.25,8.0,9.5],"texture":"#0"},"east":{"uv":[6.375,8.0,5.75,8.25],"texture":"#0"},"south":{"uv":[6.375,8.0,8.625,8.25],"texture":"#0"},"west":{"uv":[5.75,8.0,6.375,8.25],"texture":"#0"},"up":{"uv":[6.875,10.5,9.125,11.125],"texture":"#0"},"down":{"uv":[7.625,10.125,7.75,10.25],"texture":"#0"}}},{"from":[-1.0,-2.0,6.0],"to":[17.0,6.0,11.0],"rotation":{"angle":0.0,"axis":"y","origin":[-0.5,0.0,-0.5]},"faces":{"north":{"uv":[8.125,11.25,10.375,12.25],"texture":"#0"},"east":{"uv":[9.875,10.375,9.25,11.375],"texture":"#0"},"south":{"uv":[6.875,9.75,7.0,9.875],"texture":"#0"},"west":{"uv":[9.25,10.375,9.875,11.375],"texture":"#0"},"up":{"uv":[6.875,9.75,7.0,9.875],"texture":"#0"},"down":{"uv":[6.875,9.75,7.0,9.875],"texture":"#0"}}},{"from":[0.0,8.0,8.5],"to":[16.0,12.0,8.5],"rotation":{"angle":0.0,"axis":"y","origin":[-0.5,0.0,-0.5]},"faces":{"north":{"uv":[8.125,10.0,10.125,10.5],"texture":"#0"},"east":{"uv":[5.75,11.625,6.875,12.625],"texture":"#0"},"south":{"uv":[8.125,10.0,10.125,10.5],"texture":"#0"},"west":{"uv":[5.75,11.625,6.875,12.625],"texture":"#0"},"up":{"uv":[6.875,11.625,8.0,12.75],"texture":"#0"},"down":{"uv":[5.75,10.5,6.875,11.625],"texture":"#0"}}},{"from":[0.0,8.0,8.5],"to":[16.0,12.0,8.5],"rotation":{"angle":0.0,"axis":"y","origin":[-0.5,0.0,-0.5]},"faces":{"north":{"uv":[8.125,12.125,10.125,12.625],"texture":"#0","tintindex":0.0},"east":{"uv":[5.75,11.625,6.875,12.625],"texture":"#0","tintindex":0.0},"south":{"uv":[8.125,12.125,10.125,12.625],"texture":"#0","tintindex":0.0},"west":{"uv":[5.75,11.625,6.875,12.625],"texture":"#0","tintindex":0.0},"up":{"uv":[6.875,11.625,8.0,12.75],"texture":"#0","tintindex":0.0},"down":{"uv":[5.75,10.5,6.875,11.625],"texture":"#0","tintindex":0.0}}}],"gui_light":"front","display":{"thirdperson_righthand":{"rotation":[-60.31,-88.18,-127.54],"translation":[0.25,-2.75,-1.0],"scale":[0.85,0.85,0.85]},"thirdperson_lefthand":{"rotation":[-60.31,-88.18,-127.54],"translation":[0.25,-2.75,-1.0],"scale":[0.85,0.85,0.85]},"firstperson_righthand":{"rotation":[-42.25,104.0,10.25],"translation":[0.63,4.7,1.13],"scale":[0.35774,0.35774,0.35774]},"firstperson_lefthand":{"rotation":[-42.25,104.0,10.25],"translation":[0.63,4.7,1.13],"scale":[0.35774,0.35774,0.35774]},"ground":{"translation":[0.0,4.25,0.0],"scale":[0.43945,0.43945,0.43945]},"gui":{"rotation":[-159.53,-26.31,179.93],"translation":[0.0,3.0,0.0],"scale":[0.77304,0.77304,0.77304]}}}