{"textures":{"0":"mcc:island_cosmetics/accessory/offhand_4","particle":"mcc:island_cosmetics/accessory/offhand_4"},"credit":"Made with Blockbench","texture_size":[128.0,128.0],"elements":[{"from":[6.0,-2.0,6.0],"to":[10.0,5.0,10.0],"rotation":{"angle":0.0,"axis":"y","origin":[8.0,6.5,8.5]},"faces":{"north":{"uv":[2.0,5.25,2.5,6.125],"texture":"#0","tintindex":0.0},"east":{"uv":[2.0,5.25,2.5,6.125],"texture":"#0","tintindex":0.0},"south":{"uv":[2.0,5.25,2.5,6.125],"texture":"#0","tintindex":0.0},"west":{"uv":[2.0,5.25,2.5,6.125],"texture":"#0","tintindex":0.0},"up":{"uv":[2.0,6.375,2.5,6.875],"texture":"#0","tintindex":0.0},"down":{"uv":[2.0,6.875,2.5,7.375],"texture":"#0","tintindex":0.0}}},{"from":[6.0,-2.0,6.0],"to":[10.0,5.0,10.0],"rotation":{"angle":0.0,"axis":"y","origin":[8.0,6.5,8.5]},"faces":{"north":{"uv":[2.125,7.125,2.25,7.25],"texture":"#0"},"east":{"uv":[2.125,7.125,2.25,7.25],"texture":"#0"},"south":{"uv":[2.125,7.125,2.25,7.25],"texture":"#0"},"west":{"uv":[2.125,7.125,2.25,7.25],"texture":"#0"},"up":{"uv":[2.0,7.375,2.5,7.875],"texture":"#0"},"down":{"uv":[2.0,7.375,2.5,7.875],"texture":"#0"}}},{"from":[5.9,-0.1,5.9],"to":[10.1,2.1,10.1],"rotation":{"angle":0.0,"axis":"y","origin":[8.0,6.5,8.5]},"faces":{"north":{"uv":[2.0,6.125,2.5,6.375],"texture":"#0"},"east":{"uv":[2.0,6.125,2.5,6.375],"texture":"#0"},"south":{"uv":[2.0,6.125,2.5,6.375],"texture":"#0"},"west":{"uv":[2.0,6.125,2.5,6.375],"texture":"#0"},"up":{"uv":[2.375,4.625,2.5,4.75],"texture":"#0"},"down":{"uv":[2.375,4.625,2.5,4.75],"texture":"#0"}}},{"from":[8.0,-6.75,6.5],"to":[8.0,-1.75,9.5],"rotation":{"angle":0.0,"axis":"y","origin":[8.0,1.0,10.0]},"faces":{"north":{"uv":[2.0,6.125,2.5,6.375],"texture":"#0"},"east":{"uv":[1.625,6.0,2.0,6.625],"texture":"#0"},"south":{"uv":[2.0,6.125,2.5,6.375],"texture":"#0"},"west":{"uv":[1.625,6.0,2.0,6.625],"texture":"#0"},"up":{"uv":[2.5,4.75,2.375,4.625],"rotation":270.0,"texture":"#0"},"down":{"uv":[2.5,4.75,2.375,4.625],"rotation":90.0,"texture":"#0"}}},{"from":[9.5,6.0,5.5],"to":[14.5,6.0,10.5],"rotation":{"angle":45.0,"axis":"z","origin":[10.5,5.0,8.0]},"faces":{"north":{"uv":[11.0,5.375,10.625,6.5],"texture":"#missing"},"east":{"uv":[10.625,5.375,11.0,6.5],"texture":"#missing"},"south":{"uv":[11.0,5.375,10.625,6.5],"texture":"#missing"},"west":{"uv":[10.625,5.375,11.0,6.5],"texture":"#missing"},"up":{"uv":[3.875,6.125,4.5,6.75],"texture":"#0"},"down":{"uv":[3.875,6.75,4.5,6.125],"texture":"#0"}}},{"from":[1.5,6.0,5.5],"to":[6.5,6.0,10.5],"rotation":{"angle":-45.0,"axis":"z","origin":[5.5,5.0,8.0]},"faces":{"north":{"uv":[10.625,5.375,11.0,6.5],"texture":"#missing"},"east":{"uv":[11.0,5.375,10.625,6.5],"texture":"#missing"},"south":{"uv":[10.625,5.375,11.0,6.5],"texture":"#missing"},"west":{"uv":[11.0,5.375,10.625,6.5],"texture":"#missing"},"up":{"uv":[4.5,6.125,3.875,6.75],"texture":"#0"},"down":{"uv":[4.5,6.75,3.875,6.125],"texture":"#0"}}},{"from":[5.5,4.75,3.48223],"to":[10.5,4.75,8.48223],"rotation":{"angle":45.0,"axis":"x","origin":[8.0,6.76777,8.0]},"faces":{"north":{"uv":[11.0,5.375,10.625,6.5],"texture":"#missing"},"east":{"uv":[10.625,5.375,11.0,6.5],"texture":"#missing"},"south":{"uv":[11.0,5.375,10.625,6.5],"texture":"#missing"},"west":{"uv":[10.625,5.375,11.0,6.5],"texture":"#missing"},"up":{"uv":[4.5,6.125,3.875,6.75],"rotation":90.0,"texture":"#0"},"down":{"uv":[4.5,6.75,3.875,6.125],"rotation":270.0,"texture":"#0"}}},{"from":[5.5,4.75,7.51777],"to":[10.5,4.75,12.51777],"rotation":{"angle":-45.0,"axis":"x","origin":[8.0,6.76777,8.0]},"faces":{"north":{"uv":[10.625,5.375,11.0,6.5],"texture":"#missing"},"east":{"uv":[11.0,5.375,10.625,6.5],"texture":"#missing"},"south":{"uv":[10.625,5.375,11.0,6.5],"texture":"#missing"},"west":{"uv":[11.0,5.375,10.625,6.5],"texture":"#missing"},"up":{"uv":[3.875,6.125,4.5,6.75],"rotation":90.0,"texture":"#0"},"down":{"uv":[3.875,6.75,4.5,6.125],"rotation":270.0,"texture":"#0"}}},{"from":[2.0,5.0,8.0],"to":[14.0,18.0,8.0],"rotation":{"angle":-22.5,"axis":"y","origin":[8.0,11.5,8.0]},"faces":{"north":{"uv":[2.5,4.625,4.0,6.25],"texture":"#0"},"east":{"uv":[11.0,5.375,10.625,6.5],"texture":"#missing"},"south":{"uv":[4.0,4.625,2.5,6.25],"texture":"#0"},"west":{"uv":[11.0,5.375,10.625,6.5],"texture":"#missing"},"up":{"uv":[10.5,3.625,10.125,4.0],"rotation":90.0,"texture":"#missing"},"down":{"uv":[10.5,4.0,10.125,4.375],"rotation":270.0,"texture":"#missing"}}},{"from":[8.0,5.0,2.0],"to":[8.0,18.0,14.0],"rotation":{"angle":-22.5,"axis":"y","origin":[8.0,11.5,8.0]},"faces":{"north":{"uv":[11.0,5.375,10.625,6.5],"texture":"#missing"},"east":{"uv":[4.0,4.625,2.5,6.25],"texture":"#0"},"south":{"uv":[11.0,5.375,10.625,6.5],"texture":"#missing"},"west":{"uv":[2.5,4.625,4.0,6.25],"texture":"#0"},"up":{"uv":[10.5,3.625,10.125,4.0],"texture":"#missing"},"down":{"uv":[10.5,4.0,10.125,4.375],"texture":"#missing"}}},{"from":[8.0,5.0,2.0],"to":[8.0,18.0,14.0],"rotation":{"angle":-22.5,"axis":"y","origin":[8.0,11.5,8.0]},"faces":{"north":{"uv":[11.0,5.375,10.625,6.5],"texture":"#missing"},"east":{"uv":[4.0,6.625,2.5,8.25],"texture":"#0","tintindex":0.0},"south":{"uv":[11.0,5.375,10.625,6.5],"texture":"#missing"},"west":{"uv":[2.5,6.625,4.0,8.25],"texture":"#0","tintindex":0.0},"up":{"uv":[10.5,3.625,10.125,4.0],"texture":"#missing"},"down":{"uv":[10.5,4.0,10.125,4.375],"texture":"#missing"}}},{"from":[2.0,5.0,8.0],"to":[14.0,18.0,8.0],"rotation":{"angle":-22.5,"axis":"y","origin":[8.0,11.5,8.0]},"faces":{"north":{"uv":[2.5,6.625,4.0,8.25],"texture":"#0","tintindex":0.0},"east":{"uv":[11.0,5.375,10.625,6.5],"texture":"#missing"},"south":{"uv":[4.0,6.625,2.5,8.25],"texture":"#0","tintindex":0.0},"west":{"uv":[11.0,5.375,10.625,6.5],"texture":"#missing"},"up":{"uv":[10.5,3.625,10.125,4.0],"rotation":90.0,"texture":"#missing"},"down":{"uv":[10.5,4.0,10.125,4.375],"rotation":270.0,"texture":"#missing"}}},{"from":[3.0,11.0,2.0],"to":[13.0,11.0,14.0],"rotation":{"angle":-22.5,"axis":"y","origin":[8.0,11.5,8.0]},"faces":{"north":{"uv":[11.0,5.375,10.625,6.5],"texture":"#missing"},"east":{"uv":[4.0,4.625,2.5,6.25],"texture":"#0"},"south":{"uv":[11.0,5.375,10.625,6.5],"texture":"#missing"},"west":{"uv":[2.5,4.625,4.0,6.25],"texture":"#0"},"up":{"uv":[1.625,6.25,0.375,7.75],"texture":"#0"},"down":{"uv":[1.625,7.75,0.375,6.25],"texture":"#0"}}},{"from":[3.0,11.0,2.0],"to":[13.0,11.0,14.0],"rotation":{"angle":-22.5,"axis":"y","origin":[8.0,11.5,8.0]},"faces":{"north":{"uv":[11.0,5.375,10.625,6.5],"texture":"#missing"},"east":{"uv":[4.0,4.625,2.5,6.25],"texture":"#0"},"south":{"uv":[11.0,5.375,10.625,6.5],"texture":"#missing"},"west":{"uv":[2.5,4.625,4.0,6.25],"texture":"#0"},"up":{"uv":[1.625,7.625,0.375,9.125],"texture":"#0","tintindex":0.0},"down":{"uv":[1.625,9.125,0.375,7.625],"texture":"#0","tintindex":0.0}}}],"gui_light":"front","display":{"thirdperson_righthand":{"rotation":[-106.75,-67.97,-152.84],"translation":[3.25,4.25,5.5],"scale":[1.04531,1.04531,1.04531]},"thirdperson_lefthand":{"rotation":[-106.75,-67.97,-152.84],"translation":[3.25,4.25,5.5],"scale":[1.04531,1.04531,1.04531]},"firstperson_righthand":{"rotation":[170.36,80.76,-179.66],"translation":[13.5,-1.5,-7.25],"scale":[0.67187,0.67187,0.67187]},"firstperson_lefthand":{"rotation":[33.91,-76.66,38.79],"translation":[13.5,-1.5,-7.25],"scale":[0.67187,0.67187,0.67187]},"ground":{"translation":[0.0,4.25,0.0],"scale":[0.43945,0.43945,0.43945]},"gui":{"rotation":[35.28,15.78,-42.35],"translation":[0.25,1.0,0.0],"scale":[0.8004,0.8004,0.8004]},"head":{"rotation":[0.0,3.25,0.0],"translation":[0.0,4.25,0.0],"scale":[1.6,1.6,1.6]}}}