{"textures":{"0":"mcc:island_cosmetics/accessory/offhand_2","particle":"mcc:island_cosmetics/accessory/offhand_2"},"credit":"Made with Blockbench","texture_size":[128.0,128.0],"elements":[{"from":[4.0,11.0,8.0],"to":[12.0,14.0,8.0],"rotation":{"angle":0.0,"axis":"y","origin":[7.82036,5.22804,7.88889]},"faces":{"north":{"uv":[7.5,14.25,8.5,14.625],"texture":"#0","tintindex":0.0},"east":{"uv":[2.0,1.375,2.125,1.75],"texture":"#missing","tintindex":0.0},"south":{"uv":[7.5,14.25,8.5,14.625],"texture":"#0","tintindex":0.0},"west":{"uv":[2.0,1.375,2.125,1.75],"texture":"#missing","tintindex":0.0},"up":{"uv":[2.0,1.375,3.0,1.5],"texture":"#missing","tintindex":0.0},"down":{"uv":[2.125,1.5,2.25,1.625],"texture":"#missing","tintindex":0.0}}},{"from":[4.0,11.0,8.0],"to":[12.0,14.0,8.0],"rotation":{"angle":0.0,"axis":"y","origin":[7.82036,5.22804,7.88889]},"faces":{"north":{"uv":[8.5,14.25,9.5,14.625],"texture":"#0"},"east":{"uv":[2.0,1.375,2.125,1.75],"texture":"#missing"},"south":{"uv":[9.5,14.25,8.5,14.625],"texture":"#0"},"west":{"uv":[2.0,1.375,2.125,1.75],"texture":"#missing"},"up":{"uv":[2.0,1.375,3.0,1.5],"texture":"#missing"},"down":{"uv":[2.125,1.5,2.25,1.625],"texture":"#missing"}}},{"from":[0.0,0.0,5.5],"to":[16.0,11.0,10.5],"rotation":{"angle":0.0,"axis":"y","origin":[7.82036,5.22804,7.88889]},"faces":{"north":{"uv":[7.5,11.625,9.5,13.0],"texture":"#0","tintindex":0.0},"east":{"uv":[9.5,11.625,10.125,13.0],"texture":"#0","tintindex":0.0},"south":{"uv":[7.5,11.625,9.5,13.0],"texture":"#0","tintindex":0.0},"west":{"uv":[9.5,11.625,10.125,13.0],"texture":"#0","tintindex":0.0},"up":{"uv":[7.5,13.0,9.5,13.625],"texture":"#0","tintindex":0.0},"down":{"uv":[7.5,13.625,9.5,14.25],"texture":"#0","tintindex":0.0}}},{"from":[10.8,-0.2,5.3],"to":[13.2,11.2,10.7],"rotation":{"angle":0.0,"axis":"y","origin":[7.82036,5.22804,7.88889]},"faces":{"north":{"uv":[9.5,13.0,9.75,14.375],"texture":"#0"},"east":{"uv":[10.25,15.875,10.375,16.0],"texture":"#0"},"south":{"uv":[9.75,13.0,9.5,14.375],"texture":"#0"},"west":{"uv":[10.25,15.875,10.375,16.0],"texture":"#0"},"up":{"uv":[9.75,13.0,10.0,13.625],"texture":"#0"},"down":{"uv":[9.75,13.625,10.0,14.25],"texture":"#0"}}},{"from":[2.8,-0.2,5.3],"to":[5.2,11.2,10.7],"rotation":{"angle":0.0,"axis":"y","origin":[7.82036,5.22804,7.88889]},"faces":{"north":{"uv":[9.5,13.0,9.75,14.375],"texture":"#0"},"east":{"uv":[10.25,15.875,10.375,16.0],"texture":"#0"},"south":{"uv":[9.75,13.0,9.5,14.375],"texture":"#0"},"west":{"uv":[10.25,15.875,10.375,16.0],"texture":"#0"},"up":{"uv":[9.75,13.0,10.0,13.625],"texture":"#0"},"down":{"uv":[9.75,13.625,10.0,14.25],"texture":"#0"}}},{"name":"cube inverted","from":[13.2,11.2,10.7],"to":[10.8,-0.2,5.3],"rotation":{"angle":0.0,"axis":"y","origin":[7.82036,5.22804,7.88889]},"faces":{"north":{"uv":[9.75,14.375,9.5,13.0],"texture":"#0"},"east":{"uv":[10.25,16.0,10.375,15.875],"texture":"#0"},"south":{"uv":[9.5,14.375,9.75,13.0],"texture":"#0"},"west":{"uv":[10.25,16.0,10.375,15.875],"texture":"#0"},"up":{"uv":[10.0,13.625,9.75,14.25],"texture":"#0"},"down":{"uv":[10.0,13.0,9.75,13.625],"texture":"#0"}}},{"name":"cube inverted","from":[5.2,11.2,10.7],"to":[2.8,-0.2,5.3],"rotation":{"angle":0.0,"axis":"y","origin":[7.82036,5.22804,7.88889]},"faces":{"north":{"uv":[9.75,14.375,9.5,13.0],"texture":"#0"},"east":{"uv":[10.25,16.0,10.375,15.875],"texture":"#0"},"south":{"uv":[9.5,14.375,9.75,13.0],"texture":"#0"},"west":{"uv":[10.25,16.0,10.375,15.875],"texture":"#0"},"up":{"uv":[10.0,13.625,9.75,14.25],"texture":"#0"},"down":{"uv":[10.0,13.0,9.75,13.625],"texture":"#0"}}}],"gui_light":"front","display":{"thirdperson_righthand":{"rotation":[-2.0,-90.0,-70.0],"translation":[0.0,-3.5,-3.25],"scale":[0.99062,0.99062,0.99062]},"thirdperson_lefthand":{"rotation":[-2.0,-90.0,-70.0],"translation":[0.0,-3.5,-3.25],"scale":[0.99062,0.99062,0.99062]},"firstperson_righthand":{"rotation":[-71.59,83.72,73.33],"translation":[10.75,-0.75,-5.75],"scale":[0.58594,0.58594,0.58594]},"firstperson_lefthand":{"rotation":[-71.59,83.72,73.33],"translation":[10.75,-0.75,-5.75],"scale":[0.58594,0.58594,0.58594]},"ground":{"translation":[0.0,4.25,0.0],"scale":[0.43945,0.43945,0.43945]},"gui":{"rotation":[19.33,41.78,9.85],"translation":[-0.25,1.75,0.0],"scale":[0.8004,0.8004,0.8004]},"head":{"rotation":[0.0,3.25,0.0],"translation":[0.0,4.25,0.0],"scale":[1.6,1.6,1.6]}}}