{"textures":{"0":"mcc:island_cosmetics/accessory/offhand_1","particle":"mcc:island_cosmetics/accessory/offhand_1"},"credit":"Made with Blockbench","texture_size":[128.0,128.0],"elements":[{"from":[4.5,-0.75,4.5],"to":[11.5,1.25,11.5],"rotation":{"angle":0.0,"axis":"y","origin":[7.89614,2.59071,8.09737]},"faces":{"north":{"uv":[3.5,7.5,4.375,7.75],"texture":"#0"},"east":{"uv":[3.5,7.5,4.375,7.75],"texture":"#0"},"south":{"uv":[3.5,7.5,4.375,7.75],"texture":"#0"},"west":{"uv":[3.5,7.5,4.375,7.75],"texture":"#0"},"up":{"uv":[3.5,7.5,4.375,7.75],"texture":"#0"},"down":{"uv":[2.375,8.75,3.25,9.625],"texture":"#0"}}},{"from":[4.5,3.875,4.5],"to":[11.5,6.875,11.5],"rotation":{"angle":0.0,"axis":"y","origin":[7.89614,2.59071,8.09737]},"faces":{"north":{"uv":[3.5,8.625,3.875,9.5],"rotation":90.0,"texture":"#0"},"east":{"uv":[3.5,8.625,3.875,9.5],"rotation":90.0,"texture":"#0"},"south":{"uv":[3.5,8.625,3.875,9.5],"rotation":90.0,"texture":"#0"},"west":{"uv":[3.5,8.625,3.875,9.5],"rotation":90.0,"texture":"#0"},"up":{"uv":[3.5,7.75,4.375,8.625],"rotation":90.0,"texture":"#0"},"down":{"uv":[2.375,8.75,3.25,9.625],"texture":"#0"}}},{"from":[4.4,0.655,4.4],"to":[11.6,1.855,11.6],"rotation":{"angle":0.0,"axis":"y","origin":[7.89614,2.59071,8.09737]},"faces":{"north":{"uv":[2.625,7.5,3.5,7.625],"texture":"#0"},"east":{"uv":[2.625,7.5,3.5,7.625],"texture":"#0"},"south":{"uv":[2.625,7.5,3.5,7.625],"texture":"#0"},"west":{"uv":[2.625,7.5,3.5,7.625],"texture":"#0"},"up":{"uv":[2.625,7.625,3.5,8.5],"texture":"#0"},"down":{"uv":[2.625,7.625,3.5,8.5],"texture":"#0"}}},{"from":[4.26903,1.49,4.59567],"to":[11.26903,2.49,11.59567],"rotation":{"angle":-22.5,"axis":"y","origin":[7.76903,2.74,8.09567]},"faces":{"north":{"uv":[3.875,8.625,4.75,8.75],"texture":"#0"},"east":{"uv":[3.875,8.625,4.75,8.75],"texture":"#0"},"south":{"uv":[3.875,8.625,4.75,8.75],"texture":"#0"},"west":{"uv":[3.875,8.625,4.75,8.75],"texture":"#0"},"up":{"uv":[3.875,8.625,4.75,9.5],"rotation":270.0,"texture":"#0"},"down":{"uv":[3.875,8.625,4.75,9.5],"rotation":90.0,"texture":"#0"}}},{"from":[4.27131,3.24,4.80374],"to":[11.27131,4.24,11.80374],"rotation":{"angle":-22.5,"axis":"y","origin":[7.77131,3.24,8.30374]},"faces":{"north":{"uv":[1.625,8.625,2.5,8.75],"texture":"#0"},"east":{"uv":[1.625,8.625,2.5,8.75],"texture":"#0"},"south":{"uv":[1.625,8.625,2.5,8.75],"texture":"#0"},"west":{"uv":[1.625,8.625,2.5,8.75],"texture":"#0"},"up":{"uv":[1.625,7.75,2.5,8.625],"texture":"#0"},"down":{"uv":[1.625,7.75,2.5,8.625],"texture":"#0"}}},{"from":[4.27131,2.24,4.80374],"to":[11.27131,3.24,11.80374],"rotation":{"angle":-22.5,"axis":"y","origin":[7.77131,3.24,8.30374]},"faces":{"north":{"uv":[2.5,8.625,3.375,8.75],"texture":"#0"},"east":{"uv":[3.375,8.625,2.5,8.75],"texture":"#0"},"south":{"uv":[2.5,8.625,3.375,8.75],"texture":"#0"},"west":{"uv":[2.5,8.625,3.375,8.75],"texture":"#0"},"up":{"uv":[2.0,7.125,2.125,7.25],"texture":"#0"},"down":{"uv":[2.0,7.125,2.125,7.25],"texture":"#0"}}},{"from":[4.46132,2.285,4.47844],"to":[11.46132,3.285,11.47844],"rotation":{"angle":22.5,"axis":"y","origin":[7.96132,2.035,7.97844]},"faces":{"north":{"uv":[4.375,8.5,5.25,8.625],"texture":"#0"},"east":{"uv":[4.375,8.5,5.25,8.625],"texture":"#0"},"south":{"uv":[4.375,8.5,5.25,8.625],"texture":"#0"},"west":{"uv":[4.375,8.5,5.25,8.625],"texture":"#0"},"up":{"uv":[4.375,7.625,5.25,8.5],"rotation":90.0,"texture":"#0"},"down":{"uv":[4.375,7.625,5.25,8.5],"rotation":270.0,"texture":"#0"}}}],"gui_light":"front","display":{"thirdperson_righthand":{"rotation":[-131.54,-46.91,179.96],"translation":[0.25,3.75,3.0],"scale":[0.85,0.85,0.85]},"thirdperson_lefthand":{"rotation":[-131.54,-46.91,179.96],"translation":[0.25,3.75,3.0],"scale":[0.85,0.85,0.85]},"firstperson_righthand":{"rotation":[3.0,112.0,-13.0],"translation":[8.75,1.75,-5.75],"scale":[0.62109,0.62109,0.62109]},"firstperson_lefthand":{"rotation":[3.0,112.0,-13.0],"translation":[8.75,1.75,-5.75],"scale":[0.62109,0.62109,0.62109]},"ground":{"translation":[0.0,4.25,0.0],"scale":[0.43945,0.43945,0.43945]},"gui":{"rotation":[-149.61,-31.92,-180.0],"translation":[-0.25,5.5,0.0],"scale":[1.23437,1.23437,1.23437]},"head":{"rotation":[0.0,3.25,0.0],"translation":[0.0,4.25,0.0],"scale":[1.6,1.6,1.6]}}}