{"textures":{"0":"mcc:island_cosmetics/accessory/offhand_2","particle":"mcc:island_cosmetics/accessory/offhand_2"},"credit":"Made with Blockbench","texture_size":[128.0,128.0],"elements":[{"from":[3.0,2.0,6.0],"to":[13.0,9.0,10.0],"rotation":{"angle":0.0,"axis":"y","origin":[8.0,8.0,8.0]},"faces":{"north":{"uv":[2.25,10.125,3.5,11.0],"texture":"#0"},"east":{"uv":[3.5,10.125,4.0,11.0],"texture":"#0"},"south":{"uv":[5.25,10.125,4.0,11.0],"texture":"#0"},"west":{"uv":[4.0,10.125,3.5,11.0],"texture":"#0"},"up":{"uv":[3.375,9.625,4.625,10.125],"texture":"#0"},"down":{"uv":[4.625,9.625,5.875,10.125],"texture":"#0"}}},{"from":[3.0,2.0,6.0],"to":[13.0,9.0,10.0],"rotation":{"angle":0.0,"axis":"y","origin":[8.0,8.0,8.0]},"faces":{"north":{"uv":[2.25,8.125,3.5,9.0],"texture":"#0","tintindex":0.0},"east":{"uv":[3.5,8.125,4.0,9.0],"texture":"#0","tintindex":0.0},"south":{"uv":[5.25,8.125,4.0,9.0],"texture":"#0","tintindex":0.0},"west":{"uv":[4.0,8.125,3.5,9.0],"texture":"#0","tintindex":0.0},"up":{"uv":[3.875,9.875,4.0,10.0],"texture":"#0","tintindex":0.0},"down":{"uv":[3.875,9.875,4.0,10.0],"texture":"#0","tintindex":0.0}}},{"from":[11.0,9.25,7.0],"to":[13.0,9.25,9.0],"rotation":{"angle":0.0,"axis":"y","origin":[8.0,8.0,8.0]},"faces":{"north":{"uv":[2.25,10.125,3.5,11.0],"texture":"#0"},"east":{"uv":[3.5,10.125,4.0,11.0],"texture":"#0"},"south":{"uv":[5.25,10.125,4.0,11.0],"texture":"#0"},"west":{"uv":[4.0,10.125,3.5,11.0],"texture":"#0"},"up":{"uv":[4.0,9.375,4.25,9.625],"texture":"#0"},"down":{"uv":[4.0,9.375,4.25,9.625],"texture":"#0"}}},{"from":[5.5,9.0,7.0],"to":[10.5,11.0,10.0],"rotation":{"angle":0.0,"axis":"y","origin":[8.5,8.0,8.0]},"faces":{"north":{"uv":[3.375,9.375,4.0,9.625],"texture":"#0"},"east":{"uv":[2.375,9.375,2.75,9.625],"texture":"#0"},"south":{"uv":[3.375,9.125,4.0,9.375],"texture":"#0"},"west":{"uv":[2.75,9.375,2.375,9.625],"texture":"#0"},"up":{"uv":[2.75,9.25,3.375,9.625],"texture":"#0"},"down":{"uv":[5.125,14.625,5.625,15.125],"texture":"#missing"}}},{"from":[6.0,3.0,1.0],"to":[10.0,7.0,6.0],"rotation":{"angle":0.0,"axis":"y","origin":[8.0,5.0,4.0]},"faces":{"north":{"uv":[2.125,10.125,2.25,10.25],"texture":"#0"},"east":{"uv":[2.25,9.625,2.875,10.125],"texture":"#0"},"south":{"uv":[2.75,10.0,2.875,10.125],"texture":"#0"},"west":{"uv":[2.25,9.625,2.875,10.125],"rotation":180.0,"texture":"#0"},"up":{"uv":[2.25,9.625,2.875,10.125],"rotation":270.0,"texture":"#0"},"down":{"uv":[2.25,9.625,2.875,10.125],"rotation":90.0,"texture":"#0"}}},{"from":[6.0,3.0,2.0],"to":[10.0,7.0,2.0],"rotation":{"angle":0.0,"axis":"y","origin":[8.0,5.0,4.0]},"faces":{"north":{"uv":[2.875,9.625,3.375,10.125],"texture":"#0"},"east":{"uv":[2.25,9.625,2.875,10.125],"texture":"#0"},"south":{"uv":[2.75,10.0,2.875,10.125],"texture":"#0"},"west":{"uv":[2.25,9.625,2.875,10.125],"rotation":180.0,"texture":"#0"},"up":{"uv":[2.25,9.625,2.875,10.125],"rotation":270.0,"texture":"#0"},"down":{"uv":[2.25,9.625,2.875,10.125],"rotation":90.0,"texture":"#0"}}},{"from":[5.9,2.9,0.9],"to":[10.1,7.1,3.1],"rotation":{"angle":0.0,"axis":"y","origin":[8.0,5.0,4.0]},"faces":{"north":{"uv":[2.125,9.875,2.25,10.0],"texture":"#0"},"east":{"uv":[2.625,9.625,2.875,10.125],"texture":"#0"},"south":{"uv":[2.125,9.875,2.25,10.0],"texture":"#0"},"west":{"uv":[2.625,9.625,2.875,10.125],"texture":"#0"},"up":{"uv":[2.625,9.625,2.875,10.125],"rotation":90.0,"texture":"#0"},"down":{"uv":[2.625,9.625,2.875,10.125],"rotation":90.0,"texture":"#0"}}},{"from":[5.9,2.9,3.9],"to":[10.1,7.1,5.1],"rotation":{"angle":0.0,"axis":"y","origin":[8.0,5.0,4.0]},"faces":{"north":{"uv":[2.125,9.875,2.25,10.0],"texture":"#0"},"east":{"uv":[2.625,9.625,2.875,10.125],"texture":"#0"},"south":{"uv":[2.125,9.875,2.25,10.0],"texture":"#0"},"west":{"uv":[2.625,9.625,2.875,10.125],"texture":"#0"},"up":{"uv":[2.625,9.625,2.875,10.125],"rotation":90.0,"texture":"#0"},"down":{"uv":[2.625,9.625,2.875,10.125],"rotation":90.0,"texture":"#0"}}},{"name":"cube inverted","from":[10.1,7.1,3.1],"to":[5.9,2.9,0.9],"rotation":{"angle":0.0,"axis":"y","origin":[8.0,5.0,4.0]},"faces":{"north":{"uv":[2.125,10.0,2.25,9.875],"texture":"#0"},"east":{"uv":[2.625,10.125,2.875,9.625],"texture":"#0"},"south":{"uv":[2.125,10.0,2.25,9.875],"texture":"#0"},"west":{"uv":[2.625,10.125,2.875,9.625],"texture":"#0"},"up":{"uv":[2.625,10.125,2.875,9.625],"rotation":90.0,"texture":"#0"},"down":{"uv":[2.625,10.125,2.875,9.625],"rotation":90.0,"texture":"#0"}}}],"gui_light":"front","display":{"thirdperson_righthand":{"rotation":[44.42,-16.18,-8.51],"translation":[1.25,2.0,2.5],"scale":[0.91055,0.91055,0.91055]},"thirdperson_lefthand":{"rotation":[44.42,-16.18,-8.51],"translation":[1.25,2.0,2.5],"scale":[0.91055,0.91055,0.91055]},"firstperson_righthand":{"rotation":[11.49,11.43,11.88],"translation":[11.75,-0.5,-7.25],"scale":[0.73828,0.73828,0.73828]},"firstperson_lefthand":{"rotation":[11.49,11.43,11.88],"translation":[11.75,-0.5,-7.25],"scale":[0.73828,0.73828,0.73828]},"ground":{"translation":[0.0,4.25,0.0],"scale":[0.43945,0.43945,0.43945]},"gui":{"rotation":[-150.11,-30.27,-177.95],"translation":[-0.25,2.25,0.0],"scale":[1.03477,1.03477,1.03477]},"head":{"rotation":[0.0,3.25,0.0],"translation":[0.0,4.25,0.0],"scale":[1.6,1.6,1.6]}}}