{"textures":{"0":"mcc:island_cosmetics/accessory/offhand_1","particle":"mcc:island_cosmetics/accessory/offhand_1"},"credit":"Made with Blockbench","texture_size":[128.0,128.0],"elements":[{"from":[0.0,0.0,5.5],"to":[16.0,11.0,10.5],"rotation":{"angle":0.0,"axis":"x","origin":[7.82036,5.22804,7.88889]},"faces":{"north":{"uv":[0.0,0.0,2.0,1.375],"texture":"#0"},"east":{"uv":[2.0,0.0,2.625,1.375],"texture":"#0"},"south":{"uv":[0.0,0.0,2.0,1.375],"texture":"#0"},"west":{"uv":[2.0,0.0,2.625,1.375],"texture":"#0"},"up":{"uv":[0.0,1.375,2.0,2.0],"texture":"#0"},"down":{"uv":[0.0,2.0,2.0,2.625],"texture":"#0"}}},{"from":[-3.73972,3.05993,7.75],"to":[4.26028,7.05993,7.75],"rotation":{"angle":-22.5,"axis":"z","origin":[8.82036,3.97804,7.88889]},"faces":{"north":{"uv":[2.625,0.0,3.125,1.0],"rotation":90.0,"texture":"#0"},"east":{"uv":[0.0,0.0,0.375,0.0],"rotation":270.0,"texture":"#missing"},"south":{"uv":[2.625,0.0,3.125,1.0],"rotation":270.0,"texture":"#0"},"west":{"uv":[0.0,0.0,0.375,0.0],"rotation":270.0,"texture":"#missing"},"up":{"uv":[0.0,0.0,0.0,0.875],"rotation":270.0,"texture":"#missing"},"down":{"uv":[0.0,0.0,0.0,0.875],"rotation":270.0,"texture":"#missing"}}},{"from":[-3.17462,1.59619,8.0],"to":[4.82538,5.59619,8.0],"rotation":{"angle":0.0,"axis":"z","origin":[8.82036,3.97804,7.88889]},"faces":{"north":{"uv":[2.625,0.0,3.125,1.0],"rotation":90.0,"texture":"#0"},"east":{"uv":[0.0,0.0,0.375,0.0],"rotation":270.0,"texture":"#missing"},"south":{"uv":[2.625,0.0,3.125,1.0],"rotation":270.0,"texture":"#0"},"west":{"uv":[0.0,0.0,0.375,0.0],"rotation":270.0,"texture":"#missing"},"up":{"uv":[0.0,0.0,0.0,0.875],"rotation":270.0,"texture":"#missing"},"down":{"uv":[0.0,0.0,0.0,0.875],"rotation":270.0,"texture":"#missing"}}},{"from":[4.25324,-5.26919,7.75],"to":[8.25324,2.73081,7.75],"rotation":{"angle":-45.0,"axis":"z","origin":[7.82036,5.22804,7.88889]},"faces":{"north":{"uv":[2.625,0.0,3.125,1.0],"rotation":180.0,"texture":"#0"},"east":{"uv":[0.0,0.0,0.0,0.875],"rotation":180.0,"texture":"#missing"},"south":{"uv":[2.625,0.0,3.125,1.0],"rotation":180.0,"texture":"#0"},"west":{"uv":[0.0,0.0,0.0,0.875],"rotation":180.0,"texture":"#missing"},"up":{"uv":[0.0,0.0,0.375,0.0],"rotation":180.0,"texture":"#missing"},"down":{"uv":[0.0,0.0,0.375,0.0],"rotation":180.0,"texture":"#missing"}}},{"from":[9.87013,1.5709,8.25],"to":[17.87013,5.5709,8.25],"rotation":{"angle":-22.5,"axis":"z","origin":[14.12013,2.3209,7.75]},"faces":{"north":{"uv":[3.125,0.0,2.625,1.0],"rotation":270.0,"texture":"#0"},"east":{"uv":[0.375,0.0,0.0,0.0],"rotation":90.0,"texture":"#missing"},"south":{"uv":[3.125,0.0,2.625,1.0],"rotation":90.0,"texture":"#0"},"west":{"uv":[0.375,0.0,0.0,0.0],"rotation":90.0,"texture":"#missing"},"up":{"uv":[0.0,0.0,0.0,0.875],"rotation":90.0,"texture":"#missing"},"down":{"uv":[0.0,0.0,0.0,0.875],"rotation":90.0,"texture":"#missing"}}},{"from":[8.11363,-3.83163,8.0],"to":[12.11363,4.16837,8.0],"rotation":{"angle":22.5,"axis":"z","origin":[7.82036,5.22804,7.88889]},"faces":{"north":{"uv":[2.625,0.0,3.125,1.0],"rotation":180.0,"texture":"#0"},"east":{"uv":[0.0,0.0,0.0,0.875],"rotation":180.0,"texture":"#missing"},"south":{"uv":[2.625,0.0,3.125,1.0],"rotation":180.0,"texture":"#0"},"west":{"uv":[0.0,0.0,0.0,0.875],"rotation":180.0,"texture":"#missing"},"up":{"uv":[0.0,0.0,0.375,0.0],"rotation":180.0,"texture":"#missing"},"down":{"uv":[0.0,0.0,0.375,0.0],"rotation":180.0,"texture":"#missing"}}},{"from":[6.43241,-2.91999,8.0],"to":[10.43241,5.08001,8.0],"rotation":{"angle":-45.0,"axis":"z","origin":[7.93241,1.58001,8.0]},"faces":{"north":{"uv":[2.625,0.0,3.125,1.0],"rotation":180.0,"texture":"#0"},"east":{"uv":[0.0,0.0,0.0,0.875],"rotation":180.0,"texture":"#missing"},"south":{"uv":[2.625,0.0,3.125,1.0],"rotation":180.0,"texture":"#0"},"west":{"uv":[0.0,0.0,0.0,0.875],"rotation":180.0,"texture":"#missing"},"up":{"uv":[0.0,0.0,0.375,0.0],"rotation":180.0,"texture":"#missing"},"down":{"uv":[0.0,0.0,0.375,0.0],"rotation":180.0,"texture":"#missing"}}},{"from":[9.5055,3.64763,7.75],"to":[17.5055,7.64763,7.75],"rotation":{"angle":0.0,"axis":"z","origin":[7.82036,5.22804,7.88889]},"faces":{"north":{"uv":[2.625,0.0,3.125,1.0],"rotation":270.0,"texture":"#0"},"east":{"uv":[0.0,0.0,0.375,0.0],"rotation":90.0,"texture":"#missing"},"south":{"uv":[2.625,0.0,3.125,1.0],"rotation":90.0,"texture":"#0"},"west":{"uv":[0.0,0.0,0.375,0.0],"rotation":90.0,"texture":"#missing"},"up":{"uv":[0.0,0.0,0.0,0.875],"rotation":90.0,"texture":"#missing"},"down":{"uv":[0.0,0.0,0.0,0.875],"rotation":90.0,"texture":"#missing"}}},{"from":[10.95325,4.41457,8.0],"to":[18.95325,8.41457,8.0],"rotation":{"angle":22.5,"axis":"z","origin":[7.82036,5.22804,7.88889]},"faces":{"north":{"uv":[2.625,0.0,3.125,1.0],"rotation":270.0,"texture":"#0"},"east":{"uv":[0.0,0.0,0.375,0.0],"rotation":90.0,"texture":"#missing"},"south":{"uv":[2.625,0.0,3.125,1.0],"rotation":90.0,"texture":"#0"},"west":{"uv":[0.0,0.0,0.375,0.0],"rotation":90.0,"texture":"#missing"},"up":{"uv":[0.0,0.0,0.0,0.875],"rotation":90.0,"texture":"#missing"},"down":{"uv":[0.0,0.0,0.0,0.875],"rotation":90.0,"texture":"#missing"}}},{"from":[4.0,11.0,8.0],"to":[12.0,14.0,8.0],"rotation":{"angle":0.0,"axis":"x","origin":[7.82036,5.22804,7.88889]},"faces":{"north":{"uv":[2.0,1.375,3.0,1.75],"texture":"#0"},"east":{"uv":[2.0,1.375,2.125,1.75],"texture":"#0"},"south":{"uv":[2.0,1.375,3.0,1.75],"texture":"#0"},"west":{"uv":[2.0,1.375,2.125,1.75],"texture":"#0"},"up":{"uv":[2.0,1.375,3.0,1.5],"texture":"#0"},"down":{"uv":[2.125,1.5,2.25,1.625],"texture":"#0"}}}],"gui_light":"front","display":{"thirdperson_righthand":{"rotation":[-2.0,-90.0,-70.0],"translation":[0.0,-3.5,-2.75],"scale":[0.77968,0.77968,0.77968]},"thirdperson_lefthand":{"rotation":[-2.0,-90.0,-70.0],"translation":[0.0,-3.5,-2.75],"scale":[0.77968,0.77968,0.77968]},"firstperson_righthand":{"rotation":[14.75,-67.5,25.0],"translation":[-0.12,3.7,2.88],"scale":[0.30305,0.30305,0.30305]},"firstperson_lefthand":{"rotation":[14.75,-67.5,25.0],"translation":[-0.12,3.7,2.88],"scale":[0.30305,0.30305,0.30305]},"ground":{"translation":[0.0,4.25,0.0],"scale":[0.43945,0.43945,0.43945]},"gui":{"rotation":[-163.06,-41.25,173.2],"translation":[-0.25,1.75,0.0],"scale":[0.75547,0.75547,0.75547]}}}