{"textures":{"0":"mcc:island_cosmetics/accessory/offhand_1","1":"mcc:island_cosmetics/accessory/chainsaw_anim","particle":"mcc:island_cosmetics/accessory/offhand_1"},"credit":"Made with Blockbench","elements":[{"from":[5.0,2.0,4.0],"to":[11.0,9.0,11.0],"rotation":{"angle":0.0,"axis":"x","origin":[7.66667,3.03452,6.79289]},"faces":{"north":{"uv":[9.375,5.25,10.25,6.0],"rotation":270.0,"texture":"#0","tintindex":0.0},"east":{"uv":[8.125,5.625,9.0,4.75],"rotation":180.0,"texture":"#0","tintindex":0.0},"south":{"uv":[8.625,5.875,8.75,6.0],"rotation":90.0,"texture":"#0","tintindex":0.0},"west":{"uv":[8.125,4.75,9.0,5.625],"texture":"#0","tintindex":0.0},"up":{"uv":[8.75,5.75,8.85,5.85],"rotation":90.0,"texture":"#0","tintindex":0.0},"down":{"uv":[8.5,5.625,9.375,6.375],"rotation":270.0,"texture":"#0","tintindex":0.0}}},{"from":[5.0,2.0,4.0],"to":[11.0,9.0,9.0],"rotation":{"angle":0.0,"axis":"x","origin":[7.66667,3.03452,6.79289]},"faces":{"north":{"uv":[8.5,4.25,8.625,4.375],"rotation":270.0,"texture":"#0"},"east":{"uv":[10.375,7.75,11.0,6.875],"rotation":180.0,"texture":"#0"},"south":{"uv":[8.5,4.25,8.625,4.375],"rotation":90.0,"texture":"#0"},"west":{"uv":[10.375,6.875,11.0,7.75],"texture":"#0"},"up":{"uv":[8.5,4.25,8.625,4.375],"rotation":90.0,"texture":"#0"},"down":{"uv":[11.0,6.875,11.625,7.625],"rotation":270.0,"texture":"#0"}}},{"from":[5.0,2.0,9.0],"to":[11.0,9.0,11.0],"rotation":{"angle":0.0,"axis":"x","origin":[7.66667,3.03452,6.79289]},"faces":{"north":{"uv":[8.5,4.25,8.625,4.375],"rotation":270.0,"texture":"#0"},"east":{"uv":[7.625,6.0,7.875,5.125],"rotation":180.0,"texture":"#0"},"south":{"uv":[7.625,6.0,8.5,6.75],"rotation":90.0,"texture":"#0"},"west":{"uv":[7.625,5.125,7.875,6.0],"texture":"#0"},"up":{"uv":[7.875,5.875,8.125,5.125],"rotation":90.0,"texture":"#0"},"down":{"uv":[10.125,6.75,10.375,7.5],"rotation":270.0,"texture":"#0"}}},{"from":[7.0,-10.0,5.0],"to":[9.0,2.0,10.0],"rotation":{"angle":0.0,"axis":"x","origin":[7.66667,3.03452,6.79289]},"faces":{"north":{"uv":[10.25,5.25,10.375,6.75],"rotation":180.0,"texture":"#0"},"east":{"uv":[10.25,5.25,10.875,6.75],"texture":"#0"},"south":{"uv":[10.625,5.25,10.75,6.75],"texture":"#0"},"west":{"uv":[10.25,5.25,10.875,6.75],"texture":"#0"},"up":{"uv":[6.75,2.875,7.5,3.625],"rotation":90.0,"texture":"#missing"},"down":{"uv":[10.25,6.625,10.75,6.75],"rotation":270.0,"texture":"#0"}}},{"from":[8.0,-11.0,4.0],"to":[8.0,2.0,11.0],"rotation":{"angle":0.0,"axis":"x","origin":[7.66667,3.03452,6.79289]},"faces":{"north":{"uv":[10.25,5.25,10.375,6.75],"rotation":180.0,"texture":"#0"},"east":{"uv":[14.0,0.0,7.0,13.0],"texture":"#1"},"south":{"uv":[10.625,5.25,10.75,6.75],"texture":"#0"},"west":{"uv":[7.0,0.0,14.0,13.0],"texture":"#1"},"up":{"uv":[6.75,2.875,7.5,3.625],"rotation":90.0,"texture":"#missing"},"down":{"uv":[10.25,6.625,10.75,6.75],"rotation":270.0,"texture":"#0"}}},{"from":[4.0,3.0,7.0],"to":[12.0,6.0,10.0],"rotation":{"angle":0.0,"axis":"x","origin":[7.66667,3.03452,6.79289]},"faces":{"north":{"uv":[9.25,5.125,9.375,5.25],"rotation":270.0,"texture":"#0"},"east":{"uv":[9.0,4.75,9.375,5.125],"rotation":180.0,"texture":"#0"},"south":{"uv":[9.25,5.125,9.375,5.25],"rotation":90.0,"texture":"#0"},"west":{"uv":[9.0,4.75,9.375,5.125],"texture":"#0"},"up":{"uv":[9.0,5.125,9.375,5.25],"rotation":90.0,"texture":"#0"},"down":{"uv":[9.0,5.125,9.375,5.25],"rotation":270.0,"texture":"#0"}}},{"from":[4.0,6.77788,2.53625],"to":[12.0,6.77788,8.53625],"rotation":{"angle":-45.0,"axis":"x","origin":[7.66667,3.03452,6.79289]},"faces":{"north":{"uv":[6.75,3.625,7.5,3.75],"rotation":180.0,"texture":"#1"},"east":{"uv":[5.875,2.875,6.625,3.75],"rotation":270.0,"texture":"#0"},"south":{"uv":[6.75,2.875,7.5,3.625],"rotation":90.0,"texture":"#1"},"west":{"uv":[5.875,2.875,6.625,3.75],"rotation":90.0,"texture":"#0"},"up":{"uv":[8.125,4.0,9.125,4.75],"rotation":180.0,"texture":"#0"},"down":{"uv":[8.125,4.0,9.125,4.75],"texture":"#0"}}},{"from":[5.0,9.0,4.0],"to":[11.0,12.0,9.0],"rotation":{"angle":0.0,"axis":"x","origin":[7.66667,3.03452,6.79289]},"faces":{"north":{"uv":[9.375,6.375,9.75,7.125],"rotation":270.0,"texture":"#0","tintindex":0.0},"east":{"uv":[9.375,6.375,10.0,6.0],"rotation":180.0,"texture":"#0","tintindex":0.0},"south":{"uv":[9.75,6.375,10.125,7.125],"rotation":90.0,"texture":"#0","tintindex":0.0},"west":{"uv":[9.375,6.0,10.0,6.375],"texture":"#0","tintindex":0.0},"up":{"uv":[8.75,6.375,9.375,7.125],"rotation":90.0,"texture":"#0","tintindex":0.0},"down":{"uv":[8.625,4.25,8.75,4.375],"rotation":270.0,"texture":"#0","tintindex":0.0}}}],"gui_light":"front","display":{"thirdperson_righthand":{"rotation":[90.0,0.0,0.0],"translation":[0.0,-2.5,4.5],"scale":[0.85,0.85,0.85]},"thirdperson_lefthand":{"rotation":[90.0,0.0,0.0],"translation":[0.0,-2.5,4.5],"scale":[0.85,0.85,0.85]},"firstperson_righthand":{"rotation":[128.84,-7.35,-5.16],"translation":[2.63,1.95,1.63],"scale":[0.3675,0.3675,0.3675]},"firstperson_lefthand":{"rotation":[128.84,-7.35,-5.16],"translation":[2.63,1.95,1.63],"scale":[0.3675,0.3675,0.3675]},"ground":{"translation":[0.0,4.25,0.0],"scale":[0.44531,0.44531,0.44531]},"gui":{"rotation":[132.31,32.8,49.51],"translation":[-2.5,-4.75,0.0],"scale":[0.75196,0.75196,0.75196]},"head":{"translation":[0.0,-30.5,0.0],"scale":[1.6,1.6,1.6]}}}