{"textures":{"1":"mcc:island_cosmetics/accessory/offhand_4","2":"mcc:island_cosmetics/accessory/cloud_fist","particle":"mcc:island_cosmetics/accessory/cloud_fist"},"credit":"Made with Blockbench","ambientocclusion":false,"texture_size":[32.0,32.0],"elements":[{"from":[5.0,4.0,5.0],"to":[11.0,22.0,11.0],"rotation":{"angle":0.0,"axis":"y","origin":[10.0,17.0,7.875]},"faces":{"north":{"uv":[9.5,3.5,6.5,12.5],"texture":"#2"},"east":{"uv":[10.0,3.5,13.0,12.5],"texture":"#2"},"south":{"uv":[9.5,3.5,6.5,12.5],"texture":"#2"},"west":{"uv":[10.0,3.5,13.0,12.5],"texture":"#2"},"down":{"uv":[16.0,11.5,15.25,12.25],"texture":"#1"}}},{"from":[7.0,2.0,4.0],"to":[13.0,8.0,10.0],"rotation":{"angle":0.0,"axis":"y","origin":[10.0,17.0,7.875]},"faces":{"north":{"uv":[15.25,9.375,16.0,10.125],"texture":"#1"},"east":{"uv":[15.25,9.375,16.0,10.125],"texture":"#1"},"south":{"uv":[15.25,9.375,16.0,10.125],"texture":"#1"},"west":{"uv":[15.25,9.375,16.0,10.125],"texture":"#1"},"up":{"uv":[15.25,10.125,16.0,10.875],"texture":"#1"},"down":{"uv":[14.5,10.125,15.25,10.875],"texture":"#1"}}},{"from":[4.0,0.0,7.0],"to":[9.0,5.0,12.0],"rotation":{"angle":0.0,"axis":"y","origin":[10.0,17.0,7.875]},"faces":{"north":{"uv":[14.625,9.5,15.25,10.125],"texture":"#1"},"east":{"uv":[14.625,9.5,15.25,10.125],"texture":"#1"},"south":{"uv":[14.625,9.5,15.25,10.125],"texture":"#1"},"west":{"uv":[14.625,9.5,15.25,10.125],"texture":"#1"},"up":{"uv":[14.625,11.375,15.25,12.0],"texture":"#1"},"down":{"uv":[15.375,10.875,16.0,11.5],"texture":"#1"}}},{"from":[3.0,6.0,9.0],"to":[7.0,10.0,13.0],"rotation":{"angle":0.0,"axis":"y","origin":[10.0,17.0,7.875]},"faces":{"north":{"uv":[14.75,9.0,15.25,9.5],"texture":"#1"},"east":{"uv":[14.75,9.0,15.25,9.5],"texture":"#1"},"south":{"uv":[14.75,9.0,15.25,9.5],"texture":"#1"},"west":{"uv":[14.75,9.0,15.25,9.5],"texture":"#1"},"up":{"uv":[14.75,8.5,15.25,9.0],"texture":"#1"},"down":{"uv":[14.875,10.875,15.375,11.375],"texture":"#1"}}},{"name":"cube inverted","from":[11.0,22.0,11.0],"to":[5.0,4.0,5.0],"rotation":{"angle":0.0,"axis":"y","origin":[10.0,17.0,7.875]},"faces":{"north":{"uv":[9.5,12.5,6.5,3.5],"texture":"#2"},"east":{"uv":[10.0,12.5,13.0,3.5],"texture":"#2"},"south":{"uv":[9.5,12.5,6.5,3.5],"texture":"#2"},"west":{"uv":[10.0,12.5,13.0,3.5],"texture":"#2"},"up":{"uv":[15.25,11.5,16.0,12.25],"texture":"#1"}}}],"gui_light":"front","display":{"thirdperson_righthand":{"rotation":[90.0,0.0,0.0],"translation":[0.0,-2.0,1.5],"scale":[0.86954,0.86954,0.86954]},"thirdperson_lefthand":{"rotation":[90.0,0.0,0.0],"translation":[0.0,-2.0,1.5],"scale":[0.86954,0.86954,0.86954]},"firstperson_righthand":{"rotation":[-75.81,-12.97,-174.59],"translation":[9.0,-1.0,-6.0],"scale":[0.63282,0.63282,0.63282]},"firstperson_lefthand":{"rotation":[154.27,79.81,-34.07],"translation":[9.0,-1.0,-6.0],"scale":[0.63282,0.63282,0.63282]},"ground":{"translation":[0.0,4.25,0.0],"scale":[0.43945,0.43945,0.43945]},"gui":{"rotation":[-40.17,-6.1,-38.75],"translation":[-1.25,-1.5,0.0],"scale":[0.76525,0.76525,0.76525]},"head":{"rotation":[0.0,3.25,0.0],"translation":[0.0,4.25,0.0],"scale":[1.6,1.6,1.6]}}}