{"textures":{"0":"mcc:island_cosmetics/accessory/offhand_4","particle":"mcc:island_cosmetics/accessory/offhand_4"},"credit":"Made with Blockbench","texture_size":[128.0,128.0],"elements":[{"from":[7.0,8.0,7.0],"to":[9.0,22.0,9.0],"rotation":{"angle":0.0,"axis":"y","origin":[8.0,-0.5,8.0]},"faces":{"north":{"uv":[13.875,0.5,14.125,2.25],"texture":"#0"},"east":{"uv":[14.125,0.5,13.875,2.25],"texture":"#0"},"south":{"uv":[13.875,0.5,14.125,2.25],"texture":"#0"},"west":{"uv":[14.125,0.5,13.875,2.25],"texture":"#0"},"up":{"uv":[7.875,2.0,8.125,2.25],"texture":"#0"},"down":{"uv":[7.875,2.0,8.125,2.25],"texture":"#0"}}},{"from":[3.0,22.0,4.0],"to":[13.0,30.0,12.0],"rotation":{"angle":0.0,"axis":"y","origin":[8.0,26.0,8.0]},"faces":{"north":{"uv":[11.625,2.25,10.375,3.25],"texture":"#0","tintindex":0.0},"east":{"uv":[7.625,2.25,7.875,5.625],"texture":"#0","tintindex":0.0},"south":{"uv":[11.625,2.25,10.375,3.25],"texture":"#0","tintindex":0.0},"west":{"uv":[7.625,2.25,7.875,5.625],"texture":"#0","tintindex":0.0},"up":{"uv":[11.875,4.5,10.625,3.5],"texture":"#0","tintindex":0.0},"down":{"uv":[13.125,4.5,11.875,3.5],"texture":"#0","tintindex":0.0}}},{"from":[13.0,21.0,3.0],"to":[16.0,31.0,13.0],"rotation":{"angle":0.0,"axis":"y","origin":[8.0,26.0,8.0]},"faces":{"north":{"uv":[11.625,2.25,12.0,3.5],"texture":"#0"},"east":{"uv":[13.25,2.25,12.0,3.5],"texture":"#0"},"south":{"uv":[12.0,2.25,11.625,3.5],"texture":"#0"},"west":{"uv":[14.875,2.25,13.625,3.5],"texture":"#0"},"up":{"uv":[13.625,2.25,13.25,3.5],"texture":"#0"},"down":{"uv":[13.625,2.25,13.25,3.5],"texture":"#0"}}},{"from":[0.0,21.0,3.0],"to":[3.0,31.0,13.0],"rotation":{"angle":0.0,"axis":"y","origin":[8.0,26.0,8.0]},"faces":{"north":{"uv":[12.0,2.25,11.625,3.5],"texture":"#0"},"east":{"uv":[14.875,2.25,13.625,3.5],"texture":"#0"},"south":{"uv":[11.625,2.25,12.0,3.5],"texture":"#0"},"west":{"uv":[13.25,2.25,12.0,3.5],"texture":"#0"},"up":{"uv":[13.25,3.5,13.625,2.25],"texture":"#0"},"down":{"uv":[13.25,3.5,13.625,2.25],"texture":"#0"}}},{"from":[6.5,0.0,6.5],"to":[9.5,8.0,9.5],"rotation":{"angle":0.0,"axis":"y","origin":[8.0,-0.5,8.0]},"faces":{"north":{"uv":[13.5,3.5,13.125,4.5],"texture":"#0","tintindex":0.0},"east":{"uv":[13.5,3.5,13.125,4.5],"texture":"#0","tintindex":0.0},"south":{"uv":[13.5,3.5,13.125,4.5],"texture":"#0","tintindex":0.0},"west":{"uv":[13.5,3.5,13.125,4.5],"texture":"#0","tintindex":0.0},"up":{"uv":[13.875,3.5,13.5,3.875],"texture":"#0","tintindex":0.0},"down":{"uv":[13.875,3.875,13.5,4.25],"texture":"#0","tintindex":0.0}}}],"gui_light":"front","display":{"thirdperson_righthand":{"rotation":[-120.47,-62.47,-134.69],"translation":[0.0,-2.0,2.0],"scale":[0.93398,0.93398,0.93398]},"thirdperson_lefthand":{"rotation":[-120.47,-62.47,-134.69],"translation":[0.0,-2.0,2.0],"scale":[0.93398,0.93398,0.93398]},"firstperson_righthand":{"rotation":[170.36,80.76,-179.66],"translation":[13.5,-1.5,-7.25],"scale":[0.67187,0.67187,0.67187]},"firstperson_lefthand":{"rotation":[33.91,-76.66,38.79],"translation":[13.5,-1.5,-7.25],"scale":[0.67187,0.67187,0.67187]},"ground":{"translation":[0.0,4.25,0.0],"scale":[0.43945,0.43945,0.43945]},"gui":{"rotation":[12.82,26.82,-49.15],"translation":[-4.0,-4.0,0.0],"scale":[0.50939,0.50939,0.50939]},"head":{"rotation":[0.0,3.25,0.0],"translation":[0.0,4.25,0.0],"scale":[1.6,1.6,1.6]}}}