{"textures":{"0":"mcc:island_cosmetics/accessory/offhand_1","1":"mcc:island_cosmetics/accessory/coffee_steam","particle":"mcc:island_cosmetics/accessory/offhand_1"},"credit":"Made with Blockbench","texture_size":[128.0,128.0],"elements":[{"from":[5.0,1.0,5.0],"to":[11.0,8.0,11.0],"faces":{"north":{"uv":[3.0,11.625,3.75,12.5],"texture":"#0","tintindex":0.0},"east":{"uv":[3.0,11.625,3.75,12.5],"texture":"#0","tintindex":0.0},"south":{"uv":[3.0,11.625,3.75,12.5],"texture":"#0","tintindex":0.0},"west":{"uv":[3.0,11.625,3.75,12.5],"texture":"#0","tintindex":0.0},"up":{"uv":[3.75,11.625,4.5,12.375],"texture":"#0"},"down":{"uv":[4.875,11.625,5.625,12.375],"texture":"#0","tintindex":0.0}}},{"from":[4.8,6.8,4.8],"to":[11.2,8.2,11.2],"faces":{"north":{"uv":[3.0,11.625,3.75,11.75],"texture":"#0","tintindex":0.0},"east":{"uv":[3.0,11.625,3.75,11.75],"texture":"#0","tintindex":0.0},"south":{"uv":[3.0,11.625,3.75,11.75],"texture":"#0","tintindex":0.0},"west":{"uv":[3.0,11.625,3.75,11.75],"texture":"#0","tintindex":0.0},"up":{"uv":[4.875,12.375,5.625,13.125],"texture":"#0","tintindex":0.0},"down":{"uv":[5.125,12.625,5.25,12.75],"texture":"#0","tintindex":0.0}}},{"from":[4.0,8.0,8.0],"to":[12.0,17.0,8.0],"faces":{"north":{"uv":[0.0,0.0,8.0,9.125],"texture":"#1"},"east":{"uv":[0.0,0.0,0.125,0.125],"texture":"#missing"},"south":{"uv":[8.0,0.0,0.0,9.125],"texture":"#1"},"west":{"uv":[0.0,0.0,0.125,0.125],"texture":"#missing"},"up":{"uv":[0.0,0.0,0.125,0.125],"texture":"#missing"},"down":{"uv":[0.0,0.0,0.125,0.125],"texture":"#missing"}}},{"from":[2.0,2.0,7.5],"to":[5.0,7.0,8.5],"faces":{"north":{"uv":[4.5,11.625,4.875,12.25],"texture":"#0","tintindex":0.0},"east":{"uv":[4.5,11.875,4.625,12.0],"rotation":180.0,"texture":"#0","tintindex":0.0},"south":{"uv":[4.875,11.625,4.5,12.25],"texture":"#0","tintindex":0.0},"west":{"uv":[4.75,11.625,4.875,12.25],"texture":"#0","tintindex":0.0},"up":{"uv":[4.5,11.625,4.875,11.75],"rotation":180.0,"texture":"#0","tintindex":0.0},"down":{"uv":[4.5,12.25,4.875,12.375],"rotation":180.0,"texture":"#0","tintindex":0.0}}},{"name":"cube inverted","from":[11.2,8.2,11.2],"to":[4.8,6.8,4.8],"faces":{"north":{"uv":[3.0,11.75,3.75,11.625],"texture":"#0","tintindex":0.0},"east":{"uv":[3.0,11.75,3.75,11.625],"texture":"#0","tintindex":0.0},"south":{"uv":[3.0,11.75,3.75,11.625],"texture":"#0","tintindex":0.0},"west":{"uv":[3.0,11.75,3.75,11.625],"texture":"#0","tintindex":0.0},"up":{"uv":[5.25,12.625,5.125,12.75],"texture":"#0","tintindex":0.0},"down":{"uv":[5.625,12.375,4.875,13.125],"texture":"#0","tintindex":0.0}}},{"name":"cube inverted","from":[5.0,7.0,8.5],"to":[2.0,2.0,7.5],"faces":{"north":{"uv":[4.875,12.25,4.5,11.625],"texture":"#0","tintindex":0.0},"east":{"uv":[4.75,12.25,4.875,11.625],"texture":"#0","tintindex":0.0},"south":{"uv":[4.5,12.25,4.875,11.625],"texture":"#0","tintindex":0.0},"west":{"uv":[4.5,12.0,4.625,11.875],"rotation":180.0,"texture":"#0","tintindex":0.0},"up":{"uv":[4.875,12.25,4.5,12.375],"rotation":180.0,"texture":"#0","tintindex":0.0},"down":{"uv":[4.875,11.625,4.5,11.75],"rotation":180.0,"texture":"#0","tintindex":0.0}}}],"gui_light":"front","display":{"thirdperson_righthand":{"rotation":[65.4,56.83,1.31],"translation":[2.5,4.0,2.5],"scale":[0.85,0.85,0.85]},"thirdperson_lefthand":{"rotation":[-110.26,-59.53,-178.5],"translation":[2.5,4.0,2.5],"scale":[0.85,0.85,0.85]},"firstperson_righthand":{"rotation":[-161.51,71.07,173.93],"translation":[1.13,4.2,1.63],"scale":[0.41438,0.41438,0.41438]},"firstperson_lefthand":{"rotation":[4.0,-77.12,-4.76],"translation":[1.13,4.2,1.63],"scale":[0.41438,0.41438,0.41438]},"ground":{"translation":[0.0,4.25,0.0],"scale":[0.43945,0.43945,0.43945]},"gui":{"rotation":[-158.78,-30.79,172.02],"translation":[-0.75,0.0,0.0],"scale":[0.9039,0.9039,0.9039]}}}