{"textures":{"0":"mcc:island_cosmetics/accessory/offhand_1","particle":"mcc:island_cosmetics/accessory/offhand_1"},"credit":"Made with Blockbench","texture_size":[128.0,128.0],"elements":[{"from":[6.5,-2.0,7.0],"to":[9.5,16.0,8.0],"rotation":{"angle":0.0,"axis":"y","origin":[8.0,5.5,8.0]},"faces":{"north":{"uv":[0.375,7.875,0.0,10.25],"texture":"#0"},"east":{"uv":[0.0,7.875,0.125,10.25],"texture":"#0"},"south":{"uv":[0.375,7.875,0.0,10.25],"texture":"#0"},"west":{"uv":[0.0,7.875,0.125,10.25],"texture":"#0"},"up":{"uv":[0.25,0.0,0.0,0.25],"texture":"#missing"},"down":{"uv":[3.5,3.75,3.25,4.0],"texture":"#0"}}},{"from":[5.5,-7.0,7.0],"to":[10.5,-2.0,9.0],"rotation":{"angle":0.0,"axis":"y","origin":[8.0,5.5,8.0]},"faces":{"north":{"uv":[0.875,6.75,0.25,7.375],"texture":"#0"},"east":{"uv":[0.625,7.375,0.375,8.0],"texture":"#0"},"south":{"uv":[0.875,6.75,0.25,7.375],"texture":"#0"},"west":{"uv":[0.375,7.375,0.625,8.0],"texture":"#0"},"up":{"uv":[0.875,6.75,0.25,6.875],"texture":"#0"},"down":{"uv":[0.875,7.25,1.5,7.5],"texture":"#0"}}},{"from":[3.5,16.0,7.0],"to":[12.5,27.0,9.0],"rotation":{"angle":0.0,"axis":"x","origin":[8.0,22.5,8.0]},"faces":{"north":{"uv":[1.125,5.375,0.0,6.75],"texture":"#0"},"east":{"uv":[0.0,5.375,1.375,5.125],"rotation":90.0,"texture":"#0"},"south":{"uv":[2.25,5.375,1.125,6.75],"texture":"#0"},"west":{"uv":[0.0,5.125,1.375,5.375],"rotation":90.0,"texture":"#0"},"up":{"uv":[2.0,6.75,0.875,7.0],"texture":"#0"},"down":{"uv":[2.0,7.0,0.875,7.25],"texture":"#0"}}}],"gui_light":"front","display":{"thirdperson_righthand":{"rotation":[0.0,90.0,0.0],"translation":[0.0,1.75,2.5],"scale":[1.01406,1.01406,1.01406]},"thirdperson_lefthand":{"rotation":[0.0,90.0,0.0],"translation":[0.0,1.75,2.5],"scale":[1.01406,1.01406,1.01406]},"firstperson_righthand":{"rotation":[-42.25,104.0,10.25],"translation":[2.38,2.7,1.13],"scale":[0.34993,0.34993,0.34993]},"firstperson_lefthand":{"rotation":[-42.25,104.0,10.25],"translation":[2.38,2.7,1.13],"scale":[0.34993,0.34993,0.34993]},"ground":{"translation":[0.0,4.25,0.0],"scale":[0.43945,0.43945,0.43945]},"gui":{"rotation":[-157.36,18.71,-138.82],"translation":[-1.0,-1.0,0.0],"scale":[0.56211,0.56211,0.56211]}}}