{"textures":{"0":"mcc:island_cosmetics/accessory/offhand_3","particle":"mcc:island_cosmetics/accessory/offhand_3"},"credit":"Made with Blockbench","ambientocclusion":false,"texture_size":[128.0,128.0],"elements":[{"from":[7.5,0.0,7.5],"to":[8.5,13.0,8.5],"rotation":{"angle":0.0,"axis":"y","origin":[9.5,17.0,7.375]},"faces":{"north":{"uv":[7.625,1.375,7.75,3.0],"texture":"#0"},"east":{"uv":[7.625,1.375,7.75,3.0],"texture":"#0"},"south":{"uv":[7.625,1.375,7.75,3.0],"texture":"#0"},"west":{"uv":[7.625,1.375,7.75,3.0],"texture":"#0"},"up":{"uv":[7.625,1.375,7.75,1.5],"texture":"#0"},"down":{"uv":[7.625,1.375,7.75,1.5],"texture":"#0"}}},{"from":[3.5,8.0,3.5],"to":[12.5,16.0,12.5],"rotation":{"angle":0.0,"axis":"y","origin":[9.5,17.0,7.375]},"faces":{"north":{"uv":[7.875,1.375,9.0,2.375],"texture":"#0","tintindex":0.0},"east":{"uv":[9.0,1.375,7.875,2.375],"texture":"#0","tintindex":0.0},"south":{"uv":[7.875,1.375,9.0,2.375],"texture":"#0","tintindex":0.0},"west":{"uv":[9.0,1.375,7.875,2.375],"texture":"#0","tintindex":0.0},"up":{"uv":[9.0,1.375,10.125,2.5],"texture":"#0","tintindex":0.0},"down":{"uv":[11.25,1.375,10.125,2.5],"texture":"#0","tintindex":0.0}}},{"from":[3.1,7.6,3.1],"to":[12.9,16.4,12.9],"rotation":{"angle":0.0,"axis":"y","origin":[9.5,17.0,7.375]},"faces":{"north":{"uv":[9.375,2.5,10.5,3.5],"texture":"#0","tintindex":0.0},"east":{"uv":[10.5,2.5,9.375,3.5],"texture":"#0","tintindex":0.0},"south":{"uv":[9.375,2.5,10.5,3.5],"texture":"#0","tintindex":0.0},"west":{"uv":[10.5,2.5,9.375,3.5],"texture":"#0","tintindex":0.0},"up":{"uv":[9.625,2.5,9.75,2.625],"texture":"#0","tintindex":0.0},"down":{"uv":[9.625,2.5,9.75,2.625],"texture":"#0","tintindex":0.0}}},{"from":[4.5,16.0,4.5],"to":[10.5,19.0,10.5],"rotation":{"angle":0.0,"axis":"y","origin":[9.5,17.0,7.375]},"faces":{"north":{"uv":[8.625,2.375,7.875,2.75],"texture":"#0","tintindex":0.0},"east":{"uv":[7.875,2.375,8.625,2.75],"texture":"#0","tintindex":0.0},"south":{"uv":[8.625,2.375,7.875,2.75],"texture":"#0","tintindex":0.0},"west":{"uv":[7.875,2.375,8.625,2.75],"texture":"#0","tintindex":0.0},"up":{"uv":[10.0,1.5,9.25,2.25],"texture":"#0","tintindex":0.0},"down":{"uv":[13.875,6.125,14.0,6.25],"texture":"#0","tintindex":0.0}}},{"from":[4.1,15.6,4.1],"to":[10.9,19.4,10.9],"rotation":{"angle":0.0,"axis":"y","origin":[9.5,17.0,7.375]},"faces":{"north":{"uv":[11.25,2.5,10.5,2.875],"texture":"#0","tintindex":0.0},"east":{"uv":[10.5,2.5,11.25,2.875],"texture":"#0","tintindex":0.0},"south":{"uv":[11.25,2.5,10.5,2.875],"texture":"#0","tintindex":0.0},"west":{"uv":[10.5,2.5,11.25,2.875],"texture":"#0","tintindex":0.0},"up":{"uv":[10.5,2.875,11.25,3.625],"texture":"#0","tintindex":0.0},"down":{"uv":[13.875,6.125,14.0,6.25],"texture":"#0","tintindex":0.0}}},{"from":[5.5,6.0,5.5],"to":[11.5,9.0,11.5],"rotation":{"angle":0.0,"axis":"y","origin":[9.5,17.0,7.375]},"faces":{"north":{"uv":[8.625,2.375,7.875,2.75],"texture":"#0","tintindex":0.0},"east":{"uv":[7.875,2.375,8.625,2.75],"texture":"#0","tintindex":0.0},"south":{"uv":[8.625,2.375,7.875,2.75],"texture":"#0","tintindex":0.0},"west":{"uv":[7.875,2.375,8.625,2.75],"texture":"#0","tintindex":0.0},"up":{"uv":[10.0,1.5,9.25,2.25],"texture":"#0","tintindex":0.0},"down":{"uv":[8.625,2.5,9.375,3.25],"texture":"#0","tintindex":0.0}}},{"name":"cube inverted","from":[12.9,16.4,12.9],"to":[3.1,7.6,3.1],"rotation":{"angle":0.0,"axis":"y","origin":[9.5,17.0,7.375]},"faces":{"north":{"uv":[9.375,3.5,10.5,2.5],"texture":"#0","tintindex":0.0},"east":{"uv":[10.5,3.5,9.375,2.5],"texture":"#0","tintindex":0.0},"south":{"uv":[9.375,3.5,10.5,2.5],"texture":"#0","tintindex":0.0},"west":{"uv":[10.5,3.5,9.375,2.5],"texture":"#0","tintindex":0.0},"up":{"uv":[9.75,2.5,9.625,2.625],"texture":"#0","tintindex":0.0},"down":{"uv":[9.75,2.5,9.625,2.625],"texture":"#0","tintindex":0.0}}},{"name":"cube inverted","from":[10.9,19.4,10.9],"to":[4.1,15.6,4.1],"rotation":{"angle":0.0,"axis":"y","origin":[9.5,17.0,7.375]},"faces":{"north":{"uv":[11.25,2.875,10.5,2.5],"texture":"#0","tintindex":0.0},"east":{"uv":[10.5,2.875,11.25,2.5],"texture":"#0","tintindex":0.0},"south":{"uv":[11.25,2.875,10.5,2.5],"texture":"#0","tintindex":0.0},"west":{"uv":[10.5,2.875,11.25,2.5],"texture":"#0","tintindex":0.0},"up":{"uv":[14.0,6.125,13.875,6.25],"texture":"#0","tintindex":0.0},"down":{"uv":[11.25,2.875,10.5,3.625],"texture":"#0","tintindex":0.0}}}],"gui_light":"front","display":{"thirdperson_righthand":{"rotation":[29.81,-16.51,-8.9],"translation":[1.0,4.0,3.0],"scale":[0.93789,0.93789,0.93789]},"thirdperson_lefthand":{"rotation":[29.81,-16.51,-8.9],"translation":[1.0,4.0,3.0],"scale":[0.93789,0.93789,0.93789]},"firstperson_righthand":{"rotation":[-25.04,-2.43,-0.43],"translation":[10.5,-0.25,-7.25],"scale":[0.66602,0.66602,0.66602]},"firstperson_lefthand":{"rotation":[-25.04,-2.43,-0.43],"translation":[10.5,-0.25,-7.25],"scale":[0.66602,0.66602,0.66602]},"ground":{"translation":[0.0,4.25,0.0],"scale":[0.43945,0.43945,0.43945]},"gui":{"rotation":[-130.08,-33.03,-135.96],"translation":[-2.0,-1.75,0.0],"scale":[0.8336,0.83751,0.8336]},"head":{"rotation":[0.0,3.25,0.0],"translation":[0.0,4.25,0.0],"scale":[1.6,1.6,1.6]}}}