{"textures":{"0":"mcc:island_cosmetics/accessory/offhand_1","particle":"mcc:island_cosmetics/accessory/offhand_1"},"credit":"Made with Blockbench","texture_size":[128.0,128.0],"elements":[{"from":[7.0,-7.0,7.0],"to":[8.0,19.0,10.0],"faces":{"north":{"uv":[11.75,6.5,11.875,9.75],"texture":"#0"},"east":{"uv":[11.75,6.5,12.125,9.75],"texture":"#0"},"south":{"uv":[11.75,6.5,11.875,9.75],"texture":"#0"},"west":{"uv":[11.75,6.5,12.125,9.75],"texture":"#0"},"up":{"uv":[11.75,6.5,11.875,6.625],"texture":"#0"},"down":{"uv":[11.75,6.5,11.875,6.625],"texture":"#0"}}},{"from":[7.0,-7.0,7.0],"to":[8.0,19.0,10.0],"faces":{"north":{"uv":[4.625,11.25,7.875,11.375],"rotation":90.0,"texture":"#0","tintindex":0.0},"east":{"uv":[4.625,11.25,7.875,11.625],"rotation":90.0,"texture":"#0","tintindex":0.0},"south":{"uv":[4.625,11.25,7.875,11.375],"rotation":90.0,"texture":"#0","tintindex":0.0},"west":{"uv":[4.625,11.25,7.875,11.625],"rotation":90.0,"texture":"#0","tintindex":0.0},"up":{"uv":[7.75,10.0,7.875,10.125],"rotation":90.0,"texture":"#0","tintindex":0.0},"down":{"uv":[7.75,10.0,7.875,10.125],"rotation":90.0,"texture":"#0","tintindex":0.0}}},{"from":[5.0,15.0,7.0],"to":[7.0,19.0,10.0],"faces":{"north":{"uv":[4.0,9.75,4.125,9.875],"texture":"#0"},"east":{"uv":[4.0,9.75,4.125,9.875],"texture":"#0"},"south":{"uv":[4.0,9.75,4.125,9.875],"texture":"#0"},"west":{"uv":[5.25,9.375,5.625,9.875],"texture":"#0"},"up":{"uv":[5.25,9.0,5.5,9.375],"texture":"#0"},"down":{"uv":[4.0,9.75,4.125,9.875],"texture":"#0"}}},{"from":[12.91351,-6.25071,7.0],"to":[15.91351,-6.25071,10.0],"rotation":{"angle":-45.0,"axis":"z","origin":[9.41351,-0.00071,8.5]},"faces":{"north":{"uv":[0.0,0.0,0.125,0.125],"texture":"#missing"},"east":{"uv":[0.0,0.0,0.125,0.125],"texture":"#missing"},"south":{"uv":[0.0,0.0,0.125,0.125],"texture":"#missing"},"west":{"uv":[0.0,0.0,0.125,0.125],"texture":"#missing"},"up":{"uv":[5.25,8.625,5.625,9.0],"texture":"#0"},"down":{"uv":[5.25,8.625,5.625,9.0],"texture":"#0"}}},{"name":"cube inverted","from":[7.0,19.0,10.0],"to":[5.0,15.0,7.0],"faces":{"north":{"uv":[4.0,9.875,4.125,9.75],"texture":"#0"},"east":{"uv":[5.25,9.875,5.625,9.375],"texture":"#0"},"south":{"uv":[4.0,9.875,4.125,9.75],"texture":"#0"},"west":{"uv":[4.0,9.875,4.125,9.75],"texture":"#0"},"up":{"uv":[4.125,9.75,4.0,9.875],"texture":"#0"},"down":{"uv":[5.5,9.0,5.25,9.375],"texture":"#0"}}}],"gui_light":"front","display":{"thirdperson_righthand":{"rotation":[-83.21,-74.68,-129.63],"translation":[0.5,2.5,5.5],"scale":[0.93203,0.93203,0.93203]},"thirdperson_lefthand":{"rotation":[125.42,77.17,-81.13],"translation":[-0.25,3.0,5.75],"scale":[0.93203,0.93203,0.93203]},"firstperson_righthand":{"rotation":[5.48,-78.23,-9.01],"translation":[2.38,4.45,1.63],"scale":[0.44758,0.44758,0.44758]},"firstperson_lefthand":{"rotation":[-160.87,75.9,174.96],"translation":[2.38,4.45,1.63],"scale":[0.44758,0.44758,0.44758]},"ground":{"translation":[0.0,4.25,0.0],"scale":[0.43945,0.43945,0.43945]},"gui":{"rotation":[171.9,22.66,-137.52],"translation":[0.75,1.5,0.0],"scale":[0.66952,0.67343,0.67343]}}}