{"textures":{"0":"mcc:island_cosmetics/accessory/offhand_3","particle":"mcc:island_cosmetics/accessory/offhand_3"},"credit":"Made with Blockbench","texture_size":[128.0,128.0],"elements":[{"from":[7.0,-6.0,7.0],"to":[9.0,2.0,9.0],"rotation":{"angle":0.0,"axis":"y","origin":[9.0,17.0,6.875]},"faces":{"north":{"uv":[8.75,9.375,8.5,10.375],"texture":"#0"},"east":{"uv":[8.75,9.375,8.5,10.375],"texture":"#0"},"south":{"uv":[8.75,9.375,8.5,10.375],"texture":"#0"},"west":{"uv":[8.75,9.375,8.5,10.375],"texture":"#0"},"up":{"uv":[8.625,9.375,8.75,9.5],"texture":"#0"},"down":{"uv":[8.625,9.375,8.75,9.5],"texture":"#0"}}},{"from":[7.0,-6.0,7.0],"to":[9.0,2.0,9.0],"rotation":{"angle":0.0,"axis":"y","origin":[9.0,17.0,6.875]},"faces":{"north":{"uv":[8.75,11.75,8.5,12.75],"texture":"#0","tintindex":0.0},"east":{"uv":[8.75,11.75,8.5,12.75],"texture":"#0","tintindex":0.0},"south":{"uv":[8.75,11.75,8.5,12.75],"texture":"#0","tintindex":0.0},"west":{"uv":[8.75,11.75,8.5,12.75],"texture":"#0","tintindex":0.0},"up":{"uv":[8.625,11.75,8.75,11.875],"texture":"#0","tintindex":0.0},"down":{"uv":[8.625,11.75,8.75,11.875],"texture":"#0","tintindex":0.0}}},{"from":[6.5,-9.0,7.0],"to":[9.5,-6.0,9.0],"rotation":{"angle":0.0,"axis":"y","origin":[9.0,17.0,6.875]},"faces":{"north":{"uv":[8.875,10.375,8.5,10.75],"texture":"#0"},"east":{"uv":[9.125,11.0,8.875,11.375],"texture":"#0"},"south":{"uv":[8.875,10.375,8.5,10.75],"texture":"#0"},"west":{"uv":[9.125,11.0,8.875,11.375],"texture":"#0"},"up":{"uv":[9.25,10.75,8.875,11.0],"texture":"#0"},"down":{"uv":[9.25,10.75,8.875,11.0],"texture":"#0"}}},{"from":[5.5,2.0,8.0],"to":[15.5,21.0,8.0],"rotation":{"angle":0.0,"axis":"y","origin":[9.0,17.0,6.875]},"faces":{"north":{"uv":[10.0,8.0,8.75,10.375],"texture":"#0"},"east":{"uv":[5.0,10.5,4.75,13.0],"texture":"#missing"},"south":{"uv":[8.75,8.0,10.0,10.375],"texture":"#0"},"west":{"uv":[5.0,10.5,4.75,13.0],"texture":"#missing"},"up":{"uv":[5.5,12.0,5.625,12.125],"texture":"#missing"},"down":{"uv":[5.5,12.0,5.625,12.125],"texture":"#missing"}}},{"from":[3.9,-6.1,6.4],"to":[10.1,2.1,9.6],"rotation":{"angle":0.0,"axis":"y","origin":[9.0,17.0,6.875]},"faces":{"north":{"uv":[8.0,9.75,8.125,9.875],"texture":"#0"},"east":{"uv":[8.0,9.75,8.125,9.875],"texture":"#0"},"south":{"uv":[8.0,9.75,8.125,9.875],"texture":"#0"},"west":{"uv":[8.875,10.75,8.5,11.75],"texture":"#0"},"up":{"uv":[9.5,10.75,9.625,10.875],"texture":"#0"},"down":{"uv":[9.625,10.375,8.875,10.75],"texture":"#0"}}},{"from":[3.9,-0.1,6.4],"to":[12.1,2.1,9.6],"rotation":{"angle":0.0,"axis":"y","origin":[9.0,17.0,6.875]},"faces":{"north":{"uv":[8.0,9.75,8.125,9.875],"texture":"#0"},"east":{"uv":[8.0,9.75,8.125,9.875],"texture":"#0"},"south":{"uv":[8.0,9.75,8.125,9.875],"texture":"#0"},"west":{"uv":[8.25,9.5,8.375,9.625],"texture":"#0"},"up":{"uv":[9.875,10.375,8.875,10.75],"texture":"#0"},"down":{"uv":[8.25,9.5,8.375,9.625],"texture":"#0"}}},{"name":"cube inverted","from":[10.1,2.1,9.6],"to":[3.9,-6.1,6.4],"rotation":{"angle":0.0,"axis":"y","origin":[9.0,17.0,6.875]},"faces":{"north":{"uv":[8.0,9.875,8.125,9.75],"texture":"#0"},"east":{"uv":[8.875,11.75,8.5,10.75],"texture":"#0"},"south":{"uv":[8.0,9.875,8.125,9.75],"texture":"#0"},"west":{"uv":[8.0,9.875,8.125,9.75],"texture":"#0"},"up":{"uv":[8.875,10.375,9.625,10.75],"texture":"#0"},"down":{"uv":[9.625,10.75,9.5,10.875],"texture":"#0"}}},{"name":"cube inverted","from":[12.1,2.1,9.6],"to":[3.9,-0.1,6.4],"rotation":{"angle":0.0,"axis":"y","origin":[9.0,17.0,6.875]},"faces":{"north":{"uv":[8.0,9.875,8.125,9.75],"texture":"#0"},"east":{"uv":[8.25,9.625,8.375,9.5],"texture":"#0"},"south":{"uv":[8.0,9.875,8.125,9.75],"texture":"#0"},"west":{"uv":[8.0,9.875,8.125,9.75],"texture":"#0"},"up":{"uv":[8.375,9.5,8.25,9.625],"texture":"#0"},"down":{"uv":[8.875,10.375,9.875,10.75],"texture":"#0"}}}],"gui_light":"front","display":{"thirdperson_righthand":{"rotation":[-136.51,-89.69,-148.79],"translation":[0.0,7.75,4.5],"scale":[0.96719,0.96719,0.96719]},"thirdperson_lefthand":{"rotation":[58.04,74.47,-46.88],"translation":[2.25,7.25,4.5],"scale":[0.96719,0.96719,0.96719]},"firstperson_righthand":{"rotation":[54.3,-72.72,57.42],"translation":[10.75,2.75,-7.25],"scale":[0.57617,0.57617,0.57617]},"firstperson_lefthand":{"rotation":[-149.89,76.93,137.17],"translation":[10.5,4.0,-7.25],"scale":[0.57617,0.57617,0.57617]},"ground":{"translation":[0.0,4.25,0.0],"scale":[0.43945,0.43945,0.43945]},"gui":{"rotation":[4.45,34.89,-44.07],"translation":[0.25,2.25,0.0],"scale":[0.66368,0.66368,0.66368]},"head":{"rotation":[0.0,3.25,0.0],"translation":[0.0,4.25,0.0],"scale":[1.6,1.6,1.6]}}}