{"textures":{"0":"mcc:island_cosmetics/accessory/offhand_3","particle":"mcc:island_cosmetics/accessory/offhand_3"},"credit":"Made with Blockbench","ambientocclusion":false,"texture_size":[128.0,128.0],"elements":[{"from":[5.0,10.0,7.0],"to":[11.0,16.0,13.0],"rotation":{"angle":45.0,"axis":"x","origin":[8.0,12.0,8.0]},"faces":{"north":{"uv":[7.875,4.625,7.125,5.375],"texture":"#0","tintindex":0.0},"east":{"uv":[7.125,4.625,7.875,5.375],"texture":"#0","tintindex":0.0},"south":{"uv":[7.875,4.625,7.125,5.375],"texture":"#0","tintindex":0.0},"west":{"uv":[7.125,4.625,7.875,5.375],"texture":"#0","tintindex":0.0},"up":{"uv":[7.125,4.0,6.375,4.75],"texture":"#0","tintindex":0.0},"down":{"uv":[4.75,4.375,4.875,4.5],"texture":"#0","tintindex":0.0}}},{"from":[4.0,7.0,2.0],"to":[12.0,11.0,12.0],"faces":{"north":{"uv":[4.125,4.875,5.125,5.375],"texture":"#0","tintindex":0.0},"east":{"uv":[5.125,4.875,6.375,5.375],"texture":"#0","tintindex":0.0},"south":{"uv":[4.125,4.875,5.125,5.375],"texture":"#0","tintindex":0.0},"west":{"uv":[6.375,4.875,5.125,5.375],"texture":"#0","tintindex":0.0},"up":{"uv":[5.375,3.625,6.375,4.875],"texture":"#0","tintindex":0.0},"down":{"uv":[5.375,3.625,4.375,4.875],"texture":"#0","tintindex":0.0}}},{"from":[7.25,5.0,-2.75],"to":[7.25,10.0,1.25],"rotation":{"angle":22.5,"axis":"y","origin":[8.0,8.0,7.0]},"faces":{"north":{"uv":[1.75,5.125,3.0,5.375],"texture":"#0"},"east":{"uv":[3.875,4.25,4.375,4.875],"texture":"#0"},"south":{"uv":[3.0,5.125,1.75,5.375],"texture":"#0"},"west":{"uv":[4.375,4.25,3.875,4.875],"texture":"#0"},"up":{"uv":[2.625,4.125,3.875,5.125],"texture":"#0"},"down":{"uv":[2.625,4.125,3.875,5.125],"texture":"#0"}}},{"from":[8.75,5.0,-2.75],"to":[8.75,10.0,1.25],"rotation":{"angle":-22.5,"axis":"y","origin":[8.0,8.0,7.0]},"faces":{"north":{"uv":[3.0,5.125,1.75,5.375],"texture":"#0"},"east":{"uv":[3.875,4.25,4.375,4.875],"texture":"#0"},"south":{"uv":[1.75,5.125,3.0,5.375],"texture":"#0"},"west":{"uv":[4.375,4.25,3.875,4.875],"texture":"#0"},"up":{"uv":[3.875,4.125,2.625,5.125],"texture":"#0"},"down":{"uv":[3.875,4.125,2.625,5.125],"texture":"#0"}}},{"from":[8.0,5.0,-2.0],"to":[8.0,10.0,2.0],"rotation":{"angle":0.0,"axis":"y","origin":[7.25,8.0,7.0]},"faces":{"north":{"uv":[3.0,5.125,1.75,5.375],"texture":"#0"},"east":{"uv":[3.875,4.25,4.375,4.875],"texture":"#0"},"south":{"uv":[1.75,5.125,3.0,5.375],"texture":"#0"},"west":{"uv":[4.375,4.25,3.875,4.875],"texture":"#0"},"up":{"uv":[3.875,4.125,2.625,5.125],"texture":"#0"},"down":{"uv":[3.875,4.125,2.625,5.125],"texture":"#0"}}}],"gui_light":"front","display":{"thirdperson_righthand":{"rotation":[46.25,0.0,0.0],"translation":[0.0,-2.75,-1.5],"scale":[1.00626,1.00626,1.00626]},"thirdperson_lefthand":{"rotation":[46.25,0.0,0.0],"translation":[0.0,-2.75,-1.5],"scale":[1.00626,1.00626,1.00626]},"firstperson_righthand":{"rotation":[50.99,12.43,19.66],"translation":[2.88,1.2,1.13],"scale":[0.52766,0.52766,0.52766]},"firstperson_lefthand":{"rotation":[50.99,12.43,19.66],"translation":[2.88,1.2,1.13],"scale":[0.52766,0.52766,0.52766]},"ground":{"translation":[0.0,4.25,0.0],"scale":[0.43945,0.43945,0.43945]},"gui":{"rotation":[-141.51,-34.24,-157.42],"translation":[-1.5,-0.25,0.0],"scale":[0.984,0.984,0.984]},"head":{"rotation":[0.0,3.25,0.0],"translation":[0.0,4.25,0.0],"scale":[1.6,1.6,1.6]}}}