{"textures":{"0":"mcc:island_cosmetics/accessory/offhand_3","particle":"mcc:island_cosmetics/accessory/offhand_3"},"credit":"Made with Blockbench","ambientocclusion":false,"texture_size":[128.0,128.0],"elements":[{"from":[9.5,3.0,4.5],"to":[11.5,6.0,11.5],"rotation":{"angle":0.0,"axis":"y","origin":[9.5,17.0,8.375]},"faces":{"north":{"uv":[8.5,0.0,8.25,0.375],"texture":"#0"},"east":{"uv":[8.5,0.0,7.625,0.375],"texture":"#0"},"south":{"uv":[8.25,0.0,8.5,0.375],"texture":"#0"},"west":{"uv":[8.75,0.625,7.875,1.0],"texture":"#0"},"up":{"uv":[7.625,0.0,7.75,0.125],"texture":"#0"},"down":{"uv":[7.625,0.375,7.875,1.25],"texture":"#0"}}},{"from":[6.5,3.0,9.5],"to":[9.5,6.0,11.5],"rotation":{"angle":0.0,"axis":"y","origin":[9.5,17.0,8.375]},"faces":{"north":{"uv":[8.125,0.625,8.5,1.0],"texture":"#0"},"east":{"uv":[12.375,3.125,11.5,3.875],"texture":"#missing"},"south":{"uv":[8.25,0.0,7.875,0.375],"texture":"#0"},"west":{"uv":[12.0,2.375,11.125,3.125],"texture":"#missing"},"up":{"uv":[7.625,0.0,7.75,0.125],"texture":"#0"},"down":{"uv":[8.25,0.625,7.875,0.375],"texture":"#0"}}},{"from":[6.5,3.0,4.5],"to":[9.5,6.0,6.5],"rotation":{"angle":0.0,"axis":"y","origin":[9.5,17.0,8.375]},"faces":{"north":{"uv":[8.25,0.0,7.875,0.375],"texture":"#0"},"east":{"uv":[12.375,3.125,11.5,3.875],"texture":"#missing"},"south":{"uv":[8.125,0.625,8.5,1.0],"texture":"#0"},"west":{"uv":[12.0,2.375,11.125,3.125],"texture":"#missing"},"up":{"uv":[7.625,0.0,7.75,0.125],"texture":"#0"},"down":{"uv":[7.875,0.375,8.25,0.625],"texture":"#0"}}},{"from":[4.5,3.0,4.5],"to":[6.5,6.0,11.5],"rotation":{"angle":0.0,"axis":"y","origin":[9.5,17.0,8.375]},"faces":{"north":{"uv":[8.25,0.0,8.5,0.375],"texture":"#0"},"east":{"uv":[8.75,0.625,7.875,1.0],"texture":"#0"},"south":{"uv":[8.5,0.0,8.25,0.375],"texture":"#0"},"west":{"uv":[8.5,0.0,7.625,0.375],"texture":"#0"},"up":{"uv":[7.625,0.0,7.75,0.125],"texture":"#0"},"down":{"uv":[7.875,0.375,7.625,1.25],"texture":"#0"}}},{"from":[4.3,2.8,4.3],"to":[11.7,6.2,11.7],"rotation":{"angle":0.0,"axis":"y","origin":[9.5,17.0,8.375]},"faces":{"north":{"uv":[9.375,0.0,8.5,0.375],"texture":"#0","tintindex":0.0},"east":{"uv":[9.375,0.0,8.5,0.375],"texture":"#0","tintindex":0.0},"south":{"uv":[9.375,0.0,8.5,0.375],"texture":"#0","tintindex":0.0},"west":{"uv":[9.375,0.0,8.5,0.375],"texture":"#0","tintindex":0.0},"up":{"uv":[9.625,0.375,8.75,1.25],"texture":"#0","tintindex":0.0},"down":{"uv":[8.5,0.5,8.625,0.625],"texture":"#0","tintindex":0.0}}},{"from":[4.5,6.25,4.5],"to":[11.5,6.25,11.5],"rotation":{"angle":0.0,"axis":"y","origin":[9.5,17.0,8.375]},"faces":{"north":{"uv":[9.375,0.0,8.5,0.375],"texture":"#0"},"east":{"uv":[9.375,0.0,8.5,0.375],"texture":"#0"},"south":{"uv":[9.375,0.0,8.5,0.375],"texture":"#0"},"west":{"uv":[9.375,0.0,8.5,0.375],"texture":"#0"},"up":{"uv":[10.5,0.375,9.625,1.25],"texture":"#0"},"down":{"uv":[10.5,1.25,9.625,0.375],"texture":"#0"}}}],"gui_light":"front","display":{"thirdperson_righthand":{"rotation":[-132.61,-34.12,165.93],"translation":[0.0,2.0,2.0],"scale":[1.00821,1.00821,1.00821]},"thirdperson_lefthand":{"rotation":[-132.61,-34.12,165.93],"translation":[0.0,2.0,2.0],"scale":[1.00821,1.00821,1.00821]},"firstperson_righthand":{"rotation":[-132.12,58.22,135.45],"translation":[8.25,2.0,-5.75],"scale":[0.89844,0.89844,0.89844]},"firstperson_lefthand":{"rotation":[-132.12,58.22,135.45],"translation":[8.25,2.0,-5.75],"scale":[0.89844,0.89844,0.89844]},"ground":{"translation":[0.0,4.25,0.0],"scale":[0.43945,0.43945,0.43945]},"gui":{"rotation":[-137.07,34.15,166.31],"translation":[-1.0,3.75,0.0],"scale":[1.31994,1.31994,1.31994]},"head":{"rotation":[0.0,3.25,0.0],"translation":[0.0,4.25,0.0],"scale":[1.6,1.6,1.6]}}}