{"textures":{"0":"mcc:island_cosmetics/accessory/offhand_1","1":"mcc:island_cosmetics/accessory/drill_anim","particle":"mcc:island_cosmetics/accessory/offhand_1"},"credit":"Made with Blockbench","texture_size":[128.0,128.0],"elements":[{"from":[4.0,12.0,4.0],"to":[12.0,19.0,12.0],"rotation":{"angle":0.0,"axis":"y","origin":[15.0,0.0,1.0]},"faces":{"north":{"uv":[1.625,12.5,2.625,13.375],"texture":"#0"},"east":{"uv":[1.625,12.5,2.625,13.375],"texture":"#0"},"south":{"uv":[1.625,12.5,2.625,13.375],"texture":"#0"},"west":{"uv":[1.625,12.5,2.625,13.375],"texture":"#0"},"up":{"uv":[2.75,14.625,3.75,15.625],"rotation":90.0,"texture":"#0","tintindex":0.0},"down":{"uv":[1.625,14.625,2.625,15.625],"rotation":90.0,"texture":"#0"}}},{"from":[4.0,12.0,4.0],"to":[12.0,19.0,12.0],"rotation":{"angle":0.0,"axis":"y","origin":[15.0,0.0,1.0]},"faces":{"north":{"uv":[3.5,12.5,4.5,13.375],"texture":"#0","tintindex":0.0},"east":{"uv":[3.5,12.5,4.5,13.375],"texture":"#0","tintindex":0.0},"south":{"uv":[3.5,12.5,4.5,13.375],"texture":"#0","tintindex":0.0},"west":{"uv":[3.5,12.5,4.5,13.375],"texture":"#0","tintindex":0.0},"up":{"uv":[1.875,12.625,2.0,12.75],"texture":"#0"},"down":{"uv":[1.875,12.625,2.0,12.75],"texture":"#0"}}},{"from":[5.5,11.75,10.0],"to":[10.5,17.75,13.0],"rotation":{"angle":0.0,"axis":"y","origin":[7.5,16.0,8.5]},"faces":{"north":{"uv":[3.125,13.125,3.25,13.25],"texture":"#0","tintindex":0.0},"east":{"uv":[3.375,13.375,3.0,14.125],"texture":"#0","tintindex":0.0},"south":{"uv":[2.375,13.375,3.0,14.125],"texture":"#0","tintindex":0.0},"west":{"uv":[3.0,13.375,3.375,14.125],"texture":"#0","tintindex":0.0},"up":{"uv":[2.75,12.75,3.125,13.375],"rotation":90.0,"texture":"#0","tintindex":0.0},"down":{"uv":[3.125,12.75,3.5,13.375],"rotation":270.0,"texture":"#0","tintindex":0.0}}},{"from":[5.5,11.75,3.0],"to":[10.5,17.75,6.0],"rotation":{"angle":0.0,"axis":"y","origin":[7.5,16.0,7.5]},"faces":{"north":{"uv":[3.0,13.375,2.375,14.125],"texture":"#0","tintindex":0.0},"east":{"uv":[3.0,13.375,3.375,14.125],"texture":"#0","tintindex":0.0},"south":{"uv":[3.125,13.125,3.25,13.25],"texture":"#0","tintindex":0.0},"west":{"uv":[3.375,13.375,3.0,14.125],"texture":"#0","tintindex":0.0},"up":{"uv":[3.125,12.75,2.75,13.375],"rotation":90.0,"texture":"#0","tintindex":0.0},"down":{"uv":[3.5,12.75,3.125,13.375],"rotation":270.0,"texture":"#0","tintindex":0.0}}},{"from":[4.75,2.92178,3.62045],"to":[11.25,12.92178,3.62045],"rotation":{"angle":-22.5,"axis":"x","origin":[8.0,13.92178,5.62045]},"faces":{"north":{"uv":[0.0,0.0,6.0,9.0],"texture":"#1"},"east":{"uv":[0.0,14.125,0.5,13.875],"rotation":90.0,"texture":"#0"},"south":{"uv":[0.0,0.0,6.0,9.0],"texture":"#1"},"west":{"uv":[0.0,14.125,0.5,13.875],"rotation":270.0,"texture":"#0"},"up":{"uv":[0.0,14.125,0.5,13.875],"texture":"#0"},"down":{"uv":[0.0,14.125,0.5,13.875],"rotation":180.0,"texture":"#0"}}},{"from":[4.75,2.92178,12.37955],"to":[11.25,12.92178,12.37955],"rotation":{"angle":22.5,"axis":"x","origin":[8.0,13.92178,10.37955]},"faces":{"north":{"uv":[0.0,0.0,6.0,9.0],"texture":"#1"},"east":{"uv":[0.0,13.875,0.5,14.125],"rotation":90.0,"texture":"#0"},"south":{"uv":[0.0,0.0,6.0,9.0],"texture":"#1"},"west":{"uv":[0.0,13.875,0.5,14.125],"rotation":270.0,"texture":"#0"},"up":{"uv":[0.0,13.875,0.5,14.125],"texture":"#0"},"down":{"uv":[0.0,13.875,0.5,14.125],"rotation":180.0,"texture":"#0"}}},{"from":[9.7842,3.35218,4.75],"to":[9.7842,13.35218,11.25],"rotation":{"angle":-22.5,"axis":"z","origin":[8.0,7.61314,8.0]},"faces":{"north":{"uv":[0.0,14.125,0.5,13.875],"rotation":270.0,"texture":"#0"},"east":{"uv":[0.0,0.0,6.0,9.0],"texture":"#1"},"south":{"uv":[0.0,14.125,0.5,13.875],"rotation":90.0,"texture":"#0"},"west":{"uv":[0.0,0.0,6.0,9.0],"texture":"#1"},"up":{"uv":[0.0,14.125,0.5,13.875],"rotation":90.0,"texture":"#0"},"down":{"uv":[0.0,14.125,0.5,13.875],"rotation":90.0,"texture":"#0"}}},{"from":[6.2158,3.35218,4.75],"to":[6.2158,13.35218,11.25],"rotation":{"angle":22.5,"axis":"z","origin":[8.0,7.61314,8.0]},"faces":{"north":{"uv":[0.0,13.875,0.5,14.125],"rotation":270.0,"texture":"#0"},"east":{"uv":[0.0,0.0,6.0,9.0],"texture":"#1"},"south":{"uv":[0.0,13.875,0.5,14.125],"rotation":90.0,"texture":"#0"},"west":{"uv":[0.0,0.0,6.0,9.0],"texture":"#1"},"up":{"uv":[0.0,13.875,0.5,14.125],"rotation":90.0,"texture":"#0"},"down":{"uv":[0.0,13.875,0.5,14.125],"rotation":90.0,"texture":"#0"}}}],"gui_light":"front","display":{"thirdperson_righthand":{"rotation":[-93.25,-89.0,176.75],"translation":[0.0,-2.0,-4.25],"scale":[0.85,0.85,0.85]},"thirdperson_lefthand":{"rotation":[-93.25,-89.0,176.75],"translation":[0.0,-2.0,-4.25],"scale":[0.85,0.85,0.85]},"firstperson_righthand":{"rotation":[129.68,21.44,-5.38],"translation":[0.38,4.7,1.13],"scale":[0.41438,0.41438,0.41438]},"firstperson_lefthand":{"rotation":[129.68,21.44,-5.38],"translation":[0.38,4.7,1.13],"scale":[0.41438,0.41438,0.41438]},"ground":{"translation":[0.0,4.25,0.0],"scale":[0.43945,0.43945,0.43945]},"gui":{"rotation":[45.57,29.69,123.3],"translation":[3.25,3.25,0.0],"scale":[0.86094,0.86094,0.86094]}}}