{"textures":{"0":"mcc:island_cosmetics/accessory/offhand_1","particle":"mcc:island_cosmetics/accessory/offhand_1"},"credit":"Made with Blockbench","texture_size":[128.0,128.0],"elements":[{"from":[6.0,12.0,6.0],"to":[10.0,14.0,10.0],"faces":{"north":{"uv":[0.0,13.875,0.5,14.125],"texture":"#0"},"east":{"uv":[0.0,13.875,0.5,14.125],"texture":"#0"},"south":{"uv":[0.0,13.875,0.5,14.125],"texture":"#0"},"west":{"uv":[0.0,13.875,0.5,14.125],"texture":"#0"},"up":{"uv":[0.0,13.375,0.5,13.875],"texture":"#0"},"down":{"uv":[0.5,13.375,1.0,13.875],"texture":"#0"}}},{"from":[6.0,0.0,6.0],"to":[10.0,2.0,10.0],"faces":{"north":{"uv":[0.0,13.875,0.5,14.125],"texture":"#0"},"east":{"uv":[0.0,13.875,0.5,14.125],"texture":"#0"},"south":{"uv":[0.0,13.875,0.5,14.125],"texture":"#0"},"west":{"uv":[0.0,13.875,0.5,14.125],"texture":"#0"},"up":{"uv":[0.0,13.375,0.5,13.875],"texture":"#0"},"down":{"uv":[0.5,13.375,1.0,13.875],"texture":"#0"}}},{"from":[4.0,14.0,8.0],"to":[12.0,22.0,8.0],"rotation":{"angle":0.0,"axis":"y","origin":[6.0,0.0,0.0]},"faces":{"north":{"uv":[1.0,14.125,0.0,15.125],"texture":"#0"},"east":{"uv":[0.0,0.0,0.125,0.125],"texture":"#missing"},"south":{"uv":[1.0,14.125,0.0,15.125],"texture":"#0"},"west":{"uv":[0.0,0.0,0.125,0.125],"texture":"#missing"},"up":{"uv":[0.0,0.0,0.125,0.125],"texture":"#missing"},"down":{"uv":[0.0,0.0,0.125,0.125],"texture":"#missing"}}},{"from":[7.0,2.0,7.0],"to":[9.0,12.0,9.0],"faces":{"north":{"uv":[1.0,12.875,1.25,14.125],"texture":"#0"},"east":{"uv":[1.0,12.875,1.25,14.125],"texture":"#0"},"south":{"uv":[1.0,12.875,1.25,14.125],"texture":"#0"},"west":{"uv":[1.0,12.875,1.25,14.125],"texture":"#0"},"up":{"uv":[1.25,12.875,1.375,13.0],"texture":"#0","tintindex":0.0},"down":{"uv":[1.25,12.875,1.375,13.0],"texture":"#0","tintindex":0.0}}},{"from":[7.0,2.0,7.0],"to":[9.0,12.0,9.0],"faces":{"north":{"uv":[1.25,12.875,1.5,14.125],"texture":"#0","tintindex":0.0},"east":{"uv":[1.25,12.875,1.5,14.125],"texture":"#0","tintindex":0.0},"south":{"uv":[1.25,12.875,1.5,14.125],"texture":"#0","tintindex":0.0},"west":{"uv":[1.25,12.875,1.5,14.125],"texture":"#0","tintindex":0.0},"up":{"uv":[1.25,12.875,1.375,13.0],"texture":"#0","tintindex":0.0},"down":{"uv":[1.25,12.875,1.375,13.0],"texture":"#0","tintindex":0.0}}}],"gui_light":"front","display":{"thirdperson_righthand":{"rotation":[178.5,-89.0,176.75],"translation":[0.0,0.5,2.75],"scale":[0.85,0.85,0.85]},"thirdperson_lefthand":{"rotation":[178.5,-89.0,176.75],"translation":[0.0,0.5,2.75],"scale":[0.85,0.85,0.85]},"firstperson_righthand":{"rotation":[-42.25,104.0,10.25],"translation":[2.88,2.2,1.13],"scale":[0.41438,0.41438,0.41438]},"firstperson_lefthand":{"rotation":[-42.25,104.0,10.25],"translation":[2.88,2.2,1.13],"scale":[0.41438,0.41438,0.41438]},"ground":{"translation":[0.0,4.25,0.0],"scale":[0.43945,0.43945,0.43945]},"gui":{"rotation":[175.59,-18.3,-132.84],"translation":[-1.5,-1.25,0.0],"scale":[0.74961,0.74961,0.74961]}}}