{"textures":{"0":"mcc:island_cosmetics/accessory/offhand_4","particle":"mcc:island_cosmetics/accessory/offhand_4"},"credit":"Made with Blockbench","texture_size":[128.0,128.0],"elements":[{"from":[6.5,0.0,7.0],"to":[9.5,27.0,9.0],"rotation":{"angle":0.0,"axis":"y","origin":[8.0,-0.5,8.0]},"faces":{"north":{"uv":[14.125,9.875,14.5,13.25],"texture":"#0"},"east":{"uv":[14.125,9.875,14.25,13.25],"texture":"#0"},"south":{"uv":[14.5,9.875,14.125,13.25],"texture":"#0"},"west":{"uv":[14.375,9.875,14.5,13.25],"texture":"#0"},"up":{"uv":[14.125,11.125,13.75,11.375],"texture":"#0"}}},{"from":[5.45,19.95,6.95],"to":[10.55,26.05,9.05],"rotation":{"angle":0.0,"axis":"y","origin":[7.0,-0.5,7.5]},"faces":{"north":{"uv":[13.5,12.375,14.125,13.125],"texture":"#0","tintindex":0.0},"east":{"uv":[13.375,12.375,13.125,13.125],"texture":"#0","tintindex":0.0},"south":{"uv":[14.125,12.375,13.5,13.125],"texture":"#0","tintindex":0.0},"west":{"uv":[13.375,12.375,13.125,13.125],"texture":"#0","tintindex":0.0},"up":{"uv":[13.125,12.875,12.5,13.125],"texture":"#0","tintindex":0.0},"down":{"uv":[13.125,12.5,12.5,12.75],"texture":"#0","tintindex":0.0}}},{"from":[-0.5,19.0,8.0],"to":[15.5,26.0,8.0],"rotation":{"angle":0.0,"axis":"y","origin":[7.0,-0.5,7.5]},"faces":{"north":{"uv":[12.125,11.5,14.125,12.375],"texture":"#0","tintindex":0.0},"east":{"uv":[9.25,3.375,9.75,4.375],"texture":"#0","tintindex":0.0},"south":{"uv":[14.125,11.5,12.125,12.375],"texture":"#0","tintindex":0.0},"west":{"uv":[9.25,3.375,9.75,4.375],"texture":"#0","tintindex":0.0},"up":{"uv":[9.75,3.125,10.25,3.625],"texture":"#0","tintindex":0.0},"down":{"uv":[9.75,3.125,10.25,3.625],"texture":"#0","tintindex":0.0}}},{"from":[6.5,0.0,7.0],"to":[9.5,8.0,9.0],"rotation":{"angle":0.0,"axis":"y","origin":[8.0,-0.5,8.0]},"faces":{"north":{"uv":[13.75,9.75,14.125,10.75],"texture":"#0","tintindex":0.0},"east":{"uv":[13.75,9.75,13.875,10.75],"texture":"#0","tintindex":0.0},"south":{"uv":[14.125,9.75,13.75,10.75],"texture":"#0","tintindex":0.0},"west":{"uv":[14.0,9.75,14.125,10.75],"texture":"#0","tintindex":0.0},"down":{"uv":[14.125,10.875,13.75,11.125],"texture":"#0","tintindex":0.0}}},{"from":[11.5,19.0,8.0],"to":[15.5,26.0,8.0],"rotation":{"angle":0.0,"axis":"y","origin":[7.0,-0.5,7.5]},"faces":{"north":{"uv":[13.25,10.5,13.75,11.375],"texture":"#0"},"east":{"uv":[9.25,3.375,9.75,4.375],"texture":"#0"},"south":{"uv":[13.75,10.5,13.25,11.375],"texture":"#0"},"west":{"uv":[9.25,3.375,9.75,4.375],"texture":"#0"},"up":{"uv":[9.75,3.125,10.25,3.625],"texture":"#0"},"down":{"uv":[9.75,3.125,10.25,3.625],"texture":"#0"}}}],"gui_light":"front","display":{"thirdperson_righthand":{"rotation":[2.75,90.0,0.0],"translation":[0.0,-2.0,2.0],"scale":[0.84414,0.84414,0.84414]},"thirdperson_lefthand":{"rotation":[2.75,-90.0,0.0],"translation":[0.0,-2.0,2.0],"scale":[0.84414,0.84414,0.84414]},"firstperson_righthand":{"rotation":[-169.33,75.66,158.14],"translation":[13.5,-1.5,-7.25],"scale":[0.67187,0.67187,0.67187]},"firstperson_lefthand":{"rotation":[41.85,-74.27,50.34],"translation":[13.5,-1.5,-7.25],"scale":[0.67187,0.67187,0.67187]},"ground":{"translation":[0.0,4.25,0.0],"scale":[0.43945,0.43945,0.43945]},"gui":{"rotation":[-5.52,-5.13,-40.77],"translation":[-3.25,-3.0,0.0],"scale":[0.61486,0.61486,0.61486]},"head":{"rotation":[0.0,3.25,0.0],"translation":[0.0,-30.25,0.0],"scale":[1.6,1.6,1.6]}}}