{"textures":{"0":"mcc:island_cosmetics/accessory/offhand_2","1":"mcc:island_cosmetics/accessory/fire_fist_anim","particle":"mcc:island_cosmetics/accessory/offhand_2"},"credit":"Made with Blockbench","ambientocclusion":false,"texture_size":[128.0,128.0],"elements":[{"from":[5.0,4.0,5.0],"to":[11.0,21.0,11.0],"rotation":{"angle":0.0,"axis":"y","origin":[10.0,17.0,7.875]},"faces":{"north":{"uv":[6.0,0.0,0.0,16.0],"texture":"#1"},"east":{"uv":[12.0,0.0,6.0,16.0],"texture":"#1"},"south":{"uv":[0.0,0.0,6.0,16.0],"texture":"#1"},"west":{"uv":[12.0,0.0,6.0,16.0],"texture":"#1"},"up":{"uv":[2.5,3.375,2.625,3.5],"texture":"#0"},"down":{"uv":[3.375,3.75,2.625,4.5],"texture":"#0"}}},{"name":"cube inverted","from":[11.0,21.0,11.0],"to":[5.0,4.0,5.0],"rotation":{"angle":0.0,"axis":"y","origin":[10.0,17.0,7.875]},"faces":{"north":{"uv":[0.0,16.0,6.0,0.0],"texture":"#1"},"east":{"uv":[12.0,16.0,6.0,0.0],"texture":"#1"},"south":{"uv":[6.0,16.0,0.0,0.0],"texture":"#1"},"west":{"uv":[12.0,16.0,6.0,0.0],"texture":"#1"},"up":{"uv":[2.625,3.75,3.375,4.5],"texture":"#0"},"down":{"uv":[2.625,3.375,2.5,3.5],"texture":"#0"}}}],"gui_light":"front","display":{"thirdperson_righthand":{"rotation":[90.0,0.0,0.0],"translation":[0.0,-2.0,2.0],"scale":[0.92032,0.92032,0.92032]},"thirdperson_lefthand":{"rotation":[90.0,0.0,0.0],"translation":[0.0,-2.0,2.0],"scale":[1.02969,1.02969,1.02969]},"firstperson_righthand":{"rotation":[96.92,60.57,16.93],"translation":[9.0,-1.0,-7.25],"scale":[0.74219,0.74219,0.74219]},"firstperson_lefthand":{"rotation":[96.92,60.57,16.93],"translation":[9.0,-1.0,-7.25],"scale":[0.74219,0.74219,0.74219]},"ground":{"translation":[0.0,4.25,0.0],"scale":[0.43945,0.43945,0.43945]},"gui":{"rotation":[-40.17,-6.1,-38.75],"translation":[-2.0,-2.0,0.0],"scale":[0.90392,0.90392,0.90392]},"head":{"rotation":[0.0,3.25,0.0],"translation":[0.0,4.25,0.0],"scale":[1.6,1.6,1.6]}}}