{"textures":{"0":"mcc:island_cosmetics/accessory/offhand_4","particle":"mcc:island_cosmetics/accessory/offhand_4"},"credit":"Made with Blockbench","texture_size":[128.0,128.0],"elements":[{"from":[5.0,0.0,4.5],"to":[11.0,13.0,10.5],"rotation":{"angle":0.0,"axis":"y","origin":[16.0,0.0,0.5]},"faces":{"north":{"uv":[16.0,13.25,15.25,14.875],"rotation":180.0,"texture":"#0"},"east":{"uv":[15.25,13.25,14.5,14.875],"rotation":180.0,"texture":"#0"},"south":{"uv":[16.0,13.25,15.25,14.875],"rotation":180.0,"texture":"#0"},"west":{"uv":[15.25,13.25,14.5,14.875],"rotation":180.0,"texture":"#0"},"up":{"uv":[16.0,14.875,15.25,15.625],"rotation":180.0,"texture":"#0"},"down":{"uv":[14.0,15.25,13.25,16.0],"rotation":180.0,"texture":"#0"}}},{"from":[6.5,-1.0,8.5],"to":[9.5,3.0,11.5],"rotation":{"angle":-45.0,"axis":"x","origin":[8.0,6.5,7.5]},"faces":{"north":{"uv":[14.75,12.625,15.125,13.125],"rotation":180.0,"texture":"#0"},"east":{"uv":[15.125,12.625,14.75,13.125],"rotation":180.0,"texture":"#0"},"south":{"uv":[14.75,12.625,15.125,13.125],"rotation":180.0,"texture":"#0"},"west":{"uv":[15.125,12.625,14.75,13.125],"rotation":180.0,"texture":"#0"},"up":{"uv":[15.125,12.25,14.75,12.625],"rotation":180.0,"texture":"#0"},"down":{"uv":[4.25,10.75,3.5,11.125],"texture":"#0"}}},{"from":[7.0,12.0,6.5],"to":[9.0,16.0,8.5],"rotation":{"angle":0.0,"axis":"y","origin":[16.0,0.0,0.5]},"faces":{"north":{"uv":[14.5,13.25,14.25,13.75],"rotation":180.0,"texture":"#0"},"east":{"uv":[14.5,13.25,14.25,13.75],"rotation":180.0,"texture":"#0"},"south":{"uv":[14.5,13.25,14.25,13.75],"rotation":180.0,"texture":"#0"},"west":{"uv":[14.5,13.25,14.25,13.75],"rotation":180.0,"texture":"#0"},"up":{"uv":[14.375,13.375,14.5,13.5],"rotation":180.0,"texture":"#0"},"down":{"uv":[14.375,13.375,14.5,13.5],"rotation":180.0,"texture":"#0"}}},{"from":[8.0,12.0,2.5],"to":[8.0,17.0,11.5],"rotation":{"angle":0.0,"axis":"y","origin":[16.0,0.0,0.5]},"faces":{"north":{"uv":[4.25,10.0,3.5,10.375],"rotation":180.0,"texture":"#0"},"east":{"uv":[14.125,14.875,15.25,15.5],"rotation":180.0,"texture":"#0"},"south":{"uv":[4.25,10.0,3.5,10.375],"rotation":180.0,"texture":"#0"},"west":{"uv":[15.25,14.875,14.125,15.5],"rotation":180.0,"texture":"#0"},"up":{"uv":[4.25,11.125,3.5,11.5],"texture":"#0"},"down":{"uv":[4.25,10.75,3.5,11.125],"texture":"#0"}}},{"from":[8.0,5.0,10.5],"to":[8.0,15.0,14.5],"rotation":{"angle":0.0,"axis":"y","origin":[16.0,0.0,0.5]},"faces":{"north":{"uv":[4.25,10.0,3.5,10.375],"rotation":180.0,"texture":"#0"},"east":{"uv":[13.75,13.625,14.25,14.875],"rotation":180.0,"texture":"#0"},"south":{"uv":[4.25,10.0,3.5,10.375],"rotation":180.0,"texture":"#0"},"west":{"uv":[14.25,13.625,13.75,14.875],"rotation":180.0,"texture":"#0"},"up":{"uv":[4.25,11.125,3.5,11.5],"texture":"#0"},"down":{"uv":[4.25,10.75,3.5,11.125],"texture":"#0"}}},{"name":"cube inverted","from":[9.5,3.0,11.5],"to":[6.5,-1.0,8.5],"rotation":{"angle":-45.0,"axis":"x","origin":[8.0,6.5,7.5]},"faces":{"north":{"uv":[14.75,13.125,15.125,12.625],"rotation":180.0,"texture":"#0"},"east":{"uv":[15.125,13.125,14.75,12.625],"rotation":180.0,"texture":"#0"},"south":{"uv":[14.75,13.125,15.125,12.625],"rotation":180.0,"texture":"#0"},"west":{"uv":[15.125,13.125,14.75,12.625],"rotation":180.0,"texture":"#0"},"up":{"uv":[3.5,10.75,4.25,11.125],"texture":"#0"},"down":{"uv":[14.75,12.25,15.125,12.625],"rotation":180.0,"texture":"#0"}}}],"gui_light":"front","display":{"thirdperson_righthand":{"rotation":[46.09,30.52,-0.35],"translation":[0.0,-5.75,-3.75],"scale":[0.85,0.85,0.85]},"thirdperson_lefthand":{"rotation":[46.09,30.52,-0.35],"translation":[0.0,-5.75,-3.75],"scale":[0.85,0.85,0.85]},"firstperson_righthand":{"rotation":[16.28,8.69,-11.53],"translation":[2.13,3.2,0.38],"scale":[0.48469,0.48469,0.48469]},"firstperson_lefthand":{"rotation":[16.28,8.69,-11.53],"translation":[2.13,3.2,0.38],"scale":[0.48469,0.48469,0.48469]},"ground":{"translation":[0.0,4.25,0.0],"scale":[0.43945,0.43945,0.43945]},"gui":{"rotation":[68.69,38.91,-70.21],"translation":[0.25,-0.25,0.0],"scale":[0.84531,0.84531,0.84531]},"head":{"rotation":[0.0,90.0,0.0],"translation":[0.0,-20.25,8.0],"scale":[1.7543,1.7543,1.7543]}}}