{"textures":{"0":"mcc:island_cosmetics/accessory/offhand_4","particle":"mcc:island_cosmetics/accessory/offhand_4"},"credit":"Made with Blockbench","texture_size":[128.0,128.0],"elements":[{"from":[2.0,0.0,6.0],"to":[14.0,10.0,10.0],"faces":{"north":{"uv":[11.625,8.75,13.125,10.0],"texture":"#0"},"south":{"uv":[11.625,8.75,13.125,10.0],"texture":"#0"}}},{"from":[2.0,0.0,6.0],"to":[14.0,10.0,10.0],"faces":{"north":{"uv":[13.125,7.25,14.625,8.5],"texture":"#0","tintindex":0.0},"east":{"uv":[13.125,7.25,12.625,8.5],"texture":"#0","tintindex":0.0},"south":{"uv":[13.125,7.25,14.625,8.5],"texture":"#0","tintindex":0.0},"west":{"uv":[12.625,7.25,13.125,8.5],"texture":"#0","tintindex":0.0},"up":{"uv":[13.125,8.5,14.625,9.0],"texture":"#0","tintindex":0.0},"down":{"uv":[13.125,9.0,14.625,9.5],"texture":"#0","tintindex":0.0}}},{"from":[1.8,-0.2,5.8],"to":[14.2,10.2,10.2],"faces":{"north":{"uv":[11.125,7.25,12.625,8.5],"texture":"#0","tintindex":0.0},"east":{"uv":[11.125,7.25,10.625,8.5],"texture":"#0","tintindex":0.0},"south":{"uv":[11.125,7.25,12.625,8.5],"texture":"#0","tintindex":0.0},"west":{"uv":[10.625,7.25,11.125,8.5],"texture":"#0","tintindex":0.0},"up":{"uv":[9.125,7.25,10.625,7.75],"texture":"#0","tintindex":0.0},"down":{"uv":[9.125,7.75,10.625,7.25],"texture":"#0","tintindex":0.0}}},{"from":[5.0,9.0,7.0],"to":[11.0,12.0,9.0],"faces":{"east":{"uv":[12.875,8.5,13.125,8.875],"texture":"#0","tintindex":0.0},"west":{"uv":[12.875,8.5,13.125,8.875],"texture":"#0","tintindex":0.0},"up":{"uv":[12.125,8.5,12.875,8.75],"texture":"#0","tintindex":0.0},"down":{"uv":[0.0,0.0,0.125,0.125],"texture":"#missing","tintindex":0.0}}},{"name":"cube inverted","from":[11.0,12.0,9.0],"to":[5.0,9.0,7.0],"faces":{"east":{"uv":[12.875,8.875,13.125,8.5],"texture":"#0","tintindex":0.0},"west":{"uv":[12.875,8.875,13.125,8.5],"texture":"#0","tintindex":0.0},"up":{"uv":[0.125,0.0,0.0,0.125],"texture":"#missing","tintindex":0.0},"down":{"uv":[12.875,8.5,12.125,8.75],"texture":"#0","tintindex":0.0}}}],"gui_light":"front","display":{"thirdperson_righthand":{"rotation":[65.5,90.0,0.0],"translation":[0.0,-3.25,-2.75],"scale":[0.84414,0.84414,0.84414]},"thirdperson_lefthand":{"rotation":[65.5,90.0,0.0],"translation":[0.0,-3.25,-2.75],"scale":[0.84414,0.84414,0.84414]},"firstperson_righthand":{"rotation":[-169.33,75.66,158.14],"translation":[13.5,-1.5,-7.25],"scale":[0.67187,0.67187,0.67187]},"firstperson_lefthand":{"rotation":[41.85,-74.27,50.34],"translation":[13.5,-1.5,-7.25],"scale":[0.67187,0.67187,0.67187]},"ground":{"translation":[0.0,4.25,0.0],"scale":[0.43945,0.43945,0.43945]},"gui":{"rotation":[8.64,27.36,22.84],"translation":[-1.0,2.25,0.0],"scale":[0.91564,0.91564,0.91564]},"head":{"rotation":[0.0,3.25,0.0],"translation":[0.0,-30.25,0.0],"scale":[1.6,1.6,1.6]}}}