{"textures":{"0":"mcc:island_cosmetics/accessory/offhand_3","particle":"mcc:island_cosmetics/accessory/offhand_3"},"credit":"Made with Blockbench","ambientocclusion":false,"texture_size":[128.0,128.0],"elements":[{"from":[8.0,-16.0,7.0],"to":[8.0,-6.0,17.0],"rotation":{"angle":0.0,"axis":"y","origin":[8.0,-11.0,8.0]},"faces":{"north":{"uv":[10.125,15.75,14.375,16.0],"rotation":90.0,"texture":"#0"},"east":{"uv":[9.25,12.375,10.5,13.625],"rotation":90.0,"texture":"#0"},"south":{"uv":[10.125,15.75,14.375,16.0],"rotation":90.0,"texture":"#0"},"west":{"uv":[9.25,13.625,10.5,12.375],"rotation":90.0,"texture":"#0"},"up":{"uv":[0.25,9.75,0.0,10.0],"rotation":270.0,"texture":"#0"},"down":{"uv":[9.5,15.25,9.75,15.0],"rotation":180.0,"texture":"#0"}}},{"from":[7.0,-14.0,7.0],"to":[9.0,11.0,9.0],"rotation":{"angle":0.0,"axis":"y","origin":[9.0,14.0,6.875]},"faces":{"north":{"uv":[10.125,15.75,13.25,16.0],"rotation":90.0,"texture":"#0"},"east":{"uv":[10.125,16.0,13.25,15.75],"rotation":90.0,"texture":"#0"},"south":{"uv":[10.125,15.75,13.25,16.0],"rotation":90.0,"texture":"#0"},"west":{"uv":[10.125,16.0,13.25,15.75],"rotation":90.0,"texture":"#0"},"up":{"uv":[0.0,9.75,0.25,10.0],"texture":"#0"},"down":{"uv":[9.5,15.0,9.75,15.25],"rotation":90.0,"texture":"#0"}}},{"from":[0.0,15.49903,-6.63468],"to":[16.0,15.49903,8.36532],"rotation":{"angle":-45.0,"axis":"y","origin":[8.0,15.37403,8.0]},"faces":{"north":{"uv":[0.0,6.625,0.25,10.75],"texture":"#0","tintindex":0.0},"east":{"uv":[0.25,6.625,0.0,10.75],"texture":"#0","tintindex":0.0},"south":{"uv":[0.0,6.625,0.25,10.75],"texture":"#0","tintindex":0.0},"west":{"uv":[0.25,6.625,0.0,10.75],"texture":"#0","tintindex":0.0},"up":{"uv":[5.625,15.75,3.625,13.875],"rotation":180.0,"texture":"#0","tintindex":0.0},"down":{"uv":[5.625,13.875,3.625,15.75],"rotation":180.0,"texture":"#0","tintindex":0.0}}},{"from":[0.0,14.9335,-5.96414],"to":[16.0,14.9335,8.03586],"rotation":{"angle":22.5,"axis":"x","origin":[8.0,16.48276,8.0]},"faces":{"north":{"uv":[0.25,6.625,0.0,10.75],"texture":"#0","tintindex":0.0},"east":{"uv":[0.0,6.625,0.25,10.75],"texture":"#0","tintindex":0.0},"south":{"uv":[0.25,6.625,0.0,10.75],"texture":"#0","tintindex":0.0},"west":{"uv":[0.0,6.625,0.25,10.75],"texture":"#0","tintindex":0.0},"up":{"uv":[5.625,15.75,3.625,13.875],"rotation":180.0,"texture":"#0","tintindex":0.0},"down":{"uv":[5.625,13.875,3.625,15.75],"rotation":180.0,"texture":"#0","tintindex":0.0}}},{"from":[0.0,15.49903,7.63468],"to":[16.0,15.49903,22.63468],"rotation":{"angle":-45.0,"axis":"y","origin":[8.0,15.37403,8.0]},"faces":{"north":{"uv":[0.25,6.625,0.0,10.75],"texture":"#0","tintindex":0.0},"east":{"uv":[0.0,6.625,0.25,10.75],"texture":"#0","tintindex":0.0},"south":{"uv":[0.25,6.625,0.0,10.75],"texture":"#0","tintindex":0.0},"west":{"uv":[0.0,6.625,0.25,10.75],"texture":"#0","tintindex":0.0},"up":{"uv":[5.625,13.875,3.625,15.75],"rotation":180.0,"texture":"#0","tintindex":0.0},"down":{"uv":[5.625,15.75,3.625,13.875],"rotation":180.0,"texture":"#0","tintindex":0.0}}},{"from":[0.0,14.9335,7.96414],"to":[16.0,14.9335,21.96414],"rotation":{"angle":-22.5,"axis":"x","origin":[8.0,16.48276,8.0]},"faces":{"north":{"uv":[0.0,6.625,0.25,10.75],"texture":"#0","tintindex":0.0},"east":{"uv":[0.25,6.625,0.0,10.75],"texture":"#0","tintindex":0.0},"south":{"uv":[0.0,6.625,0.25,10.75],"texture":"#0","tintindex":0.0},"west":{"uv":[0.25,6.625,0.0,10.75],"texture":"#0","tintindex":0.0},"up":{"uv":[5.625,13.875,3.625,15.75],"rotation":180.0,"texture":"#0","tintindex":0.0},"down":{"uv":[5.625,15.75,3.625,13.875],"rotation":180.0,"texture":"#0","tintindex":0.0}}},{"from":[-5.96414,14.9335,0.0],"to":[8.03586,14.9335,16.0],"rotation":{"angle":-22.5,"axis":"z","origin":[8.0,16.48276,8.0]},"faces":{"north":{"uv":[0.25,6.625,0.0,10.75],"texture":"#0","tintindex":0.0},"east":{"uv":[0.0,6.625,0.25,10.75],"texture":"#0","tintindex":0.0},"south":{"uv":[0.25,6.625,0.0,10.75],"texture":"#0","tintindex":0.0},"west":{"uv":[0.0,6.625,0.25,10.75],"texture":"#0","tintindex":0.0},"up":{"uv":[5.625,13.875,3.625,15.75],"rotation":270.0,"texture":"#0","tintindex":0.0},"down":{"uv":[5.625,15.75,3.625,13.875],"rotation":90.0,"texture":"#0","tintindex":0.0}}},{"from":[-6.63468,15.24903,0.0],"to":[8.36532,15.24903,16.0],"rotation":{"angle":-45.0,"axis":"y","origin":[8.0,15.37403,8.0]},"faces":{"north":{"uv":[0.0,6.625,0.25,10.75],"texture":"#0","tintindex":0.0},"east":{"uv":[0.25,6.625,0.0,10.75],"texture":"#0","tintindex":0.0},"south":{"uv":[0.0,6.625,0.25,10.75],"texture":"#0","tintindex":0.0},"west":{"uv":[0.25,6.625,0.0,10.75],"texture":"#0","tintindex":0.0},"up":{"uv":[5.625,13.875,3.625,15.75],"rotation":270.0,"texture":"#0","tintindex":0.0},"down":{"uv":[5.625,15.75,3.625,13.875],"rotation":90.0,"texture":"#0","tintindex":0.0}}},{"from":[7.96414,14.9335,0.0],"to":[21.96414,14.9335,16.0],"rotation":{"angle":22.5,"axis":"z","origin":[8.0,16.48276,8.0]},"faces":{"north":{"uv":[0.0,6.625,0.25,10.75],"texture":"#0","tintindex":0.0},"east":{"uv":[0.25,6.625,0.0,10.75],"texture":"#0","tintindex":0.0},"south":{"uv":[0.0,6.625,0.25,10.75],"texture":"#0","tintindex":0.0},"west":{"uv":[0.25,6.625,0.0,10.75],"texture":"#0","tintindex":0.0},"up":{"uv":[5.625,15.75,3.625,13.875],"rotation":270.0,"texture":"#0","tintindex":0.0},"down":{"uv":[5.625,13.875,3.625,15.75],"rotation":90.0,"texture":"#0","tintindex":0.0}}},{"from":[7.63468,15.24903,0.0],"to":[22.63468,15.24903,16.0],"rotation":{"angle":-45.0,"axis":"y","origin":[8.0,15.37403,8.0]},"faces":{"north":{"uv":[0.25,6.625,0.0,10.75],"texture":"#0","tintindex":0.0},"east":{"uv":[0.0,6.625,0.25,10.75],"texture":"#0","tintindex":0.0},"south":{"uv":[0.25,6.625,0.0,10.75],"texture":"#0","tintindex":0.0},"west":{"uv":[0.0,6.625,0.25,10.75],"texture":"#0","tintindex":0.0},"up":{"uv":[5.625,15.75,3.625,13.875],"rotation":270.0,"texture":"#0","tintindex":0.0},"down":{"uv":[5.625,13.875,3.625,15.75],"rotation":90.0,"texture":"#0","tintindex":0.0}}},{"from":[4.0,11.0,4.0],"to":[12.0,17.0,12.0],"rotation":{"angle":0.0,"axis":"y","origin":[8.0,22.0,8.0]},"faces":{"north":{"uv":[12.0,15.0,11.0,15.75],"texture":"#0","tintindex":0.0},"east":{"uv":[12.0,15.0,11.0,15.75],"texture":"#0","tintindex":0.0},"south":{"uv":[12.0,15.0,11.0,15.75],"texture":"#0","tintindex":0.0},"west":{"uv":[12.0,15.0,11.0,15.75],"texture":"#0","tintindex":0.0},"up":{"uv":[13.375,14.625,14.375,15.625],"texture":"#0","tintindex":0.0},"down":{"uv":[11.25,15.625,11.375,15.75],"texture":"#0"}}},{"from":[4.0,11.0,4.0],"to":[12.0,17.0,12.0],"rotation":{"angle":0.0,"axis":"y","origin":[8.0,22.0,8.0]},"faces":{"north":{"uv":[7.75,15.125,8.75,15.875],"texture":"#0"},"east":{"uv":[8.75,15.125,7.75,15.875],"texture":"#0"},"south":{"uv":[7.75,15.125,8.75,15.875],"texture":"#0"},"west":{"uv":[7.75,15.125,8.75,15.875],"texture":"#0"},"up":{"uv":[7.75,14.0,8.75,15.0],"texture":"#0"},"down":{"uv":[9.0,14.75,10.0,15.75],"texture":"#0"}}},{"from":[8.0,-1.0,5.0],"to":[15.0,-1.0,11.0],"rotation":{"angle":22.5,"axis":"z","origin":[9.0,1.0,8.0]},"faces":{"north":{"uv":[0.0,6.625,0.25,10.75],"texture":"#0"},"east":{"uv":[0.25,6.625,0.0,10.75],"texture":"#0"},"south":{"uv":[0.0,6.625,0.25,10.75],"texture":"#0"},"west":{"uv":[0.25,6.625,0.0,10.75],"texture":"#0"},"up":{"uv":[10.25,15.75,11.0,14.875],"rotation":90.0,"texture":"#0"},"down":{"uv":[10.25,15.75,11.0,14.875],"rotation":90.0,"texture":"#0"}}}],"gui_light":"front","display":{"thirdperson_righthand":{"rotation":[96.93,-2.33,8.97],"translation":[-2.75,-1.25,20.5],"scale":[0.85,0.85,0.85]},"thirdperson_lefthand":{"rotation":[96.93,-2.33,8.97],"translation":[-2.75,-2.0,20.5],"scale":[0.85,0.85,0.85]},"firstperson_righthand":{"rotation":[-172.83,-20.35,-175.66],"translation":[14.0,18.0,-4.0],"scale":[0.59375,0.98,0.59375]},"firstperson_lefthand":{"rotation":[-172.83,-20.35,-175.66],"translation":[14.0,18.0,-4.0],"scale":[0.59375,0.98,0.59375]},"ground":{"translation":[0.0,4.25,0.0],"scale":[0.43945,0.43945,0.43945]},"gui":{"rotation":[-21.08,-37.45,-53.23],"translation":[0.25,0.0,0.0],"scale":[0.40587,0.40587,0.40587]},"head":{"rotation":[0.0,3.25,0.0],"translation":[0.0,4.25,0.0],"scale":[1.6,1.6,1.6]}}}