{"textures":{"0":"mcc:island_cosmetics/accessory/offhand_3","particle":"mcc:island_cosmetics/accessory/offhand_3"},"credit":"Made with Blockbench","ambientocclusion":false,"texture_size":[128.0,128.0],"elements":[{"from":[5.5,8.0,-0.5],"to":[10.5,19.0,14.5],"rotation":{"angle":0.0,"axis":"y","origin":[7.5,17.0,7.625]},"faces":{"north":{"uv":[1.875,1.125,2.5,2.5],"texture":"#0","tintindex":0.0},"east":{"uv":[0.0,1.75,1.875,3.125],"texture":"#0","tintindex":0.0},"south":{"uv":[1.875,1.125,2.5,2.5],"texture":"#0","tintindex":0.0},"west":{"uv":[1.875,0.0,0.0,1.375],"texture":"#0","tintindex":0.0},"up":{"uv":[3.75,0.75,3.125,2.625],"texture":"#0","tintindex":0.0},"down":{"uv":[4.375,1.875,3.75,0.0],"texture":"#0","tintindex":0.0}}},{"from":[5.5,5.0,-0.5],"to":[10.5,8.0,12.5],"rotation":{"angle":0.0,"axis":"y","origin":[7.5,17.0,7.625]},"faces":{"north":{"uv":[1.875,2.5,2.5,2.875],"texture":"#0","tintindex":0.0},"east":{"uv":[0.25,1.375,1.875,1.75],"texture":"#0","tintindex":0.0},"south":{"uv":[2.5,2.5,1.875,2.875],"texture":"#0","tintindex":0.0},"west":{"uv":[1.875,1.375,0.25,1.75],"texture":"#0","tintindex":0.0},"up":{"uv":[0.375,0.125,0.25,0.25],"texture":"#0","tintindex":0.0},"down":{"uv":[5.0,0.0,4.375,1.625],"texture":"#0","tintindex":0.0}}},{"from":[5.5,19.0,-0.5],"to":[10.5,28.0,5.5],"rotation":{"angle":0.0,"axis":"y","origin":[7.5,17.0,7.625]},"faces":{"north":{"uv":[2.5,1.125,3.125,2.25],"texture":"#0","tintindex":0.0},"east":{"uv":[2.875,0.0,2.125,1.125],"texture":"#0","tintindex":0.0},"south":{"uv":[3.125,1.125,2.5,2.25],"texture":"#0","tintindex":0.0},"west":{"uv":[2.875,0.0,2.125,1.125],"texture":"#0","tintindex":0.0},"up":{"uv":[3.5,0.0,2.875,0.75],"texture":"#0","tintindex":0.0},"down":{"uv":[0.375,0.125,0.25,0.25],"texture":"#0","tintindex":0.0}}},{"from":[5.5,19.0,-0.5],"to":[10.5,28.0,5.5],"rotation":{"angle":0.0,"axis":"y","origin":[7.5,17.0,7.625]},"faces":{"north":{"uv":[5.125,0.0,5.0,0.125],"texture":"#0"},"east":{"uv":[7.5,0.0,6.75,1.125],"texture":"#0"},"south":{"uv":[5.125,0.0,5.0,0.125],"texture":"#0"},"west":{"uv":[7.5,0.0,6.75,1.125],"texture":"#0"},"up":{"uv":[5.125,0.0,5.0,0.125],"texture":"#0"},"down":{"uv":[0.375,0.125,0.25,0.25],"texture":"#0"}}},{"from":[5.5,8.0,-0.5],"to":[10.5,19.0,14.5],"rotation":{"angle":0.0,"axis":"y","origin":[7.5,17.0,7.625]},"faces":{"north":{"uv":[5.125,0.0,5.0,0.125],"texture":"#0"},"east":{"uv":[5.0,1.75,6.875,3.125],"texture":"#0"},"south":{"uv":[5.125,0.0,5.0,0.125],"texture":"#0"},"west":{"uv":[6.875,0.0,5.0,1.375],"texture":"#0"},"up":{"uv":[5.125,0.0,5.0,0.125],"texture":"#0"},"down":{"uv":[5.125,0.0,5.0,0.125],"texture":"#0"}}},{"from":[5.5,5.0,-0.5],"to":[10.5,8.0,12.5],"rotation":{"angle":0.0,"axis":"y","origin":[7.5,17.0,7.625]},"faces":{"north":{"uv":[5.125,0.0,5.0,0.125],"texture":"#0"},"east":{"uv":[5.25,1.375,6.875,1.75],"texture":"#0"},"south":{"uv":[5.125,0.0,5.0,0.125],"texture":"#0"},"west":{"uv":[6.875,1.375,5.25,1.75],"texture":"#0"},"up":{"uv":[0.375,0.125,0.25,0.25],"texture":"#0"},"down":{"uv":[5.125,0.0,5.0,0.125],"texture":"#0"}}}],"gui_light":"front","display":{"thirdperson_righthand":{"rotation":[112.25,0.0,-180.0],"translation":[0.0,-3.5,3.25],"scale":[0.92813,0.92813,0.92813]},"thirdperson_lefthand":{"rotation":[112.25,0.0,-180.0],"translation":[0.0,-3.5,3.25],"scale":[0.92813,0.92813,0.92813]},"firstperson_righthand":{"rotation":[132.3,-6.47,-176.23],"translation":[9.75,-2.75,-5.75],"scale":[0.58594,0.58594,0.58594]},"firstperson_lefthand":{"rotation":[132.3,-6.47,-176.23],"translation":[9.75,-2.75,-5.75],"scale":[0.58594,0.58594,0.58594]},"ground":{"translation":[0.0,4.25,0.0],"scale":[0.43945,0.43945,0.43945]},"gui":{"rotation":[113.36,32.46,-116.87],"translation":[-2.5,-4.25,0.0],"scale":[0.62853,0.62853,0.62853]},"head":{"rotation":[0.0,3.25,0.0],"translation":[0.0,4.25,0.0],"scale":[1.6,1.6,1.6]}}}