{"textures":{"0":"mcc:island_cosmetics/accessory/offhand_1","particle":"mcc:island_cosmetics/accessory/offhand_1"},"credit":"Made with Blockbench","texture_size":[128.0,128.0],"elements":[{"from":[5.0,12.25,3.5],"to":[13.0,17.25,12.5],"rotation":{"angle":22.5,"axis":"z","origin":[8.0,8.5,7.0]},"faces":{"north":{"uv":[15.25,15.375,14.25,16.0],"rotation":180.0,"texture":"#0","tintindex":0.0},"east":{"uv":[16.0,10.875,14.875,11.5],"rotation":180.0,"texture":"#0","tintindex":0.0},"south":{"uv":[14.25,15.375,15.25,16.0],"rotation":180.0,"texture":"#0","tintindex":0.0},"west":{"uv":[14.25,14.75,15.375,15.375],"rotation":180.0,"texture":"#0","tintindex":0.0},"up":{"uv":[14.25,13.625,15.25,14.75],"rotation":180.0,"texture":"#0","tintindex":0.0},"down":{"uv":[15.125,11.5,14.125,12.625],"rotation":180.0,"texture":"#0","tintindex":0.0}}},{"from":[6.25,9.5,5.5],"to":[10.25,11.5,10.5],"rotation":{"angle":-22.5,"axis":"z","origin":[8.0,8.5,7.0]},"faces":{"north":{"uv":[13.25,12.25,13.5,12.75],"rotation":90.0,"texture":"#0"},"east":{"uv":[13.5,12.25,13.75,12.875],"rotation":90.0,"texture":"#0"},"south":{"uv":[13.25,12.75,13.5,12.25],"rotation":90.0,"texture":"#0"},"west":{"uv":[13.625,11.625,13.75,11.75],"rotation":90.0,"texture":"#0"}}},{"from":[3.89315,7.0782,4.5],"to":[7.89315,14.0782,11.5],"rotation":{"angle":-22.5,"axis":"z","origin":[7.39315,12.5782,7.5]},"faces":{"north":{"uv":[15.625,12.625,15.125,13.5],"rotation":180.0,"texture":"#0","tintindex":0.0},"east":{"uv":[16.0,11.75,15.125,12.625],"rotation":180.0,"texture":"#0","tintindex":0.0},"south":{"uv":[15.125,12.625,15.625,13.5],"rotation":180.0,"texture":"#0","tintindex":0.0},"west":{"uv":[14.25,12.625,15.125,13.5],"rotation":180.0,"texture":"#0","tintindex":0.0},"up":{"uv":[13.25,10.75,13.375,10.875],"rotation":180.0,"texture":"#0","tintindex":0.0},"down":{"uv":[15.25,13.5,15.75,14.375],"rotation":180.0,"texture":"#0","tintindex":0.0}}},{"from":[5.0,12.25,3.5],"to":[13.0,17.25,12.5],"rotation":{"angle":22.5,"axis":"z","origin":[8.0,8.5,7.0]},"faces":{"north":{"uv":[16.0,9.625,15.0,10.25],"rotation":180.0,"texture":"#0"},"east":{"uv":[14.875,8.75,16.0,9.375],"rotation":180.0,"texture":"#0"},"south":{"uv":[15.0,9.625,16.0,10.25],"rotation":180.0,"texture":"#0"},"west":{"uv":[14.875,10.25,16.0,10.875],"rotation":180.0,"texture":"#0"},"up":{"uv":[13.75,10.25,14.75,11.375],"rotation":180.0,"texture":"#0"},"down":{"uv":[13.875,8.25,14.875,9.375],"rotation":180.0,"texture":"#0"}}},{"from":[3.89315,7.0782,4.5],"to":[7.89315,14.0782,11.5],"rotation":{"angle":-22.5,"axis":"z","origin":[7.39315,12.5782,7.5]},"faces":{"north":{"uv":[14.5,9.375,14.0,10.25],"rotation":180.0,"texture":"#0"},"east":{"uv":[13.75,10.5,12.875,11.375],"rotation":180.0,"texture":"#0"},"south":{"uv":[14.0,9.375,14.5,10.25],"rotation":180.0,"texture":"#0"},"west":{"uv":[13.25,11.375,14.125,12.25],"rotation":180.0,"texture":"#0"},"up":{"uv":[13.25,10.75,13.375,10.875],"rotation":180.0,"texture":"#0"},"down":{"uv":[14.5,9.375,15.0,10.25],"rotation":180.0,"texture":"#0"}}},{"name":"cube inverted","from":[10.25,11.5,10.5],"to":[6.25,9.5,5.5],"rotation":{"angle":-22.5,"axis":"z","origin":[8.0,8.5,7.0]},"faces":{"north":{"uv":[13.5,12.75,13.25,12.25],"rotation":90.0,"texture":"#0"},"east":{"uv":[13.75,11.625,13.625,11.75],"rotation":90.0,"texture":"#0"},"south":{"uv":[13.5,12.25,13.25,12.75],"rotation":90.0,"texture":"#0"},"west":{"uv":[13.75,12.25,13.5,12.875],"rotation":90.0,"texture":"#0"}}}],"gui_light":"front","display":{"thirdperson_righthand":{"rotation":[-90.0,1.63,177.0],"translation":[0.5,-2.0,4.25],"scale":[0.97891,0.97891,0.97891]},"thirdperson_lefthand":{"rotation":[90.0,1.63,3.91],"translation":[0.5,-2.0,4.25],"scale":[0.97891,0.97891,0.97891]},"firstperson_righthand":{"rotation":[-178.87,-5.39,169.86],"translation":[-1.0,-0.75,-2.25],"scale":[0.0,0.0,0.0]},"firstperson_lefthand":{"rotation":[-178.87,-5.39,169.86],"translation":[-1.0,-0.75,-2.25],"scale":[0.0,0.0,0.0]},"ground":{"translation":[0.0,4.25,0.0],"scale":[0.43945,0.43945,0.43945]},"gui":{"rotation":[-151.34,25.38,140.5],"translation":[2.0,-4.5,0.0],"scale":[1.0625,1.0625,1.0625]}}}