{"textures":{"0":"mcc:island_cosmetics/accessory/offhand_2","particle":"mcc:island_cosmetics/accessory/offhand_2"},"credit":"Made with Blockbench","texture_size":[128.0,128.0],"elements":[{"from":[6.5,3.56827,9.38424],"to":[9.5,4.56827,17.38424],"rotation":{"angle":-22.5,"axis":"x","origin":[8.0,2.81827,13.13424]},"faces":{"north":{"uv":[3.0,6.875,2.625,7.0],"texture":"#0"},"east":{"uv":[2.625,6.875,2.75,7.875],"rotation":90.0,"texture":"#0"},"south":{"uv":[3.0,7.875,2.625,8.0],"texture":"#0"},"west":{"uv":[2.625,7.875,2.75,6.875],"rotation":90.0,"texture":"#0"},"up":{"uv":[2.625,6.875,3.0,7.875],"texture":"#0"},"down":{"uv":[2.625,6.875,3.0,7.875],"rotation":180.0,"texture":"#0"}}},{"from":[3.0,1.0,-1.0],"to":[13.0,3.0,9.0],"faces":{"north":{"uv":[3.0,7.625,4.25,7.875],"texture":"#0"},"east":{"uv":[3.0,7.625,4.25,7.875],"texture":"#0"},"south":{"uv":[3.0,7.625,4.25,7.875],"texture":"#0"},"west":{"uv":[3.0,7.625,4.25,7.875],"texture":"#0"},"up":{"uv":[1.125,6.625,1.25,6.75],"texture":"#0"},"down":{"uv":[3.0,6.375,4.25,7.625],"texture":"#0"}}},{"name":"cube inverted","from":[13.0,3.0,9.0],"to":[3.0,1.0,-1.0],"faces":{"north":{"uv":[3.0,7.875,4.25,7.625],"texture":"#0"},"east":{"uv":[3.0,7.875,4.25,7.625],"texture":"#0"},"south":{"uv":[3.0,7.875,4.25,7.625],"texture":"#0"},"west":{"uv":[3.0,7.875,4.25,7.625],"texture":"#0"},"up":{"uv":[4.25,6.375,3.0,7.625],"texture":"#0"},"down":{"uv":[1.25,6.625,1.125,6.75],"texture":"#0"}}}],"gui_light":"front","display":{"thirdperson_righthand":{"rotation":[54.5,-11.03,-1.1],"translation":[0.25,5.5,1.0],"scale":[0.96133,0.96133,0.96133]},"thirdperson_lefthand":{"rotation":[54.5,-11.03,-1.1],"translation":[0.25,5.5,1.0],"scale":[0.96133,0.96133,0.96133]},"firstperson_righthand":{"rotation":[1.48,-7.17,24.1],"translation":[7.75,2.0,-7.75],"scale":[0.83399,0.83399,0.83399]},"firstperson_lefthand":{"rotation":[1.48,-7.17,24.1],"translation":[7.75,2.0,-7.75],"scale":[0.83399,0.83399,0.83399]},"ground":{"translation":[0.0,4.25,0.0],"scale":[0.43945,0.43945,0.43945]},"gui":{"rotation":[84.79,-33.69,24.68],"translation":[-2.5,0.5,0.0],"scale":[0.81212,0.81212,0.81212]},"head":{"rotation":[0.0,3.25,0.0],"translation":[0.0,4.25,0.0],"scale":[1.6,1.6,1.6]}}}