{"textures":{"0":"mcc:island_cosmetics/accessory/offhand_1","1":"mcc:island_cosmetics/accessory_variant/offhand_1_extra","particle":"mcc:island_cosmetics/accessory/offhand_1"},"credit":"Made with Blockbench","texture_size":[128.0,128.0],"elements":[{"from":[3.5,0.0,4.0],"to":[12.5,8.0,12.0],"rotation":{"angle":0.0,"axis":"y","origin":[6.78152,11.48853,6.82328]},"faces":{"north":{"uv":[6.125,0.0,7.25,1.0],"texture":"#0","tintindex":0.0},"east":{"uv":[7.25,0.0,8.25,1.0],"texture":"#0","tintindex":0.0},"south":{"uv":[6.125,0.0,7.25,1.0],"texture":"#0","tintindex":0.0},"west":{"uv":[7.25,0.0,8.25,1.0],"texture":"#0","tintindex":0.0},"up":{"uv":[9.125,1.75,10.25,2.75],"texture":"#0","tintindex":0.0},"down":{"uv":[8.25,0.0,9.375,1.0],"texture":"#0","tintindex":0.0}}},{"from":[3.5,0.0,4.0],"to":[12.5,4.0,12.0],"rotation":{"angle":0.0,"axis":"y","origin":[6.78152,11.48853,6.82328]},"faces":{"north":{"uv":[13.875,4.125,15.0,4.625],"texture":"#0"},"east":{"uv":[15.0,4.125,16.0,4.625],"texture":"#0"},"south":{"uv":[13.875,4.125,15.0,4.625],"texture":"#0"},"west":{"uv":[15.0,4.125,16.0,4.625],"texture":"#0"},"up":{"uv":[15.375,4.375,15.5,4.5],"texture":"#0"},"down":{"uv":[2.25,0.125,3.375,1.125],"texture":"#1"}}},{"from":[4.47,7.97,4.97],"to":[11.53,14.03,11.03],"rotation":{"angle":0.0,"axis":"y","origin":[8.0,11.0,8.0]},"faces":{"north":{"uv":[6.125,1.0,7.0,1.75],"texture":"#0","tintindex":0.0},"east":{"uv":[7.25,1.0,8.0,1.75],"texture":"#0","tintindex":0.0},"south":{"uv":[8.875,1.0,8.0,1.75],"texture":"#0","tintindex":0.0},"west":{"uv":[8.0,1.0,7.25,1.75],"texture":"#0","tintindex":0.0},"up":{"uv":[8.875,1.0,9.75,1.75],"texture":"#0","tintindex":0.0},"down":{"uv":[10.375,2.625,10.5,2.75],"texture":"#0","tintindex":0.0}}},{"from":[4.47,7.97,4.97],"to":[11.53,14.03,11.03],"rotation":{"angle":0.0,"axis":"y","origin":[8.0,11.0,8.0]},"faces":{"north":{"uv":[3.5,0.125,4.375,0.875],"texture":"#1"},"east":{"uv":[4.25,0.125,4.375,0.25],"texture":"#1"},"south":{"uv":[4.375,0.125,5.25,0.875],"texture":"#1"},"west":{"uv":[4.25,0.125,4.375,0.25],"texture":"#1"},"up":{"uv":[5.25,0.125,6.125,0.875],"texture":"#1"},"down":{"uv":[4.25,0.125,4.375,0.25],"texture":"#1"}}},{"from":[2.23832,10.09074,6.5],"to":[5.23832,15.09074,9.5],"rotation":{"angle":45.0,"axis":"z","origin":[3.73832,12.59074,8.0]},"faces":{"north":{"uv":[1.625,1.875,1.25,2.5],"texture":"#1"},"east":{"uv":[3.125,1.875,2.75,2.5],"texture":"#1"},"south":{"uv":[2.75,2.25,2.375,2.875],"texture":"#1"},"west":{"uv":[2.375,1.875,2.0,2.5],"texture":"#1"},"up":{"uv":[2.75,1.875,2.375,2.25],"texture":"#1"},"down":{"uv":[10.375,2.5,10.5,2.625],"texture":"#1"}}},{"from":[4.51,13.50628,4.09059],"to":[11.49,17.48628,7.07059],"rotation":{"angle":22.5,"axis":"x","origin":[6.78152,11.49731,5.80649]},"faces":{"north":{"uv":[0.125,1.875,1.0,2.375],"texture":"#1"},"east":{"uv":[1.625,1.875,2.0,2.375],"texture":"#1"},"south":{"uv":[0.125,1.875,1.0,2.375],"texture":"#1"},"west":{"uv":[1.6225,1.875,1.9975,2.375],"texture":"#1"},"up":{"uv":[0.125,2.5,1.0,2.875],"texture":"#1"},"down":{"uv":[2.75,0.375,2.875,0.5],"texture":"#1"}}},{"name":"cube inverted","from":[12.5,4.0,12.0],"to":[3.5,0.0,4.0],"rotation":{"angle":0.0,"axis":"y","origin":[6.78152,11.48853,6.82328]},"faces":{"north":{"uv":[13.875,4.625,15.0,4.125],"texture":"#0"},"east":{"uv":[15.0,4.625,16.0,4.125],"texture":"#0"},"south":{"uv":[13.875,4.625,15.0,4.125],"texture":"#0"},"west":{"uv":[15.0,4.625,16.0,4.125],"texture":"#0"},"up":{"uv":[3.375,0.125,2.25,1.125],"texture":"#1"},"down":{"uv":[15.5,4.375,15.375,4.5],"texture":"#0"}}},{"name":"cube inverted","from":[12.5,8.0,12.0],"to":[3.5,0.0,4.0],"rotation":{"angle":0.0,"axis":"y","origin":[6.78152,11.48853,6.82328]},"faces":{"north":{"uv":[6.125,1.0,7.25,0.0],"texture":"#0","tintindex":0.0},"east":{"uv":[7.25,1.0,8.25,0.0],"texture":"#0","tintindex":0.0},"south":{"uv":[6.125,1.0,7.25,0.0],"texture":"#0","tintindex":0.0},"west":{"uv":[7.25,1.0,8.25,0.0],"texture":"#0","tintindex":0.0},"up":{"uv":[9.375,0.0,8.25,1.0],"texture":"#0","tintindex":0.0},"down":{"uv":[10.25,1.75,9.125,2.75],"texture":"#0","tintindex":0.0}}}],"gui_light":"front","display":{"thirdperson_righthand":{"rotation":[87.25,-83.0,177.25],"translation":[0.25,-2.0,1.0],"scale":[0.8539,0.8539,0.8539]},"thirdperson_lefthand":{"rotation":[87.25,-83.0,177.25],"translation":[0.25,-2.0,1.0],"scale":[0.8539,0.8539,0.8539]},"firstperson_righthand":{"rotation":[-78.0,-94.0,-50.0],"translation":[1.63,3.7,1.63],"scale":[0.41047,0.41047,0.41047]},"firstperson_lefthand":{"rotation":[-78.0,-94.0,-50.0],"translation":[1.63,3.7,1.63],"scale":[0.41047,0.41047,0.41047]},"ground":{"translation":[0.0,4.25,0.0],"scale":[0.44531,0.44531,0.44531]},"gui":{"rotation":[177.2,14.61,-140.75],"translation":[-0.25,0.0,0.0],"scale":[0.75742,0.75742,0.75742]},"head":{"translation":[0.0,-30.5,0.0],"scale":[1.6,1.6,1.6]}}}