{"textures":{"0":"mcc:island_cosmetics/accessory/offhand_1","particle":"mcc:island_cosmetics/accessory/offhand_1"},"credit":"Made with Blockbench","texture_size":[128.0,128.0],"elements":[{"from":[6.5,5.0,6.5],"to":[9.5,11.0,9.5],"rotation":{"angle":0.0,"axis":"y","origin":[8.0,8.0,7.5]},"faces":{"north":{"uv":[14.125,3.125,13.75,3.875],"texture":"#0","tintindex":0.0},"east":{"uv":[14.5,3.125,14.125,3.875],"texture":"#0","tintindex":0.0},"south":{"uv":[13.375,3.125,13.75,3.875],"texture":"#0","tintindex":0.0},"west":{"uv":[14.125,3.125,14.5,3.875],"texture":"#0","tintindex":0.0},"up":{"uv":[0.0,0.0,0.375,0.25],"rotation":270.0,"texture":"#missing","tintindex":0.0},"down":{"uv":[13.375,2.75,13.75,3.125],"texture":"#0","tintindex":0.0}}},{"from":[6.4,3.9,6.4],"to":[9.6,6.1,9.6],"rotation":{"angle":0.0,"axis":"y","origin":[8.0,8.0,7.5]},"faces":{"north":{"uv":[14.5,3.625,14.875,3.875],"texture":"#0"},"east":{"uv":[14.5,3.625,14.875,3.875],"texture":"#0"},"south":{"uv":[14.5,3.625,14.875,3.875],"texture":"#0"},"west":{"uv":[14.5,3.625,14.875,3.875],"texture":"#0"},"up":{"uv":[14.5,3.625,14.875,3.875],"texture":"#0"},"down":{"uv":[14.875,3.625,15.25,4.0],"texture":"#0"}}},{"from":[5.0,10.0,5.0],"to":[11.0,16.0,11.0],"rotation":{"angle":-45.0,"axis":"x","origin":[8.0,13.0,8.0]},"faces":{"north":{"uv":[13.75,2.375,14.5,3.125],"texture":"#0","tintindex":0.0},"east":{"uv":[15.25,1.625,16.0,0.875],"rotation":180.0,"texture":"#0","tintindex":0.0},"south":{"uv":[14.75,2.125,15.5,2.875],"texture":"#0","tintindex":0.0},"west":{"uv":[15.25,0.875,16.0,1.625],"texture":"#0","tintindex":0.0},"up":{"uv":[14.5,2.875,15.25,3.625],"texture":"#0","tintindex":0.0},"down":{"uv":[15.25,2.875,16.0,3.625],"texture":"#0","tintindex":0.0}}},{"from":[5.1,10.1,5.1],"to":[10.9,15.9,10.9],"rotation":{"angle":-45.0,"axis":"x","origin":[8.0,13.0,8.0]},"faces":{"north":{"uv":[15.375,1.0,15.5,1.125],"texture":"#0"},"east":{"uv":[15.25,0.125,16.0,0.875],"texture":"#0"},"south":{"uv":[15.375,1.0,15.5,1.125],"texture":"#0"},"west":{"uv":[15.25,0.125,16.0,0.875],"texture":"#0"},"up":{"uv":[15.375,1.0,15.5,1.125],"texture":"#0"},"down":{"uv":[15.375,1.0,15.5,1.125],"texture":"#0"}}},{"from":[6.0,12.0,-1.25],"to":[10.0,16.0,6.75],"rotation":{"angle":0.0,"axis":"y","origin":[8.0,8.0,8.0]},"faces":{"north":{"uv":[13.75,0.875,14.25,1.375],"rotation":90.0,"texture":"#0"},"east":{"uv":[15.25,0.875,14.25,1.375],"texture":"#0","tintindex":0.0},"south":{"uv":[15.375,1.0,15.5,1.125],"texture":"#0","tintindex":0.0},"west":{"uv":[14.25,0.875,15.25,1.375],"texture":"#0","tintindex":0.0},"up":{"uv":[15.5,1.625,16.0,2.625],"texture":"#0","tintindex":0.0},"down":{"uv":[13.625,1.375,14.125,2.375],"texture":"#0","tintindex":0.0}}},{"from":[5.8,11.8,-1.45],"to":[10.2,16.2,1.95],"rotation":{"angle":0.0,"axis":"y","origin":[8.0,8.0,8.0]},"faces":{"north":{"uv":[14.5,0.25,14.625,0.375],"texture":"#0"},"east":{"uv":[14.25,1.375,14.625,1.875],"texture":"#0"},"south":{"uv":[14.125,1.875,14.625,2.375],"texture":"#0"},"west":{"uv":[14.25,1.375,14.625,1.875],"texture":"#0"},"up":{"uv":[14.625,1.375,15.125,1.75],"texture":"#0"},"down":{"uv":[14.625,1.75,15.125,2.125],"texture":"#0"}}},{"name":"cube inverted","from":[10.2,16.2,1.95],"to":[5.8,11.8,-1.45],"rotation":{"angle":0.0,"axis":"y","origin":[8.0,8.0,8.0]},"faces":{"north":{"uv":[14.125,2.375,14.625,1.875],"texture":"#0"},"east":{"uv":[14.25,1.875,14.625,1.375],"texture":"#0"},"south":{"uv":[14.5,0.375,14.625,0.25],"texture":"#0"},"west":{"uv":[14.25,1.875,14.625,1.375],"texture":"#0"},"up":{"uv":[15.125,1.75,14.625,2.125],"texture":"#0"},"down":{"uv":[15.125,1.375,14.625,1.75],"texture":"#0"}}}],"gui_light":"front","display":{"thirdperson_righthand":{"rotation":[-180.0,-180.0,-180.0],"translation":[0.0,-0.5,2.0],"scale":[0.78945,0.78945,0.78945]},"thirdperson_lefthand":{"rotation":[-180.0,-180.0,-180.0],"translation":[0.0,-0.5,2.0],"scale":[0.78945,0.78945,0.78945]},"firstperson_righthand":{"rotation":[5.92,14.41,-2.81],"translation":[1.88,2.45,2.13],"scale":[0.31672,0.31672,0.31672]},"firstperson_lefthand":{"rotation":[5.92,14.41,-2.81],"translation":[1.88,2.45,2.13],"scale":[0.31672,0.31672,0.31672]},"ground":{"translation":[0.0,4.25,0.0],"scale":[0.44531,0.44531,0.44531]},"gui":{"rotation":[119.03,-51.18,137.18],"translation":[-0.5,-3.25,0.0],"scale":[0.84179,0.84179,0.84179]},"head":{"translation":[0.0,-30.5,0.0],"scale":[1.6,1.6,1.6]}}}