{"textures":{"0":"mcc:island_cosmetics/accessory/offhand_3","particle":"mcc:island_cosmetics/accessory/offhand_3"},"credit":"Made with Blockbench","texture_size":[128.0,128.0],"elements":[{"from":[4.0,0.0,6.0],"to":[12.0,6.0,10.0],"rotation":{"angle":0.0,"axis":"y","origin":[9.0,-0.5,8.0]},"faces":{"north":{"uv":[1.25,14.125,2.25,14.875],"texture":"#0","tintindex":0.0},"east":{"uv":[0.75,14.875,0.25,15.625],"texture":"#0","tintindex":0.0},"south":{"uv":[0.25,14.125,1.25,14.875],"texture":"#0","tintindex":0.0},"west":{"uv":[0.25,14.875,0.75,15.625],"texture":"#0","tintindex":0.0},"up":{"uv":[0.75,14.875,1.75,15.375],"texture":"#0","tintindex":0.0},"down":{"uv":[1.75,14.875,2.75,15.375],"texture":"#0","tintindex":0.0}}},{"from":[7.0,2.0,10.0],"to":[9.0,4.0,10.0],"rotation":{"angle":0.0,"axis":"y","origin":[9.0,-0.5,8.0]},"faces":{"north":{"uv":[0.5,15.625,0.75,15.875],"texture":"#0"},"east":{"uv":[0.75,14.875,0.25,15.625],"texture":"#0"},"south":{"uv":[0.5,15.625,0.75,15.875],"texture":"#0"},"west":{"uv":[0.25,14.875,0.75,15.625],"texture":"#0"},"up":{"uv":[0.75,14.875,1.75,15.375],"texture":"#0"},"down":{"uv":[0.625,10.875,0.75,11.0],"texture":"#missing"}}},{"from":[4.0,6.0,8.0],"to":[12.0,7.0,8.0],"rotation":{"angle":0.0,"axis":"y","origin":[9.0,-0.5,8.0]},"faces":{"north":{"uv":[0.75,15.875,1.75,16.0],"texture":"#0"},"east":{"uv":[0.0,12.375,0.875,13.5],"texture":"#missing"},"south":{"uv":[0.75,15.875,1.75,16.0],"texture":"#0"},"west":{"uv":[0.0,12.375,0.875,13.5],"texture":"#missing"},"up":{"uv":[0.875,12.375,1.75,13.25],"texture":"#missing"},"down":{"uv":[0.625,10.875,0.75,11.0],"texture":"#missing"}}},{"from":[4.0,7.0,8.0],"to":[12.0,11.0,8.0],"rotation":{"angle":0.0,"axis":"y","origin":[9.0,-0.5,8.0]},"faces":{"north":{"uv":[0.75,15.375,1.75,15.875],"texture":"#0","tintindex":0.0},"east":{"uv":[0.0,12.375,0.875,13.5],"texture":"#missing","tintindex":0.0},"south":{"uv":[0.75,15.375,1.75,15.875],"texture":"#0","tintindex":0.0},"west":{"uv":[0.0,12.375,0.875,13.5],"texture":"#missing","tintindex":0.0},"up":{"uv":[0.875,12.375,1.75,13.25],"texture":"#missing","tintindex":0.0},"down":{"uv":[0.625,10.875,0.75,11.0],"texture":"#missing","tintindex":0.0}}}],"gui_light":"front","display":{"thirdperson_righthand":{"rotation":[16.24,88.05,48.4],"translation":[0.0,-3.0,0.0],"scale":[0.9711,0.9711,0.9711]},"thirdperson_lefthand":{"rotation":[16.24,88.05,48.4],"translation":[0.0,-3.0,0.0],"scale":[0.9711,0.9711,0.9711]},"firstperson_righthand":{"rotation":[174.14,68.55,172.1],"translation":[13.5,-1.0,-7.25],"scale":[0.77539,0.77539,0.77539]},"firstperson_lefthand":{"rotation":[174.14,68.55,172.1],"translation":[13.5,-1.0,-7.25],"scale":[0.77539,0.77539,0.77539]},"ground":{"translation":[0.0,4.25,0.0],"scale":[0.43945,0.43945,0.43945]},"gui":{"rotation":[28.75,24.01,-28.46],"translation":[1.75,3.0,0.0],"scale":[1.14415,1.14415,1.14415]},"head":{"rotation":[0.0,3.25,0.0],"translation":[0.0,4.25,0.0],"scale":[1.6,1.6,1.6]}}}