{"textures":{"0":"mcc:island_cosmetics/accessory/offhand_3","particle":"mcc:island_cosmetics/accessory/offhand_3"},"credit":"Made with Blockbench","texture_size":[128.0,128.0],"elements":[{"from":[7.0,-9.0,7.0],"to":[9.0,13.0,9.0],"rotation":{"angle":0.0,"axis":"y","origin":[9.0,17.0,6.875]},"faces":{"north":{"uv":[7.25,11.0,7.0,13.75],"texture":"#0"},"east":{"uv":[7.25,11.0,7.0,13.75],"texture":"#0"},"south":{"uv":[7.25,11.0,7.0,13.75],"texture":"#0"},"west":{"uv":[7.25,11.0,7.0,13.75],"texture":"#0"},"up":{"uv":[7.75,12.0,7.875,12.125],"texture":"#0"},"down":{"uv":[7.25,11.0,7.0,11.25],"texture":"#0"}}},{"from":[6.48,-9.02,6.48],"to":[9.52,-3.98,9.52],"rotation":{"angle":0.0,"axis":"y","origin":[9.5,17.0,7.375]},"faces":{"north":{"uv":[8.0,11.0,7.625,11.625],"texture":"#0"},"east":{"uv":[8.0,11.0,7.625,11.625],"texture":"#0"},"south":{"uv":[8.0,11.0,7.625,11.625],"texture":"#0"},"west":{"uv":[8.0,11.0,7.625,11.625],"texture":"#0"},"up":{"uv":[8.0,12.0,7.625,12.375],"texture":"#0"},"down":{"uv":[8.0,12.0,7.625,12.375],"texture":"#0"}}},{"from":[6.5,3.0,6.5],"to":[9.5,10.0,9.5],"rotation":{"angle":0.0,"axis":"y","origin":[9.5,17.0,7.375]},"faces":{"north":{"uv":[7.625,11.0,7.25,11.875],"texture":"#0"},"east":{"uv":[7.25,11.0,7.625,11.875],"texture":"#0"},"south":{"uv":[7.625,11.0,7.25,11.875],"texture":"#0"},"west":{"uv":[7.25,11.0,7.625,11.875],"texture":"#0"},"up":{"uv":[8.0,10.625,7.625,11.0],"texture":"#0"},"down":{"uv":[8.0,10.625,7.625,11.0],"texture":"#0"}}},{"from":[7.72521,-3.84045,6.5],"to":[7.72521,2.15955,9.5],"rotation":{"angle":-22.5,"axis":"z","origin":[9.22521,5.65955,8.0]},"faces":{"north":{"uv":[5.0,10.5,4.75,13.0],"texture":"#missing"},"east":{"uv":[7.25,11.875,7.625,12.625],"texture":"#0"},"south":{"uv":[5.0,10.5,4.75,13.0],"texture":"#missing"},"west":{"uv":[7.625,11.875,7.25,12.625],"texture":"#0"},"up":{"uv":[5.5,12.0,5.625,12.125],"texture":"#missing"},"down":{"uv":[5.5,12.0,5.625,12.125],"texture":"#missing"}}},{"from":[4.0,13.0,8.0],"to":[12.0,24.0,8.0],"rotation":{"angle":0.0,"axis":"y","origin":[9.0,17.0,6.875]},"faces":{"north":{"uv":[8.25,12.5,7.25,13.875],"texture":"#0"},"east":{"uv":[5.0,10.5,4.75,13.0],"texture":"#missing"},"south":{"uv":[7.25,12.5,8.25,13.875],"texture":"#0"},"west":{"uv":[5.0,10.5,4.75,13.0],"texture":"#missing"},"up":{"uv":[5.5,12.0,5.625,12.125],"texture":"#missing"},"down":{"uv":[5.5,12.0,5.625,12.125],"texture":"#missing"}}},{"from":[6.5,-12.0,7.5],"to":[9.5,-9.0,8.5],"rotation":{"angle":0.0,"axis":"y","origin":[8.5,17.0,6.875]},"faces":{"north":{"uv":[8.0,11.625,7.625,12.0],"texture":"#0"},"east":{"uv":[7.75,11.625,7.625,12.0],"texture":"#0"},"south":{"uv":[8.0,11.625,7.625,12.0],"texture":"#0"},"west":{"uv":[7.75,11.625,7.625,12.0],"texture":"#0"},"up":{"uv":[8.0,11.625,7.625,11.75],"texture":"#0"},"down":{"uv":[8.0,11.875,7.625,12.0],"texture":"#0"}}},{"name":"cube inverted","from":[9.5,-9.0,8.5],"to":[6.5,-12.0,7.5],"rotation":{"angle":0.0,"axis":"y","origin":[8.5,17.0,6.875]},"faces":{"north":{"uv":[8.0,12.0,7.625,11.625],"texture":"#0"},"east":{"uv":[7.75,12.0,7.625,11.625],"texture":"#0"},"south":{"uv":[8.0,12.0,7.625,11.625],"texture":"#0"},"west":{"uv":[7.75,12.0,7.625,11.625],"texture":"#0"},"up":{"uv":[7.625,11.875,8.0,12.0],"texture":"#0"},"down":{"uv":[7.625,11.625,8.0,11.75],"texture":"#0"}}}],"gui_light":"front","display":{"thirdperson_righthand":{"rotation":[37.64,66.81,-18.95],"translation":[1.5,7.25,4.5],"scale":[1.01758,1.01758,1.01758]},"thirdperson_lefthand":{"rotation":[37.64,66.81,-18.95],"translation":[1.5,7.25,4.5],"scale":[1.01758,1.01758,1.01758]},"firstperson_righthand":{"rotation":[54.3,-72.72,57.42],"translation":[11.5,2.75,-7.25],"scale":[0.63281,0.63281,0.63281]},"firstperson_lefthand":{"rotation":[54.3,-72.72,57.42],"translation":[11.5,2.75,-7.25],"scale":[0.63281,0.63281,0.63281]},"ground":{"translation":[0.0,4.25,0.0],"scale":[0.43945,0.43945,0.43945]},"gui":{"rotation":[168.65,19.35,-131.85],"translation":[0.75,0.75,0.0],"scale":[0.53087,0.53087,0.53087]},"head":{"rotation":[0.0,3.25,0.0],"translation":[0.0,4.25,0.0],"scale":[1.6,1.6,1.6]}}}