{"textures":{"0":"mcc:island_cosmetics/accessory/offhand_1","particle":"mcc:island_cosmetics/accessory/offhand_1"},"credit":"Made with Blockbench","texture_size":[128.0,128.0],"elements":[{"from":[9.0,3.5,3.5],"to":[11.0,5.5,12.5],"rotation":{"angle":0.0,"axis":"y","origin":[7.5,0.0,8.0]},"faces":{"north":{"uv":[1.75,8.75,2.0,9.0],"texture":"#0"},"east":{"uv":[1.75,8.75,0.625,9.0],"texture":"#0"},"south":{"uv":[2.0,8.75,1.75,9.0],"texture":"#0"},"west":{"uv":[2.25,9.625,3.375,9.875],"texture":"#0"},"up":{"uv":[2.0,9.875,2.25,8.75],"texture":"#0"},"down":{"uv":[2.0,9.0,2.125,8.875],"texture":"#0"}}},{"from":[5.0,3.5,3.5],"to":[7.0,5.5,12.5],"rotation":{"angle":0.0,"axis":"y","origin":[8.5,0.0,8.0]},"faces":{"north":{"uv":[2.0,8.75,1.75,9.0],"texture":"#0"},"east":{"uv":[2.25,9.625,3.375,9.875],"texture":"#0"},"south":{"uv":[1.75,8.75,2.0,9.0],"texture":"#0"},"west":{"uv":[0.625,8.75,1.75,9.0],"texture":"#0"},"up":{"uv":[2.25,9.875,2.0,8.75],"texture":"#0"},"down":{"uv":[2.125,9.0,2.0,8.875],"texture":"#0"}}},{"from":[5.0,2.5,3.5],"to":[11.0,3.5,12.5],"rotation":{"angle":0.0,"axis":"y","origin":[7.5,0.0,8.0]},"faces":{"north":{"uv":[1.375,9.25,0.625,9.375],"texture":"#0"},"east":{"uv":[1.75,9.0,0.625,9.125],"texture":"#0"},"south":{"uv":[1.375,9.25,0.625,9.375],"texture":"#0"},"west":{"uv":[1.75,9.0,0.625,9.125],"texture":"#0"},"up":{"uv":[2.375,11.0,1.625,9.875],"texture":"#0"},"down":{"uv":[1.625,11.0,2.375,9.875],"texture":"#0"}}},{"from":[6.51,2.03433,9.20553],"to":[9.51,5.03433,13.20553],"rotation":{"angle":-22.5,"axis":"x","origin":[8.01,4.53433,7.20553]},"faces":{"north":{"uv":[0.875,9.875,0.75,9.5],"texture":"#0"},"east":{"uv":[0.375,10.25,0.875,9.875],"texture":"#0"},"south":{"uv":[0.875,10.375,1.25,10.0],"texture":"#0"},"west":{"uv":[0.875,10.25,0.375,9.875],"texture":"#0"},"up":{"uv":[1.625,9.5,1.25,10.0],"texture":"#0"},"down":{"uv":[1.625,10.0,1.25,10.5],"rotation":180.0,"texture":"#0"}}},{"from":[6.48,2.97,5.98],"to":[9.52,6.01,10.02],"rotation":{"angle":0.0,"axis":"y","origin":[8.01,4.5,7.99]},"faces":{"north":{"uv":[0.875,9.875,0.75,9.5],"texture":"#0"},"east":{"uv":[0.375,9.875,0.875,9.5],"texture":"#0"},"south":{"uv":[0.875,9.875,0.75,9.5],"texture":"#0"},"west":{"uv":[0.375,9.875,0.875,9.5],"texture":"#0"},"up":{"uv":[2.0,9.25,1.625,9.75],"texture":"#0"},"down":{"uv":[1.5,10.25,1.625,10.125],"texture":"#0"}}},{"from":[6.51,2.03433,2.79447],"to":[9.51,5.03433,6.79447],"rotation":{"angle":22.5,"axis":"x","origin":[8.01,4.53433,8.79447]},"faces":{"north":{"uv":[0.875,10.375,1.25,10.0],"texture":"#0"},"east":{"uv":[0.875,10.25,0.375,9.875],"texture":"#0"},"south":{"uv":[0.875,9.875,0.75,9.5],"texture":"#0"},"west":{"uv":[0.375,10.25,0.875,9.875],"texture":"#0"},"up":{"uv":[1.25,9.5,0.875,10.0],"texture":"#0"},"down":{"uv":[1.625,10.0,1.25,10.5],"texture":"#0"}}},{"from":[6.5,5.5,3.0],"to":[9.5,5.5,6.0],"rotation":{"angle":22.5,"axis":"x","origin":[8.0,4.75,8.0]},"faces":{"north":{"uv":[2.25,0.75,1.875,0.75],"texture":"#missing"},"east":{"uv":[0.75,0.75,0.0,0.75],"texture":"#missing"},"south":{"uv":[1.125,0.75,0.75,0.75],"texture":"#missing"},"west":{"uv":[1.875,0.75,1.125,0.75],"texture":"#missing"},"up":{"uv":[1.25,8.375,0.875,8.75],"texture":"#0"},"down":{"uv":[1.25,8.375,0.875,8.75],"texture":"#0"}}},{"from":[6.49,6.24,5.01],"to":[9.49,6.24,11.01],"rotation":{"angle":0.0,"axis":"y","origin":[8.0,4.75,8.0]},"faces":{"north":{"uv":[2.25,1.5,1.875,1.5],"texture":"#missing"},"east":{"uv":[0.75,1.5,0.0,1.5],"texture":"#missing"},"south":{"uv":[1.125,1.5,0.75,1.5],"texture":"#missing"},"west":{"uv":[1.875,1.5,1.125,1.5],"texture":"#missing"},"up":{"uv":[1.625,8.0,1.25,8.75],"texture":"#0"},"down":{"uv":[1.625,8.75,1.25,8.0],"texture":"#0"}}},{"from":[6.5,5.5,10.0],"to":[9.5,5.5,13.0],"rotation":{"angle":-22.5,"axis":"x","origin":[8.0,4.75,8.0]},"faces":{"north":{"uv":[2.25,3.0,1.875,3.0],"texture":"#missing"},"east":{"uv":[0.75,3.0,0.0,3.0],"texture":"#missing"},"south":{"uv":[1.125,3.0,0.75,3.0],"texture":"#missing"},"west":{"uv":[1.875,3.0,1.125,3.0],"texture":"#missing"},"up":{"uv":[1.25,8.0,0.875,8.375],"texture":"#0"},"down":{"uv":[0.875,8.0,1.25,8.375],"texture":"#0"}}}],"gui_light":"front","display":{"thirdperson_righthand":{"rotation":[-131.54,-46.91,179.96],"translation":[0.0,3.25,2.75],"scale":[0.80313,0.80313,0.80313]},"thirdperson_lefthand":{"rotation":[-131.54,-46.91,179.96],"translation":[0.0,3.25,2.75],"scale":[0.80313,0.80313,0.80313]},"firstperson_righthand":{"rotation":[-166.62,12.61,172.99],"translation":[8.75,1.75,-5.0],"scale":[0.79688,0.79688,0.79688]},"firstperson_lefthand":{"rotation":[-166.62,12.61,172.99],"translation":[8.75,1.75,-5.0],"scale":[0.79688,0.79688,0.79688]},"ground":{"translation":[0.0,4.25,0.0],"scale":[0.43945,0.43945,0.43945]},"gui":{"rotation":[-133.61,-31.0,-180.0],"translation":[-0.25,3.0,0.0],"scale":[1.2539,1.2539,1.2539]},"head":{"rotation":[0.0,3.25,0.0],"translation":[0.0,4.25,0.0],"scale":[1.6,1.6,1.6]}}}