{"textures":{"0":"mcc:island_cosmetics/accessory/offhand_2","particle":"mcc:island_cosmetics/accessory/offhand_2"},"credit":"Made with Blockbench","texture_size":[128.0,128.0],"elements":[{"from":[6.0,0.0,7.0],"to":[10.0,4.0,11.0],"faces":{"north":{"uv":[6.875,11.125,7.375,11.625],"texture":"#0","tintindex":0.0},"east":{"uv":[6.875,11.125,7.375,11.625],"texture":"#0","tintindex":0.0},"south":{"uv":[6.875,11.125,7.375,11.625],"texture":"#0","tintindex":0.0},"west":{"uv":[6.875,11.125,7.375,11.625],"texture":"#0","tintindex":0.0},"up":{"uv":[6.5,11.625,7.0,12.125],"texture":"#0","tintindex":0.0},"down":{"uv":[6.5,11.625,7.0,12.125],"texture":"#0","tintindex":0.0}}},{"from":[5.9,-2.85,6.9],"to":[10.1,0.35,11.1],"rotation":{"angle":22.5,"axis":"y","origin":[8.0,-1.5,9.0]},"faces":{"north":{"uv":[8.375,11.125,7.875,11.5],"texture":"#0","tintindex":0.0},"east":{"uv":[7.875,11.125,8.375,11.5],"texture":"#0","tintindex":0.0},"south":{"uv":[8.375,11.125,7.875,11.5],"texture":"#0","tintindex":0.0},"west":{"uv":[7.875,11.125,8.375,11.5],"texture":"#0","tintindex":0.0},"up":{"uv":[6.5,11.625,7.0,12.125],"texture":"#0","tintindex":0.0},"down":{"uv":[6.25,11.0,6.375,11.125],"texture":"#0","tintindex":0.0}}},{"from":[6.0,-3.0,7.0],"to":[10.0,0.0,11.0],"rotation":{"angle":22.5,"axis":"y","origin":[8.0,-1.0,9.0]},"faces":{"north":{"uv":[6.0,10.625,6.5,11.0],"texture":"#0"},"east":{"uv":[6.0,10.625,6.5,11.0],"texture":"#0"},"south":{"uv":[6.0,10.625,6.5,11.0],"texture":"#0"},"west":{"uv":[6.0,10.625,6.5,11.0],"texture":"#0"},"up":{"uv":[7.0,10.625,7.5,11.125],"texture":"#0"},"down":{"uv":[7.0,10.625,7.5,11.125],"texture":"#0"}}},{"from":[6.5,-7.0,7.5],"to":[9.5,-2.0,10.5],"rotation":{"angle":22.5,"axis":"y","origin":[8.0,-1.0,9.0]},"faces":{"north":{"uv":[6.0,11.0,6.375,11.625],"texture":"#0"},"east":{"uv":[6.0,11.0,6.375,11.625],"texture":"#0"},"south":{"uv":[6.0,11.0,6.375,11.625],"texture":"#0"},"west":{"uv":[6.0,11.0,6.375,11.625],"texture":"#0"},"up":{"uv":[0.0,0.0,0.125,0.125],"texture":"#missing"},"down":{"uv":[6.5,12.125,6.875,12.5],"texture":"#0"}}}],"gui_light":"front","display":{"thirdperson_righthand":{"rotation":[-118.63,-80.19,-178.14],"translation":[2.0,7.5,12.0]},"thirdperson_lefthand":{"rotation":[-118.63,-80.19,-178.14],"translation":[2.0,7.5,12.0]},"firstperson_righthand":{"rotation":[-5.92,-9.06,6.07],"translation":[7.75,6.0,-5.5],"scale":[0.66602,0.66602,0.66602]},"firstperson_lefthand":{"rotation":[-14.54,43.4,12.5],"translation":[7.25,6.0,-5.5],"scale":[0.66602,0.66602,0.66602]},"ground":{"translation":[0.0,4.25,0.0],"scale":[0.43945,0.43945,0.43945]},"gui":{"rotation":[33.97,26.03,-50.3],"translation":[7.25,8.75,0.0],"scale":[1.24571,1.24571,1.24571]},"head":{"rotation":[0.0,3.25,0.0],"translation":[0.0,4.25,0.0],"scale":[1.6,1.6,1.6]}}}