{"textures":{"0":"mcc:island_cosmetics/accessory/offhand_3","particle":"mcc:island_cosmetics/accessory/offhand_3"},"credit":"Made with Blockbench","texture_size":[128.0,128.0],"elements":[{"from":[7.0,-15.0,7.0],"to":[9.0,12.0,9.0],"rotation":{"angle":0.0,"axis":"y","origin":[8.0,-0.5,8.0]},"faces":{"north":{"uv":[13.375,0.0,13.625,3.375],"texture":"#0"},"east":{"uv":[13.625,0.0,13.375,3.375],"texture":"#0"},"south":{"uv":[13.375,0.0,13.625,3.375],"texture":"#0"},"west":{"uv":[13.625,0.0,13.375,3.375],"texture":"#0"},"up":{"uv":[11.875,0.875,12.0,1.0],"texture":"#0"},"down":{"uv":[11.875,0.875,12.0,1.0],"texture":"#0"}}},{"from":[7.0,-15.0,7.0],"to":[9.0,12.0,9.0],"rotation":{"angle":0.0,"axis":"y","origin":[8.0,-0.5,8.0]},"faces":{"north":{"uv":[13.625,0.0,13.875,3.375],"texture":"#0","tintindex":0.0},"east":{"uv":[13.875,0.0,13.625,3.375],"texture":"#0","tintindex":0.0},"south":{"uv":[13.625,0.0,13.875,3.375],"texture":"#0","tintindex":0.0},"west":{"uv":[13.875,0.0,13.625,3.375],"texture":"#0","tintindex":0.0},"up":{"uv":[11.875,0.875,12.0,1.0],"texture":"#0","tintindex":0.0},"down":{"uv":[11.875,0.875,12.0,1.0],"texture":"#0","tintindex":0.0}}},{"from":[6.8,-15.2,6.8],"to":[9.2,-12.8,9.2],"rotation":{"angle":0.0,"axis":"y","origin":[8.0,-0.5,8.0]},"faces":{"north":{"uv":[11.125,0.75,11.375,1.0],"texture":"#0"},"east":{"uv":[11.375,0.75,11.125,1.0],"texture":"#0"},"south":{"uv":[11.125,0.75,11.375,1.0],"texture":"#0"},"west":{"uv":[11.375,0.75,11.125,1.0],"texture":"#0"},"up":{"uv":[10.0,0.875,10.125,1.0],"texture":"#0"},"down":{"uv":[11.375,1.0,11.125,1.25],"texture":"#0"}}},{"from":[5.0,2.5,-2.0],"to":[11.0,7.5,-2.0],"rotation":{"angle":45.0,"axis":"x","origin":[8.0,-1.0,8.0]},"faces":{"north":{"uv":[11.375,2.25,12.125,2.875],"texture":"#0"},"east":{"uv":[6.25,12.875,6.0,16.0],"texture":"#missing"},"south":{"uv":[11.375,2.25,12.125,2.875],"texture":"#0"},"west":{"uv":[6.25,12.875,6.0,16.0],"texture":"#missing"},"up":{"uv":[3.0,4.375,3.25,4.625],"texture":"#missing"},"down":{"uv":[3.0,4.625,3.25,4.875],"texture":"#missing"}}},{"from":[5.0,2.5,18.0],"to":[11.0,7.5,18.0],"rotation":{"angle":-45.0,"axis":"x","origin":[8.0,-1.0,8.0]},"faces":{"north":{"uv":[12.125,2.25,11.375,2.875],"texture":"#0"},"east":{"uv":[6.0,12.875,6.25,16.0],"texture":"#missing"},"south":{"uv":[12.125,2.25,11.375,2.875],"texture":"#0"},"west":{"uv":[6.0,12.875,6.25,16.0],"texture":"#missing"},"up":{"uv":[3.0,4.625,3.25,4.375],"texture":"#missing"},"down":{"uv":[3.0,4.875,3.25,4.625],"texture":"#missing"}}},{"from":[6.0,5.81371,5.0],"to":[6.0,10.81371,11.0],"rotation":{"angle":-45.0,"axis":"z","origin":[8.0,10.31371,8.0]},"faces":{"north":{"uv":[6.0,12.875,6.25,16.0],"texture":"#missing"},"east":{"uv":[12.125,2.25,11.375,2.875],"texture":"#0"},"south":{"uv":[6.0,12.875,6.25,16.0],"texture":"#missing"},"west":{"uv":[12.125,2.25,11.375,2.875],"texture":"#0"},"up":{"uv":[3.0,4.625,3.25,4.375],"rotation":90.0,"texture":"#missing"},"down":{"uv":[3.0,4.875,3.25,4.625],"rotation":270.0,"texture":"#missing"}}},{"from":[10.0,5.81371,5.0],"to":[10.0,10.81371,11.0],"rotation":{"angle":45.0,"axis":"z","origin":[8.0,10.31371,8.0]},"faces":{"north":{"uv":[6.25,12.875,6.0,16.0],"texture":"#missing"},"east":{"uv":[11.375,2.25,12.125,2.875],"texture":"#0"},"south":{"uv":[6.25,12.875,6.0,16.0],"texture":"#missing"},"west":{"uv":[11.375,2.25,12.125,2.875],"texture":"#0"},"up":{"uv":[3.0,4.375,3.25,4.625],"rotation":90.0,"texture":"#missing"},"down":{"uv":[3.0,4.625,3.25,4.875],"rotation":270.0,"texture":"#missing"}}},{"from":[5.0,12.0,5.0],"to":[11.0,18.0,11.0],"rotation":{"angle":0.0,"axis":"y","origin":[9.0,17.0,7.875]},"faces":{"north":{"uv":[10.625,0.0,11.375,0.75],"texture":"#0"},"east":{"uv":[11.375,0.0,12.125,0.75],"texture":"#0"},"south":{"uv":[11.375,1.5,12.125,2.25],"texture":"#0"},"west":{"uv":[12.125,0.75,11.375,1.5],"texture":"#0"},"up":{"uv":[12.625,0.0,13.375,0.75],"texture":"#0"},"down":{"uv":[11.375,2.875,12.125,3.625],"texture":"#0"}}},{"from":[5.0,12.0,5.0],"to":[11.0,18.0,11.0],"rotation":{"angle":0.0,"axis":"y","origin":[9.0,17.0,7.875]},"faces":{"north":{"uv":[13.875,0.0,14.625,0.75],"texture":"#0","tintindex":0.0},"east":{"uv":[11.25,0.0,11.375,0.125],"texture":"#0","tintindex":0.0},"south":{"uv":[13.875,1.5,14.625,2.25],"texture":"#0","tintindex":0.0},"west":{"uv":[13.875,0.75,14.625,1.5],"texture":"#0","tintindex":0.0},"up":{"uv":[13.875,2.25,14.625,3.0],"texture":"#0","tintindex":0.0},"down":{"uv":[11.25,0.0,11.375,0.125],"texture":"#0","tintindex":0.0}}},{"from":[1.75,14.75,7.0],"to":[3.75,16.75,9.0],"rotation":{"angle":0.0,"axis":"z","origin":[7.5,18.0,7.375]},"faces":{"north":{"uv":[12.125,1.5,12.375,1.75],"texture":"#0"},"east":{"uv":[12.375,1.5,12.125,1.75],"texture":"#0"},"south":{"uv":[12.125,1.5,12.375,1.75],"texture":"#0"},"west":{"uv":[12.375,1.5,12.125,1.75],"texture":"#0"},"up":{"uv":[12.375,1.5,12.625,1.75],"texture":"#0"},"down":{"uv":[12.125,1.75,12.375,2.0],"texture":"#0"}}},{"from":[12.25,14.75,7.0],"to":[14.25,16.75,9.0],"rotation":{"angle":0.0,"axis":"z","origin":[8.5,18.0,7.375]},"faces":{"north":{"uv":[12.375,1.5,12.125,1.75],"texture":"#0"},"east":{"uv":[12.125,1.5,12.375,1.75],"texture":"#0"},"south":{"uv":[12.375,1.5,12.125,1.75],"texture":"#0"},"west":{"uv":[12.125,1.5,12.375,1.75],"texture":"#0"},"up":{"uv":[12.375,1.5,12.625,1.75],"texture":"#0"},"down":{"uv":[12.375,1.75,12.125,2.0],"texture":"#0"}}},{"from":[2.5,18.0,6.5],"to":[6.5,20.0,9.5],"rotation":{"angle":22.5,"axis":"z","origin":[7.5,18.0,7.375]},"faces":{"north":{"uv":[12.125,0.0,12.625,0.25],"texture":"#0","tintindex":0.0},"east":{"uv":[12.125,0.875,12.5,1.125],"texture":"#0","tintindex":0.0},"south":{"uv":[12.625,0.0,12.125,0.25],"texture":"#0","tintindex":0.0},"west":{"uv":[12.125,0.625,12.5,0.875],"texture":"#0","tintindex":0.0},"up":{"uv":[12.125,0.25,12.625,0.625],"texture":"#0","tintindex":0.0},"down":{"uv":[12.125,1.125,12.625,1.5],"texture":"#0","tintindex":0.0}}},{"from":[9.5,18.0,6.5],"to":[13.5,20.0,9.5],"rotation":{"angle":-22.5,"axis":"z","origin":[8.5,18.0,7.375]},"faces":{"north":{"uv":[13.125,0.75,12.625,1.0],"texture":"#0"},"east":{"uv":[13.0,1.375,12.625,1.625],"texture":"#0"},"south":{"uv":[12.625,0.75,13.125,1.0],"texture":"#0"},"west":{"uv":[13.0,1.625,12.625,1.875],"texture":"#0"},"up":{"uv":[13.125,1.0,12.625,1.375],"texture":"#0"},"down":{"uv":[13.125,1.875,12.625,2.25],"texture":"#0"}}},{"name":"cube inverted","from":[9.2,-12.8,9.2],"to":[6.8,-15.2,6.8],"rotation":{"angle":0.0,"axis":"y","origin":[8.0,-0.5,8.0]},"faces":{"north":{"uv":[11.125,1.0,11.375,0.75],"texture":"#0"},"east":{"uv":[11.375,1.0,11.125,0.75],"texture":"#0"},"south":{"uv":[11.125,1.0,11.375,0.75],"texture":"#0"},"west":{"uv":[11.375,1.0,11.125,0.75],"texture":"#0"},"up":{"uv":[11.125,1.0,11.375,1.25],"texture":"#0"},"down":{"uv":[10.125,0.875,10.0,1.0],"texture":"#0"}}}],"gui_light":"front","display":{"thirdperson_righthand":{"rotation":[69.88,58.49,-28.77],"translation":[3.5,6.25,7.5],"scale":[0.91055,0.91055,0.91055]},"thirdperson_lefthand":{"rotation":[69.88,58.49,-28.77],"translation":[3.5,6.25,7.5],"scale":[0.91055,0.91055,0.91055]},"firstperson_righthand":{"rotation":[174.14,68.55,172.1],"translation":[10.5,3.5,-7.25],"scale":[0.54297,0.54297,0.54297]},"firstperson_lefthand":{"rotation":[174.14,68.55,172.1],"translation":[10.5,3.5,-7.25],"scale":[0.54297,0.54297,0.54297]},"ground":{"translation":[0.0,4.25,0.0],"scale":[0.43945,0.43945,0.43945]},"gui":{"rotation":[-156.08,-6.57,-137.01],"translation":[1.25,1.75,0.0],"scale":[0.51329,0.51329,0.51329]},"head":{"rotation":[0.0,3.25,0.0],"translation":[0.0,4.25,0.0],"scale":[1.6,1.6,1.6]}}}