{"textures":{"0":"mcc:island_cosmetics/accessory/offhand_4","particle":"mcc:island_cosmetics/accessory/offhand_4"},"credit":"Made with Blockbench","texture_size":[128.0,128.0],"elements":[{"from":[7.0,-4.0,7.0],"to":[9.0,5.0,9.0],"rotation":{"angle":0.0,"axis":"y","origin":[8.0,-0.5,8.0]},"faces":{"north":{"uv":[13.625,4.25,13.875,5.375],"texture":"#0"},"east":{"uv":[13.875,4.25,13.625,5.375],"texture":"#0"},"south":{"uv":[13.625,4.25,13.875,5.375],"texture":"#0"},"west":{"uv":[13.875,4.25,13.625,5.375],"texture":"#0"},"up":{"uv":[13.375,4.75,13.625,5.0],"texture":"#0"},"down":{"uv":[13.375,4.5,13.625,4.75],"texture":"#0"}}},{"from":[7.0,-4.0,7.0],"to":[9.0,5.0,9.0],"rotation":{"angle":0.0,"axis":"y","origin":[8.0,-0.5,8.0]},"faces":{"north":{"uv":[13.875,4.25,14.125,5.375],"texture":"#0","tintindex":0.0},"east":{"uv":[13.875,4.25,14.125,5.375],"texture":"#0","tintindex":0.0},"south":{"uv":[13.875,4.25,14.125,5.375],"texture":"#0","tintindex":0.0},"west":{"uv":[13.875,4.25,14.125,5.375],"texture":"#0","tintindex":0.0},"up":{"uv":[13.375,4.75,13.625,5.0],"texture":"#0"},"down":{"uv":[13.375,4.75,13.625,5.0],"texture":"#0"}}},{"from":[4.0,5.0,6.0],"to":[12.0,5.0,10.0],"rotation":{"angle":0.0,"axis":"y","origin":[8.0,-0.5,8.0]},"faces":{"north":{"uv":[11.625,4.5,11.875,6.875],"texture":"#0"},"east":{"uv":[11.875,4.5,11.625,6.875],"texture":"#0"},"south":{"uv":[11.625,4.5,11.875,6.875],"texture":"#0"},"west":{"uv":[11.875,4.5,11.625,6.875],"texture":"#0"},"up":{"uv":[12.375,5.0,13.375,5.5],"texture":"#0"},"down":{"uv":[12.375,5.0,13.375,5.5],"texture":"#0"}}},{"from":[5.5,5.0,8.0],"to":[10.5,31.0,8.0],"rotation":{"angle":0.0,"axis":"y","origin":[8.0,-0.5,8.0]},"faces":{"north":{"uv":[14.75,3.875,14.125,7.125],"texture":"#0"},"east":{"uv":[11.625,4.5,11.875,6.875],"texture":"#0"},"south":{"uv":[14.125,3.875,14.75,7.125],"texture":"#0"},"west":{"uv":[11.625,4.5,11.875,6.875],"texture":"#0"},"up":{"uv":[8.125,2.0,7.875,2.25],"texture":"#0"},"down":{"uv":[8.125,2.0,7.875,2.25],"texture":"#0"}}}],"gui_light":"front","display":{"thirdperson_righthand":{"rotation":[63.6,67.12,-41.08],"translation":[1.75,3.5,4.5],"scale":[0.93398,0.93398,0.93398]},"thirdperson_lefthand":{"rotation":[-127.2,-77.79,-136.5],"translation":[1.25,4.75,3.0],"scale":[0.93398,0.93398,0.93398]},"firstperson_righthand":{"rotation":[170.36,80.76,-179.66],"translation":[13.5,-1.5,-7.25],"scale":[0.67187,0.67187,0.67187]},"firstperson_lefthand":{"rotation":[33.91,-76.66,38.79],"translation":[13.5,-1.5,-7.25],"scale":[0.67187,0.67187,0.67187]},"ground":{"translation":[0.0,4.25,0.0],"scale":[0.43945,0.43945,0.43945]},"gui":{"rotation":[24.84,33.25,-56.21],"translation":[-1.75,-1.75,0.0],"scale":[0.54065,0.54065,0.54065]},"head":{"rotation":[0.0,3.25,0.0],"translation":[0.0,4.25,0.0],"scale":[1.6,1.6,1.6]}}}