{"textures":{"0":"mcc:island_cosmetics/accessory/offhand_2","particle":"mcc:island_cosmetics/accessory/offhand_2"},"credit":"Made with Blockbench","texture_size":[128.0,128.0],"elements":[{"from":[0.67878,5.0,9.0],"to":[10.67878,16.0,10.0],"rotation":{"angle":-22.5,"axis":"y","origin":[10.67878,9.5,3.0]},"faces":{"north":{"uv":[1.25,11.125,0.0,12.5],"texture":"#0"},"east":{"uv":[3.5,12.0,3.625,12.125],"texture":"#0"},"south":{"uv":[3.25,12.5,2.0,13.875],"texture":"#0"},"west":{"uv":[0.125,11.125,0.0,12.5],"texture":"#0"},"up":{"uv":[0.0,11.25,1.25,11.125],"texture":"#0"},"down":{"uv":[0.0,12.375,1.25,12.5],"texture":"#0"}}},{"from":[0.67878,16.0,10.0],"to":[10.67878,21.0,10.0],"rotation":{"angle":-22.5,"axis":"y","origin":[10.67878,9.5,3.0]},"faces":{"north":{"uv":[0.0,14.0,1.25,14.625],"texture":"#0"},"east":{"uv":[2.5,0.75,2.75,3.25],"texture":"#missing"},"south":{"uv":[4.625,12.75,3.375,13.375],"texture":"#0"},"west":{"uv":[2.75,0.75,2.5,3.25],"texture":"#missing"},"up":{"uv":[2.5,5.25,0.0,5.5],"texture":"#missing"},"down":{"uv":[2.5,5.0,0.0,5.25],"texture":"#missing"}}},{"from":[5.32122,16.0,10.0],"to":[15.32122,21.0,10.0],"rotation":{"angle":22.5,"axis":"y","origin":[5.32122,9.5,3.0]},"faces":{"north":{"uv":[1.25,14.0,0.0,14.625],"texture":"#0"},"east":{"uv":[2.5,0.75,2.75,3.25],"texture":"#missing"},"south":{"uv":[3.375,11.25,4.625,11.875],"texture":"#0"},"west":{"uv":[2.75,0.75,2.5,3.25],"texture":"#missing"},"up":{"uv":[0.0,5.25,2.5,5.5],"texture":"#missing"},"down":{"uv":[0.0,5.0,2.5,5.25],"texture":"#missing"}}},{"from":[0.67878,-2.0,10.0],"to":[10.67878,5.0,10.0],"rotation":{"angle":-22.5,"axis":"y","origin":[10.67878,-8.5,3.0]},"faces":{"north":{"uv":[0.0,13.125,1.25,14.0],"texture":"#0"},"east":{"uv":[2.5,0.75,2.75,3.25],"texture":"#missing"},"south":{"uv":[4.5,13.375,3.25,14.25],"texture":"#0"},"west":{"uv":[2.75,0.75,2.5,3.25],"texture":"#missing"},"up":{"uv":[2.5,5.25,0.0,5.5],"texture":"#missing"},"down":{"uv":[2.5,5.0,0.0,5.25],"texture":"#missing"}}},{"from":[5.32122,-2.0,10.0],"to":[15.32122,5.0,10.0],"rotation":{"angle":22.5,"axis":"y","origin":[5.32122,-8.5,3.0]},"faces":{"north":{"uv":[1.25,13.125,0.0,14.0],"texture":"#0"},"east":{"uv":[2.5,0.75,2.75,3.25],"texture":"#missing"},"south":{"uv":[3.25,11.875,4.5,12.75],"texture":"#0"},"west":{"uv":[2.75,0.75,2.5,3.25],"texture":"#missing"},"up":{"uv":[0.0,5.25,2.5,5.5],"texture":"#missing"},"down":{"uv":[0.0,5.0,2.5,5.25],"texture":"#missing"}}},{"from":[0.67878,16.0,10.0],"to":[10.67878,21.0,10.0],"rotation":{"angle":-22.5,"axis":"y","origin":[10.67878,9.5,3.0]},"faces":{"north":{"uv":[3.5,12.0,3.625,12.125],"texture":"#0"},"east":{"uv":[3.5,12.0,3.625,12.125],"texture":"#0"},"south":{"uv":[4.5,14.25,3.25,14.875],"texture":"#0","tintindex":0.0},"west":{"uv":[3.5,12.0,3.625,12.125],"texture":"#0"},"up":{"uv":[3.5,12.0,3.625,12.125],"texture":"#0"},"down":{"uv":[3.5,12.0,3.625,12.125],"texture":"#0"}}},{"from":[0.67878,5.0,9.0],"to":[10.67878,16.0,10.0],"rotation":{"angle":-22.5,"axis":"y","origin":[10.67878,9.5,3.0]},"faces":{"north":{"uv":[3.5,12.0,3.625,12.125],"texture":"#0"},"east":{"uv":[3.5,12.0,3.625,12.125],"texture":"#0"},"south":{"uv":[5.875,12.5,4.625,13.875],"texture":"#0","tintindex":0.0},"west":{"uv":[3.5,12.0,3.625,12.125],"texture":"#0"},"up":{"uv":[3.5,12.0,3.625,12.125],"texture":"#0"},"down":{"uv":[3.5,12.0,3.625,12.125],"texture":"#0"}}},{"from":[5.32122,-2.0,10.0],"to":[15.32122,5.0,10.0],"rotation":{"angle":22.5,"axis":"y","origin":[5.32122,-8.5,3.0]},"faces":{"north":{"uv":[3.5,12.0,3.625,12.125],"texture":"#0"},"east":{"uv":[3.5,12.0,3.625,12.125],"texture":"#0"},"south":{"uv":[2.0,13.875,3.25,14.75],"texture":"#0","tintindex":0.0},"west":{"uv":[3.5,12.0,3.625,12.125],"texture":"#0"},"up":{"uv":[3.5,12.0,3.625,12.125],"texture":"#0"},"down":{"uv":[3.5,12.0,3.625,12.125],"texture":"#0"}}},{"from":[5.32122,5.0,9.0],"to":[15.32122,16.0,10.0],"rotation":{"angle":22.5,"axis":"y","origin":[5.32122,9.5,3.0]},"faces":{"north":{"uv":[0.0,11.125,1.25,12.5],"texture":"#0"},"east":{"uv":[0.125,11.125,0.0,12.5],"texture":"#0"},"south":{"uv":[2.0,11.125,3.25,12.5],"texture":"#0"},"west":{"uv":[3.5,12.0,3.625,12.125],"texture":"#0"},"up":{"uv":[1.25,11.125,0.0,11.25],"texture":"#0"},"down":{"uv":[1.25,12.5,0.0,12.375],"texture":"#0"}}},{"from":[5.32122,5.0,9.0],"to":[15.32122,16.0,10.0],"rotation":{"angle":22.5,"axis":"y","origin":[5.32122,9.5,3.0]},"faces":{"north":{"uv":[3.5,12.0,3.625,12.125],"texture":"#0"},"east":{"uv":[3.5,12.0,3.625,12.125],"texture":"#0"},"south":{"uv":[4.625,11.125,5.875,12.5],"texture":"#0","tintindex":0.0},"west":{"uv":[3.5,12.0,3.625,12.125],"texture":"#0"},"up":{"uv":[3.5,12.0,3.625,12.125],"texture":"#0"},"down":{"uv":[3.5,12.0,3.625,12.125],"texture":"#0"}}},{"from":[5.0,9.0,1.0],"to":[11.0,12.0,7.0],"rotation":{"angle":0.0,"axis":"z","origin":[8.0,9.0,4.5]},"faces":{"north":{"uv":[4.0,0.375,3.25,0.75],"texture":"#0"},"east":{"uv":[4.0,0.375,3.25,0.75],"texture":"#0"},"south":{"uv":[4.0,0.375,3.25,0.75],"texture":"#0"},"west":{"uv":[4.0,0.375,3.25,0.75],"texture":"#0"},"up":{"uv":[4.75,0.25,4.875,0.375],"texture":"#0"},"down":{"uv":[4.75,0.25,4.875,0.375],"texture":"#0"}}},{"name":"cube inverted","from":[11.0,12.0,7.0],"to":[5.0,9.0,1.0],"rotation":{"angle":0.0,"axis":"z","origin":[8.0,9.0,4.5]},"faces":{"north":{"uv":[4.0,0.75,3.25,0.375],"texture":"#0"},"east":{"uv":[4.0,0.75,3.25,0.375],"texture":"#0"},"south":{"uv":[4.0,0.75,3.25,0.375],"texture":"#0"},"west":{"uv":[4.0,0.75,3.25,0.375],"texture":"#0"},"up":{"uv":[4.875,0.25,4.75,0.375],"texture":"#0"},"down":{"uv":[4.875,0.25,4.75,0.375],"texture":"#0"}}}],"gui_light":"front","display":{"thirdperson_righthand":{"rotation":[78.75,90.0,0.0],"translation":[3.5,-2.0,3.5],"scale":[0.85,0.85,0.85]},"thirdperson_lefthand":{"rotation":[78.75,90.0,0.0],"translation":[3.5,-2.0,3.5],"scale":[0.85,0.85,0.85]},"firstperson_righthand":{"rotation":[-161.51,71.07,173.93],"translation":[2.38,2.45,2.13],"scale":[0.33039,0.33039,0.33039]},"firstperson_lefthand":{"rotation":[-161.51,71.07,173.93],"translation":[2.38,2.45,2.13],"scale":[0.33039,0.33039,0.33039]},"ground":{"translation":[0.0,4.25,0.0],"scale":[0.43945,0.43945,0.43945]},"gui":{"rotation":[19.91,24.71,4.29],"translation":[0.5,-0.75,0.0],"scale":[0.65585,0.65585,0.65585]}}}