{"textures":{"0":"mcc:island_cosmetics/accessory/offhand_1","particle":"mcc:island_cosmetics/accessory/offhand_1"},"credit":"Made with Blockbench","texture_size":[128.0,128.0],"elements":[{"from":[5.0,0.0,5.0],"to":[11.0,3.0,11.0],"faces":{"north":{"uv":[4.25,7.0,5.0,7.375],"texture":"#0","tintindex":0.0},"east":{"uv":[4.25,7.0,5.0,7.375],"texture":"#0","tintindex":0.0},"south":{"uv":[4.25,7.0,5.0,7.375],"texture":"#0","tintindex":0.0},"west":{"uv":[4.25,7.0,5.0,7.375],"texture":"#0","tintindex":0.0},"up":{"uv":[4.25,6.25,5.0,7.0],"texture":"#0","tintindex":0.0},"down":{"uv":[5.0,6.25,5.75,7.0],"texture":"#0","tintindex":0.0}}},{"from":[5.5,8.0,5.5],"to":[10.5,11.0,10.5],"rotation":{"angle":0.0,"axis":"y","origin":[0.5,0.0,-0.5]},"faces":{"north":{"uv":[5.0,7.0,5.625,7.375],"texture":"#0","tintindex":0.0},"east":{"uv":[5.0,7.0,5.625,7.375],"texture":"#0","tintindex":0.0},"south":{"uv":[5.0,7.0,5.625,7.375],"texture":"#0","tintindex":0.0},"west":{"uv":[5.0,7.0,5.625,7.375],"texture":"#0","tintindex":0.0},"up":{"uv":[5.625,7.0,6.25,7.625],"texture":"#0","tintindex":0.0},"down":{"uv":[5.75,6.375,6.375,7.0],"texture":"#0","tintindex":0.0}}},{"from":[3.5,1.0,8.0],"to":[12.5,16.0,8.0],"rotation":{"angle":0.0,"axis":"y","origin":[0.5,0.0,-0.5]},"faces":{"north":{"uv":[4.75,4.375,5.875,6.25],"texture":"#0","tintindex":0.0},"east":{"uv":[0.0,0.0,0.125,0.125],"texture":"#missing","tintindex":0.0},"south":{"uv":[4.75,4.375,5.875,6.25],"texture":"#0","tintindex":0.0},"west":{"uv":[0.0,0.0,0.125,0.125],"texture":"#missing","tintindex":0.0},"up":{"uv":[0.0,0.0,0.125,0.125],"texture":"#missing","tintindex":0.0},"down":{"uv":[0.0,0.0,0.125,0.125],"texture":"#missing","tintindex":0.0}}},{"from":[6.0,3.0,6.0],"to":[10.0,8.0,10.0],"rotation":{"angle":0.0,"axis":"y","origin":[0.5,0.0,0.5]},"faces":{"north":{"uv":[4.25,5.625,4.75,6.25],"texture":"#0"},"east":{"uv":[4.25,5.625,4.75,6.25],"texture":"#0"},"south":{"uv":[4.25,5.625,4.75,6.25],"texture":"#0"},"west":{"uv":[4.25,5.625,4.75,6.25],"texture":"#0"},"up":{"uv":[5.25,5.375,5.375,5.5],"texture":"#0"},"down":{"uv":[5.25,5.375,5.375,5.5],"texture":"#0"}}},{"from":[6.0,3.0,6.0],"to":[10.0,8.0,10.0],"rotation":{"angle":0.0,"axis":"y","origin":[0.5,0.0,0.5]},"faces":{"north":{"uv":[5.875,5.625,6.375,6.25],"texture":"#0","tintindex":0.0},"east":{"uv":[5.875,5.625,6.375,6.25],"texture":"#0","tintindex":0.0},"south":{"uv":[5.875,5.625,6.375,6.25],"texture":"#0","tintindex":0.0},"west":{"uv":[5.875,5.625,6.375,6.25],"texture":"#0","tintindex":0.0},"up":{"uv":[5.25,5.375,5.375,5.5],"texture":"#0","tintindex":0.0},"down":{"uv":[5.25,5.375,5.375,5.5],"texture":"#0","tintindex":0.0}}}],"gui_light":"front","display":{"thirdperson_righthand":{"rotation":[-110.76,-33.1,-179.79],"translation":[0.5,-3.0,-3.25],"scale":[0.85,0.85,0.85]},"thirdperson_lefthand":{"rotation":[-110.76,-33.1,-179.79],"translation":[0.5,-3.0,-3.25],"scale":[0.85,0.85,0.85]},"firstperson_righthand":{"rotation":[-170.84,76.78,159.24],"translation":[2.13,3.7,1.13],"scale":[0.41438,0.41438,0.41438]},"firstperson_lefthand":{"rotation":[-170.84,76.78,159.24],"translation":[2.13,3.7,1.13],"scale":[0.41438,0.41438,0.41438]},"ground":{"translation":[0.0,4.25,0.0],"scale":[0.43945,0.43945,0.43945]},"gui":{"rotation":[-159.08,-25.95,-179.04],"translation":[0.0,1.0,0.0],"scale":[0.92929,0.92929,0.92929]}}}