{"textures":{"0":"mcc:island_cosmetics/accessory/offhand_4","particle":"mcc:island_cosmetics/accessory/offhand_4"},"credit":"Made with Blockbench","texture_size":[128.0,128.0],"elements":[{"from":[7.0,1.0,7.0],"to":[9.0,28.0,9.0],"rotation":{"angle":0.0,"axis":"y","origin":[8.0,-0.5,8.0]},"faces":{"north":{"uv":[7.625,2.25,7.875,5.625],"texture":"#0"},"east":{"uv":[7.875,2.25,7.625,5.625],"texture":"#0"},"south":{"uv":[7.625,2.25,7.875,5.625],"texture":"#0"},"west":{"uv":[7.875,2.25,7.625,5.625],"texture":"#0"},"up":{"uv":[7.875,2.0,8.125,2.25],"texture":"#0"},"down":{"uv":[7.875,2.0,8.125,2.25],"texture":"#0"}}},{"from":[6.5,0.0,6.5],"to":[9.5,3.0,9.5],"rotation":{"angle":0.0,"axis":"y","origin":[8.0,-0.5,8.0]},"faces":{"north":{"uv":[10.125,4.375,9.75,4.75],"texture":"#0"},"east":{"uv":[10.125,4.375,9.75,4.75],"texture":"#0"},"south":{"uv":[10.125,4.375,9.75,4.75],"texture":"#0"},"west":{"uv":[10.125,4.375,9.75,4.75],"texture":"#0"},"up":{"uv":[10.5,3.625,10.125,4.0],"texture":"#0"},"down":{"uv":[10.5,4.0,10.125,4.375],"texture":"#0"}}},{"from":[6.5,3.0,6.5],"to":[9.5,9.0,9.5],"rotation":{"angle":0.0,"axis":"y","origin":[8.0,-0.5,8.0]},"faces":{"north":{"uv":[10.125,3.625,9.75,4.375],"texture":"#0","tintindex":0.0},"east":{"uv":[10.125,3.625,9.75,4.375],"texture":"#0","tintindex":0.0},"south":{"uv":[10.125,3.625,9.75,4.375],"texture":"#0","tintindex":0.0},"west":{"uv":[10.125,3.625,9.75,4.375],"texture":"#0","tintindex":0.0},"up":{"uv":[10.5,3.625,10.125,4.0],"texture":"#0","tintindex":0.0},"down":{"uv":[9.0,6.25,9.125,6.375],"texture":"#0"}}},{"from":[6.5,16.0,6.5],"to":[9.5,31.0,9.5],"rotation":{"angle":0.0,"axis":"y","origin":[8.0,-0.5,8.0]},"faces":{"north":{"uv":[10.625,4.5,10.25,6.375],"texture":"#0"},"east":{"uv":[10.625,4.5,10.25,6.375],"texture":"#0"},"south":{"uv":[10.625,4.5,10.25,6.375],"texture":"#0"},"west":{"uv":[10.625,4.5,10.25,6.375],"texture":"#0"},"up":{"uv":[10.125,6.375,9.75,6.75],"texture":"#0"},"down":{"uv":[10.125,6.375,9.75,6.75],"texture":"#0"}}},{"from":[4.5,18.0,4.5],"to":[11.5,29.0,11.5],"rotation":{"angle":0.0,"axis":"y","origin":[8.5,-0.5,7.0]},"faces":{"north":{"uv":[10.25,5.0,9.375,6.375],"texture":"#0"},"east":{"uv":[10.25,5.0,9.375,6.375],"texture":"#0"},"south":{"uv":[10.25,5.0,9.375,6.375],"texture":"#0"},"west":{"uv":[10.25,5.0,9.375,6.375],"texture":"#0"},"up":{"uv":[11.5,4.5,10.625,5.375],"texture":"#0"},"down":{"uv":[11.5,4.5,10.625,5.375],"texture":"#0"}}},{"from":[8.0,25.0,11.5],"to":[8.0,28.0,14.5],"rotation":{"angle":0.0,"axis":"y","origin":[8.5,-0.5,7.0]},"faces":{"north":{"uv":[10.25,4.875,9.375,6.375],"texture":"#0"},"east":{"uv":[9.75,6.375,9.375,6.75],"texture":"#0"},"south":{"uv":[10.25,4.875,9.375,6.375],"texture":"#0"},"west":{"uv":[9.375,6.375,9.75,6.75],"texture":"#0"},"up":{"uv":[10.25,3.125,9.75,3.625],"texture":"#0"},"down":{"uv":[10.25,3.125,9.75,3.625],"texture":"#0"}}},{"from":[8.0,19.0,11.5],"to":[8.0,22.0,14.5],"rotation":{"angle":0.0,"axis":"y","origin":[8.5,-0.5,7.0]},"faces":{"north":{"uv":[10.25,4.875,9.375,6.375],"texture":"#0"},"east":{"uv":[9.75,6.375,9.375,6.75],"texture":"#0"},"south":{"uv":[10.25,4.875,9.375,6.375],"texture":"#0"},"west":{"uv":[9.375,6.375,9.75,6.75],"texture":"#0"},"up":{"uv":[10.25,3.125,9.75,3.625],"texture":"#0"},"down":{"uv":[10.25,3.125,9.75,3.625],"texture":"#0"}}},{"from":[8.0,25.0,1.5],"to":[8.0,28.0,4.5],"rotation":{"angle":0.0,"axis":"y","origin":[8.5,-0.5,9.0]},"faces":{"north":{"uv":[9.375,4.875,10.25,6.375],"texture":"#0"},"east":{"uv":[9.375,6.375,9.75,6.75],"texture":"#0"},"south":{"uv":[9.375,4.875,10.25,6.375],"texture":"#0"},"west":{"uv":[9.75,6.375,9.375,6.75],"texture":"#0"},"up":{"uv":[10.25,3.625,9.75,3.125],"texture":"#0"},"down":{"uv":[10.25,3.625,9.75,3.125],"texture":"#0"}}},{"from":[8.0,19.0,1.5],"to":[8.0,22.0,4.5],"rotation":{"angle":0.0,"axis":"y","origin":[8.5,-0.5,9.0]},"faces":{"north":{"uv":[9.375,4.875,10.25,6.375],"texture":"#0"},"east":{"uv":[9.375,6.375,9.75,6.75],"texture":"#0"},"south":{"uv":[9.375,4.875,10.25,6.375],"texture":"#0"},"west":{"uv":[9.75,6.375,9.375,6.75],"texture":"#0"},"up":{"uv":[10.25,3.625,9.75,3.125],"texture":"#0"},"down":{"uv":[10.25,3.625,9.75,3.125],"texture":"#0"}}},{"from":[11.5,25.0,8.0],"to":[14.5,28.0,8.0],"rotation":{"angle":0.0,"axis":"y","origin":[7.5,22.5,8.0]},"faces":{"north":{"uv":[9.75,6.375,9.375,6.75],"texture":"#0"},"east":{"uv":[9.375,4.875,10.25,6.375],"texture":"#0"},"south":{"uv":[9.375,6.375,9.75,6.75],"texture":"#0"},"west":{"uv":[9.375,4.875,10.25,6.375],"texture":"#0"},"up":{"uv":[10.25,3.625,9.75,3.125],"rotation":90.0,"texture":"#0"},"down":{"uv":[10.25,3.625,9.75,3.125],"rotation":270.0,"texture":"#0"}}},{"from":[11.5,19.0,8.0],"to":[14.5,22.0,8.0],"rotation":{"angle":0.0,"axis":"y","origin":[7.5,22.5,8.0]},"faces":{"north":{"uv":[9.75,6.375,9.375,6.75],"texture":"#0"},"east":{"uv":[9.375,4.875,10.25,6.375],"texture":"#0"},"south":{"uv":[9.375,6.375,9.75,6.75],"texture":"#0"},"west":{"uv":[9.375,4.875,10.25,6.375],"texture":"#0"},"up":{"uv":[10.25,3.625,9.75,3.125],"rotation":90.0,"texture":"#0"},"down":{"uv":[10.25,3.625,9.75,3.125],"rotation":270.0,"texture":"#0"}}},{"from":[1.5,25.0,8.0],"to":[4.5,28.0,8.0],"rotation":{"angle":0.0,"axis":"y","origin":[7.5,22.5,8.0]},"faces":{"north":{"uv":[9.375,6.375,9.75,6.75],"texture":"#0"},"east":{"uv":[10.25,4.875,9.375,6.375],"texture":"#0"},"south":{"uv":[9.75,6.375,9.375,6.75],"texture":"#0"},"west":{"uv":[10.25,4.875,9.375,6.375],"texture":"#0"},"up":{"uv":[10.25,3.125,9.75,3.625],"rotation":90.0,"texture":"#0"},"down":{"uv":[10.25,3.125,9.75,3.625],"rotation":270.0,"texture":"#0"}}},{"from":[1.5,19.0,8.0],"to":[4.5,22.0,8.0],"rotation":{"angle":0.0,"axis":"y","origin":[7.5,22.5,8.0]},"faces":{"north":{"uv":[9.375,6.375,9.75,6.75],"texture":"#0"},"east":{"uv":[10.25,4.875,9.375,6.375],"texture":"#0"},"south":{"uv":[9.75,6.375,9.375,6.75],"texture":"#0"},"west":{"uv":[10.25,4.875,9.375,6.375],"texture":"#0"},"up":{"uv":[10.25,3.125,9.75,3.625],"rotation":90.0,"texture":"#0"},"down":{"uv":[10.25,3.125,9.75,3.625],"rotation":270.0,"texture":"#0"}}}],"gui_light":"front","display":{"thirdperson_righthand":{"rotation":[2.75,-90.0,0.0],"translation":[0.0,-2.0,2.0],"scale":[0.93398,0.93398,0.93398]},"thirdperson_lefthand":{"rotation":[2.75,-90.0,0.0],"translation":[0.0,0.0,2.0],"scale":[0.93398,0.93398,0.93398]},"firstperson_righthand":{"rotation":[170.36,80.76,-179.66],"translation":[13.5,-1.5,-7.25],"scale":[0.67187,0.67187,0.67187]},"firstperson_lefthand":{"rotation":[33.91,-76.66,38.79],"translation":[13.5,-1.5,-7.25],"scale":[0.67187,0.67187,0.67187]},"ground":{"translation":[0.0,4.25,0.0],"scale":[0.43945,0.43945,0.43945]},"gui":{"rotation":[12.82,26.82,-49.15],"translation":[-3.25,-3.25,0.0],"scale":[0.60705,0.60705,0.60705]},"head":{"rotation":[0.0,3.25,0.0],"translation":[0.0,4.25,0.0],"scale":[1.6,1.6,1.6]}}}