{"textures":{"0":"mcc:island_cosmetics/accessory/offhand_1","particle":"mcc:island_cosmetics/accessory/offhand_1"},"credit":"Made with Blockbench","texture_size":[128.0,128.0],"elements":[{"from":[7.0,0.0,7.0],"to":[9.0,16.0,9.0],"rotation":{"angle":0.0,"axis":"y","origin":[8.0,17.0,5.875]},"faces":{"north":{"uv":[2.375,4.25,2.625,6.25],"texture":"#0"},"east":{"uv":[2.625,4.25,2.375,6.25],"texture":"#0"},"south":{"uv":[2.375,4.25,2.625,6.25],"texture":"#0"},"west":{"uv":[2.625,4.25,2.375,6.25],"texture":"#0"},"up":{"uv":[2.625,4.0,2.375,4.25],"texture":"#0"},"down":{"uv":[2.875,4.0,2.625,4.25],"texture":"#0"}}},{"from":[6.8,-0.2,6.8],"to":[9.2,3.2,9.2],"rotation":{"angle":0.0,"axis":"y","origin":[8.0,17.0,5.875]},"faces":{"north":{"uv":[2.375,5.875,2.625,6.25],"texture":"#0"},"east":{"uv":[2.625,5.875,2.375,6.25],"texture":"#0"},"south":{"uv":[2.375,5.875,2.625,6.25],"texture":"#0"},"west":{"uv":[2.625,5.875,2.375,6.25],"texture":"#0"},"up":{"uv":[2.625,4.0,2.375,4.25],"texture":"#0"},"down":{"uv":[2.875,4.0,2.625,4.25],"texture":"#0"}}},{"from":[6.8,12.8,6.8],"to":[9.2,16.2,9.2],"rotation":{"angle":0.0,"axis":"y","origin":[8.0,17.0,5.875]},"faces":{"north":{"uv":[2.375,4.25,2.625,4.625],"texture":"#0"},"east":{"uv":[2.625,4.25,2.375,4.625],"texture":"#0"},"south":{"uv":[2.375,4.25,2.625,4.625],"texture":"#0"},"west":{"uv":[2.625,4.25,2.375,4.625],"texture":"#0"},"up":{"uv":[2.625,4.0,2.375,4.25],"texture":"#0"},"down":{"uv":[2.875,4.0,2.625,4.25],"texture":"#0"}}}],"gui_light":"front","display":{"thirdperson_righthand":{"rotation":[1.0,-90.0,0.0],"translation":[0.0,1.25,2.25],"scale":[0.85,0.85,0.85]},"thirdperson_lefthand":{"rotation":[1.0,-90.0,0.0],"translation":[0.0,4.0,2.0],"scale":[0.85,0.85,0.85]},"firstperson_righthand":{"rotation":[-34.48,-3.56,3.35],"translation":[9.0,0.25,-5.0],"scale":[0.49414,0.49414,0.49414]},"firstperson_lefthand":{"rotation":[-36.66,-1.28,4.89],"translation":[9.0,0.25,-5.0],"scale":[0.49414,0.49414,0.49414]},"ground":{"translation":[0.0,4.25,0.0],"scale":[0.43945,0.43945,0.43945]},"gui":{"rotation":[-147.39,-5.37,-135.12],"translation":[-0.25,0.25,0.0],"scale":[0.94492,0.94492,0.94492]},"head":{"rotation":[0.0,3.25,0.0],"translation":[0.0,4.25,0.0],"scale":[1.6,1.6,1.6]}}}