{"textures":{"0":"mcc:island_cosmetics/accessory/offhand_1","particle":"mcc:island_cosmetics/accessory/offhand_1"},"credit":"Made with Blockbench","texture_size":[128.0,128.0],"elements":[{"from":[7.0,0.0,7.0],"to":[9.0,8.0,9.0],"faces":{"north":{"uv":[10.0,8.0,10.25,9.0],"texture":"#0"},"east":{"uv":[10.25,8.0,10.0,9.0],"texture":"#0"},"south":{"uv":[10.0,8.0,10.25,9.0],"texture":"#0"},"west":{"uv":[10.25,8.0,10.0,9.0],"texture":"#0"},"up":{"uv":[10.125,8.25,10.25,8.375],"texture":"#0"},"down":{"uv":[10.0,8.375,10.125,8.5],"texture":"#0"}}},{"from":[4.0,8.0,7.0],"to":[12.0,16.0,9.0],"faces":{"north":{"uv":[8.75,8.0,9.75,9.0],"texture":"#0"},"east":{"uv":[9.75,8.0,10.0,9.0],"texture":"#0"},"south":{"uv":[8.75,8.0,9.75,9.0],"texture":"#0"},"west":{"uv":[9.75,8.0,10.0,9.0],"texture":"#0"},"up":{"uv":[8.75,7.75,9.75,8.0],"texture":"#0"},"down":{"uv":[8.75,7.5,9.75,7.75],"texture":"#0"}}},{"from":[4.05,8.05,7.55],"to":[11.95,15.95,8.45],"faces":{"north":{"uv":[10.25,8.0,11.25,9.0],"texture":"#0"},"east":{"uv":[9.25,8.25,9.375,8.375],"texture":"#0"},"south":{"uv":[10.25,8.0,11.25,9.0],"texture":"#0"},"west":{"uv":[9.25,8.25,9.375,8.375],"texture":"#0"},"up":{"uv":[9.25,8.25,9.375,8.375],"texture":"#0"},"down":{"uv":[9.25,8.25,9.375,8.375],"texture":"#0"}}}],"gui_light":"front","display":{"thirdperson_righthand":{"rotation":[-125.81,-88.18,-127.54],"translation":[0.25,1.5,3.0],"scale":[0.85,0.85,0.85]},"thirdperson_lefthand":{"rotation":[-125.81,-88.18,-127.54],"translation":[0.25,1.5,3.0],"scale":[0.85,0.85,0.85]},"firstperson_righthand":{"rotation":[-42.25,104.0,10.25],"translation":[2.13,3.2,1.13],"scale":[0.41438,0.41438,0.41438]},"firstperson_lefthand":{"rotation":[-24.0,281.5,10.25],"translation":[2.13,3.2,1.63],"scale":[0.41438,0.41438,0.41438]},"ground":{"translation":[0.0,4.25,0.0],"scale":[0.43945,0.43945,0.43945]},"gui":{"rotation":[-162.34,-9.77,-138.57],"translation":[-0.75,-0.5,0.0],"scale":[0.90195,0.90195,0.90195]}}}