{"textures":{"0":"mcc:island_cosmetics/accessory/offhand_3","particle":"mcc:island_cosmetics/accessory/offhand_3"},"credit":"Made with Blockbench","ambientocclusion":false,"texture_size":[128.0,128.0],"elements":[{"from":[3.5,-0.5,4.0],"to":[13.5,1.5,12.0],"faces":{"north":{"uv":[1.75,5.125,3.0,5.375],"texture":"#0"},"east":{"uv":[2.25,3.875,3.25,4.125],"texture":"#0"},"south":{"uv":[3.0,5.125,1.75,5.375],"texture":"#0"},"west":{"uv":[3.125,5.125,4.125,5.375],"texture":"#0"},"up":{"uv":[2.625,4.125,3.875,5.125],"texture":"#0"},"down":{"uv":[2.625,4.125,3.875,5.125],"texture":"#0"}}},{"from":[11.5,1.5,4.0],"to":[13.5,8.5,12.0],"faces":{"north":{"uv":[1.75,4.375,2.0,5.25],"texture":"#0"},"east":{"uv":[2.625,4.125,3.5,5.125],"rotation":90.0,"texture":"#0"},"south":{"uv":[2.0,4.375,1.75,5.25],"texture":"#0"},"west":{"uv":[2.625,4.125,3.5,5.125],"rotation":90.0,"texture":"#0"},"up":{"uv":[1.25,3.625,1.5,4.625],"texture":"#0"},"down":{"uv":[0.0,0.0,0.125,0.125],"texture":"#missing"}}},{"from":[10.25,-1.0,3.0],"to":[14.25,3.0,5.0],"rotation":{"angle":-45.0,"axis":"z","origin":[12.0,1.0,8.0]},"faces":{"north":{"uv":[2.0,4.625,2.5,5.125],"texture":"#0"},"east":{"uv":[1.5,4.125,1.75,4.625],"texture":"#0"},"south":{"uv":[1.75,3.875,2.25,4.375],"rotation":90.0,"texture":"#0"},"west":{"uv":[2.0,4.625,2.5,4.375],"rotation":90.0,"texture":"#0"},"up":{"uv":[2.0,4.375,2.5,4.625],"texture":"#0"},"down":{"uv":[1.5,4.625,1.75,4.125],"rotation":90.0,"texture":"#0"}}},{"from":[10.25,-1.0,11.0],"to":[14.25,3.0,13.0],"rotation":{"angle":-45.0,"axis":"z","origin":[12.0,1.0,8.0]},"faces":{"north":{"uv":[1.75,4.375,2.25,3.875],"rotation":90.0,"texture":"#0"},"east":{"uv":[1.75,4.125,1.5,4.625],"texture":"#0"},"south":{"uv":[2.5,4.625,2.0,5.125],"texture":"#0"},"west":{"uv":[2.0,4.375,2.5,4.625],"rotation":90.0,"texture":"#0"},"up":{"uv":[2.0,4.625,2.5,4.375],"texture":"#0"},"down":{"uv":[1.75,4.625,1.5,4.125],"rotation":90.0,"texture":"#0"}}},{"from":[4.5,1.5,4.5],"to":[11.5,7.5,11.5],"faces":{"north":{"uv":[0.0,4.625,0.875,5.375],"texture":"#0","tintindex":0.0},"east":{"uv":[1.0,2.5,1.125,2.625],"texture":"#0","tintindex":0.0},"south":{"uv":[0.875,4.625,0.0,5.375],"texture":"#0","tintindex":0.0},"west":{"uv":[0.875,4.625,1.75,5.375],"texture":"#0","tintindex":0.0},"up":{"uv":[0.0,3.75,0.875,4.625],"texture":"#0","tintindex":0.0},"down":{"uv":[1.0,2.5,1.125,2.625],"texture":"#0","tintindex":0.0}}}],"gui_light":"front","display":{"thirdperson_righthand":{"rotation":[-89.77,-0.38,-168.0],"translation":[3.25,-2.0,13.5],"scale":[0.93009,0.93009,0.93009]},"thirdperson_lefthand":{"rotation":[-89.77,-180.0,168.0],"translation":[3.25,-2.0,13.5],"scale":[0.93009,0.93009,0.93009]},"firstperson_righthand":{"rotation":[-132.12,58.22,135.45],"translation":[8.25,2.0,-5.75],"scale":[0.0,0.0,0.0]},"firstperson_lefthand":{"rotation":[-132.12,58.22,135.45],"translation":[8.25,2.0,-5.75],"scale":[0.0,0.0,0.0]},"ground":{"translation":[0.0,4.25,0.0],"scale":[0.43945,0.43945,0.43945]},"gui":{"rotation":[-147.57,16.44,168.32],"translation":[-0.75,4.25,0.0],"scale":[1.0133,1.0133,1.0133]},"head":{"rotation":[0.0,3.25,0.0],"translation":[0.0,4.25,0.0],"scale":[1.6,1.6,1.6]}}}