{"textures":{"0":"mcc:island_cosmetics/accessory/offhand_3","particle":"mcc:island_cosmetics/accessory/offhand_3"},"credit":"Made with Blockbench","texture_size":[128.0,128.0],"elements":[{"from":[6.5,-7.0,6.5],"to":[9.5,2.0,9.5],"rotation":{"angle":0.0,"axis":"y","origin":[8.5,-0.5,8.5]},"faces":{"north":{"uv":[8.0,4.25,8.375,5.375],"texture":"#0","tintindex":0.0},"east":{"uv":[8.375,4.25,8.0,5.375],"texture":"#0","tintindex":0.0},"south":{"uv":[8.0,4.25,8.375,5.375],"texture":"#0","tintindex":0.0},"west":{"uv":[8.375,4.25,8.0,5.375],"texture":"#0","tintindex":0.0},"up":{"uv":[11.875,0.875,12.0,1.0],"texture":"#missing"},"down":{"uv":[11.875,0.875,12.0,1.0],"texture":"#missing"}}},{"from":[6.5,-7.0,6.5],"to":[9.5,2.0,9.5],"rotation":{"angle":0.0,"axis":"y","origin":[8.5,-0.5,8.5]},"faces":{"north":{"uv":[9.0,4.25,9.375,5.375],"texture":"#0"},"east":{"uv":[9.375,4.25,9.0,5.375],"texture":"#0"},"south":{"uv":[9.0,4.25,9.375,5.375],"texture":"#0"},"west":{"uv":[9.375,4.25,9.0,5.375],"texture":"#0"},"up":{"uv":[11.875,0.875,12.0,1.0],"texture":"#missing"},"down":{"uv":[8.125,4.125,7.75,4.5],"texture":"#0"}}},{"from":[7.5,-12.0,8.0],"to":[8.5,-7.0,8.0],"rotation":{"angle":0.0,"axis":"y","origin":[8.0,-0.5,8.0]},"faces":{"north":{"uv":[7.875,4.75,8.0,5.375],"texture":"#0"},"east":{"uv":[13.625,0.0,13.375,3.375],"texture":"#missing"},"south":{"uv":[7.875,4.75,8.0,5.375],"texture":"#0"},"west":{"uv":[13.625,0.0,13.375,3.375],"texture":"#missing"},"up":{"uv":[11.875,0.875,12.0,1.0],"texture":"#missing"},"down":{"uv":[11.875,0.875,12.0,1.0],"texture":"#missing"}}},{"from":[5.5,2.0,5.5],"to":[10.5,7.0,10.5],"rotation":{"angle":0.0,"axis":"y","origin":[8.5,-0.5,8.5]},"faces":{"north":{"uv":[8.375,4.75,9.0,5.375],"texture":"#0"},"east":{"uv":[8.375,4.75,9.0,5.375],"texture":"#0"},"south":{"uv":[8.375,4.75,9.0,5.375],"texture":"#0"},"west":{"uv":[8.375,4.75,9.0,5.375],"texture":"#0"},"up":{"uv":[7.125,4.0,7.75,4.625],"texture":"#0"},"down":{"uv":[6.375,4.75,7.0,5.375],"texture":"#0"}}},{"from":[5.2,3.45,5.2],"to":[10.8,5.55,10.8],"rotation":{"angle":0.0,"axis":"y","origin":[8.5,-0.5,8.5]},"faces":{"north":{"uv":[8.375,4.5,9.0,4.75],"texture":"#0"},"east":{"uv":[8.375,4.5,9.0,4.75],"texture":"#0"},"south":{"uv":[8.375,4.5,9.0,4.75],"texture":"#0"},"west":{"uv":[8.375,4.5,9.0,4.75],"texture":"#0"},"up":{"uv":[8.0,5.25,8.125,5.375],"texture":"#0"},"down":{"uv":[8.0,5.25,8.125,5.375],"texture":"#0"}}},{"name":"cube inverted","from":[10.8,5.55,10.8],"to":[5.2,3.45,5.2],"rotation":{"angle":0.0,"axis":"y","origin":[8.5,-0.5,8.5]},"faces":{"north":{"uv":[8.375,4.75,9.0,4.5],"texture":"#0"},"east":{"uv":[8.375,4.75,9.0,4.5],"texture":"#0"},"south":{"uv":[8.375,4.75,9.0,4.5],"texture":"#0"},"west":{"uv":[8.375,4.75,9.0,4.5],"texture":"#0"},"up":{"uv":[8.125,5.25,8.0,5.375],"texture":"#0"},"down":{"uv":[8.125,5.25,8.0,5.375],"texture":"#0"}}}],"gui_light":"front","display":{"thirdperson_righthand":{"rotation":[29.32,10.75,-7.16],"translation":[1.0,8.0,6.75],"scale":[0.91055,0.91055,0.91055]},"thirdperson_lefthand":{"rotation":[29.32,10.75,-7.16],"translation":[1.0,8.0,6.75],"scale":[0.91055,0.91055,0.91055]},"firstperson_righthand":{"rotation":[174.14,68.55,172.1],"translation":[10.5,3.5,-7.25],"scale":[0.54297,0.54297,0.54297]},"firstperson_lefthand":{"rotation":[174.14,68.55,172.1],"translation":[10.5,3.5,-7.25],"scale":[0.54297,0.54297,0.54297]},"ground":{"translation":[0.0,4.25,0.0],"scale":[0.43945,0.43945,0.43945]},"gui":{"rotation":[-156.08,-6.57,-137.01],"translation":[5.25,5.75,0.0],"scale":[0.87852,0.87852,0.87852]},"head":{"rotation":[0.0,3.25,0.0],"translation":[0.0,4.25,0.0],"scale":[1.6,1.6,1.6]}}}