{"textures":{"0":"mcc:island_cosmetics/accessory/offhand_1","particle":"mcc:island_cosmetics/accessory/offhand_1"},"credit":"Made with Blockbench","texture_size":[128.0,128.0],"elements":[{"from":[3.5,0.0,3.5],"to":[12.5,8.0,12.5],"rotation":{"angle":0.0,"axis":"y","origin":[-0.5,0.0,-0.5]},"faces":{"north":{"uv":[5.75,12.625,6.875,13.625],"texture":"#0"},"east":{"uv":[5.75,11.625,6.875,12.625],"texture":"#0"},"south":{"uv":[5.75,11.625,6.875,12.625],"texture":"#0"},"west":{"uv":[5.75,11.625,6.875,12.625],"texture":"#0"},"up":{"uv":[6.875,11.625,8.0,12.75],"texture":"#0"},"down":{"uv":[5.75,10.5,6.875,11.625],"texture":"#0"}}},{"from":[2.5,-2.0,2.5],"to":[13.5,3.0,13.5],"rotation":{"angle":0.0,"axis":"y","origin":[-0.5,0.0,-0.5]},"faces":{"north":{"uv":[9.5,12.75,10.875,13.375],"texture":"#0"},"east":{"uv":[8.0,12.75,9.375,13.375],"texture":"#0"},"south":{"uv":[8.0,12.75,9.375,13.375],"texture":"#0"},"west":{"uv":[8.0,12.75,9.375,13.375],"texture":"#0"},"up":{"uv":[11.25,11.25,12.625,12.625],"texture":"#0"},"down":{"uv":[11.25,9.875,12.625,11.25],"texture":"#0"}}},{"from":[6.5,8.0,6.5],"to":[9.5,9.0,9.5],"rotation":{"angle":0.0,"axis":"y","origin":[-0.5,0.0,-0.5]},"faces":{"north":{"uv":[6.875,12.875,7.25,13.0],"texture":"#0"},"east":{"uv":[6.875,12.875,7.25,13.0],"texture":"#0"},"south":{"uv":[6.875,12.875,7.25,13.0],"texture":"#0"},"west":{"uv":[6.875,12.875,7.25,13.0],"texture":"#0"},"up":{"uv":[6.875,12.875,7.25,13.0],"texture":"#0"},"down":{"uv":[6.875,12.875,7.25,13.0],"texture":"#0"}}},{"from":[5.5,9.25,6.75],"to":[10.5,12.25,6.75],"rotation":{"angle":-22.5,"axis":"x","origin":[8.0,8.5,8.0]},"faces":{"north":{"uv":[7.25,12.875,7.875,13.25],"texture":"#0"},"east":{"uv":[0.0,0.0,0.125,0.125],"texture":"#missing"},"south":{"uv":[7.25,12.875,7.875,13.25],"texture":"#0"},"west":{"uv":[0.0,0.0,0.125,0.125],"texture":"#missing"},"up":{"uv":[0.0,0.0,0.125,0.125],"texture":"#missing"},"down":{"uv":[0.0,0.0,0.125,0.125],"texture":"#missing"}}},{"from":[5.5,9.25,9.25],"to":[10.5,12.25,9.25],"rotation":{"angle":22.5,"axis":"x","origin":[8.0,8.5,8.0]},"faces":{"north":{"uv":[7.25,12.875,7.875,13.25],"texture":"#0"},"east":{"uv":[0.125,0.0,0.0,0.125],"texture":"#missing"},"south":{"uv":[7.25,12.875,7.875,13.25],"texture":"#0"},"west":{"uv":[0.125,0.0,0.0,0.125],"texture":"#missing"},"up":{"uv":[0.0,0.125,0.125,0.0],"texture":"#missing"},"down":{"uv":[0.0,0.125,0.125,0.0],"texture":"#missing"}}},{"from":[6.13756,9.37182,5.5],"to":[6.13756,12.37182,10.5],"rotation":{"angle":22.5,"axis":"z","origin":[8.0,10.10037,8.0]},"faces":{"north":{"uv":[0.125,0.0,0.0,0.125],"texture":"#missing"},"east":{"uv":[7.25,12.875,7.875,13.25],"texture":"#0"},"south":{"uv":[0.125,0.0,0.0,0.125],"texture":"#missing"},"west":{"uv":[7.25,12.875,7.875,13.25],"texture":"#0"},"up":{"uv":[0.0,0.125,0.125,0.0],"rotation":90.0,"texture":"#missing"},"down":{"uv":[0.0,0.125,0.125,0.0],"rotation":270.0,"texture":"#missing"}}},{"from":[9.86244,9.37182,5.5],"to":[9.86244,12.37182,10.5],"rotation":{"angle":-22.5,"axis":"z","origin":[8.0,10.10037,8.0]},"faces":{"north":{"uv":[0.0,0.0,0.125,0.125],"texture":"#missing"},"east":{"uv":[7.25,12.875,7.875,13.25],"texture":"#0"},"south":{"uv":[0.0,0.0,0.125,0.125],"texture":"#missing"},"west":{"uv":[7.25,12.875,7.875,13.25],"texture":"#0"},"up":{"uv":[0.0,0.0,0.125,0.125],"rotation":90.0,"texture":"#missing"},"down":{"uv":[0.0,0.0,0.125,0.125],"rotation":270.0,"texture":"#missing"}}}],"gui_light":"front","display":{"thirdperson_righthand":{"rotation":[65.85,27.67,0.04],"translation":[0.75,-1.0,-1.25],"scale":[0.85,0.85,0.85]},"thirdperson_lefthand":{"rotation":[65.85,27.67,0.04],"translation":[0.75,-1.0,-1.25],"scale":[0.85,0.85,0.85]},"firstperson_righthand":{"rotation":[-42.25,104.0,10.25],"translation":[2.13,4.2,1.13],"scale":[0.46126,0.46126,0.46126]},"firstperson_lefthand":{"rotation":[-42.25,104.0,10.25],"translation":[2.13,4.2,1.13],"scale":[0.46126,0.46126,0.46126]},"ground":{"translation":[0.0,4.25,0.0],"scale":[0.43945,0.43945,0.43945]},"gui":{"rotation":[-151.58,-25.95,-179.04],"translation":[0.0,3.25,0.0],"scale":[0.8414,0.8414,0.8414]}}}