{"textures":{"0":"mcc:island_cosmetics/accessory/offhand_1","particle":"mcc:island_cosmetics/accessory/offhand_1"},"credit":"Made with Blockbench","texture_size":[128.0,128.0],"elements":[{"from":[7.5,0.0,6.5],"to":[8.5,10.0,9.5],"rotation":{"angle":0.0,"axis":"y","origin":[8.0,8.0,7.5]},"faces":{"north":{"uv":[7.625,3.875,7.75,5.125],"texture":"#0"},"east":{"uv":[7.625,3.875,8.0,5.125],"texture":"#0"},"south":{"uv":[7.875,3.875,8.0,5.125],"texture":"#0"},"west":{"uv":[7.625,3.875,8.0,5.125],"texture":"#0"},"up":{"uv":[0.0,0.0,0.375,0.25],"rotation":270.0,"texture":"#missing"},"down":{"uv":[7.625,5.0,8.0,5.125],"texture":"#0"}}},{"from":[7.0,10.0,4.0],"to":[9.0,18.0,12.0],"rotation":{"angle":0.0,"axis":"y","origin":[8.0,8.0,8.0]},"faces":{"north":{"uv":[7.625,2.875,7.75,3.875],"texture":"#0"},"east":{"uv":[7.625,2.875,8.625,3.875],"texture":"#0"},"south":{"uv":[7.625,2.875,7.75,3.875],"texture":"#0"},"west":{"uv":[7.625,2.875,8.625,3.875],"texture":"#0"},"up":{"uv":[7.625,2.875,8.625,3.0],"rotation":270.0,"texture":"#0"},"down":{"uv":[7.875,3.75,8.0,3.875],"texture":"#0"}}},{"from":[6.99,9.99,3.99],"to":[9.01,18.01,12.01],"rotation":{"angle":0.0,"axis":"y","origin":[8.0,8.0,8.0]},"faces":{"north":{"uv":[9.5,3.125,9.625,4.125],"texture":"#0","tintindex":0.0},"east":{"uv":[8.625,3.125,9.625,4.125],"texture":"#0","tintindex":0.0},"south":{"uv":[8.625,3.125,8.75,4.125],"texture":"#0","tintindex":0.0},"west":{"uv":[9.625,3.125,8.625,4.125],"texture":"#0","tintindex":0.0},"up":{"uv":[9.625,3.125,8.625,3.25],"rotation":90.0,"texture":"#0","tintindex":0.0},"down":{"uv":[4.75,1.5,4.875,1.625],"texture":"#0","tintindex":0.0}}},{"from":[8.0,18.0,4.0],"to":[8.0,20.0,12.0],"rotation":{"angle":0.0,"axis":"y","origin":[8.0,8.0,8.0]},"faces":{"north":{"uv":[0.0,0.0,0.0,0.25],"texture":"#missing","tintindex":0.0},"east":{"uv":[8.625,2.875,9.625,3.125],"texture":"#0","tintindex":0.0},"south":{"uv":[0.0,0.0,0.0,0.25],"texture":"#missing","tintindex":0.0},"west":{"uv":[9.625,2.875,8.625,3.125],"texture":"#0","tintindex":0.0},"up":{"uv":[0.0,0.0,1.0,0.0],"rotation":270.0,"texture":"#missing","tintindex":0.0},"down":{"uv":[0.0,0.0,1.0,0.0],"rotation":90.0,"texture":"#missing","tintindex":0.0}}}],"gui_light":"front","display":{"thirdperson_righthand":{"rotation":[-180.0,0.0,-180.0],"translation":[0.0,0.75,2.0],"scale":[0.78945,0.78945,0.78945]},"thirdperson_lefthand":{"rotation":[-180.0,0.0,-180.0],"translation":[0.0,0.75,2.0],"scale":[0.78945,0.78945,0.78945]},"firstperson_righthand":{"rotation":[-19.5,-163.75,-3.0],"translation":[0.88,3.95,1.63],"scale":[0.31672,0.31672,0.31672]},"firstperson_lefthand":{"rotation":[-19.5,-163.75,-3.0],"translation":[0.88,3.95,1.63],"scale":[0.31672,0.31672,0.31672]},"ground":{"translation":[0.0,4.25,0.0],"scale":[0.44531,0.44531,0.44531]},"gui":{"rotation":[112.48,37.58,-110.04],"translation":[-1.75,-1.75,0.0],"scale":[0.80859,0.80859,0.80859]},"head":{"translation":[0.0,-30.5,0.0],"scale":[1.6,1.6,1.6]}}}