{"textures":{"0":"mcc:island_cosmetics/accessory/offhand_1","particle":"mcc:island_cosmetics/accessory/offhand_1"},"credit":"Made with Blockbench","texture_size":[128.0,128.0],"elements":[{"from":[0.0,0.0,5.0],"to":[14.0,1.0,15.0],"rotation":{"angle":0.0,"axis":"y","origin":[-3.5,-2.0,0.5]},"faces":{"north":{"uv":[10.875,14.75,12.625,14.625],"texture":"#0"},"east":{"uv":[12.5,14.75,12.625,13.5],"rotation":90.0,"texture":"#0"},"south":{"uv":[10.875,13.625,12.625,13.5],"texture":"#0"},"west":{"uv":[11.0,13.5,10.875,14.75],"rotation":90.0,"texture":"#0"},"up":{"uv":[11.375,14.75,13.125,16.0],"texture":"#0"},"down":{"uv":[10.875,13.5,12.625,14.75],"texture":"#0"}}},{"from":[0.0,1.0,0.0],"to":[14.0,1.0,5.0],"rotation":{"angle":0.0,"axis":"y","origin":[-3.5,-2.0,0.5]},"faces":{"north":{"uv":[8.75,13.625,9.125,14.875],"texture":"#0"},"east":{"uv":[8.75,13.625,9.125,14.875],"texture":"#0"},"south":{"uv":[8.75,13.625,9.125,14.875],"texture":"#0"},"west":{"uv":[8.75,13.625,9.125,14.875],"texture":"#0"},"up":{"uv":[9.625,15.375,11.375,16.0],"texture":"#0"},"down":{"uv":[9.625,16.0,11.375,15.375],"texture":"#0"}}}],"gui_light":"front","display":{"thirdperson_righthand":{"rotation":[-102.67,45.55,171.25],"translation":[-1.75,2.25,6.25],"scale":[0.85,0.85,0.85]},"thirdperson_lefthand":{"rotation":[-102.67,45.55,171.25],"translation":[0.5,-0.5,7.5],"scale":[0.85,0.85,0.85]},"firstperson_righthand":{"rotation":[-116.67,41.11,101.16],"translation":[-0.87,3.95,0.13],"scale":[0.38313,0.38313,0.38313]},"firstperson_lefthand":{"rotation":[-116.67,41.11,101.16],"translation":[0.13,3.95,0.13],"scale":[0.38313,0.38313,0.38313]},"ground":{"translation":[0.0,4.25,0.0],"scale":[0.43945,0.43945,0.43945]},"gui":{"rotation":[-111.03,25.27,159.05],"translation":[-3.25,2.5,0.0],"scale":[0.87851,0.87851,0.87851]}}}