{"textures":{"0":"mcc:island_cosmetics/accessory/offhand_3","1":"mcc:island_cosmetics/accessory/offhand_2","particle":"mcc:island_cosmetics/accessory/offhand_3"},"credit":"Made with Blockbench","ambientocclusion":false,"texture_size":[128.0,128.0],"elements":[{"from":[7.0,-6.0,7.0],"to":[9.0,19.0,9.0],"rotation":{"angle":0.0,"axis":"y","origin":[9.0,15.0,6.875]},"faces":{"north":{"uv":[15.75,1.375,16.0,4.5],"texture":"#1"},"east":{"uv":[16.0,1.375,15.75,4.5],"texture":"#1"},"south":{"uv":[15.75,1.375,16.0,4.5],"texture":"#1"},"west":{"uv":[16.0,1.375,15.75,4.5],"texture":"#1"},"up":{"uv":[15.75,5.75,15.5,6.0],"texture":"#1"},"down":{"uv":[15.5,6.0,15.75,6.25],"texture":"#1"}}},{"from":[2.5,14.0,1.0],"to":[13.5,14.0,8.0],"rotation":{"angle":22.5,"axis":"x","origin":[7.5,13.75,8.0]},"faces":{"north":{"uv":[6.0,12.875,6.25,16.0],"texture":"#1"},"east":{"uv":[6.25,12.875,6.0,16.0],"texture":"#1"},"south":{"uv":[6.0,12.875,6.25,16.0],"texture":"#1"},"west":{"uv":[6.25,12.875,6.0,16.0],"texture":"#1"},"up":{"uv":[9.875,16.0,11.25,15.125],"texture":"#1"},"down":{"uv":[9.875,15.125,11.25,16.0],"texture":"#1"}}},{"from":[2.5,14.0,8.0],"to":[13.5,14.0,15.0],"rotation":{"angle":-22.5,"axis":"x","origin":[8.5,13.75,8.0]},"faces":{"north":{"uv":[6.0,12.875,6.25,16.0],"texture":"#1"},"east":{"uv":[6.25,12.875,6.0,16.0],"texture":"#1"},"south":{"uv":[6.0,12.875,6.25,16.0],"texture":"#1"},"west":{"uv":[6.25,12.875,6.0,16.0],"texture":"#1"},"up":{"uv":[11.25,15.125,9.875,16.0],"texture":"#1"},"down":{"uv":[11.25,16.0,9.875,15.125],"texture":"#1"}}},{"from":[7.39905,14.11954,2.5],"to":[14.39905,14.11954,13.5],"rotation":{"angle":22.5,"axis":"z","origin":[8.0,15.32036,8.0]},"faces":{"north":{"uv":[6.25,12.875,6.0,16.0],"texture":"#1"},"east":{"uv":[6.0,12.875,6.25,16.0],"texture":"#1"},"south":{"uv":[6.25,12.875,6.0,16.0],"texture":"#1"},"west":{"uv":[6.0,12.875,6.25,16.0],"texture":"#1"},"up":{"uv":[9.875,16.0,11.25,15.125],"rotation":90.0,"texture":"#1"},"down":{"uv":[9.875,15.125,11.25,16.0],"rotation":270.0,"texture":"#1"}}},{"from":[1.60095,14.11954,2.5],"to":[8.60095,14.11954,13.5],"rotation":{"angle":-22.5,"axis":"z","origin":[8.0,15.32036,8.0]},"faces":{"north":{"uv":[6.25,12.875,6.0,16.0],"texture":"#1"},"east":{"uv":[6.0,12.875,6.25,16.0],"texture":"#1"},"south":{"uv":[6.25,12.875,6.0,16.0],"texture":"#1"},"west":{"uv":[6.0,12.875,6.25,16.0],"texture":"#1"},"up":{"uv":[11.25,15.125,9.875,16.0],"rotation":90.0,"texture":"#1"},"down":{"uv":[11.25,16.0,9.875,15.125],"rotation":270.0,"texture":"#1"}}},{"from":[7.0,-15.0,7.0],"to":[9.0,-6.0,9.0],"rotation":{"angle":0.0,"axis":"y","origin":[9.0,17.0,6.875]},"faces":{"north":{"uv":[4.75,9.375,5.0,10.5],"texture":"#0","tintindex":0.0},"east":{"uv":[5.0,9.375,4.75,10.5],"texture":"#0","tintindex":0.0},"south":{"uv":[4.75,9.375,5.0,10.5],"texture":"#0","tintindex":0.0},"west":{"uv":[5.0,9.375,4.75,10.5],"texture":"#0","tintindex":0.0},"up":{"uv":[0.0,9.75,0.25,10.0],"texture":"#0","tintindex":0.0},"down":{"uv":[5.5,9.625,5.25,9.875],"texture":"#0","tintindex":0.0}}},{"from":[-8.0,17.0,-8.0],"to":[24.0,17.0,24.0],"shade":false,"rotation":{"angle":0.0,"axis":"y","origin":[9.0,14.0,3.875]},"faces":{"north":{"uv":[6.0,12.875,6.25,16.0],"texture":"#missing","tintindex":0.0},"east":{"uv":[6.25,12.875,6.0,16.0],"texture":"#missing","tintindex":0.0},"south":{"uv":[6.0,12.875,6.25,16.0],"texture":"#missing","tintindex":0.0},"west":{"uv":[6.25,12.875,6.0,16.0],"texture":"#missing","tintindex":0.0},"up":{"uv":[12.0,12.0,16.0,16.0],"texture":"#1","tintindex":0.0},"down":{"uv":[12.0,12.0,16.0,16.0],"texture":"#1","tintindex":0.0}}},{"from":[-9.0,16.5,-9.0],"to":[25.0,16.5,25.0],"shade":false,"rotation":{"angle":0.0,"axis":"y","origin":[9.0,14.0,3.875]},"faces":{"up":{"uv":[11.75,7.75,16.0,12.0],"texture":"#1"},"down":{"uv":[11.75,7.75,16.0,12.0],"texture":"#1"}}}],"gui_light":"front","display":{"thirdperson_righthand":{"rotation":[96.93,-2.33,8.97],"translation":[-2.75,-2.0,20.5],"scale":[0.85,0.85,0.85]},"thirdperson_lefthand":{"rotation":[96.93,-2.33,8.97],"translation":[-2.75,-2.0,20.5],"scale":[0.85,0.85,0.85]},"firstperson_righthand":{"rotation":[-172.83,-20.35,-175.66],"translation":[14.0,18.0,-4.0],"scale":[0.59375,0.98,0.59375]},"firstperson_lefthand":{"rotation":[-172.83,-20.35,-175.66],"translation":[14.0,18.0,-4.0],"scale":[0.59375,0.98,0.59375]},"ground":{"translation":[0.0,4.25,0.0],"scale":[0.43945,0.43945,0.43945]},"gui":{"rotation":[-21.08,-37.45,-53.23],"translation":[-0.5,0.0,0.0],"scale":[0.41563,0.41563,0.41563]},"head":{"rotation":[0.0,3.25,0.0],"translation":[0.0,4.25,0.0],"scale":[1.6,1.6,1.6]}}}