{"textures":{"0":"mcc:island_cosmetics/accessory/offhand_2","particle":"mcc:island_cosmetics/accessory/offhand_2"},"credit":"Made with Blockbench","texture_size":[128.0,128.0],"elements":[{"from":[5.5,6.0,5.5],"to":[10.5,11.0,10.5],"rotation":{"angle":0.0,"axis":"y","origin":[8.32036,5.22804,8.38889]},"faces":{"north":{"uv":[9.25,4.0,9.875,4.625],"texture":"#0"},"east":{"uv":[9.25,4.0,9.875,4.625],"texture":"#0"},"south":{"uv":[9.25,4.0,9.875,4.625],"texture":"#0"},"west":{"uv":[9.25,4.0,9.875,4.625],"texture":"#0"},"up":{"uv":[9.125,5.25,9.75,5.875],"texture":"#0"},"down":{"uv":[9.125,4.625,9.75,5.25],"texture":"#0"}}},{"from":[5.4,5.9,5.4],"to":[10.6,11.1,10.6],"rotation":{"angle":0.0,"axis":"y","origin":[8.32036,5.22804,8.38889]},"faces":{"north":{"uv":[9.75,5.125,10.375,5.75],"texture":"#0"},"east":{"uv":[9.75,5.125,10.375,5.75],"texture":"#0"},"south":{"uv":[9.75,5.125,10.375,5.75],"texture":"#0"},"west":{"uv":[9.75,5.125,10.375,5.75],"texture":"#0"},"up":{"uv":[9.5,3.875,9.625,4.0],"texture":"#0"},"down":{"uv":[9.125,4.625,9.75,5.25],"texture":"#0"}}},{"from":[5.4,5.9,5.4],"to":[10.6,11.1,10.6],"rotation":{"angle":0.0,"axis":"y","origin":[8.32036,5.22804,8.38889]},"faces":{"north":{"uv":[9.75,5.125,10.375,5.75],"texture":"#0"},"east":{"uv":[9.75,5.125,10.375,5.75],"texture":"#0"},"south":{"uv":[9.75,5.125,10.375,5.75],"texture":"#0"},"west":{"uv":[9.75,5.125,10.375,5.75],"texture":"#0"},"up":{"uv":[9.5,3.875,9.625,4.0],"texture":"#0"},"down":{"uv":[9.125,4.625,9.75,5.25],"texture":"#0"}}},{"from":[8.0,0.0,4.5],"to":[8.0,6.0,10.5],"rotation":{"angle":0.0,"axis":"y","origin":[8.17964,5.22804,8.11111]},"faces":{"north":{"uv":[9.375,4.0,9.875,4.625],"texture":"#0"},"east":{"uv":[10.625,4.375,9.875,5.125],"texture":"#0"},"south":{"uv":[9.375,4.0,9.875,4.625],"texture":"#0"},"west":{"uv":[9.875,4.375,10.625,5.125],"texture":"#0"},"up":{"uv":[9.625,4.0,9.5,3.875],"texture":"#0"},"down":{"uv":[9.625,5.125,9.125,4.625],"texture":"#0"}}},{"name":"cube inverted","from":[10.6,11.1,10.6],"to":[5.4,5.9,5.4],"rotation":{"angle":0.0,"axis":"y","origin":[8.32036,5.22804,8.38889]},"faces":{"north":{"uv":[9.75,5.75,10.375,5.125],"texture":"#0"},"east":{"uv":[9.75,5.75,10.375,5.125],"texture":"#0"},"south":{"uv":[9.75,5.75,10.375,5.125],"texture":"#0"},"west":{"uv":[9.75,5.75,10.375,5.125],"texture":"#0"},"up":{"uv":[9.75,4.625,9.125,5.25],"texture":"#0"},"down":{"uv":[9.625,3.875,9.5,4.0],"texture":"#0"}}}],"gui_light":"front","display":{"thirdperson_righthand":{"rotation":[90.0,-90.0,0.0],"translation":[0.0,-2.0,1.0],"scale":[1.05312,1.05312,1.05312]},"thirdperson_lefthand":{"rotation":[90.0,-90.0,0.0],"translation":[0.0,-2.0,1.0],"scale":[1.05312,1.05312,1.05312]},"firstperson_righthand":{"rotation":[148.88,-6.46,-9.13],"translation":[9.5,-1.5,-5.5],"scale":[0.7207,0.7207,0.7207]},"firstperson_lefthand":{"rotation":[148.88,-6.46,-9.13],"translation":[9.5,-1.5,-5.5],"scale":[0.7207,0.7207,0.7207]},"ground":{"translation":[0.0,4.25,0.0],"scale":[0.43945,0.43945,0.43945]},"gui":{"rotation":[68.57,42.37,100.21],"translation":[-1.25,-1.25,0.0],"scale":[1.31798,1.31798,1.31798]},"head":{"rotation":[0.0,3.25,0.0],"translation":[0.0,4.25,0.0],"scale":[1.6,1.6,1.6]}}}