{"textures":{"0":"mcc:island_cosmetics/accessory/offhand_1","particle":"mcc:island_cosmetics/accessory/offhand_1"},"credit":"Made with Blockbench","texture_size":[128.0,128.0],"elements":[{"from":[3.0,5.0,12.0],"to":[13.0,7.0,14.0],"rotation":{"angle":0.0,"axis":"y","origin":[-0.5,-2.0,4.5]},"faces":{"north":{"uv":[12.625,13.5,13.875,13.25],"rotation":180.0,"texture":"#0"},"east":{"uv":[13.875,13.25,14.125,13.5],"rotation":180.0,"texture":"#0"},"south":{"uv":[12.625,13.25,13.875,13.5],"rotation":180.0,"texture":"#0"},"west":{"uv":[13.875,13.25,14.125,13.5],"rotation":180.0,"texture":"#0"},"up":{"uv":[12.625,13.25,13.875,13.5],"texture":"#0"},"down":{"uv":[12.625,13.5,13.875,13.25],"rotation":180.0,"texture":"#0"}}},{"from":[4.0,5.0,7.0],"to":[12.0,6.0,12.0],"rotation":{"angle":0.0,"axis":"y","origin":[8.0,6.0,13.0]},"faces":{"north":{"uv":[12.625,13.5,12.75,14.5],"rotation":90.0,"texture":"#0"},"east":{"uv":[12.75,13.5,12.875,14.125],"rotation":90.0,"texture":"#0"},"south":{"uv":[8.75,13.625,9.125,14.875],"texture":"#missing"},"west":{"uv":[12.75,14.125,12.875,13.5],"rotation":90.0,"texture":"#0"},"up":{"uv":[12.75,13.5,13.75,14.125],"texture":"#0"},"down":{"uv":[12.625,12.25,13.25,13.25],"rotation":90.0,"texture":"#0"}}},{"from":[4.0,6.8025,1.03948],"to":[12.0,6.8025,7.03948],"rotation":{"angle":-22.5,"axis":"x","origin":[8.0,6.3025,9.03948]},"faces":{"north":{"uv":[8.75,13.625,9.125,14.875],"texture":"#missing"},"east":{"uv":[8.75,13.625,9.125,14.875],"texture":"#missing"},"south":{"uv":[8.75,13.625,9.125,14.875],"texture":"#missing"},"west":{"uv":[8.75,13.625,9.125,14.875],"texture":"#missing"},"up":{"uv":[13.125,14.125,14.125,14.875],"texture":"#0"},"down":{"uv":[13.125,14.875,14.125,14.125],"texture":"#0"}}},{"from":[4.0,6.5525,1.03948],"to":[12.0,6.5525,7.03948],"rotation":{"angle":-22.5,"axis":"x","origin":[8.0,6.3025,9.03948]},"faces":{"north":{"uv":[8.75,13.625,9.125,14.875],"texture":"#missing"},"east":{"uv":[8.75,13.625,9.125,14.875],"texture":"#missing"},"south":{"uv":[8.75,13.625,9.125,14.875],"texture":"#missing"},"west":{"uv":[8.75,13.625,9.125,14.875],"texture":"#missing"},"up":{"uv":[14.125,14.875,13.125,15.625],"texture":"#0"},"down":{"uv":[14.125,15.625,13.125,14.875],"texture":"#0"}}}],"gui_light":"front","display":{"thirdperson_righthand":{"rotation":[27.52,-17.5,-13.81],"translation":[1.5,2.75,-3.0],"scale":[0.85,0.85,0.85]},"thirdperson_lefthand":{"rotation":[27.52,-17.5,-13.81],"translation":[1.5,2.75,-3.0],"scale":[0.85,0.85,0.85]},"firstperson_righthand":{"rotation":[0.84,11.16,11.48],"translation":[0.38,3.95,1.63],"scale":[0.38313,0.38313,0.38313]},"firstperson_lefthand":{"rotation":[0.84,11.16,11.48],"translation":[0.38,3.95,1.63],"scale":[0.38313,0.38313,0.38313]},"ground":{"translation":[0.0,4.25,0.0],"scale":[0.43945,0.43945,0.43945]},"gui":{"rotation":[-135.03,-25.3,179.9],"translation":[1.0,1.75,0.0],"scale":[1.08984,1.08984,1.08984]}}}