{"textures":{"0":"mcc:island_cosmetics/accessory/offhand_2","particle":"mcc:island_cosmetics/accessory/offhand_2"},"credit":"Made with Blockbench","texture_size":[128.0,128.0],"elements":[{"from":[7.0,-13.0,7.0],"to":[9.0,12.0,9.0],"rotation":{"angle":0.0,"axis":"y","origin":[9.0,17.0,6.875]},"faces":{"north":{"uv":[6.0,12.875,6.25,16.0],"texture":"#0"},"east":{"uv":[6.25,12.875,6.0,16.0],"texture":"#0"},"south":{"uv":[6.0,12.875,6.25,16.0],"texture":"#0"},"west":{"uv":[6.25,12.875,6.0,16.0],"texture":"#0"},"up":{"uv":[3.0,4.375,3.25,4.625],"texture":"#0"},"down":{"uv":[3.0,4.625,3.25,4.875],"texture":"#0"}}},{"from":[6.9,-13.1,6.9],"to":[9.1,12.1,9.1],"rotation":{"angle":0.0,"axis":"y","origin":[9.0,17.0,6.875]},"faces":{"north":{"uv":[6.25,12.875,6.5,16.0],"texture":"#0"},"east":{"uv":[6.25,12.875,6.5,16.0],"texture":"#0"},"south":{"uv":[6.25,12.875,6.5,16.0],"texture":"#0"},"west":{"uv":[6.25,12.875,6.5,16.0],"texture":"#0"},"up":{"uv":[6.5,15.75,6.75,16.0],"texture":"#0"},"down":{"uv":[6.5,15.75,6.75,16.0],"texture":"#0"}}},{"from":[6.0,12.0,6.0],"to":[10.0,19.0,10.0],"rotation":{"angle":0.0,"axis":"y","origin":[9.0,17.0,6.875]},"faces":{"north":{"uv":[6.5,12.875,7.0,13.75],"texture":"#0"},"east":{"uv":[6.5,12.875,7.0,13.75],"texture":"#0"},"south":{"uv":[6.5,12.875,7.0,13.75],"texture":"#0"},"west":{"uv":[6.5,12.875,7.0,13.75],"texture":"#0"},"up":{"uv":[6.0,12.375,6.5,12.875],"texture":"#0"},"down":{"uv":[6.0,12.375,6.5,12.875],"texture":"#0"}}},{"from":[5.8,11.8,5.8],"to":[10.2,19.2,10.2],"rotation":{"angle":0.0,"axis":"y","origin":[9.0,17.0,6.875]},"faces":{"north":{"uv":[7.0,12.875,7.5,13.75],"texture":"#0"},"east":{"uv":[7.0,12.875,7.5,13.75],"texture":"#0"},"south":{"uv":[7.0,12.875,7.5,13.75],"texture":"#0"},"west":{"uv":[7.0,12.875,7.5,13.75],"texture":"#0"},"up":{"uv":[6.0,12.375,6.5,12.875],"texture":"#0"},"down":{"uv":[6.0,12.375,6.5,12.875],"texture":"#0"}}},{"from":[10.0,13.0,8.0],"to":[16.0,19.0,8.0],"rotation":{"angle":0.0,"axis":"y","origin":[9.0,17.0,6.875]},"faces":{"north":{"uv":[6.5,13.75,7.25,14.5],"texture":"#0"},"east":{"uv":[2.75,4.375,3.0,5.75],"texture":"#missing"},"south":{"uv":[7.25,13.75,6.5,14.5],"texture":"#0"},"west":{"uv":[2.75,4.375,3.0,5.75],"texture":"#missing"},"up":{"uv":[3.0,4.375,3.25,4.625],"texture":"#missing"},"down":{"uv":[3.0,4.625,3.25,4.875],"texture":"#missing"}}},{"from":[0.0,13.0,8.0],"to":[6.0,19.0,8.0],"rotation":{"angle":0.0,"axis":"y","origin":[7.0,17.0,6.875]},"faces":{"north":{"uv":[7.25,13.75,6.5,14.5],"texture":"#0"},"east":{"uv":[3.0,4.375,2.75,5.75],"texture":"#missing"},"south":{"uv":[6.5,13.75,7.25,14.5],"texture":"#0"},"west":{"uv":[3.0,4.375,2.75,5.75],"texture":"#missing"},"up":{"uv":[3.25,4.375,3.0,4.625],"texture":"#missing"},"down":{"uv":[3.25,4.625,3.0,4.875],"texture":"#missing"}}}],"gui_light":"front","display":{"thirdperson_righthand":{"rotation":[44.42,-16.18,-8.51],"translation":[1.25,2.75,5.0],"scale":[0.91055,0.91055,0.91055]},"thirdperson_lefthand":{"rotation":[44.42,-16.18,-8.51],"translation":[1.25,2.75,5.0],"scale":[0.91055,0.91055,0.91055]},"firstperson_righthand":{"rotation":[-25.67,-81.36,-0.84],"translation":[10.5,1.0,-7.25],"scale":[0.54297,0.54297,0.54297]},"firstperson_lefthand":{"rotation":[-25.67,-81.36,-0.84],"translation":[10.5,1.0,-7.25],"scale":[0.54297,0.54297,0.54297]},"ground":{"translation":[0.0,4.25,0.0],"scale":[0.43945,0.43945,0.43945]},"gui":{"rotation":[-156.08,-6.57,-137.01],"translation":[0.75,1.25,0.0],"scale":[0.51329,0.51329,0.51329]},"head":{"rotation":[0.0,3.25,0.0],"translation":[0.0,4.25,0.0],"scale":[1.6,1.6,1.6]}}}