{"textures":{"0":"mcc:island_cosmetics/accessory/offhand_2","1":"mcc:island_cosmetics/accessory/planetary_projector_anim","particle":"mcc:island_cosmetics/accessory/offhand_2"},"credit":"Made with Blockbench","texture_size":[128.0,128.0],"elements":[{"from":[7.0,2.0,7.0],"to":[9.0,7.0,9.0],"rotation":{"angle":0.0,"axis":"y","origin":[9.0,17.0,6.875]},"faces":{"north":{"uv":[5.375,14.0,5.625,14.625],"texture":"#0"},"east":{"uv":[5.375,14.0,5.625,14.625],"texture":"#0"},"south":{"uv":[5.375,14.0,5.625,14.625],"texture":"#0"},"west":{"uv":[5.375,14.0,5.625,14.625],"texture":"#0"},"up":{"uv":[3.0,4.375,3.25,4.625],"texture":"#0"},"down":{"uv":[3.0,4.625,3.25,4.875],"texture":"#0"}}},{"from":[6.0,7.0,6.0],"to":[10.0,9.0,10.0],"rotation":{"angle":0.0,"axis":"y","origin":[8.0,8.0,8.0]},"faces":{"north":{"uv":[4.625,14.625,5.125,14.875],"texture":"#0"},"east":{"uv":[4.625,14.625,5.125,14.875],"texture":"#0"},"south":{"uv":[4.625,14.625,5.125,14.875],"texture":"#0"},"west":{"uv":[4.625,14.625,5.125,14.875],"texture":"#0"},"up":{"uv":[4.625,14.875,5.125,15.375],"texture":"#0"},"down":{"uv":[5.125,14.625,5.625,15.125],"texture":"#0"}}},{"from":[6.0,7.0,6.0],"to":[10.0,9.0,10.0],"rotation":{"angle":0.0,"axis":"y","origin":[8.0,8.0,8.0]},"faces":{"north":{"uv":[4.75,15.0,5.0,15.25],"texture":"#0"},"east":{"uv":[4.75,15.0,5.0,15.25],"texture":"#0"},"south":{"uv":[4.75,15.0,5.0,15.25],"texture":"#0"},"west":{"uv":[4.75,15.0,5.0,15.25],"texture":"#0"},"up":{"uv":[4.625,15.375,5.125,15.875],"texture":"#0","tintindex":0.0},"down":{"uv":[4.75,15.0,5.0,15.25],"texture":"#0"}}},{"from":[5.5,18.0,5.5],"to":[10.5,23.0,10.5],"rotation":{"angle":0.0,"axis":"y","origin":[8.0,20.5,8.0]},"faces":{"north":{"uv":[8.0,0.0,9.25,1.25],"texture":"#1"},"east":{"uv":[8.0,0.0,9.25,1.25],"texture":"#1"},"south":{"uv":[8.0,0.0,9.25,1.25],"texture":"#1"},"west":{"uv":[8.0,0.0,9.25,1.25],"texture":"#1"},"up":{"uv":[5.5,0.0,6.75,1.25],"texture":"#1"},"down":{"uv":[6.75,0.0,8.0,1.25],"texture":"#1"}}},{"from":[2.5,21.0,2.5],"to":[13.5,21.0,13.5],"rotation":{"angle":45.0,"axis":"y","origin":[8.0,21.0,8.0]},"faces":{"north":{"uv":[4.0,15.0,4.625,15.625],"texture":"#0"},"east":{"uv":[4.0,15.0,4.625,15.625],"texture":"#0"},"south":{"uv":[4.0,15.0,4.625,15.625],"texture":"#0"},"west":{"uv":[4.0,15.0,4.625,15.625],"texture":"#0"},"up":{"uv":[12.5,0.0,15.25,2.75],"texture":"#1"},"down":{"uv":[12.5,0.0,15.25,2.75],"texture":"#1"}}},{"from":[2.5,21.0,2.5],"to":[13.5,21.0,13.5],"rotation":{"angle":0.0,"axis":"y","origin":[8.0,21.0,8.0]},"faces":{"north":{"uv":[4.0,15.0,4.625,15.625],"texture":"#0"},"east":{"uv":[4.0,15.0,4.625,15.625],"texture":"#0"},"south":{"uv":[4.0,15.0,4.625,15.625],"texture":"#0"},"west":{"uv":[4.0,15.0,4.625,15.625],"texture":"#0"},"up":{"uv":[9.5,0.0,12.25,2.75],"texture":"#1"},"down":{"uv":[9.5,0.0,12.25,2.75],"texture":"#1"}}},{"from":[2.5,21.0,2.5],"to":[13.5,21.0,13.5],"rotation":{"angle":0.0,"axis":"y","origin":[8.0,21.0,8.0]},"faces":{"north":{"uv":[4.0,15.0,4.625,15.625],"texture":"#0"},"east":{"uv":[4.0,15.0,4.625,15.625],"texture":"#0"},"south":{"uv":[4.0,15.0,4.625,15.625],"texture":"#0"},"west":{"uv":[4.0,15.0,4.625,15.625],"texture":"#0"},"up":{"uv":[9.5,0.0,12.25,2.75],"texture":"#1"},"down":{"uv":[9.5,0.0,12.25,2.75],"texture":"#1"}}},{"from":[6.5,13.0,6.5],"to":[9.5,16.0,9.5],"rotation":{"angle":0.0,"axis":"y","origin":[8.5,8.0,8.5]},"faces":{"north":{"uv":[4.75,0.0,5.5,0.75],"texture":"#1"},"east":{"uv":[3.25,0.75,4.0,1.5],"texture":"#1"},"south":{"uv":[3.25,0.0,4.0,0.75],"texture":"#1"},"west":{"uv":[4.0,0.75,4.75,1.5],"texture":"#1"},"up":{"uv":[4.75,0.75,5.5,1.5],"texture":"#1"},"down":{"uv":[4.0,0.0,4.75,0.75],"texture":"#1"}}},{"from":[2.5,13.5,7.0],"to":[4.5,15.5,9.0],"rotation":{"angle":0.0,"axis":"y","origin":[8.0,14.5,8.0]},"faces":{"north":{"uv":[3.25,0.0,2.75,0.5],"texture":"#1"},"east":{"uv":[2.75,0.0,3.25,0.5],"texture":"#1"},"south":{"uv":[3.25,0.0,2.75,0.5],"texture":"#1"},"west":{"uv":[2.75,0.0,3.25,0.5],"texture":"#1"},"up":{"uv":[2.25,0.0,2.75,0.5],"texture":"#1"},"down":{"uv":[2.75,0.5,3.25,1.0],"texture":"#1"}}},{"from":[2.5,13.5,7.0],"to":[4.5,15.5,9.0],"rotation":{"angle":45.0,"axis":"y","origin":[8.0,14.5,8.0]},"faces":{"north":{"uv":[3.25,1.75,2.75,2.25],"texture":"#1"},"east":{"uv":[2.75,1.75,3.25,2.25],"texture":"#1"},"south":{"uv":[3.25,1.75,2.75,2.25],"texture":"#1"},"west":{"uv":[2.75,1.75,3.25,2.25],"texture":"#1"},"up":{"uv":[2.25,1.75,2.75,2.25],"texture":"#1"},"down":{"uv":[2.75,2.25,3.25,2.75],"texture":"#1"}}},{"from":[7.0,13.5,11.5],"to":[9.0,15.5,13.5],"rotation":{"angle":0.0,"axis":"y","origin":[8.0,14.5,8.0]},"faces":{"north":{"uv":[2.75,3.5,3.25,4.0],"texture":"#1"},"east":{"uv":[3.25,3.5,2.75,4.0],"texture":"#1"},"south":{"uv":[2.75,3.5,3.25,4.0],"texture":"#1"},"west":{"uv":[3.25,3.5,2.75,4.0],"texture":"#1"},"up":{"uv":[2.25,3.5,2.75,4.0],"rotation":270.0,"texture":"#1"},"down":{"uv":[2.75,4.0,3.25,4.5],"rotation":90.0,"texture":"#1"}}},{"from":[7.0,13.5,11.5],"to":[9.0,15.5,13.5],"rotation":{"angle":45.0,"axis":"y","origin":[8.0,14.5,8.0]},"faces":{"north":{"uv":[2.75,5.25,3.25,5.75],"texture":"#1"},"east":{"uv":[3.25,5.25,2.75,5.75],"texture":"#1"},"south":{"uv":[2.75,5.25,3.25,5.75],"texture":"#1"},"west":{"uv":[3.25,5.25,2.75,5.75],"texture":"#1"},"up":{"uv":[2.25,5.25,2.75,5.75],"rotation":270.0,"texture":"#1"},"down":{"uv":[2.75,5.75,3.25,6.25],"rotation":90.0,"texture":"#1"}}},{"from":[11.5,13.5,7.0],"to":[13.5,15.5,9.0],"rotation":{"angle":0.0,"axis":"y","origin":[8.0,14.5,8.0]},"faces":{"north":{"uv":[3.25,7.0,2.75,7.5],"texture":"#1"},"east":{"uv":[2.75,7.0,3.25,7.5],"texture":"#1"},"south":{"uv":[3.25,7.0,2.75,7.5],"texture":"#1"},"west":{"uv":[2.75,7.0,3.25,7.5],"texture":"#1"},"up":{"uv":[2.25,7.0,2.75,7.5],"rotation":180.0,"texture":"#1"},"down":{"uv":[2.75,7.5,3.25,8.0],"rotation":180.0,"texture":"#1"}}},{"from":[11.5,13.5,7.0],"to":[13.5,15.5,9.0],"rotation":{"angle":45.0,"axis":"y","origin":[8.0,14.5,8.0]},"faces":{"north":{"uv":[3.25,8.75,2.75,9.25],"texture":"#1"},"east":{"uv":[2.75,8.75,3.25,9.25],"texture":"#1"},"south":{"uv":[3.25,8.75,2.75,9.25],"texture":"#1"},"west":{"uv":[2.75,8.75,3.25,9.25],"texture":"#1"},"up":{"uv":[2.25,8.75,2.75,9.25],"rotation":180.0,"texture":"#1"},"down":{"uv":[2.75,9.25,3.25,9.75],"rotation":180.0,"texture":"#1"}}},{"from":[7.0,13.5,2.5],"to":[9.0,15.5,4.5],"rotation":{"angle":0.0,"axis":"y","origin":[8.0,14.5,8.0]},"faces":{"north":{"uv":[2.75,10.5,3.25,11.0],"texture":"#1"},"east":{"uv":[3.25,10.5,2.75,11.0],"texture":"#1"},"south":{"uv":[2.75,10.5,3.25,11.0],"texture":"#1"},"west":{"uv":[3.25,10.5,2.75,11.0],"texture":"#1"},"up":{"uv":[2.25,10.5,2.75,11.0],"rotation":90.0,"texture":"#1"},"down":{"uv":[2.75,11.0,3.25,11.5],"rotation":270.0,"texture":"#1"}}},{"from":[7.0,13.5,2.5],"to":[9.0,15.5,4.5],"rotation":{"angle":45.0,"axis":"y","origin":[8.0,14.5,8.0]},"faces":{"north":{"uv":[2.75,12.25,3.25,12.75],"texture":"#1"},"east":{"uv":[3.25,12.25,2.75,12.75],"texture":"#1"},"south":{"uv":[2.75,12.25,3.25,12.75],"texture":"#1"},"west":{"uv":[3.25,12.25,2.75,12.75],"texture":"#1"},"up":{"uv":[2.25,12.25,2.75,12.75],"rotation":90.0,"texture":"#1"},"down":{"uv":[2.75,12.75,3.25,13.25],"rotation":270.0,"texture":"#1"}}},{"from":[6.5,25.0,6.5],"to":[9.5,28.0,9.5],"rotation":{"angle":0.0,"axis":"y","origin":[8.5,8.0,8.5]},"faces":{"north":{"uv":[1.5,0.0,2.25,0.75],"texture":"#1"},"east":{"uv":[2.25,0.0,1.5,0.75],"texture":"#1"},"south":{"uv":[1.5,0.0,2.25,0.75],"texture":"#1"},"west":{"uv":[2.25,0.0,1.5,0.75],"texture":"#1"},"up":{"uv":[0.75,0.0,1.5,0.75],"texture":"#1"},"down":{"uv":[0.0,0.0,0.75,0.75],"texture":"#1"}}},{"from":[5.0,9.25,5.0],"to":[11.0,13.25,11.0],"rotation":{"angle":0.0,"axis":"y","origin":[8.0,8.0,8.0]},"faces":{"north":{"uv":[14.0,14.5,15.5,15.5],"texture":"#1","tintindex":0.0},"east":{"uv":[14.0,14.5,15.5,15.5],"texture":"#1","tintindex":0.0},"south":{"uv":[14.0,14.5,15.5,15.5],"texture":"#1","tintindex":0.0},"west":{"uv":[14.0,14.5,15.5,15.5],"texture":"#1","tintindex":0.0},"up":{"uv":[2.5,3.25,2.75,3.5],"texture":"#0","tintindex":0.0},"down":{"uv":[14.5,15.25,14.75,15.5],"texture":"#1","tintindex":0.0}}},{"from":[7.0,-7.0,7.0],"to":[9.0,-3.0,9.0],"rotation":{"angle":0.0,"axis":"y","origin":[8.0,8.0,8.0]},"faces":{"north":{"uv":[14.0,15.5,14.5,14.5],"texture":"#1","tintindex":0.0},"east":{"uv":[14.0,15.5,14.5,14.5],"texture":"#1","tintindex":0.0},"south":{"uv":[14.0,15.5,14.5,14.5],"texture":"#1","tintindex":0.0},"west":{"uv":[14.0,15.5,14.5,14.5],"texture":"#1","tintindex":0.0},"up":{"uv":[3.0,4.875,3.25,4.625],"texture":"#0","tintindex":0.0},"down":{"uv":[2.5,3.25,2.75,3.5],"texture":"#0","tintindex":0.0}}},{"from":[6.0,-3.0,6.0],"to":[10.0,2.0,10.0],"rotation":{"angle":0.0,"axis":"y","origin":[8.0,8.0,8.0]},"faces":{"north":{"uv":[4.625,14.0,5.125,14.625],"texture":"#0"},"east":{"uv":[4.625,14.0,5.125,14.625],"texture":"#0"},"south":{"uv":[4.625,14.0,5.125,14.625],"texture":"#0"},"west":{"uv":[4.625,14.0,5.125,14.625],"texture":"#0"},"up":{"uv":[4.625,14.875,5.125,15.375],"texture":"#0"},"down":{"uv":[5.125,14.625,5.625,15.125],"texture":"#0"}}},{"from":[6.0,-3.0,6.0],"to":[10.0,2.0,10.0],"rotation":{"angle":0.0,"axis":"y","origin":[8.0,8.0,8.0]},"faces":{"north":{"uv":[5.125,15.125,5.625,15.75],"texture":"#0","tintindex":0.0},"east":{"uv":[5.125,15.125,5.625,15.75],"texture":"#0","tintindex":0.0},"south":{"uv":[5.125,15.125,5.625,15.75],"texture":"#0","tintindex":0.0},"west":{"uv":[5.125,15.125,5.625,15.75],"texture":"#0","tintindex":0.0},"up":{"uv":[4.625,15.375,5.125,15.875],"texture":"#0","tintindex":0.0},"down":{"uv":[4.625,15.375,5.125,15.875],"texture":"#0","tintindex":0.0}}},{"name":"cube inverted","from":[11.0,13.25,11.0],"to":[5.0,9.25,5.0],"rotation":{"angle":0.0,"axis":"y","origin":[8.0,8.0,8.0]},"faces":{"north":{"uv":[14.0,15.5,15.5,14.5],"texture":"#1","tintindex":0.0},"east":{"uv":[14.0,15.5,15.5,14.5],"texture":"#1","tintindex":0.0},"south":{"uv":[14.0,15.5,15.5,14.5],"texture":"#1","tintindex":0.0},"west":{"uv":[14.0,15.5,15.5,14.5],"texture":"#1","tintindex":0.0},"up":{"uv":[14.75,15.25,14.5,15.5],"texture":"#1","tintindex":0.0},"down":{"uv":[2.75,3.25,2.5,3.5],"texture":"#0","tintindex":0.0}}},{"name":"cube inverted","from":[9.0,-3.0,9.0],"to":[7.0,-7.0,7.0],"rotation":{"angle":0.0,"axis":"y","origin":[8.0,8.0,8.0]},"faces":{"north":{"uv":[14.0,14.5,14.5,15.5],"texture":"#1","tintindex":0.0},"east":{"uv":[14.0,14.5,14.5,15.5],"texture":"#1","tintindex":0.0},"south":{"uv":[14.0,14.5,14.5,15.5],"texture":"#1","tintindex":0.0},"west":{"uv":[14.0,14.5,14.5,15.5],"texture":"#1","tintindex":0.0},"up":{"uv":[2.75,3.25,2.5,3.5],"texture":"#0","tintindex":0.0},"down":{"uv":[3.25,4.875,3.0,4.625],"texture":"#0","tintindex":0.0}}}],"gui_light":"front","display":{"thirdperson_righthand":{"rotation":[44.42,-16.18,-8.51],"translation":[1.25,2.0,2.5],"scale":[0.91055,0.91055,0.91055]},"thirdperson_lefthand":{"rotation":[44.42,-16.18,-8.51],"translation":[1.25,2.0,2.5],"scale":[0.91055,0.91055,0.91055]},"firstperson_righthand":{"rotation":[-19.92,-81.36,-0.84],"translation":[10.25,2.75,-7.25],"scale":[0.54297,0.54297,0.54297]},"firstperson_lefthand":{"rotation":[-19.92,-81.36,-0.84],"translation":[10.25,2.75,-7.25],"scale":[0.54297,0.54297,0.54297]},"ground":{"translation":[0.0,4.25,0.0],"scale":[0.43945,0.43945,0.43945]},"gui":{"rotation":[-156.08,-6.57,-137.01],"translation":[-1.25,-1.0,0.0],"scale":[0.51329,0.51329,0.51329]},"head":{"rotation":[0.0,3.25,0.0],"translation":[0.0,4.25,0.0],"scale":[1.6,1.6,1.6]}}}