{"textures":{"0":"mcc:island_cosmetics/accessory/offhand_1","particle":"mcc:island_cosmetics/accessory/offhand_1"},"credit":"Made with Blockbench","texture_size":[128.0,128.0],"elements":[{"from":[4.5,0.0,8.0],"to":[9.5,8.0,8.0],"rotation":{"angle":0.0,"axis":"y","origin":[-0.5,0.0,0.0]},"faces":{"north":{"uv":[8.0,6.875,8.625,7.875],"texture":"#0"},"east":{"uv":[0.0,0.0,0.125,0.125],"texture":"#missing"},"south":{"uv":[8.625,6.875,8.0,7.875],"texture":"#0"},"west":{"uv":[0.0,0.0,0.125,0.125],"texture":"#missing"},"up":{"uv":[0.0,0.0,0.125,0.125],"texture":"#missing"},"down":{"uv":[0.0,0.0,0.125,0.125],"texture":"#missing"}}},{"from":[1.0,1.0,7.75],"to":[6.0,9.0,7.75],"rotation":{"angle":22.5,"axis":"z","origin":[8.0,4.0,8.0]},"faces":{"north":{"uv":[7.375,6.875,8.0,7.875],"texture":"#0"},"east":{"uv":[0.0,0.0,0.125,0.125],"texture":"#missing"},"south":{"uv":[8.0,6.875,7.375,7.875],"texture":"#0"},"west":{"uv":[0.0,0.0,0.125,0.125],"texture":"#missing"},"up":{"uv":[0.0,0.0,0.125,0.125],"texture":"#missing"},"down":{"uv":[0.0,0.0,0.125,0.125],"texture":"#missing"}}},{"from":[-2.5,3.75,8.0],"to":[2.5,11.75,8.0],"rotation":{"angle":45.0,"axis":"z","origin":[8.0,4.0,8.0]},"faces":{"north":{"uv":[8.0,6.875,8.625,7.875],"texture":"#0"},"east":{"uv":[0.0,0.0,0.125,0.125],"texture":"#missing"},"south":{"uv":[8.625,6.875,8.0,7.875],"texture":"#0"},"west":{"uv":[0.0,0.0,0.125,0.125],"texture":"#missing"},"up":{"uv":[0.0,0.0,0.125,0.125],"texture":"#missing"},"down":{"uv":[0.0,0.0,0.125,0.125],"texture":"#missing"}}}],"gui_light":"front","display":{"thirdperson_righthand":{"rotation":[140.31,-2.67,174.93],"translation":[-3.75,3.25,-4.0],"scale":[0.85,0.85,0.85]},"thirdperson_lefthand":{"rotation":[133.91,-6.04,-141.75],"translation":[6.25,0.75,-2.0],"scale":[0.85,0.85,0.85]},"firstperson_righthand":{"rotation":[136.3,6.87,158.65],"translation":[-2.62,4.7,2.38],"scale":[0.37141,0.37141,0.37141]},"firstperson_lefthand":{"rotation":[117.1,9.54,-166.96],"translation":[-1.12,5.45,4.13],"scale":[0.32844,0.32844,0.32844]},"ground":{"translation":[0.0,4.25,0.0],"scale":[0.43945,0.43945,0.43945]},"gui":{"rotation":[-160.55,-15.89,-161.58],"translation":[-3.25,6.5,0.0],"scale":[1.05234,1.05234,1.05234]}}}