{"textures":{"0":"mcc:island_cosmetics/accessory/offhand_2","particle":"mcc:island_cosmetics/accessory/offhand_2"},"credit":"Made with Blockbench","texture_size":[128.0,128.0],"elements":[{"from":[7.0,0.0,7.0],"to":[9.0,23.0,9.0],"rotation":{"angle":0.0,"axis":"y","origin":[9.0,17.0,6.875]},"faces":{"north":{"uv":[8.875,3.125,9.125,6.0],"texture":"#0"},"east":{"uv":[9.125,3.125,8.875,6.0],"texture":"#0"},"south":{"uv":[8.875,3.125,9.125,6.0],"texture":"#0"},"west":{"uv":[9.125,3.125,8.875,6.0],"texture":"#0"},"up":{"uv":[9.625,3.375,9.375,3.625],"texture":"#0"},"down":{"uv":[9.375,3.375,9.125,3.625],"texture":"#0"}}},{"from":[7.0,5.0,1.0],"to":[9.0,7.0,7.0],"rotation":{"angle":0.0,"axis":"y","origin":[9.0,17.0,6.875]},"faces":{"north":{"uv":[9.375,3.375,9.125,3.625],"texture":"#0"},"east":{"uv":[9.875,3.125,9.125,3.375],"texture":"#0"},"south":{"uv":[9.375,3.375,9.125,3.625],"texture":"#0"},"west":{"uv":[9.125,3.375,9.875,3.125],"texture":"#0"},"up":{"uv":[9.125,3.125,9.875,3.375],"rotation":90.0,"texture":"#0"},"down":{"uv":[9.875,3.375,9.125,3.125],"rotation":90.0,"texture":"#0"}}},{"from":[6.85,4.85,0.85],"to":[9.15,7.15,7.15],"rotation":{"angle":0.0,"axis":"y","origin":[9.0,17.0,6.875]},"faces":{"north":{"uv":[9.375,3.375,9.125,3.625],"texture":"#0"},"east":{"uv":[9.875,3.625,9.125,3.875],"texture":"#0"},"south":{"uv":[9.375,3.375,9.125,3.625],"texture":"#0"},"west":{"uv":[9.125,3.875,9.875,3.625],"texture":"#0"},"up":{"uv":[9.125,3.625,9.875,3.875],"rotation":90.0,"texture":"#0"},"down":{"uv":[9.875,3.875,9.125,3.625],"rotation":90.0,"texture":"#0"}}}],"gui_light":"front","display":{"thirdperson_righthand":{"rotation":[19.42,-16.18,-8.51],"translation":[0.75,2.25,4.5],"scale":[0.95743,0.95743,0.95743]},"thirdperson_lefthand":{"rotation":[19.42,-16.18,-8.51],"translation":[0.75,2.25,4.5],"scale":[0.95743,0.95743,0.95743]},"firstperson_righthand":{"rotation":[-40.54,-2.43,-0.43],"translation":[10.5,-1.5,-7.25],"scale":[0.66602,0.66602,0.66602]},"firstperson_lefthand":{"rotation":[-40.54,-2.43,-0.43],"translation":[10.5,-1.5,-7.25],"scale":[0.66602,0.66602,0.66602]},"ground":{"translation":[0.0,4.25,0.0],"scale":[0.43945,0.43945,0.43945]},"gui":{"rotation":[-127.6,-27.75,-131.06],"translation":[-1.75,-1.25,0.0],"scale":[0.74962,0.74962,0.74962]},"head":{"rotation":[0.0,3.25,0.0],"translation":[0.0,4.25,0.0],"scale":[1.6,1.6,1.6]}}}