{"textures":{"0":"mcc:island_cosmetics/accessory/offhand_4","particle":"mcc:island_cosmetics/accessory/offhand_4"},"credit":"Made with Blockbench","texture_size":[128.0,128.0],"elements":[{"from":[4.0,0.0,4.0],"to":[12.0,11.0,12.0],"rotation":{"angle":0.0,"axis":"y","origin":[8.0,8.5,8.0]},"faces":{"north":{"uv":[15.125,0.0,14.125,1.375],"texture":"#0"},"east":{"uv":[15.125,0.0,14.125,1.375],"texture":"#0"},"south":{"uv":[16.0,3.875,15.0,5.25],"texture":"#0"},"west":{"uv":[15.125,0.0,14.125,1.375],"texture":"#0"},"up":{"uv":[14.625,1.5,14.625,1.625],"rotation":180.0,"texture":"#0"},"down":{"uv":[16.0,1.375,15.0,2.375],"rotation":180.0,"texture":"#0"}}},{"from":[4.0,10.0,4.0],"to":[12.0,10.0,12.0],"rotation":{"angle":0.0,"axis":"y","origin":[8.0,8.5,8.0]},"faces":{"north":{"uv":[15.125,0.0,14.125,1.375],"texture":"#0"},"east":{"uv":[15.125,0.0,14.125,1.375],"texture":"#0"},"south":{"uv":[15.125,0.0,14.125,1.375],"texture":"#0"},"west":{"uv":[15.125,0.0,14.125,1.375],"texture":"#0"},"up":{"uv":[15.0,2.375,16.0,3.375],"rotation":180.0,"texture":"#0"},"down":{"uv":[15.0,2.375,16.0,3.375],"rotation":180.0,"texture":"#0"}}},{"from":[2.0,10.0,8.0],"to":[14.0,13.0,8.0],"rotation":{"angle":-45.0,"axis":"y","origin":[8.0,8.5,8.0]},"faces":{"north":{"uv":[14.5,3.5,16.0,3.875],"texture":"#0"},"east":{"uv":[15.125,0.0,14.125,1.375],"texture":"#0"},"south":{"uv":[16.0,3.5,14.5,3.875],"texture":"#0"},"west":{"uv":[15.125,0.0,14.125,1.375],"texture":"#0"},"up":{"uv":[15.0,2.375,16.0,3.375],"rotation":180.0,"texture":"#0"},"down":{"uv":[15.0,2.375,16.0,3.375],"rotation":180.0,"texture":"#0"}}},{"from":[8.0,10.0,2.0],"to":[8.0,13.0,14.0],"rotation":{"angle":-45.0,"axis":"y","origin":[8.0,8.5,8.0]},"faces":{"north":{"uv":[15.125,0.0,14.125,1.375],"texture":"#0"},"east":{"uv":[16.0,3.5,14.5,3.875],"texture":"#0"},"south":{"uv":[15.125,0.0,14.125,1.375],"texture":"#0"},"west":{"uv":[14.5,3.5,16.0,3.875],"texture":"#0"},"up":{"uv":[15.0,2.375,16.0,3.375],"rotation":90.0,"texture":"#0"},"down":{"uv":[15.0,2.375,16.0,3.375],"rotation":270.0,"texture":"#0"}}},{"name":"cube inverted","from":[12.0,11.0,12.0],"to":[4.0,0.0,4.0],"rotation":{"angle":0.0,"axis":"y","origin":[8.0,8.5,8.0]},"faces":{"north":{"uv":[16.0,5.25,15.0,3.875],"texture":"#0"},"east":{"uv":[15.125,1.375,14.125,0.0],"texture":"#0"},"south":{"uv":[15.125,1.375,14.125,0.0],"texture":"#0"},"west":{"uv":[15.125,1.375,14.125,0.0],"texture":"#0"},"up":{"uv":[15.0,1.375,16.0,2.375],"rotation":180.0,"texture":"#0"},"down":{"uv":[14.625,1.5,14.625,1.625],"rotation":180.0,"texture":"#0"}}}],"gui_light":"front","display":{"thirdperson_righthand":{"rotation":[-127.89,-62.94,-172.27],"translation":[2.0,3.5,3.5],"scale":[0.93398,0.93398,0.93398]},"thirdperson_lefthand":{"rotation":[-127.89,-62.94,-172.27],"translation":[2.0,3.5,3.5],"scale":[0.93398,0.93398,0.93398]},"firstperson_righthand":{"rotation":[170.36,80.76,-179.66],"translation":[13.5,-1.5,-7.25],"scale":[0.67187,0.67187,0.67187]},"firstperson_lefthand":{"rotation":[33.91,-76.66,38.79],"translation":[13.5,-1.5,-7.25],"scale":[0.67187,0.67187,0.67187]},"ground":{"translation":[0.0,4.25,0.0],"scale":[0.43945,0.43945,0.43945]},"gui":{"rotation":[22.67,-36.49,-30.43],"translation":[1.0,1.25,0.0],"scale":[0.90234,0.90234,0.90234]},"head":{"rotation":[0.0,3.25,0.0],"translation":[0.0,4.25,0.0],"scale":[1.6,1.6,1.6]}}}