{"textures":{"0":"mcc:island_cosmetics/accessory/offhand_2","particle":"mcc:island_cosmetics/accessory/offhand_2"},"credit":"Made with Blockbench","texture_size":[128.0,128.0],"elements":[{"from":[5.0,5.0,7.0],"to":[11.0,15.0,9.0],"rotation":{"angle":0.0,"axis":"z","origin":[8.0,7.5,8.0]},"faces":{"north":{"uv":[0.0,9.625,0.75,10.875],"texture":"#0","tintindex":0.0},"east":{"uv":[0.75,9.625,1.0,10.875],"texture":"#0","tintindex":0.0},"south":{"uv":[0.0,9.625,0.75,10.875],"texture":"#0","tintindex":0.0},"west":{"uv":[0.75,9.625,1.0,10.875],"texture":"#0","tintindex":0.0},"up":{"uv":[0.0,9.375,0.75,9.625],"texture":"#0","tintindex":0.0},"down":{"uv":[0.0,9.125,0.75,9.375],"texture":"#0","tintindex":0.0}}},{"from":[5.5,5.5,7.25],"to":[10.5,14.5,8.75],"rotation":{"angle":0.0,"axis":"z","origin":[8.0,7.5,8.0]},"faces":{"north":{"uv":[1.5,9.625,2.125,10.75],"texture":"#0","tintindex":0.0},"east":{"uv":[1.5,9.625,1.625,10.75],"texture":"#0","tintindex":0.0},"south":{"uv":[2.125,9.625,1.5,10.75],"texture":"#0","tintindex":0.0},"west":{"uv":[1.5,9.625,1.625,10.75],"texture":"#0","tintindex":0.0},"up":{"uv":[1.5,9.625,2.125,9.75],"texture":"#0","tintindex":0.0},"down":{"uv":[1.5,10.625,2.125,10.75],"texture":"#0","tintindex":0.0}}},{"from":[7.0,0.0,7.5],"to":[9.0,10.0,8.5],"rotation":{"angle":0.0,"axis":"z","origin":[8.0,7.5,8.0]},"faces":{"north":{"uv":[1.0,9.625,1.25,10.875],"texture":"#0"},"east":{"uv":[1.375,9.625,1.5,10.875],"texture":"#0"},"south":{"uv":[1.25,9.625,1.0,10.875],"texture":"#0"},"west":{"uv":[1.25,9.625,1.375,10.875],"texture":"#0"},"up":{"uv":[1.0,9.625,1.25,9.75],"texture":"#0"},"down":{"uv":[1.0,9.625,1.25,9.75],"texture":"#0"}}}],"gui_light":"front","display":{"thirdperson_righthand":{"rotation":[67.41,73.46,-29.88],"translation":[1.0,4.0,4.0],"scale":[0.85,0.85,0.85]},"thirdperson_lefthand":{"rotation":[67.41,73.46,-29.88],"translation":[1.0,4.0,4.0],"scale":[0.85,0.85,0.85]},"firstperson_righthand":{"rotation":[179.0,68.0,167.0],"translation":[9.0,1.25,-5.75],"scale":[0.70508,0.70508,0.70508]},"firstperson_lefthand":{"rotation":[179.0,68.0,167.0],"translation":[9.0,1.25,-5.75],"scale":[0.70508,0.70508,0.70508]},"gui":{"rotation":[-169.28,-20.82,-128.38],"translation":[-0.25,0.0,0.0],"scale":[1.02305,1.02305,1.02305]}}}