{"textures":{"0":"mcc:island_cosmetics/accessory/offhand_3","particle":"mcc:island_cosmetics/accessory/offhand_3"},"credit":"Made with Blockbench","texture_size":[128.0,128.0],"elements":[{"from":[7.0,-8.0,7.0],"to":[9.0,12.0,9.0],"rotation":{"angle":0.0,"axis":"y","origin":[9.0,17.0,6.875]},"faces":{"north":{"uv":[5.0,10.5,4.75,13.0],"texture":"#0"},"east":{"uv":[5.0,10.5,4.75,13.0],"texture":"#0"},"south":{"uv":[5.0,10.5,4.75,13.0],"texture":"#0"},"west":{"uv":[5.0,10.5,4.75,13.0],"texture":"#0"},"up":{"uv":[5.5,12.0,5.625,12.125],"texture":"#0"},"down":{"uv":[5.5,12.0,5.625,12.125],"texture":"#0"}}},{"from":[7.0,-8.0,7.0],"to":[9.0,8.0,9.0],"rotation":{"angle":0.0,"axis":"y","origin":[9.0,17.0,6.875]},"faces":{"north":{"uv":[7.0,11.0,6.75,13.0],"texture":"#0","tintindex":0.0},"east":{"uv":[7.0,11.0,6.75,13.0],"texture":"#0","tintindex":0.0},"south":{"uv":[7.0,11.0,6.75,13.0],"texture":"#0","tintindex":0.0},"west":{"uv":[7.0,11.0,6.75,13.0],"texture":"#0","tintindex":0.0},"up":{"uv":[5.5,12.0,5.625,12.125],"texture":"#0","tintindex":0.0},"down":{"uv":[5.5,12.0,5.625,12.125],"texture":"#0","tintindex":0.0}}},{"from":[6.5,-14.0,6.5],"to":[9.5,-7.0,9.5],"rotation":{"angle":0.0,"axis":"y","origin":[21.0,-8.0,8.0]},"faces":{"north":{"uv":[6.125,9.625,5.75,10.5],"texture":"#0"},"east":{"uv":[6.125,9.625,5.75,10.5],"texture":"#0"},"south":{"uv":[6.125,9.625,5.75,10.5],"texture":"#0"},"west":{"uv":[6.125,9.625,5.75,10.5],"texture":"#0"},"up":{"uv":[7.875,9.625,7.5,10.0],"texture":"#0"},"down":{"uv":[7.875,9.625,7.5,10.0],"texture":"#0"}}},{"from":[6.5,9.0,6.5],"to":[9.5,13.0,9.5],"rotation":{"angle":0.0,"axis":"y","origin":[21.0,-8.0,8.0]},"faces":{"north":{"uv":[5.375,10.5,5.0,11.0],"texture":"#0"},"east":{"uv":[5.375,10.5,5.0,11.0],"texture":"#0"},"south":{"uv":[5.375,10.5,5.0,11.0],"texture":"#0"},"west":{"uv":[5.375,10.5,5.0,11.0],"texture":"#0"},"up":{"uv":[7.875,9.625,7.5,10.0],"texture":"#0"},"down":{"uv":[7.875,9.625,7.5,10.0],"texture":"#0"}}},{"from":[8.85355,12.0,6.0],"to":[12.85355,16.0,10.0],"rotation":{"angle":45.0,"axis":"z","origin":[8.35355,11.0,8.0]},"faces":{"north":{"uv":[5.75,10.0,5.25,10.5],"texture":"#0"},"east":{"uv":[7.625,10.5,7.125,11.0],"texture":"#0"},"south":{"uv":[5.25,10.5,5.75,10.0],"rotation":270.0,"texture":"#0"},"west":{"uv":[8.0,10.0,7.5,10.5],"rotation":90.0,"texture":"#0"},"up":{"uv":[7.625,10.5,7.125,11.0],"rotation":90.0,"texture":"#0"},"down":{"uv":[8.0,10.5,7.5,10.0],"rotation":180.0,"texture":"#0"}}},{"from":[8.85355,12.0,6.0],"to":[12.85355,16.0,10.0],"rotation":{"angle":45.0,"axis":"z","origin":[8.35355,11.0,8.0]},"faces":{"north":{"uv":[8.375,9.375,7.875,9.875],"texture":"#0","tintindex":0.0},"east":{"uv":[5.5,12.0,5.625,12.125],"texture":"#0","tintindex":0.0},"south":{"uv":[7.875,9.875,8.375,9.375],"rotation":270.0,"texture":"#0","tintindex":0.0},"west":{"uv":[5.5,12.0,5.625,12.125],"texture":"#0","tintindex":0.0},"up":{"uv":[5.5,12.0,5.625,12.125],"texture":"#0","tintindex":0.0},"down":{"uv":[5.5,12.0,5.625,12.125],"texture":"#0","tintindex":0.0}}},{"from":[2.5,13.0,6.5],"to":[13.5,16.0,9.5],"rotation":{"angle":0.0,"axis":"y","origin":[21.0,-8.0,8.0]},"faces":{"north":{"uv":[6.75,10.5,5.375,10.875],"texture":"#0"},"east":{"uv":[7.125,10.5,6.75,10.875],"texture":"#0"},"south":{"uv":[6.75,10.5,5.375,10.875],"texture":"#0"},"west":{"uv":[7.125,10.5,6.75,10.875],"texture":"#0"},"up":{"uv":[7.5,10.125,6.125,10.5],"texture":"#0"},"down":{"uv":[7.5,9.75,6.125,10.125],"texture":"#0"}}},{"from":[1.0,12.0,8.0],"to":[15.0,29.0,8.0],"rotation":{"angle":0.0,"axis":"y","origin":[20.5,-8.0,8.5]},"faces":{"north":{"uv":[6.75,11.0,5.0,13.125],"texture":"#0"},"east":{"uv":[6.875,10.375,6.375,10.625],"texture":"#0"},"south":{"uv":[6.75,11.0,5.0,13.125],"texture":"#0"},"west":{"uv":[10.625,8.625,10.125,8.875],"texture":"#0"},"up":{"uv":[8.125,8.5,7.625,9.0],"texture":"#0"},"down":{"uv":[8.625,8.5,8.125,9.0],"texture":"#0"}}}],"gui_light":"front","display":{"thirdperson_righthand":{"rotation":[54.93,30.89,-14.7],"translation":[2.25,3.5,6.0],"scale":[0.91602,0.91602,0.91602]},"thirdperson_lefthand":{"rotation":[54.93,30.89,-14.7],"translation":[2.25,3.5,6.0],"scale":[0.91602,0.91602,0.91602]},"firstperson_righthand":{"rotation":[54.3,-72.72,57.42],"translation":[11.5,2.75,-7.25],"scale":[0.57617,0.57617,0.57617]},"firstperson_lefthand":{"rotation":[54.3,-72.72,57.42],"translation":[11.5,2.75,-7.25],"scale":[0.57617,0.57617,0.57617]},"ground":{"translation":[0.0,4.25,0.0],"scale":[0.43945,0.43945,0.43945]},"gui":{"rotation":[-1.43,-12.31,-44.3],"translation":[0.0,0.25,0.0],"scale":[0.44884,0.44884,0.44884]},"head":{"rotation":[0.0,3.25,0.0],"translation":[0.0,4.25,0.0],"scale":[1.6,1.6,1.6]}}}