{"textures":{"0":"mcc:island_cosmetics/accessory/offhand_3","particle":"mcc:island_cosmetics/accessory/offhand_3"},"credit":"Made with Blockbench","texture_size":[128.0,128.0],"elements":[{"from":[7.0,-15.0,7.0],"to":[9.0,28.0,9.0],"rotation":{"angle":0.0,"axis":"y","origin":[9.0,17.0,6.875]},"faces":{"north":{"uv":[8.875,14.125,14.25,13.875],"rotation":90.0,"texture":"#0"},"east":{"uv":[8.875,13.875,14.25,14.125],"rotation":90.0,"texture":"#0"},"south":{"uv":[8.875,14.125,14.25,13.875],"rotation":90.0,"texture":"#0"},"west":{"uv":[8.875,13.875,14.25,14.125],"rotation":90.0,"texture":"#0"},"up":{"uv":[8.875,13.875,9.125,13.625],"rotation":90.0,"texture":"#0"},"down":{"uv":[8.875,13.875,9.125,13.625],"rotation":90.0,"texture":"#0"}}},{"from":[6.8,20.8,6.8],"to":[9.2,23.2,9.2],"rotation":{"angle":0.0,"axis":"y","origin":[9.0,17.0,6.875]},"faces":{"north":{"uv":[9.125,13.875,9.375,13.625],"rotation":90.0,"texture":"#0"},"east":{"uv":[9.125,13.875,9.375,13.625],"rotation":90.0,"texture":"#0"},"south":{"uv":[9.125,13.875,9.375,13.625],"rotation":90.0,"texture":"#0"},"west":{"uv":[9.125,13.875,9.375,13.625],"rotation":90.0,"texture":"#0"},"up":{"uv":[8.875,13.875,9.125,13.625],"rotation":90.0,"texture":"#0"},"down":{"uv":[8.875,13.875,9.125,13.625],"rotation":90.0,"texture":"#0"}}},{"from":[6.8,13.8,6.8],"to":[9.2,16.2,9.2],"rotation":{"angle":0.0,"axis":"y","origin":[9.0,17.0,6.875]},"faces":{"north":{"uv":[9.125,13.875,9.375,13.625],"rotation":90.0,"texture":"#0"},"east":{"uv":[9.125,13.875,9.375,13.625],"rotation":90.0,"texture":"#0"},"south":{"uv":[9.125,13.875,9.375,13.625],"rotation":90.0,"texture":"#0"},"west":{"uv":[9.125,13.875,9.375,13.625],"rotation":90.0,"texture":"#0"},"up":{"uv":[8.875,13.875,9.125,13.625],"rotation":90.0,"texture":"#0"},"down":{"uv":[8.875,13.875,9.125,13.625],"rotation":90.0,"texture":"#0"}}},{"from":[0.5,11.0,6.75],"to":[15.5,26.0,6.75],"rotation":{"angle":0.0,"axis":"y","origin":[8.5,17.0,6.875]},"faces":{"north":{"uv":[14.375,11.625,12.5,13.5],"texture":"#0"},"east":{"uv":[7.25,11.0,7.0,13.75],"texture":"#0"},"south":{"uv":[12.5,11.625,10.625,13.5],"texture":"#0"},"west":{"uv":[7.25,11.0,7.0,13.75],"texture":"#0"},"up":{"uv":[7.25,11.0,7.0,11.25],"texture":"#0"},"down":{"uv":[7.25,11.0,7.0,11.25],"texture":"#0"}}}],"gui_light":"front","display":{"thirdperson_righthand":{"rotation":[37.64,66.81,-18.95],"translation":[1.5,7.25,4.5],"scale":[0.97071,0.97071,0.97071]},"thirdperson_lefthand":{"rotation":[37.64,66.81,-18.95],"translation":[1.5,7.25,4.5],"scale":[0.97071,0.97071,0.97071]},"firstperson_righthand":{"rotation":[-175.49,74.71,156.18],"translation":[11.5,2.75,-7.25],"scale":[0.54687,0.54687,0.54687]},"firstperson_lefthand":{"rotation":[-175.49,74.71,156.18],"translation":[11.5,2.75,-7.25],"scale":[0.54687,0.54687,0.54687]},"ground":{"translation":[0.0,4.25,0.0],"scale":[0.43945,0.43945,0.43945]},"gui":{"rotation":[-162.6,-11.52,-136.04],"translation":[0.0,0.5,0.0],"scale":[0.45079,0.45079,0.45079]},"head":{"rotation":[0.0,3.25,0.0],"translation":[0.0,4.25,0.0],"scale":[1.6,1.6,1.6]}}}