{"textures":{"0":"mcc:island_cosmetics/accessory/offhand_1","particle":"mcc:island_cosmetics/accessory/offhand_1"},"credit":"Made with Blockbench","texture_size":[128.0,128.0],"elements":[{"from":[5.0,2.0,5.0],"to":[11.0,9.0,11.0],"rotation":{"angle":0.0,"axis":"x","origin":[8.0,5.00968,7.95601]},"faces":{"north":{"uv":[5.875,2.875,6.625,3.75],"texture":"#0"},"east":{"uv":[5.875,2.875,6.625,3.75],"texture":"#0"},"south":{"uv":[5.875,2.875,6.625,3.75],"texture":"#0"},"west":{"uv":[5.875,2.875,6.625,3.75],"texture":"#0"},"up":{"uv":[6.75,2.875,7.5,3.625],"rotation":90.0,"texture":"#missing"},"down":{"uv":[6.75,3.625,7.5,3.75],"texture":"#missing"}}},{"from":[4.0,1.0,1.0],"to":[12.0,6.0,6.0],"rotation":{"angle":-45.0,"axis":"x","origin":[8.0,8.0,8.0]},"faces":{"north":{"uv":[6.375,4.5,7.0,5.5],"rotation":270.0,"texture":"#0"},"east":{"uv":[7.0,3.875,7.625,4.5],"rotation":270.0,"texture":"#0"},"south":{"uv":[7.625,5.5,7.0,4.5],"rotation":270.0,"texture":"#0"},"west":{"uv":[7.0,3.875,7.625,4.5],"texture":"#0"},"up":{"uv":[7.0,4.5,7.625,5.5],"rotation":270.0,"texture":"#0"},"down":{"uv":[6.375,5.5,7.0,4.5],"rotation":270.0,"texture":"#0"}}},{"from":[6.0,-4.0,3.75],"to":[10.0,2.0,5.75],"rotation":{"angle":-45.0,"axis":"x","origin":[8.0,8.0,8.0]},"faces":{"north":{"uv":[4.875,4.0,5.375,3.25],"rotation":180.0,"texture":"#0"},"east":{"uv":[6.375,3.75,6.625,4.5],"texture":"#0"},"south":{"uv":[5.875,4.75,6.375,4.0],"rotation":180.0,"texture":"#0"},"west":{"uv":[6.375,4.5,6.625,3.75],"rotation":180.0,"texture":"#0"},"up":{"uv":[6.0,4.125,6.125,4.25],"rotation":180.0,"texture":"#0"},"down":{"uv":[5.375,4.25,5.875,4.0],"rotation":180.0,"texture":"#0"}}},{"from":[6.0,-4.0,-0.25],"to":[10.0,-2.0,3.75],"rotation":{"angle":-45.0,"axis":"x","origin":[8.0,8.0,8.0]},"faces":{"north":{"uv":[5.375,3.25,5.875,3.5],"rotation":180.0,"texture":"#0"},"east":{"uv":[6.375,4.0,5.875,3.75],"rotation":180.0,"texture":"#0"},"south":{"uv":[6.0,4.25,6.125,4.375],"rotation":180.0,"texture":"#0"},"west":{"uv":[5.875,4.0,6.375,3.75],"rotation":180.0,"texture":"#0"},"up":{"uv":[5.375,3.5,5.875,4.0],"rotation":180.0,"texture":"#0"},"down":{"uv":[5.375,4.0,5.875,3.5],"rotation":180.0,"texture":"#0"}}},{"from":[6.0,-4.0,10.25],"to":[10.0,2.0,12.25],"rotation":{"angle":45.0,"axis":"x","origin":[8.0,8.0,8.0]},"faces":{"north":{"uv":[6.375,4.75,5.875,4.0],"rotation":180.0,"texture":"#0"},"east":{"uv":[6.625,3.75,6.375,4.5],"texture":"#0"},"south":{"uv":[4.875,4.0,5.375,3.25],"rotation":180.0,"texture":"#0"},"west":{"uv":[6.625,4.5,6.375,3.75],"rotation":180.0,"texture":"#0"},"up":{"uv":[6.0,4.25,6.125,4.125],"rotation":180.0,"texture":"#0"},"down":{"uv":[5.375,4.0,5.875,4.25],"rotation":180.0,"texture":"#0"}}},{"from":[6.0,-4.0,12.25],"to":[10.0,-2.0,16.25],"rotation":{"angle":45.0,"axis":"x","origin":[8.0,8.0,8.0]},"faces":{"north":{"uv":[6.125,4.25,6.0,4.375],"rotation":180.0,"texture":"#0"},"east":{"uv":[5.875,4.0,6.375,3.75],"rotation":180.0,"texture":"#0"},"south":{"uv":[5.875,3.25,5.375,3.5],"rotation":180.0,"texture":"#0"},"west":{"uv":[6.375,4.0,5.875,3.75],"rotation":180.0,"texture":"#0"},"up":{"uv":[5.375,4.0,5.875,3.5],"rotation":180.0,"texture":"#0"},"down":{"uv":[5.375,3.5,5.875,4.0],"rotation":180.0,"texture":"#0"}}},{"from":[4.0,9.0,4.0],"to":[12.0,17.0,12.0],"rotation":{"angle":0.0,"axis":"x","origin":[8.0,5.00968,7.95601]},"faces":{"north":{"uv":[6.625,2.875,7.625,3.875],"texture":"#0"},"east":{"uv":[6.625,2.875,7.625,3.875],"texture":"#0"},"south":{"uv":[6.625,2.875,7.625,3.875],"texture":"#0"},"west":{"uv":[6.625,2.875,7.625,3.875],"texture":"#0"},"up":{"uv":[4.875,2.25,5.875,3.25],"texture":"#0"},"down":{"uv":[6.625,5.5,7.625,6.5],"texture":"#0"}}}],"gui_light":"front","display":{"thirdperson_righthand":{"rotation":[-89.75,0.0,-180.0],"translation":[0.25,-2.0,5.0],"scale":[0.78945,0.78945,0.78945]},"thirdperson_lefthand":{"rotation":[-89.75,0.0,-180.0],"translation":[0.25,-2.0,5.0],"scale":[0.78945,0.78945,0.78945]},"firstperson_righthand":{"rotation":[-40.84,3.48,-170.04],"translation":[2.38,3.2,1.63],"scale":[0.31672,0.31672,0.31672]},"firstperson_lefthand":{"rotation":[-40.84,3.48,-170.04],"translation":[2.38,3.2,1.63],"scale":[0.31672,0.31672,0.31672]},"ground":{"translation":[0.0,4.25,0.0],"scale":[0.44531,0.44531,0.44531]},"gui":{"rotation":[-129.36,-41.07,57.09],"translation":[-0.75,-1.0,0.0],"scale":[0.60938,0.60938,0.60938]},"head":{"translation":[0.0,-30.5,0.0],"scale":[1.6,1.6,1.6]}}}