{"textures":{"0":"mcc:island_cosmetics/accessory/offhand_1","particle":"mcc:island_cosmetics/accessory/offhand_1"},"credit":"Made with Blockbench","texture_size":[128.0,128.0],"elements":[{"from":[6.5,-3.0,8.0],"to":[9.5,12.0,8.0],"rotation":{"angle":0.0,"axis":"y","origin":[0.5,0.0,0.0]},"faces":{"north":{"uv":[5.5,14.0,5.125,15.875],"texture":"#0"},"east":{"uv":[0.0,0.0,0.125,0.125],"texture":"#missing"},"south":{"uv":[5.125,14.0,5.5,15.875],"texture":"#0"},"west":{"uv":[0.0,0.0,0.125,0.125],"texture":"#missing"},"up":{"uv":[0.0,0.0,0.125,0.125],"texture":"#missing"},"down":{"uv":[0.0,0.0,0.125,0.125],"texture":"#missing"}}},{"from":[2.5,9.5,5.5],"to":[7.5,9.5,10.5],"rotation":{"angle":0.0,"axis":"x","origin":[7.0,4.5,8.0]},"faces":{"north":{"uv":[0.0,0.0,0.125,0.125],"rotation":180.0,"texture":"#missing"},"east":{"uv":[0.0,0.0,0.125,0.125],"rotation":270.0,"texture":"#missing"},"south":{"uv":[0.0,0.0,0.125,0.125],"texture":"#missing"},"west":{"uv":[0.0,0.0,0.125,0.125],"rotation":90.0,"texture":"#missing"},"up":{"uv":[5.5,14.0,6.125,14.625],"texture":"#0"},"down":{"uv":[6.125,14.0,5.5,14.625],"rotation":180.0,"texture":"#0"}}},{"from":[5.0,7.5,0.75],"to":[10.0,7.5,5.75],"rotation":{"angle":-45.0,"axis":"y","origin":[5.0,7.5,8.0]},"faces":{"north":{"uv":[0.0,0.0,0.125,0.125],"rotation":90.0,"texture":"#missing"},"east":{"uv":[0.0,0.0,0.125,0.125],"rotation":180.0,"texture":"#missing"},"south":{"uv":[0.0,0.0,0.125,0.125],"rotation":270.0,"texture":"#missing"},"west":{"uv":[0.0,0.0,0.125,0.125],"texture":"#missing"},"up":{"uv":[5.5,14.0,6.125,14.625],"rotation":90.0,"texture":"#0"},"down":{"uv":[6.125,14.0,5.5,14.625],"rotation":90.0,"texture":"#0"}}},{"from":[5.5,12.0,5.5],"to":[10.5,17.0,10.5],"rotation":{"angle":0.0,"axis":"y","origin":[0.5,0.0,0.5]},"faces":{"north":{"uv":[4.5,14.0,5.125,14.625],"texture":"#0","tintindex":0.0},"east":{"uv":[4.5,14.0,5.125,14.625],"texture":"#0","tintindex":0.0},"south":{"uv":[4.5,14.0,5.125,14.625],"texture":"#0","tintindex":0.0},"west":{"uv":[4.5,14.0,5.125,14.625],"texture":"#0","tintindex":0.0},"up":{"uv":[4.5,13.375,5.125,14.0],"texture":"#0","tintindex":0.0},"down":{"uv":[4.5,14.625,5.125,15.25],"texture":"#0","tintindex":0.0}}},{"from":[5.5,12.0,5.5],"to":[10.5,17.0,10.5],"rotation":{"angle":0.0,"axis":"y","origin":[0.5,0.0,0.5]},"faces":{"north":{"uv":[6.5,14.875,6.625,15.0],"texture":"#0"},"east":{"uv":[6.5,14.875,6.625,15.0],"texture":"#0"},"south":{"uv":[6.5,14.875,6.625,15.0],"texture":"#0"},"west":{"uv":[6.5,14.875,6.625,15.0],"texture":"#0"},"up":{"uv":[6.5,14.875,6.625,15.0],"texture":"#0"},"down":{"uv":[4.5,15.25,5.125,15.875],"texture":"#0"}}},{"from":[5.5,12.0,5.5],"to":[10.5,17.0,5.5],"rotation":{"angle":-22.5,"axis":"x","origin":[8.0,12.0,5.5]},"faces":{"north":{"uv":[3.875,13.375,4.5,14.0],"texture":"#0","tintindex":0.0},"east":{"uv":[0.0,0.0,0.125,0.125],"texture":"#missing","tintindex":0.0},"south":{"uv":[4.5,13.375,3.875,14.0],"texture":"#0","tintindex":0.0},"west":{"uv":[0.0,0.0,0.125,0.125],"texture":"#missing","tintindex":0.0},"up":{"uv":[0.0,0.0,0.125,0.125],"texture":"#missing","tintindex":0.0},"down":{"uv":[0.0,0.0,0.125,0.125],"texture":"#missing","tintindex":0.0}}},{"from":[5.5,12.0,10.5],"to":[10.5,17.0,10.5],"rotation":{"angle":22.5,"axis":"x","origin":[8.0,12.0,10.5]},"faces":{"north":{"uv":[3.875,13.375,4.5,14.0],"texture":"#0","tintindex":0.0},"east":{"uv":[0.125,0.0,0.0,0.125],"texture":"#missing","tintindex":0.0},"south":{"uv":[4.5,13.375,3.875,14.0],"texture":"#0","tintindex":0.0},"west":{"uv":[0.125,0.0,0.0,0.125],"texture":"#missing","tintindex":0.0},"up":{"uv":[0.0,0.125,0.125,0.0],"texture":"#missing","tintindex":0.0},"down":{"uv":[0.0,0.125,0.125,0.0],"texture":"#missing","tintindex":0.0}}},{"from":[4.80642,13.13252,5.5],"to":[4.80642,18.13252,10.5],"rotation":{"angle":22.5,"axis":"z","origin":[8.0,14.3097,8.0]},"faces":{"north":{"uv":[0.125,0.0,0.0,0.125],"texture":"#missing","tintindex":0.0},"east":{"uv":[3.875,13.375,4.5,14.0],"texture":"#0","tintindex":0.0},"south":{"uv":[0.125,0.0,0.0,0.125],"texture":"#missing","tintindex":0.0},"west":{"uv":[4.5,13.375,3.875,14.0],"texture":"#0","tintindex":0.0},"up":{"uv":[0.0,0.125,0.125,0.0],"rotation":90.0,"texture":"#missing","tintindex":0.0},"down":{"uv":[0.0,0.125,0.125,0.0],"rotation":270.0,"texture":"#missing","tintindex":0.0}}},{"from":[11.19358,13.13252,5.5],"to":[11.19358,18.13252,10.5],"rotation":{"angle":-22.5,"axis":"z","origin":[8.0,14.3097,8.0]},"faces":{"north":{"uv":[0.0,0.0,0.125,0.125],"texture":"#missing","tintindex":0.0},"east":{"uv":[3.875,13.375,4.5,14.0],"texture":"#0","tintindex":0.0},"south":{"uv":[0.0,0.0,0.125,0.125],"texture":"#missing","tintindex":0.0},"west":{"uv":[4.5,13.375,3.875,14.0],"texture":"#0","tintindex":0.0},"up":{"uv":[0.0,0.0,0.125,0.125],"rotation":90.0,"texture":"#missing","tintindex":0.0},"down":{"uv":[0.0,0.0,0.125,0.125],"rotation":270.0,"texture":"#missing","tintindex":0.0}}}],"gui_light":"front","display":{"thirdperson_righthand":{"rotation":[2.0,-90.0,0.0],"translation":[0.0,1.5,3.0],"scale":[0.89102,0.89102,0.89102]},"thirdperson_lefthand":{"rotation":[2.0,-90.0,0.0],"translation":[0.0,1.5,3.0],"scale":[0.85,0.85,0.85]},"firstperson_righthand":{"rotation":[-42.25,104.0,10.25],"translation":[2.13,3.2,1.13],"scale":[0.41438,0.41438,0.41438]},"firstperson_lefthand":{"rotation":[-24.0,281.5,10.25],"translation":[2.13,3.2,1.63],"scale":[0.41438,0.41438,0.41438]},"ground":{"translation":[0.0,4.25,0.0],"scale":[0.43945,0.43945,0.43945]},"gui":{"rotation":[169.68,40.04,-123.28],"translation":[-0.25,0.25,0.0],"scale":[0.82773,0.82773,0.82773]}}}