{"textures":{"0":"mcc:island_cosmetics/accessory/offhand_2","particle":"mcc:island_cosmetics/accessory/offhand_2"},"credit":"Made with Blockbench","texture_size":[128.0,128.0],"elements":[{"from":[7.0,2.0,7.0],"to":[9.0,10.0,9.0],"rotation":{"angle":0.0,"axis":"y","origin":[9.0,17.0,6.875]},"faces":{"north":{"uv":[5.375,8.0,5.625,9.0],"texture":"#0","tintindex":0.0},"east":{"uv":[5.375,8.0,5.625,9.0],"texture":"#0","tintindex":0.0},"south":{"uv":[5.375,8.0,5.625,9.0],"texture":"#0","tintindex":0.0},"west":{"uv":[5.375,8.0,5.625,9.0],"texture":"#0","tintindex":0.0},"up":{"uv":[3.0,3.25,3.25,3.5],"texture":"#0"},"down":{"uv":[3.0,4.625,3.25,4.875],"texture":"#0"}}},{"from":[6.9,1.9,6.9],"to":[9.1,10.1,9.1],"rotation":{"angle":0.0,"axis":"y","origin":[9.0,17.0,6.875]},"faces":{"north":{"uv":[5.625,8.0,5.875,9.0],"texture":"#0"},"east":{"uv":[5.875,8.0,5.625,9.0],"texture":"#0"},"south":{"uv":[5.625,8.0,5.875,9.0],"texture":"#0"},"west":{"uv":[5.875,8.0,5.625,9.0],"texture":"#0"},"up":{"uv":[3.0,3.25,3.25,3.5],"texture":"#0"},"down":{"uv":[5.875,8.0,6.125,8.25],"texture":"#0"}}},{"from":[5.0,10.0,7.0],"to":[11.0,12.0,9.0],"rotation":{"angle":0.0,"axis":"y","origin":[9.0,17.0,6.875]},"faces":{"north":{"uv":[5.375,7.75,6.125,8.0],"texture":"#0"},"east":{"uv":[6.125,8.0,5.875,8.25],"texture":"#0"},"south":{"uv":[5.375,7.75,6.125,8.0],"texture":"#0"},"west":{"uv":[5.875,8.0,6.125,8.25],"texture":"#0"},"up":{"uv":[5.375,7.25,6.125,7.5],"texture":"#0"},"down":{"uv":[5.375,7.5,6.125,7.75],"texture":"#0"}}},{"from":[3.5,10.0,8.0],"to":[12.5,25.0,8.0],"rotation":{"angle":0.0,"axis":"y","origin":[9.5,17.0,6.875]},"faces":{"north":{"uv":[4.25,6.125,5.375,8.0],"texture":"#0"},"east":{"uv":[5.375,14.0,5.625,14.625],"texture":"#0"},"south":{"uv":[4.25,6.125,5.375,8.0],"texture":"#0"},"west":{"uv":[5.375,14.0,5.625,14.625],"texture":"#0"},"up":{"uv":[3.0,4.375,3.25,4.625],"texture":"#0"},"down":{"uv":[3.0,4.625,3.25,4.875],"texture":"#0"}}}],"gui_light":"front","display":{"thirdperson_righthand":{"rotation":[-109.14,-68.75,-142.0],"translation":[1.0,1.25,2.5],"scale":[0.91445,0.91445,0.91445]},"thirdperson_lefthand":{"rotation":[-109.14,-68.75,-142.0],"translation":[1.0,1.25,2.5],"scale":[0.91445,0.91445,0.91445]},"firstperson_righthand":{"rotation":[-31.42,-81.36,-0.84],"translation":[12.0,-2.5,-7.25],"scale":[0.61914,0.61914,0.61914]},"firstperson_lefthand":{"rotation":[-31.42,-81.36,-0.84],"translation":[12.0,-2.5,-7.25],"scale":[0.6836,0.6836,0.6836]},"ground":{"translation":[0.0,4.25,0.0],"scale":[0.43945,0.43945,0.43945]},"gui":{"rotation":[-155.9,-5.86,-135.4],"translation":[-2.75,-2.25,0.0],"scale":[0.79063,0.79063,0.79063]},"head":{"rotation":[0.0,3.25,0.0],"translation":[0.0,4.25,0.0],"scale":[1.6,1.6,1.6]}}}