{"textures":{"0":"mcc:island_cosmetics/accessory/offhand_3","particle":"mcc:island_cosmetics/accessory/offhand_3"},"credit":"Made with Blockbench","ambientocclusion":false,"texture_size":[128.0,128.0],"elements":[{"from":[5.54268,2.72981,6.88735],"to":[10.54268,5.72981,13.88735],"rotation":{"angle":-45.0,"axis":"x","origin":[8.04268,1.7688,9.84567]},"faces":{"north":{"uv":[10.75,6.5,11.375,6.875],"texture":"#0"},"east":{"uv":[10.625,7.125,9.75,7.5],"texture":"#0"},"south":{"uv":[10.625,7.25,10.75,7.375],"texture":"#0"},"west":{"uv":[9.75,7.125,10.625,7.5],"texture":"#0"},"up":{"uv":[10.75,7.5,11.625,6.875],"rotation":90.0,"texture":"#0"},"down":{"uv":[1.125,2.625,1.0,2.5],"rotation":270.0,"texture":"#0"}}},{"from":[4.54268,-4.21217,7.09567],"to":[11.54268,3.78783,14.09567],"rotation":{"angle":-22.5,"axis":"x","origin":[8.04268,1.7688,9.84567]},"faces":{"north":{"uv":[1.0,2.5,1.125,2.625],"rotation":270.0,"texture":"#0"},"east":{"uv":[9.5,6.25,10.5,5.375],"rotation":90.0,"texture":"#0"},"south":{"uv":[9.75,6.25,10.75,7.125],"rotation":90.0,"texture":"#0"},"west":{"uv":[9.5,5.375,10.5,6.25],"rotation":90.0,"texture":"#0"},"up":{"uv":[1.125,2.625,1.0,2.5],"texture":"#0"},"down":{"uv":[9.625,6.5,9.5,6.375],"texture":"#0"}}},{"from":[5.8,-8.16217,7.3],"to":[10.2,-3.76217,11.7],"rotation":{"angle":0.0,"axis":"z","origin":[7.84567,-1.7312,8.75]},"faces":{"north":{"uv":[11.125,6.5,11.625,6.0],"rotation":90.0,"texture":"#0"},"east":{"uv":[11.125,6.5,11.625,6.0],"rotation":90.0,"texture":"#0"},"south":{"uv":[11.125,6.5,11.625,6.0],"rotation":90.0,"texture":"#0"},"west":{"uv":[11.125,6.5,11.625,6.0],"rotation":90.0,"texture":"#0"},"up":{"uv":[1.0,2.5,1.125,2.625],"rotation":270.0,"texture":"#0"},"down":{"uv":[9.5,6.375,9.625,6.5],"rotation":90.0,"texture":"#0"}}},{"from":[4.54268,-4.21217,7.09567],"to":[11.54268,3.78783,14.09567],"rotation":{"angle":-22.5,"axis":"x","origin":[8.04268,1.7688,9.84567]},"faces":{"north":{"uv":[1.0,2.5,1.125,2.625],"rotation":270.0,"texture":"#0","tintindex":0.0},"east":{"uv":[11.625,6.25,12.625,5.375],"rotation":90.0,"texture":"#0","tintindex":0.0},"south":{"uv":[11.875,6.25,12.875,7.125],"rotation":90.0,"texture":"#0","tintindex":0.0},"west":{"uv":[11.625,5.375,12.625,6.25],"rotation":90.0,"texture":"#0","tintindex":0.0},"up":{"uv":[1.125,2.625,1.0,2.5],"texture":"#0","tintindex":0.0},"down":{"uv":[9.625,6.5,9.5,6.375],"texture":"#0","tintindex":0.0}}},{"from":[5.54268,2.72981,6.88735],"to":[10.54268,5.72981,13.88735],"rotation":{"angle":-45.0,"axis":"x","origin":[8.04268,1.7688,9.84567]},"faces":{"north":{"uv":[12.875,6.5,13.5,6.875],"texture":"#0","tintindex":0.0},"east":{"uv":[12.75,7.125,11.875,7.5],"texture":"#0","tintindex":0.0},"south":{"uv":[10.625,7.25,10.75,7.375],"texture":"#0","tintindex":0.0},"west":{"uv":[11.875,7.125,12.75,7.5],"texture":"#0","tintindex":0.0},"up":{"uv":[12.875,7.5,13.75,6.875],"rotation":90.0,"texture":"#0","tintindex":0.0},"down":{"uv":[1.125,2.625,1.0,2.5],"rotation":270.0,"texture":"#0","tintindex":0.0}}},{"from":[5.8,-8.16217,7.3],"to":[10.2,-3.76217,11.7],"rotation":{"angle":0.0,"axis":"z","origin":[7.84567,-1.7312,8.75]},"faces":{"north":{"uv":[13.25,6.5,13.75,6.0],"rotation":90.0,"texture":"#0","tintindex":0.0},"east":{"uv":[13.25,6.5,13.75,6.0],"rotation":90.0,"texture":"#0","tintindex":0.0},"south":{"uv":[13.25,6.5,13.75,6.0],"rotation":90.0,"texture":"#0","tintindex":0.0},"west":{"uv":[13.25,6.5,13.75,6.0],"rotation":90.0,"texture":"#0","tintindex":0.0},"up":{"uv":[1.0,2.5,1.125,2.625],"rotation":270.0,"texture":"#0","tintindex":0.0},"down":{"uv":[9.5,6.375,9.625,6.5],"rotation":90.0,"texture":"#0","tintindex":0.0}}},{"from":[5.54268,-2.21217,5.59567],"to":[10.54268,0.78783,11.59567],"rotation":{"angle":-22.5,"axis":"x","origin":[8.04268,1.7688,9.84567]},"faces":{"north":{"uv":[10.75,5.75,11.125,6.375],"rotation":90.0,"texture":"#0"},"east":{"uv":[10.75,5.75,11.125,6.5],"rotation":90.0,"texture":"#0"},"south":{"uv":[10.75,5.75,11.125,6.375],"rotation":90.0,"texture":"#0"},"west":{"uv":[10.75,5.75,11.125,6.5],"rotation":90.0,"texture":"#0"},"up":{"uv":[1.125,2.625,1.0,2.5],"texture":"#0"},"down":{"uv":[9.625,6.5,9.5,6.375],"texture":"#0"}}},{"name":"cube inverted","from":[10.54268,5.72981,13.88735],"to":[5.54268,2.72981,6.88735],"rotation":{"angle":-45.0,"axis":"x","origin":[8.04268,1.7688,9.84567]},"faces":{"north":{"uv":[10.625,7.375,10.75,7.25],"texture":"#0"},"east":{"uv":[9.75,7.5,10.625,7.125],"texture":"#0"},"south":{"uv":[10.75,6.875,11.375,6.5],"texture":"#0"},"west":{"uv":[10.625,7.5,9.75,7.125],"texture":"#0"},"up":{"uv":[1.125,2.5,1.0,2.625],"rotation":270.0,"texture":"#0"},"down":{"uv":[10.75,6.875,11.625,7.5],"rotation":90.0,"texture":"#0"}}},{"name":"cube inverted","from":[11.54268,3.78783,14.09567],"to":[4.54268,-4.21217,7.09567],"rotation":{"angle":-22.5,"axis":"x","origin":[8.04268,1.7688,9.84567]},"faces":{"north":{"uv":[10.75,6.25,9.75,7.125],"rotation":90.0,"texture":"#0"},"east":{"uv":[10.5,5.375,9.5,6.25],"rotation":90.0,"texture":"#0"},"south":{"uv":[1.125,2.5,1.0,2.625],"rotation":270.0,"texture":"#0"},"west":{"uv":[10.5,6.25,9.5,5.375],"rotation":90.0,"texture":"#0"},"up":{"uv":[9.5,6.5,9.625,6.375],"texture":"#0"},"down":{"uv":[1.0,2.625,1.125,2.5],"texture":"#0"}}},{"name":"cube inverted","from":[10.54268,0.78783,11.59567],"to":[5.54268,-2.21217,5.59567],"rotation":{"angle":-22.5,"axis":"x","origin":[8.04268,1.7688,9.84567]},"faces":{"north":{"uv":[11.125,5.75,10.75,6.375],"rotation":90.0,"texture":"#0"},"east":{"uv":[11.125,5.75,10.75,6.5],"rotation":90.0,"texture":"#0"},"south":{"uv":[11.125,5.75,10.75,6.375],"rotation":90.0,"texture":"#0"},"west":{"uv":[11.125,5.75,10.75,6.5],"rotation":90.0,"texture":"#0"},"up":{"uv":[9.5,6.5,9.625,6.375],"texture":"#0"},"down":{"uv":[1.0,2.625,1.125,2.5],"texture":"#0"}}},{"name":"cube inverted","from":[10.2,-3.76217,11.7],"to":[5.8,-8.16217,7.3],"rotation":{"angle":0.0,"axis":"z","origin":[7.84567,-1.7312,8.75]},"faces":{"north":{"uv":[11.625,6.5,11.125,6.0],"rotation":90.0,"texture":"#0"},"east":{"uv":[11.625,6.5,11.125,6.0],"rotation":90.0,"texture":"#0"},"south":{"uv":[11.625,6.5,11.125,6.0],"rotation":90.0,"texture":"#0"},"west":{"uv":[11.625,6.5,11.125,6.0],"rotation":90.0,"texture":"#0"},"up":{"uv":[9.5,6.5,9.625,6.375],"rotation":90.0,"texture":"#0"},"down":{"uv":[1.0,2.625,1.125,2.5],"rotation":270.0,"texture":"#0"}}},{"name":"cube inverted","from":[10.2,-3.76217,11.7],"to":[5.8,-8.16217,7.3],"rotation":{"angle":0.0,"axis":"z","origin":[7.84567,-1.7312,8.75]},"faces":{"north":{"uv":[13.75,6.5,13.25,6.0],"rotation":90.0,"texture":"#0","tintindex":0.0},"east":{"uv":[13.75,6.5,13.25,6.0],"rotation":90.0,"texture":"#0","tintindex":0.0},"south":{"uv":[13.75,6.5,13.25,6.0],"rotation":90.0,"texture":"#0","tintindex":0.0},"west":{"uv":[13.75,6.5,13.25,6.0],"rotation":90.0,"texture":"#0","tintindex":0.0},"up":{"uv":[9.5,6.5,9.625,6.375],"rotation":90.0,"texture":"#0","tintindex":0.0},"down":{"uv":[1.0,2.625,1.125,2.5],"rotation":270.0,"texture":"#0","tintindex":0.0}}},{"name":"cube inverted","from":[10.54268,5.72981,13.88735],"to":[5.54268,2.72981,6.88735],"rotation":{"angle":-45.0,"axis":"x","origin":[8.04268,1.7688,9.84567]},"faces":{"north":{"uv":[10.625,7.375,10.75,7.25],"texture":"#0","tintindex":0.0},"east":{"uv":[11.875,7.5,12.75,7.125],"texture":"#0","tintindex":0.0},"south":{"uv":[12.875,6.875,13.5,6.5],"texture":"#0","tintindex":0.0},"west":{"uv":[12.75,7.5,11.875,7.125],"texture":"#0","tintindex":0.0},"up":{"uv":[1.125,2.5,1.0,2.625],"rotation":270.0,"texture":"#0","tintindex":0.0},"down":{"uv":[12.875,6.875,13.75,7.5],"rotation":90.0,"texture":"#0","tintindex":0.0}}},{"name":"cube inverted","from":[11.54268,3.78783,14.09567],"to":[4.54268,-4.21217,7.09567],"rotation":{"angle":-22.5,"axis":"x","origin":[8.04268,1.7688,9.84567]},"faces":{"north":{"uv":[12.875,6.25,11.875,7.125],"rotation":90.0,"texture":"#0","tintindex":0.0},"east":{"uv":[12.625,5.375,11.625,6.25],"rotation":90.0,"texture":"#0","tintindex":0.0},"south":{"uv":[1.125,2.5,1.0,2.625],"rotation":270.0,"texture":"#0","tintindex":0.0},"west":{"uv":[12.625,6.25,11.625,5.375],"rotation":90.0,"texture":"#0","tintindex":0.0},"up":{"uv":[9.5,6.5,9.625,6.375],"texture":"#0","tintindex":0.0},"down":{"uv":[1.0,2.625,1.125,2.5],"texture":"#0","tintindex":0.0}}}],"gui_light":"front","display":{"thirdperson_righthand":{"rotation":[90.0,90.0,0.0],"translation":[-1.5,-2.0,17.25]},"thirdperson_lefthand":{"rotation":[90.0,90.0,0.0],"translation":[-1.5,-2.0,17.25]},"firstperson_righthand":{"rotation":[-132.12,58.22,135.45],"translation":[8.25,2.0,-5.75],"scale":[0.0,0.0,0.0]},"firstperson_lefthand":{"rotation":[-132.12,58.22,135.45],"translation":[8.25,2.0,-5.75],"scale":[0.0,0.0,0.0]},"ground":{"translation":[0.0,4.25,0.0],"scale":[0.43945,0.43945,0.43945]},"gui":{"rotation":[-35.21,43.34,41.58],"translation":[-5.25,6.5,0.0],"scale":[0.94494,0.94494,0.94494]},"head":{"rotation":[0.0,3.25,0.0],"translation":[0.0,4.25,0.0],"scale":[1.6,1.6,1.6]}}}