{"textures":{"0":"mcc:island_cosmetics/accessory/offhand_4","particle":"mcc:island_cosmetics/accessory/offhand_4"},"credit":"Made with Blockbench","texture_size":[128.0,128.0],"elements":[{"from":[7.0,5.0,7.0],"to":[9.0,22.0,9.0],"rotation":{"angle":0.0,"axis":"y","origin":[8.0,-0.5,8.0]},"faces":{"north":{"uv":[11.625,4.625,11.875,6.75],"texture":"#0"},"east":{"uv":[11.875,4.625,11.625,6.75],"texture":"#0"},"south":{"uv":[11.625,4.625,11.875,6.75],"texture":"#0"},"west":{"uv":[11.875,4.625,11.625,6.75],"texture":"#0"},"up":{"uv":[7.875,2.0,8.125,2.25],"texture":"#0"},"down":{"uv":[7.875,2.0,8.125,2.25],"texture":"#0"}}},{"from":[6.5,-4.0,6.5],"to":[9.5,-1.0,9.5],"rotation":{"angle":0.0,"axis":"y","origin":[8.0,-0.5,8.0]},"faces":{"north":{"uv":[10.125,4.375,9.75,4.75],"texture":"#0"},"east":{"uv":[10.125,4.375,9.75,4.75],"texture":"#0"},"south":{"uv":[10.125,4.375,9.75,4.75],"texture":"#0"},"west":{"uv":[10.125,4.375,9.75,4.75],"texture":"#0"},"up":{"uv":[10.5,3.625,10.125,4.0],"texture":"#0"},"down":{"uv":[10.5,4.0,10.125,4.375],"texture":"#0"}}},{"from":[6.0,18.0,6.0],"to":[10.0,24.0,10.0],"rotation":{"angle":0.0,"axis":"y","origin":[8.0,-0.5,8.5]},"faces":{"north":{"uv":[11.875,4.5,12.375,5.25],"texture":"#0"},"east":{"uv":[11.875,4.5,12.375,5.25],"texture":"#0"},"south":{"uv":[11.875,4.5,12.375,5.25],"texture":"#0"},"west":{"uv":[11.875,4.5,12.375,5.25],"texture":"#0"},"up":{"uv":[12.375,4.5,12.875,5.0],"texture":"#0"},"down":{"uv":[12.875,4.5,13.375,5.0],"texture":"#0"}}},{"from":[10.0,13.0,8.0],"to":[29.0,25.0,8.0],"rotation":{"angle":0.0,"axis":"y","origin":[8.0,-0.5,8.0]},"faces":{"north":{"uv":[5.375,6.125,7.75,7.625],"texture":"#0"},"east":{"uv":[9.75,4.375,10.125,4.75],"texture":"#0"},"south":{"uv":[7.75,6.125,5.375,7.625],"texture":"#0"},"west":{"uv":[9.75,4.375,10.125,4.75],"texture":"#0"},"up":{"uv":[10.125,3.625,10.5,4.0],"texture":"#0"},"down":{"uv":[10.125,4.0,10.5,4.375],"texture":"#0"}}},{"from":[6.5,-1.0,6.5],"to":[9.5,5.0,9.5],"rotation":{"angle":0.0,"axis":"y","origin":[8.0,-0.5,8.0]},"faces":{"north":{"uv":[10.125,3.625,9.75,4.375],"texture":"#0","tintindex":0.0},"east":{"uv":[10.125,3.625,9.75,4.375],"texture":"#0","tintindex":0.0},"south":{"uv":[10.125,3.625,9.75,4.375],"texture":"#0","tintindex":0.0},"west":{"uv":[10.125,3.625,9.75,4.375],"texture":"#0","tintindex":0.0},"up":{"uv":[10.5,3.625,10.125,4.0],"texture":"#0","tintindex":0.0},"down":{"uv":[9.0,6.25,9.125,6.375],"texture":"#0"}}}],"gui_light":"front","display":{"thirdperson_righthand":{"rotation":[63.6,67.12,-41.08],"translation":[1.25,3.5,4.5],"scale":[0.85,0.85,0.85]},"thirdperson_lefthand":{"rotation":[-81.68,-78.91,-97.4],"translation":[0.5,4.0,3.5],"scale":[0.85,0.85,0.85]},"firstperson_righthand":{"rotation":[170.36,80.76,-179.66],"translation":[13.5,-1.5,-7.25],"scale":[0.67187,0.67187,0.67187]},"firstperson_lefthand":{"rotation":[33.91,-76.66,38.79],"translation":[13.5,-1.5,-7.25],"scale":[0.67187,0.67187,0.67187]},"ground":{"translation":[0.0,4.25,0.0],"scale":[0.43945,0.43945,0.43945]},"gui":{"rotation":[0.31,25.82,-33.28],"translation":[-3.0,-1.0,0.0],"scale":[0.56213,0.56213,0.56213]},"head":{"rotation":[0.0,3.25,0.0],"translation":[0.0,4.25,0.0],"scale":[1.6,1.6,1.6]}}}