{"textures":{"0":"mcc:island_cosmetics/accessory/offhand_1","particle":"mcc:island_cosmetics/accessory/offhand_1"},"credit":"Made with Blockbench","texture_size":[128.0,128.0],"elements":[{"from":[6.5,-3.0,6.5],"to":[9.5,7.0,9.5],"rotation":{"angle":0.0,"axis":"y","origin":[0.0,-2.0,0.0]},"faces":{"north":{"uv":[8.75,13.625,9.125,14.875],"texture":"#0"},"east":{"uv":[8.75,13.625,9.125,14.875],"texture":"#0"},"south":{"uv":[8.75,13.625,9.125,14.875],"texture":"#0"},"west":{"uv":[8.75,13.625,9.125,14.875],"texture":"#0"},"up":{"uv":[8.75,14.875,9.125,15.25],"texture":"#0"},"down":{"uv":[9.125,14.875,9.5,15.25],"texture":"#0"}}},{"from":[6.5,22.35229,5.19975],"to":[9.5,25.35229,9.19975],"rotation":{"angle":22.5,"axis":"x","origin":[8.0,25.10229,4.94975]},"faces":{"north":{"uv":[9.125,14.125,9.5,14.5],"rotation":90.0,"texture":"#0"},"east":{"uv":[9.125,13.625,9.5,14.125],"rotation":270.0,"texture":"#0"},"south":{"uv":[9.125,13.625,9.25,13.75],"rotation":90.0,"texture":"#0"},"west":{"uv":[9.125,13.625,9.5,14.125],"rotation":90.0,"texture":"#0"},"up":{"uv":[9.125,13.625,9.5,14.125],"rotation":180.0,"texture":"#0"},"down":{"uv":[9.125,14.125,9.5,14.5],"rotation":90.0,"texture":"#0"}}},{"from":[3.0,23.35229,0.19975],"to":[13.0,24.35229,5.19975],"rotation":{"angle":22.5,"axis":"x","origin":[8.0,25.10229,4.94975]},"faces":{"north":{"uv":[9.625,13.5,10.875,13.625],"texture":"#0"},"east":{"uv":[9.625,13.625,10.25,13.75],"texture":"#0"},"south":{"uv":[9.625,13.5,10.875,13.625],"texture":"#0"},"west":{"uv":[9.625,13.625,10.25,13.75],"texture":"#0"},"up":{"uv":[10.25,13.625,10.875,14.875],"rotation":90.0,"texture":"#0"},"down":{"uv":[9.625,13.625,10.25,14.875],"rotation":90.0,"texture":"#0"}}},{"from":[7.25,7.0,7.25],"to":[8.75,23.0,8.75],"rotation":{"angle":0.0,"axis":"y","origin":[15.5,-6.0,0.5]},"faces":{"north":{"uv":[9.5,13.625,9.625,15.625],"texture":"#0"},"east":{"uv":[9.5,13.625,9.625,15.625],"texture":"#0"},"south":{"uv":[9.5,13.625,9.625,15.625],"texture":"#0"},"west":{"uv":[9.5,13.625,9.625,15.625],"texture":"#0"},"up":{"uv":[9.5,13.625,9.625,13.75],"texture":"#0"},"down":{"uv":[9.5,13.625,9.625,13.75],"texture":"#0"}}}],"gui_light":"front","display":{"thirdperson_righthand":{"rotation":[-173.25,0.0,-180.0],"translation":[0.0,3.25,2.25],"scale":[0.85,0.85,0.85]},"thirdperson_lefthand":{"rotation":[-173.25,0.0,-180.0],"translation":[0.0,3.25,2.25],"scale":[0.85,0.85,0.85]},"firstperson_righthand":{"rotation":[130.09,25.06,-167.99],"translation":[0.88,3.95,1.63],"scale":[0.30891,0.30891,0.30891]},"firstperson_lefthand":{"rotation":[130.09,25.06,-167.99],"translation":[0.88,3.95,1.63],"scale":[0.30891,0.30891,0.30891]},"ground":{"translation":[0.0,4.25,0.0],"scale":[0.43945,0.43945,0.43945]},"gui":{"rotation":[140.99,-3.59,-144.76],"translation":[-2.25,-3.0,0.0],"scale":[0.56601,0.56601,0.56601]}}}