{"textures":{"0":"mcc:island_cosmetics/accessory/offhand_1","particle":"mcc:island_cosmetics/accessory/offhand_1"},"credit":"Made with Blockbench","texture_size":[128.0,128.0],"elements":[{"from":[4.5,4.0,8.0],"to":[11.5,21.0,9.0],"rotation":{"angle":0.0,"axis":"x","origin":[8.16667,3.03452,6.79289]},"faces":{"north":{"uv":[6.125,13.625,8.25,14.5],"rotation":270.0,"texture":"#0"},"east":{"uv":[6.0,15.75,8.125,15.875],"rotation":270.0,"texture":"#0"},"south":{"uv":[6.125,14.5,8.25,15.375],"rotation":270.0,"texture":"#0","tintindex":0.0},"west":{"uv":[6.0,15.75,8.125,15.875],"rotation":270.0,"texture":"#0"},"up":{"uv":[8.125,14.5,8.25,15.375],"rotation":270.0,"texture":"#0","tintindex":0.0},"down":{"uv":[8.125,14.5,8.25,15.375],"rotation":270.0,"texture":"#0","tintindex":0.0}}},{"from":[4.4375,17.25,9.5],"to":[5.9375,19.5,11.75],"rotation":{"angle":0.0,"axis":"x","origin":[8.4375,18.0,10.0]},"faces":{"north":{"uv":[6.625,15.375,7.0,15.625],"rotation":270.0,"texture":"#0"},"east":{"uv":[6.25,15.375,6.625,15.75],"rotation":270.0,"texture":"#0"},"south":{"uv":[6.625,15.375,7.0,15.625],"rotation":270.0,"texture":"#0"},"west":{"uv":[6.25,15.375,6.625,15.75],"rotation":270.0,"texture":"#0"},"up":{"uv":[6.625,15.375,7.0,15.625],"rotation":270.0,"texture":"#0"},"down":{"uv":[6.625,15.375,7.0,15.625],"rotation":270.0,"texture":"#0"}}},{"from":[10.1875,17.25,9.5],"to":[11.6875,19.5,11.75],"rotation":{"angle":0.0,"axis":"x","origin":[7.6875,18.0,10.0]},"faces":{"north":{"uv":[6.625,15.625,7.0,15.375],"rotation":270.0,"texture":"#0"},"east":{"uv":[6.25,15.75,6.625,15.375],"rotation":270.0,"texture":"#0"},"south":{"uv":[6.625,15.625,7.0,15.375],"rotation":270.0,"texture":"#0"},"west":{"uv":[6.25,15.75,6.625,15.375],"rotation":270.0,"texture":"#0"},"up":{"uv":[6.625,15.625,7.0,15.375],"rotation":270.0,"texture":"#0"},"down":{"uv":[6.625,15.625,7.0,15.375],"rotation":270.0,"texture":"#0"}}},{"from":[5.4375,18.0,10.5],"to":[10.4375,19.0,10.5],"rotation":{"angle":0.0,"axis":"x","origin":[8.4375,18.0,10.0]},"faces":{"north":{"uv":[7.0,15.375,7.625,15.5],"texture":"#0"},"east":{"uv":[9.375,6.375,10.0,6.0],"rotation":180.0,"texture":"#missing"},"south":{"uv":[7.0,15.375,7.625,15.5],"texture":"#0"},"west":{"uv":[9.375,6.0,10.0,6.375],"texture":"#missing"},"up":{"uv":[8.75,6.375,9.375,7.125],"rotation":90.0,"texture":"#missing"},"down":{"uv":[8.625,4.25,8.75,4.375],"rotation":270.0,"texture":"#missing"}}},{"from":[8.0,18.0,8.5],"to":[8.0,19.0,10.5],"rotation":{"angle":0.0,"axis":"y","origin":[8.5,18.0,10.25]},"faces":{"north":{"uv":[9.375,6.375,10.0,6.0],"rotation":180.0,"texture":"#missing"},"east":{"uv":[7.25,15.5,7.0,15.625],"texture":"#0"},"south":{"uv":[9.375,6.0,10.0,6.375],"texture":"#missing"},"west":{"uv":[7.0,15.5,7.25,15.625],"texture":"#0"},"up":{"uv":[8.75,6.375,9.375,7.125],"texture":"#missing"},"down":{"uv":[8.625,4.25,8.75,4.375],"texture":"#missing"}}},{"from":[6.5,17.0,8.999],"to":[9.5,20.0,8.999],"rotation":{"angle":0.0,"axis":"y","origin":[10.5,19.0,10.249]},"faces":{"north":{"uv":[8.0,15.375,7.625,15.75],"texture":"#0"},"east":{"uv":[9.75,6.375,10.125,7.125],"rotation":90.0,"texture":"#missing"},"south":{"uv":[7.625,15.375,8.0,15.75],"texture":"#0"},"west":{"uv":[9.375,6.375,9.75,7.125],"rotation":270.0,"texture":"#missing"},"up":{"uv":[8.75,6.375,9.375,7.125],"texture":"#missing"},"down":{"uv":[8.625,4.25,8.75,4.375],"texture":"#missing"}}},{"from":[6.5,6.0,8.999],"to":[9.5,9.0,8.999],"rotation":{"angle":0.0,"axis":"y","origin":[10.5,19.0,10.249]},"faces":{"north":{"uv":[8.0,15.375,7.625,15.75],"texture":"#0"},"east":{"uv":[9.75,6.375,10.125,7.125],"rotation":90.0,"texture":"#missing"},"south":{"uv":[7.625,15.375,8.0,15.75],"texture":"#0"},"west":{"uv":[9.375,6.375,9.75,7.125],"rotation":270.0,"texture":"#missing"},"up":{"uv":[8.75,6.375,9.375,7.125],"texture":"#missing"},"down":{"uv":[8.625,4.25,8.75,4.375],"texture":"#missing"}}},{"from":[8.0,7.0,8.5],"to":[8.0,8.0,10.5],"rotation":{"angle":0.0,"axis":"y","origin":[8.5,18.0,10.25]},"faces":{"north":{"uv":[9.375,6.375,10.0,6.0],"rotation":180.0,"texture":"#missing"},"east":{"uv":[7.25,15.5,7.0,15.625],"texture":"#0"},"south":{"uv":[9.375,6.0,10.0,6.375],"texture":"#missing"},"west":{"uv":[7.0,15.5,7.25,15.625],"texture":"#0"},"up":{"uv":[8.75,6.375,9.375,7.125],"texture":"#missing"},"down":{"uv":[8.625,4.25,8.75,4.375],"texture":"#missing"}}},{"from":[5.4375,7.0,10.5],"to":[10.4375,8.0,10.5],"rotation":{"angle":0.0,"axis":"x","origin":[8.4375,18.0,10.0]},"faces":{"north":{"uv":[7.0,15.375,7.625,15.5],"texture":"#0"},"east":{"uv":[9.375,6.375,10.0,6.0],"rotation":180.0,"texture":"#missing"},"south":{"uv":[7.0,15.375,7.625,15.5],"texture":"#0"},"west":{"uv":[9.375,6.0,10.0,6.375],"texture":"#missing"},"up":{"uv":[8.75,6.375,9.375,7.125],"rotation":90.0,"texture":"#missing"},"down":{"uv":[8.625,4.25,8.75,4.375],"rotation":270.0,"texture":"#missing"}}},{"from":[10.1875,6.25,9.5],"to":[11.6875,8.5,11.75],"rotation":{"angle":0.0,"axis":"x","origin":[7.6875,18.0,10.0]},"faces":{"north":{"uv":[6.625,15.625,7.0,15.375],"rotation":270.0,"texture":"#0"},"east":{"uv":[6.25,15.75,6.625,15.375],"rotation":270.0,"texture":"#0"},"south":{"uv":[6.625,15.625,7.0,15.375],"rotation":270.0,"texture":"#0"},"west":{"uv":[6.25,15.75,6.625,15.375],"rotation":270.0,"texture":"#0"},"up":{"uv":[6.625,15.625,7.0,15.375],"rotation":270.0,"texture":"#0"},"down":{"uv":[6.625,15.625,7.0,15.375],"rotation":270.0,"texture":"#0"}}},{"from":[4.4375,6.25,9.5],"to":[5.9375,8.5,11.75],"rotation":{"angle":0.0,"axis":"x","origin":[8.4375,18.0,10.0]},"faces":{"north":{"uv":[6.625,15.375,7.0,15.625],"rotation":270.0,"texture":"#0"},"east":{"uv":[6.25,15.375,6.625,15.75],"rotation":270.0,"texture":"#0"},"south":{"uv":[6.625,15.375,7.0,15.625],"rotation":270.0,"texture":"#0"},"west":{"uv":[6.25,15.375,6.625,15.75],"rotation":270.0,"texture":"#0"},"up":{"uv":[6.625,15.375,7.0,15.625],"rotation":270.0,"texture":"#0"},"down":{"uv":[6.625,15.375,7.0,15.625],"rotation":270.0,"texture":"#0"}}},{"from":[4.5,20.65226,11.25177],"to":[11.5,24.65226,11.25177],"rotation":{"angle":-22.5,"axis":"x","origin":[9.5,12.65226,8.75177]},"faces":{"north":{"uv":[8.25,13.75,8.75,14.625],"rotation":270.0,"texture":"#0"},"east":{"uv":[9.375,6.375,10.0,6.0],"rotation":180.0,"texture":"#missing"},"south":{"uv":[8.25,13.75,8.75,14.625],"rotation":270.0,"texture":"#0"},"west":{"uv":[9.375,6.0,10.0,6.375],"texture":"#missing"},"up":{"uv":[8.75,6.375,9.375,7.125],"rotation":90.0,"texture":"#missing"},"down":{"uv":[8.625,4.25,8.75,4.375],"rotation":270.0,"texture":"#missing"}}},{"from":[4.5,20.40226,11.50177],"to":[11.5,24.65226,11.50177],"rotation":{"angle":-22.5,"axis":"x","origin":[9.5,12.65226,8.75177]},"faces":{"north":{"uv":[8.25,14.625,8.75,15.5],"rotation":270.0,"texture":"#0","tintindex":0.0},"east":{"uv":[9.375,6.375,10.0,6.0],"rotation":180.0,"texture":"#missing"},"south":{"uv":[8.25,14.625,8.75,15.5],"rotation":270.0,"texture":"#0","tintindex":0.0},"west":{"uv":[9.375,6.0,10.0,6.375],"texture":"#missing"},"up":{"uv":[8.75,6.375,9.375,7.125],"rotation":90.0,"texture":"#missing"},"down":{"uv":[8.625,4.25,8.75,4.375],"rotation":270.0,"texture":"#missing"}}},{"from":[4.5,0.34774,11.25177],"to":[11.5,4.34774,11.25177],"rotation":{"angle":22.5,"axis":"x","origin":[9.5,12.34774,8.75177]},"faces":{"north":{"uv":[8.75,14.625,8.25,13.75],"rotation":270.0,"texture":"#0"},"east":{"uv":[9.375,6.0,10.0,6.375],"rotation":180.0,"texture":"#missing"},"south":{"uv":[8.75,14.625,8.25,13.75],"rotation":270.0,"texture":"#0"},"west":{"uv":[9.375,6.375,10.0,6.0],"texture":"#missing"},"up":{"uv":[8.75,4.25,8.625,4.375],"rotation":270.0,"texture":"#missing"},"down":{"uv":[9.375,6.375,8.75,7.125],"rotation":90.0,"texture":"#missing"}}},{"from":[4.5,0.34774,11.50177],"to":[11.5,4.59774,11.50177],"rotation":{"angle":22.5,"axis":"x","origin":[9.5,12.34774,8.75177]},"faces":{"north":{"uv":[8.75,15.5,8.25,14.625],"rotation":270.0,"texture":"#0","tintindex":0.0},"east":{"uv":[9.375,6.0,10.0,6.375],"rotation":180.0,"texture":"#missing"},"south":{"uv":[8.75,15.5,8.25,14.625],"rotation":270.0,"texture":"#0","tintindex":0.0},"west":{"uv":[9.375,6.375,10.0,6.0],"texture":"#missing"},"up":{"uv":[8.75,4.25,8.625,4.375],"rotation":270.0,"texture":"#missing"},"down":{"uv":[9.375,6.375,8.75,7.125],"rotation":90.0,"texture":"#missing"}}}],"gui_light":"front","display":{"thirdperson_righthand":{"rotation":[-17.59,86.89,-176.88],"translation":[-2.25,0.5,1.5],"scale":[0.98867,0.98867,0.98867]},"thirdperson_lefthand":{"rotation":[-17.59,86.89,-176.88],"translation":[-2.25,0.5,1.5],"scale":[0.98867,0.98867,0.98867]},"firstperson_righthand":{"rotation":[-174.78,79.37,147.77],"translation":[2.13,1.7,1.63],"scale":[0.4007,0.4007,0.4007]},"firstperson_lefthand":{"rotation":[-174.78,79.37,147.77],"translation":[2.13,1.7,1.63],"scale":[0.4007,0.4007,0.4007]},"ground":{"translation":[0.0,4.25,0.0],"scale":[0.44531,0.44531,0.44531]},"gui":{"rotation":[25.71,22.05,131.95],"translation":[2.5,2.25,0.0],"scale":[0.76368,0.76368,0.76368]},"head":{"translation":[0.0,-30.5,0.0],"scale":[1.6,1.6,1.6]}}}