{"textures":{"1":"mcc:island_cosmetics/accessory/offhand_4","2":"mcc:island_cosmetics/accessory/slime_fist"},"credit":"Made with Blockbench","ambientocclusion":false,"elements":[{"from":[5.0,4.0,5.0],"to":[11.0,21.0,11.0],"rotation":{"angle":0.0,"axis":"y","origin":[10.0,17.0,7.875]},"faces":{"north":{"uv":[7.0,0.0,1.0,16.0],"texture":"#2","tintindex":0.0},"east":{"uv":[9.0,0.0,15.0,16.0],"texture":"#2","tintindex":0.0},"south":{"uv":[7.0,0.0,1.0,16.0],"texture":"#2","tintindex":0.0},"west":{"uv":[9.0,0.0,15.0,16.0],"texture":"#2","tintindex":0.0},"down":{"uv":[15.25,12.375,16.0,13.125],"texture":"#1","tintindex":0.0}}},{"name":"cube inverted","from":[11.0,21.0,11.0],"to":[5.0,4.0,5.0],"rotation":{"angle":0.0,"axis":"y","origin":[10.0,17.0,7.875]},"faces":{"north":{"uv":[7.0,16.0,1.0,0.0],"texture":"#2","tintindex":0.0},"east":{"uv":[9.0,16.0,15.0,0.0],"texture":"#2","tintindex":0.0},"south":{"uv":[7.0,16.0,1.0,0.0],"texture":"#2","tintindex":0.0},"west":{"uv":[9.0,16.0,15.0,0.0],"texture":"#2","tintindex":0.0},"up":{"uv":[16.0,12.375,15.25,13.125],"texture":"#1","tintindex":0.0}}}],"gui_light":"front","display":{"thirdperson_righthand":{"rotation":[90.0,0.0,0.0],"translation":[0.0,-2.0,1.5],"scale":[0.86954,0.86954,0.86954]},"thirdperson_lefthand":{"rotation":[90.0,0.0,0.0],"translation":[0.0,-2.0,1.5],"scale":[0.86954,0.86954,0.86954]},"firstperson_righthand":{"rotation":[96.92,60.57,16.93],"translation":[9.0,-1.0,-7.25],"scale":[0.74219,0.74219,0.74219]},"firstperson_lefthand":{"rotation":[96.92,60.57,16.93],"translation":[9.0,-1.0,-7.25],"scale":[0.74219,0.74219,0.74219]},"ground":{"translation":[0.0,4.25,0.0],"scale":[0.43945,0.43945,0.43945]},"gui":{"rotation":[-40.17,-6.1,-38.75],"translation":[-2.5,-2.25,0.0],"scale":[0.90392,0.90392,0.90392]},"head":{"rotation":[0.0,3.25,0.0],"translation":[0.0,4.25,0.0],"scale":[1.6,1.6,1.6]}}}