{"textures":{"0":"mcc:island_cosmetics/accessory/offhand_1","particle":"mcc:island_cosmetics/accessory/offhand_1"},"credit":"Made with Blockbench","texture_size":[128.0,128.0],"elements":[{"from":[6.5,10.25,6.5],"to":[9.5,10.25,9.5],"faces":{"north":{"uv":[12.5,3.125,13.25,3.375],"texture":"#0"},"east":{"uv":[12.5,3.125,13.25,3.375],"texture":"#0"},"south":{"uv":[12.5,3.125,13.25,3.375],"texture":"#0"},"west":{"uv":[12.5,3.125,13.25,3.375],"texture":"#0"},"up":{"uv":[12.5,4.5,12.875,4.875],"texture":"#0"},"down":{"uv":[12.5,4.5,12.875,4.875],"texture":"#0"}}},{"from":[11.0,10.0,11.0],"to":[5.0,0.0,5.0],"faces":{"north":{"uv":[12.5,3.125,13.25,4.375],"texture":"#0"},"east":{"uv":[12.5,3.125,13.25,4.375],"texture":"#0"},"south":{"uv":[12.5,3.125,13.25,4.375],"texture":"#0"},"west":{"uv":[12.5,3.125,13.25,4.375],"texture":"#0"},"up":{"uv":[11.75,3.875,12.5,4.625],"texture":"#0"},"down":{"uv":[11.75,3.125,12.5,3.875],"texture":"#0"}}},{"from":[5.5,0.0,5.0],"to":[10.5,10.0,5.0],"rotation":{"angle":0.0,"axis":"y","origin":[-0.5,0.0,0.0]},"faces":{"north":{"uv":[13.125,5.125,13.75,6.375],"texture":"#0"},"east":{"uv":[12.25,5.125,13.0,6.375],"texture":"#0"},"south":{"uv":[13.125,5.125,13.75,6.375],"texture":"#0"},"west":{"uv":[12.25,5.125,13.0,6.375],"texture":"#0"},"up":{"uv":[11.0,5.5,11.125,5.625],"texture":"#0"},"down":{"uv":[11.0,5.5,11.125,5.625],"texture":"#0"}}},{"from":[5.5,0.5,5.5],"to":[10.5,7.5,10.5],"shade":false,"faces":{"north":{"uv":[12.875,7.125,13.5,8.0],"texture":"#0","tintindex":0.0},"east":{"uv":[12.875,7.125,13.5,8.0],"texture":"#0","tintindex":0.0},"south":{"uv":[12.875,7.125,13.5,8.0],"texture":"#0","tintindex":0.0},"west":{"uv":[12.875,7.125,13.5,8.0],"texture":"#0","tintindex":0.0},"up":{"uv":[12.25,7.125,12.875,7.75],"texture":"#0","tintindex":0.0},"down":{"uv":[12.25,6.5,12.875,7.125],"texture":"#0","tintindex":0.0}}},{"from":[5.5,7.5,8.0],"to":[10.5,10.5,8.0],"shade":false,"rotation":{"angle":-45.0,"axis":"y","origin":[8.0,9.0,8.0]},"faces":{"north":{"uv":[12.875,6.75,13.5,7.125],"texture":"#0","tintindex":0.0},"east":{"uv":[12.875,7.125,13.5,8.0],"texture":"#0","tintindex":0.0},"south":{"uv":[12.875,6.75,13.5,7.125],"texture":"#0","tintindex":0.0},"west":{"uv":[12.875,7.125,13.5,8.0],"texture":"#0","tintindex":0.0},"up":{"uv":[12.25,7.125,12.875,7.75],"texture":"#0","tintindex":0.0},"down":{"uv":[12.25,6.5,12.875,7.125],"texture":"#0","tintindex":0.0}}},{"from":[8.0,7.5,5.5],"to":[8.0,10.5,10.5],"shade":false,"rotation":{"angle":-45.0,"axis":"y","origin":[8.0,9.0,8.0]},"faces":{"north":{"uv":[12.875,7.125,13.5,8.0],"texture":"#0","tintindex":0.0},"east":{"uv":[12.875,6.75,13.5,7.125],"texture":"#0","tintindex":0.0},"south":{"uv":[12.875,7.125,13.5,8.0],"texture":"#0","tintindex":0.0},"west":{"uv":[12.875,6.75,13.5,7.125],"texture":"#0","tintindex":0.0},"up":{"uv":[12.25,7.125,12.875,7.75],"rotation":90.0,"texture":"#0","tintindex":0.0},"down":{"uv":[12.25,6.5,12.875,7.125],"rotation":270.0,"texture":"#0","tintindex":0.0}}},{"from":[7.25,1.0,7.25],"to":[8.75,14.0,8.75],"rotation":{"angle":0.0,"axis":"z","origin":[8.0,7.5,8.0]},"faces":{"north":{"uv":[13.875,5.625,14.0,7.25],"texture":"#0"},"east":{"uv":[13.875,5.625,14.0,7.25],"texture":"#0"},"south":{"uv":[13.875,5.625,14.0,7.25],"texture":"#0"},"west":{"uv":[13.875,5.625,14.0,7.25],"texture":"#0"},"up":{"uv":[12.375,2.375,12.5,2.5],"texture":"#0"},"down":{"uv":[12.375,2.375,12.5,2.5],"texture":"#0"}}},{"from":[4.9,6.9,4.9],"to":[11.1,8.1,11.1],"faces":{"north":{"uv":[12.5,4.375,13.25,4.5],"texture":"#0"},"east":{"uv":[12.5,4.375,13.25,4.5],"texture":"#0"},"south":{"uv":[12.5,4.375,13.25,4.5],"texture":"#0"},"west":{"uv":[12.5,4.375,13.25,4.5],"texture":"#0"},"up":{"uv":[12.375,2.375,12.5,2.5],"texture":"#0"},"down":{"uv":[12.375,2.375,12.5,2.5],"texture":"#0"}}},{"name":"cube inverted","from":[8.75,14.0,8.75],"to":[7.25,1.0,7.25],"rotation":{"angle":0.0,"axis":"z","origin":[8.0,7.5,8.0]},"faces":{"north":{"uv":[13.875,7.25,14.0,5.625],"texture":"#0"},"east":{"uv":[13.875,7.25,14.0,5.625],"texture":"#0"},"south":{"uv":[13.875,7.25,14.0,5.625],"texture":"#0"},"west":{"uv":[13.875,7.25,14.0,5.625],"texture":"#0"},"up":{"uv":[12.5,2.375,12.375,2.5],"texture":"#0"},"down":{"uv":[12.5,2.375,12.375,2.5],"texture":"#0"}}}],"gui_light":"front","display":{"thirdperson_righthand":{"rotation":[55.55,59.72,-10.85],"translation":[1.75,4.0,2.5],"scale":[0.85,0.85,0.85]},"thirdperson_lefthand":{"rotation":[55.55,59.72,-10.85],"translation":[1.75,4.0,2.5],"scale":[0.85,0.85,0.85]},"firstperson_righthand":{"rotation":[3.0,112.0,-13.0],"translation":[8.75,1.5,-5.75],"scale":[0.70508,0.70508,0.70508]},"firstperson_lefthand":{"rotation":[3.0,112.0,-13.0],"translation":[8.75,1.5,-5.75],"scale":[0.70508,0.70508,0.70508]},"gui":{"rotation":[-138.48,-8.26,-158.29],"translation":[0.75,1.75,0.0],"scale":[1.02305,1.02305,1.02305]}}}