{"textures":{"0":"mcc:island_cosmetics/accessory/offhand_3","1":"mcc:island_cosmetics/accessory/smore_anim","particle":"mcc:island_cosmetics/accessory/offhand_3"},"credit":"Made with Blockbench","texture_size":[128.0,128.0],"elements":[{"from":[7.5,-7.0,7.5],"to":[8.5,13.0,8.5],"rotation":{"angle":0.0,"axis":"y","origin":[7.5,17.0,6.375]},"faces":{"north":{"uv":[8.375,10.0,8.5,12.5],"texture":"#0"},"east":{"uv":[8.375,10.0,8.5,12.5],"texture":"#0"},"south":{"uv":[8.375,10.0,8.5,12.5],"texture":"#0"},"west":{"uv":[8.375,10.0,8.5,12.5],"texture":"#0"},"up":{"uv":[8.375,12.25,8.5,12.375],"texture":"#0"},"down":{"uv":[8.375,12.25,8.5,12.375],"texture":"#0"}}},{"from":[6.5,7.0,6.5],"to":[9.5,11.0,9.5],"rotation":{"angle":0.0,"axis":"y","origin":[7.5,17.0,6.375]},"faces":{"north":{"uv":[8.0,10.0,8.375,10.5],"texture":"#0"},"east":{"uv":[8.0,10.0,8.375,10.5],"texture":"#0"},"south":{"uv":[8.0,10.0,8.375,10.5],"texture":"#0"},"west":{"uv":[8.0,10.0,8.375,10.5],"texture":"#0"},"up":{"uv":[8.0,10.5,8.375,10.875],"texture":"#0"},"down":{"uv":[8.0,10.875,8.375,11.25],"texture":"#0"}}},{"from":[-0.25,7.75,8.0],"to":[4.75,11.75,8.0],"rotation":{"angle":22.5,"axis":"z","origin":[7.5,17.0,6.375]},"faces":{"north":{"uv":[1.0,1.0,5.0,6.0],"rotation":270.0,"texture":"#1"},"east":{"uv":[7.0,11.0,7.25,13.75],"texture":"#0"},"south":{"uv":[1.0,6.0,5.0,1.0],"rotation":270.0,"texture":"#1"},"west":{"uv":[7.0,11.0,7.25,13.75],"texture":"#0"},"up":{"uv":[7.0,11.0,7.25,11.25],"texture":"#0"},"down":{"uv":[7.0,11.0,7.25,11.25],"texture":"#0"}}}],"gui_light":"front","display":{"thirdperson_righthand":{"rotation":[-88.23,-85.05,-92.38],"translation":[0.75,9.0,2.75],"scale":[1.05859,1.05859,1.05859]},"thirdperson_lefthand":{"rotation":[45.68,81.99,-41.2],"translation":[0.75,9.0,3.0],"scale":[1.04688,1.04688,1.04688]},"firstperson_righthand":{"rotation":[-31.01,-82.48,21.04],"translation":[1.13,5.2,0.38],"scale":[0.42219,0.42219,0.42219]},"firstperson_lefthand":{"rotation":[-51.5,90.0,0.0],"translation":[1.13,5.2,0.38],"scale":[0.42219,0.42219,0.42219]},"ground":{"translation":[0.0,4.25,0.0],"scale":[0.43945,0.43945,0.43945]},"gui":{"rotation":[-176.3,8.32,-134.08],"translation":[3.0,3.25,0.0],"scale":[0.86681,0.86681,0.86681]},"head":{"rotation":[0.0,3.25,0.0],"translation":[0.0,4.25,0.0],"scale":[1.6,1.6,1.6]}}}