{"textures":{"0":"mcc:island_cosmetics/accessory/offhand_2","1":"mcc:island_cosmetics/accessory/sparkler","particle":"mcc:island_cosmetics/accessory/offhand_2"},"credit":"Made with Blockbench","ambientocclusion":false,"texture_size":[128.0,128.0],"elements":[{"from":[7.5,0.0,7.5],"to":[8.5,13.0,8.5],"rotation":{"angle":0.0,"axis":"y","origin":[9.5,17.0,7.375]},"faces":{"north":{"uv":[13.875,4.625,14.0,6.25],"texture":"#0"},"east":{"uv":[13.875,4.625,14.0,6.25],"texture":"#0"},"south":{"uv":[13.875,4.625,14.0,6.25],"texture":"#0"},"west":{"uv":[13.875,4.625,14.0,6.25],"texture":"#0"},"up":{"uv":[13.875,4.625,14.0,4.75],"texture":"#0"},"down":{"uv":[13.875,6.125,14.0,6.25],"texture":"#0"}}},{"from":[0.0,9.0,8.0],"to":[16.0,25.0,8.0],"shade":false,"rotation":{"angle":45.0,"axis":"y","origin":[8.0,17.0,8.0]},"faces":{"north":{"uv":[0.0,0.0,16.0,16.0],"texture":"#1"},"east":{"uv":[13.875,4.625,14.0,6.25],"texture":"#0"},"south":{"uv":[0.0,0.0,16.0,16.0],"texture":"#1"},"west":{"uv":[13.875,4.625,14.0,6.25],"texture":"#0"},"up":{"uv":[13.875,4.625,14.0,4.75],"texture":"#0"},"down":{"uv":[13.875,6.125,14.0,6.25],"texture":"#0"}}},{"from":[8.0,9.0,0.0],"to":[8.0,25.0,16.0],"shade":false,"rotation":{"angle":45.0,"axis":"y","origin":[8.0,17.0,8.0]},"faces":{"north":{"uv":[13.875,4.625,14.0,6.25],"texture":"#0"},"east":{"uv":[0.0,0.0,16.0,16.0],"texture":"#1"},"south":{"uv":[13.875,4.625,14.0,6.25],"texture":"#0"},"west":{"uv":[0.0,0.0,16.0,16.0],"texture":"#1"},"up":{"uv":[13.875,4.625,14.0,4.75],"rotation":270.0,"texture":"#0"},"down":{"uv":[13.875,6.125,14.0,6.25],"rotation":90.0,"texture":"#0"}}}],"gui_light":"front","display":{"thirdperson_righthand":{"rotation":[40.31,-16.51,-8.9],"translation":[0.75,1.75,3.25],"scale":[0.93789,0.93789,0.93789]},"thirdperson_lefthand":{"rotation":[40.31,-16.51,-8.9],"translation":[0.75,1.75,3.25],"scale":[0.93789,0.93789,0.93789]},"firstperson_righthand":{"rotation":[-40.54,-2.43,-0.43],"translation":[10.5,-1.5,-7.25],"scale":[0.66602,0.66602,0.66602]},"firstperson_lefthand":{"rotation":[-40.54,-2.43,-0.43],"translation":[10.5,-1.5,-7.25],"scale":[0.66602,0.66602,0.66602]},"ground":{"translation":[0.0,4.25,0.0],"scale":[0.43945,0.43945,0.43945]},"gui":{"rotation":[-127.6,-27.75,-131.06],"translation":[-2.5,-2.25,0.0],"scale":[0.73399,0.73399,0.73399]},"head":{"rotation":[0.0,3.25,0.0],"translation":[0.0,4.25,0.0],"scale":[1.6,1.6,1.6]}}}