{"textures":{"0":"mcc:island_cosmetics/accessory/offhand_2","particle":"mcc:island_cosmetics/accessory/offhand_2"},"credit":"Made with Blockbench","texture_size":[128.0,128.0],"elements":[{"from":[7.0,2.0,7.0],"to":[9.0,10.0,9.0],"rotation":{"angle":0.0,"axis":"y","origin":[9.0,17.0,6.875]},"faces":{"north":{"uv":[6.625,7.0,6.875,8.0],"texture":"#0","tintindex":0.0},"east":{"uv":[6.875,7.0,6.625,8.0],"texture":"#0","tintindex":0.0},"south":{"uv":[6.625,7.0,6.875,8.0],"texture":"#0","tintindex":0.0},"west":{"uv":[6.875,7.0,6.625,8.0],"texture":"#0","tintindex":0.0},"up":{"uv":[6.625,7.0,6.75,7.125],"texture":"#0","tintindex":0.0},"down":{"uv":[6.75,7.625,6.875,7.75],"texture":"#0","tintindex":0.0}}},{"from":[6.9,1.9,6.9],"to":[9.1,10.1,9.1],"rotation":{"angle":0.0,"axis":"y","origin":[9.0,17.0,6.875]},"faces":{"north":{"uv":[6.625,7.0,6.375,8.0],"texture":"#0","tintindex":0.0},"east":{"uv":[6.625,7.0,6.375,8.0],"texture":"#0","tintindex":0.0},"south":{"uv":[6.625,7.0,6.375,8.0],"texture":"#0","tintindex":0.0},"west":{"uv":[6.625,7.0,6.375,8.0],"texture":"#0","tintindex":0.0},"up":{"uv":[6.625,7.125,6.5,7.25],"texture":"#0","tintindex":0.0},"down":{"uv":[6.625,7.125,6.5,7.25],"texture":"#0","tintindex":0.0}}},{"from":[7.0,10.0,7.5],"to":[9.0,17.0,8.5],"rotation":{"angle":0.0,"axis":"y","origin":[9.0,17.0,6.875]},"faces":{"north":{"uv":[6.875,7.0,7.125,7.875],"texture":"#0"},"east":{"uv":[6.875,7.0,7.0,7.875],"texture":"#0"},"south":{"uv":[7.125,7.0,6.875,7.875],"texture":"#0"},"west":{"uv":[7.0,7.0,7.125,7.875],"texture":"#0"},"up":{"uv":[7.0,7.0,7.125,7.125],"texture":"#0"},"down":{"uv":[7.0,7.0,7.125,7.125],"texture":"#0"}}},{"from":[3.5,17.0,6.0],"to":[12.5,27.0,6.0],"rotation":{"angle":-22.5,"axis":"x","origin":[8.0,23.0,8.0]},"faces":{"north":{"uv":[6.0,5.75,7.125,7.0],"texture":"#0"},"east":{"uv":[5.375,14.0,5.625,14.625],"texture":"#0"},"south":{"uv":[6.0,5.75,7.125,7.0],"texture":"#0"},"west":{"uv":[5.375,14.0,5.625,14.625],"texture":"#0"},"up":{"uv":[3.0,4.375,3.25,4.625],"texture":"#0"},"down":{"uv":[3.0,4.625,3.25,4.875],"texture":"#0"}}}],"gui_light":"front","display":{"thirdperson_righthand":{"rotation":[100.91,76.06,-70.74],"translation":[0.75,1.25,2.25],"scale":[0.85,0.85,0.85]},"thirdperson_lefthand":{"rotation":[100.91,76.06,-70.74],"translation":[0.75,1.25,2.25],"scale":[0.85,0.85,0.85]},"firstperson_righthand":{"rotation":[140.06,77.99,-171.35],"translation":[12.0,-2.5,-7.25],"scale":[0.6836,0.6836,0.6836]},"firstperson_lefthand":{"rotation":[140.06,77.99,-171.35],"translation":[12.0,-2.5,-7.25],"scale":[0.6836,0.6836,0.6836]},"ground":{"translation":[0.0,4.25,0.0],"scale":[0.43945,0.43945,0.43945]},"gui":{"rotation":[134.69,14.14,-133.28],"translation":[-3.25,-3.25,0.0],"scale":[0.75352,0.75352,0.75352]},"head":{"rotation":[0.0,3.25,0.0],"translation":[0.0,4.25,0.0],"scale":[1.6,1.6,1.6]}}}