{"textures":{"0":"mcc:island_cosmetics/accessory/spell_shield_1","1":"mcc:island_cosmetics/accessory/spell_shield_2","2":"mcc:island_cosmetics/accessory/spell_shield_3","particle":"mcc:island_cosmetics/accessory/spell_shield_1"},"credit":"Made with Blockbench","ambientocclusion":false,"texture_size":[64.0,64.0],"elements":[{"from":[-6.0,-5.0,8.0],"to":[22.0,23.0,8.0],"rotation":{"angle":0.0,"axis":"y","origin":[3.0,0.0,16.0]},"faces":{"north":{"uv":[7.25,0.25,0.25,7.25],"texture":"#0","tintindex":0.0},"east":{"uv":[2.5,0.75,2.75,3.25],"texture":"#0","tintindex":0.0},"south":{"uv":[7.25,0.25,0.25,7.25],"texture":"#0","tintindex":0.0},"west":{"uv":[2.75,0.75,2.5,3.25],"texture":"#0"},"up":{"uv":[2.5,5.25,0.0,5.5],"texture":"#0"},"down":{"uv":[2.5,5.0,0.0,5.25],"texture":"#0"}}},{"from":[-6.0,-5.0,12.0],"to":[22.0,23.0,12.0],"rotation":{"angle":-45.0,"axis":"z","origin":[8.0,9.0,11.0]},"faces":{"north":{"uv":[7.25,0.25,0.25,7.25],"texture":"#2","tintindex":0.0},"east":{"uv":[2.5,0.75,2.75,3.25],"texture":"#0","tintindex":0.0},"south":{"uv":[7.25,0.25,0.25,7.25],"texture":"#2","tintindex":0.0},"west":{"uv":[2.75,0.75,2.5,3.25],"texture":"#0"},"up":{"uv":[2.5,5.25,0.0,5.5],"texture":"#0"},"down":{"uv":[2.5,5.0,0.0,5.25],"texture":"#0"}}},{"from":[-6.0,-5.0,12.0],"to":[22.0,23.0,12.0],"rotation":{"angle":0.0,"axis":"z","origin":[8.0,9.0,14.0]},"faces":{"north":{"uv":[14.5,0.25,7.5,7.25],"texture":"#2","tintindex":0.0},"east":{"uv":[2.5,0.75,2.75,3.25],"texture":"#0","tintindex":0.0},"south":{"uv":[14.5,0.25,7.5,7.25],"texture":"#2","tintindex":0.0},"west":{"uv":[2.75,0.75,2.5,3.25],"texture":"#0"},"up":{"uv":[2.5,5.25,0.0,5.5],"texture":"#0"},"down":{"uv":[2.5,5.0,0.0,5.25],"texture":"#0"}}},{"from":[-6.0,-5.0,12.0],"to":[22.0,23.0,12.0],"rotation":{"angle":-45.0,"axis":"z","origin":[8.0,9.0,10.0]},"faces":{"north":{"uv":[7.25,7.5,0.25,14.5],"texture":"#2","tintindex":0.0},"east":{"uv":[2.5,0.75,2.75,3.25],"texture":"#0","tintindex":0.0},"south":{"uv":[7.25,7.5,0.25,14.5],"texture":"#2","tintindex":0.0},"west":{"uv":[2.75,0.75,2.5,3.25],"texture":"#0"},"up":{"uv":[2.5,5.25,0.0,5.5],"texture":"#0"},"down":{"uv":[2.5,5.0,0.0,5.25],"texture":"#0"}}},{"from":[-6.0,-5.0,12.0],"to":[22.0,23.0,12.0],"rotation":{"angle":0.0,"axis":"z","origin":[8.0,9.0,18.0]},"faces":{"north":{"uv":[14.5,7.5,7.5,14.5],"texture":"#2","tintindex":0.0},"east":{"uv":[2.5,0.75,2.75,3.25],"texture":"#0","tintindex":0.0},"south":{"uv":[14.5,7.5,7.5,14.5],"texture":"#2","tintindex":0.0},"west":{"uv":[2.75,0.75,2.5,3.25],"texture":"#0"},"up":{"uv":[2.5,5.25,0.0,5.5],"texture":"#0"},"down":{"uv":[2.5,5.0,0.0,5.25],"texture":"#0"}}},{"from":[-6.0,-5.0,10.0],"to":[22.0,23.0,10.0],"rotation":{"angle":-45.0,"axis":"z","origin":[8.0,9.0,10.0]},"faces":{"north":{"uv":[14.5,7.5,7.5,14.5],"texture":"#1","tintindex":0.0},"east":{"uv":[2.5,0.75,2.75,3.25],"texture":"#0","tintindex":0.0},"south":{"uv":[7.25,7.5,0.25,14.5],"texture":"#1","tintindex":0.0},"west":{"uv":[2.75,0.75,2.5,3.25],"texture":"#0"},"up":{"uv":[2.5,5.25,0.0,5.5],"texture":"#0"},"down":{"uv":[2.5,5.0,0.0,5.25],"texture":"#0"}}},{"from":[-6.0,-5.0,10.0],"to":[22.0,23.0,10.0],"rotation":{"angle":0.0,"axis":"z","origin":[8.0,9.0,11.0]},"faces":{"north":{"uv":[7.25,7.5,0.25,14.5],"texture":"#1","tintindex":0.0},"east":{"uv":[2.5,0.75,2.75,3.25],"texture":"#0","tintindex":0.0},"south":{"uv":[14.5,7.5,7.5,14.5],"texture":"#1","tintindex":0.0},"west":{"uv":[2.75,0.75,2.5,3.25],"texture":"#0"},"up":{"uv":[2.5,5.25,0.0,5.5],"texture":"#0"},"down":{"uv":[2.5,5.0,0.0,5.25],"texture":"#0"}}},{"from":[-6.0,-5.0,10.0],"to":[22.0,23.0,10.0],"rotation":{"angle":-45.0,"axis":"z","origin":[8.0,9.0,10.0]},"faces":{"north":{"uv":[7.25,0.25,0.25,7.25],"texture":"#1","tintindex":0.0},"east":{"uv":[2.5,0.75,2.75,3.25],"texture":"#0","tintindex":0.0},"south":{"uv":[7.25,0.25,0.25,7.25],"texture":"#1","tintindex":0.0},"west":{"uv":[2.75,0.75,2.5,3.25],"texture":"#0"},"up":{"uv":[2.5,5.25,0.0,5.5],"texture":"#0"},"down":{"uv":[2.5,5.0,0.0,5.25],"texture":"#0"}}},{"from":[-6.0,-5.0,10.0],"to":[22.0,23.0,10.0],"rotation":{"angle":0.0,"axis":"z","origin":[8.0,9.0,11.0]},"faces":{"north":{"uv":[14.5,0.25,7.5,7.25],"rotation":180.0,"texture":"#1","tintindex":0.0},"east":{"uv":[2.5,0.75,2.75,3.25],"texture":"#0","tintindex":0.0},"south":{"uv":[14.5,0.25,7.5,7.25],"texture":"#1","tintindex":0.0},"west":{"uv":[2.75,0.75,2.5,3.25],"texture":"#0"},"up":{"uv":[2.5,5.25,0.0,5.5],"texture":"#0"},"down":{"uv":[2.5,5.0,0.0,5.25],"texture":"#0"}}},{"from":[-6.0,-5.0,6.0],"to":[22.0,23.0,6.0],"rotation":{"angle":-45.0,"axis":"z","origin":[8.0,9.0,6.0]},"faces":{"north":{"uv":[14.5,7.5,7.5,14.5],"texture":"#1","tintindex":0.0},"east":{"uv":[2.5,0.75,2.75,3.25],"texture":"#0","tintindex":0.0},"south":{"uv":[7.25,7.5,0.25,14.5],"texture":"#1","tintindex":0.0},"west":{"uv":[2.75,0.75,2.5,3.25],"texture":"#0"},"up":{"uv":[2.5,5.25,0.0,5.5],"texture":"#0"},"down":{"uv":[2.5,5.0,0.0,5.25],"texture":"#0"}}},{"from":[-6.0,-5.0,6.0],"to":[22.0,23.0,6.0],"rotation":{"angle":0.0,"axis":"z","origin":[8.0,9.0,7.0]},"faces":{"north":{"uv":[14.5,0.25,7.5,7.25],"rotation":180.0,"texture":"#1","tintindex":0.0},"east":{"uv":[2.5,0.75,2.75,3.25],"texture":"#0","tintindex":0.0},"south":{"uv":[14.5,0.25,7.5,7.25],"texture":"#1","tintindex":0.0},"west":{"uv":[2.75,0.75,2.5,3.25],"texture":"#0"},"up":{"uv":[2.5,5.25,0.0,5.5],"texture":"#0"},"down":{"uv":[2.5,5.0,0.0,5.25],"texture":"#0"}}},{"from":[-6.0,-5.0,6.0],"to":[22.0,23.0,6.0],"rotation":{"angle":-45.0,"axis":"z","origin":[8.0,9.0,6.0]},"faces":{"north":{"uv":[7.25,0.25,0.25,7.25],"texture":"#1","tintindex":0.0},"east":{"uv":[2.5,0.75,2.75,3.25],"texture":"#0","tintindex":0.0},"south":{"uv":[7.25,0.25,0.25,7.25],"texture":"#1","tintindex":0.0},"west":{"uv":[2.75,0.75,2.5,3.25],"texture":"#0"},"up":{"uv":[2.5,5.25,0.0,5.5],"texture":"#0"},"down":{"uv":[2.5,5.0,0.0,5.25],"texture":"#0"}}},{"from":[-6.0,-5.0,6.0],"to":[22.0,23.0,6.0],"rotation":{"angle":0.0,"axis":"z","origin":[8.0,9.0,7.0]},"faces":{"north":{"uv":[7.25,7.5,0.25,14.5],"texture":"#1","tintindex":0.0},"east":{"uv":[2.5,0.75,2.75,3.25],"texture":"#0","tintindex":0.0},"south":{"uv":[14.5,7.5,7.5,14.5],"texture":"#1","tintindex":0.0},"west":{"uv":[2.75,0.75,2.5,3.25],"texture":"#0"},"up":{"uv":[2.5,5.25,0.0,5.5],"texture":"#0"},"down":{"uv":[2.5,5.0,0.0,5.25],"texture":"#0"}}},{"from":[-6.0,-5.0,8.0],"to":[22.0,23.0,8.0],"rotation":{"angle":0.0,"axis":"z","origin":[8.0,9.0,8.0]},"faces":{"north":{"uv":[7.25,7.5,0.25,14.5],"rotation":90.0,"texture":"#0","tintindex":0.0},"east":{"uv":[2.5,5.25,0.0,5.5],"rotation":90.0,"texture":"#0","tintindex":0.0},"south":{"uv":[7.25,7.5,0.25,14.5],"rotation":90.0,"texture":"#0","tintindex":0.0},"west":{"uv":[2.5,5.0,0.0,5.25],"rotation":90.0,"texture":"#0"},"up":{"uv":[2.75,0.75,2.5,3.25],"rotation":90.0,"texture":"#0"},"down":{"uv":[2.5,0.75,2.75,3.25],"rotation":90.0,"texture":"#0"}}},{"from":[-6.0,-5.0,8.0],"to":[22.0,23.0,8.0],"rotation":{"angle":-45.0,"axis":"z","origin":[8.0,9.0,8.0]},"faces":{"north":{"uv":[14.5,0.25,7.5,7.25],"texture":"#0","tintindex":0.0},"east":{"uv":[2.5,0.75,2.75,3.25],"texture":"#0","tintindex":0.0},"south":{"uv":[14.5,0.25,7.5,7.25],"texture":"#0","tintindex":0.0},"west":{"uv":[2.75,0.75,2.5,3.25],"texture":"#0"},"up":{"uv":[2.5,5.25,0.0,5.5],"texture":"#0"},"down":{"uv":[2.5,5.0,0.0,5.25],"texture":"#0"}}},{"from":[-6.0,-5.0,8.0],"to":[22.0,23.0,8.0],"rotation":{"angle":-45.0,"axis":"z","origin":[8.0,9.0,8.0]},"faces":{"north":{"uv":[7.5,14.5,14.5,7.5],"rotation":180.0,"texture":"#0","tintindex":0.0},"east":{"uv":[2.5,0.75,2.75,3.25],"texture":"#0","tintindex":0.0},"south":{"uv":[14.5,7.5,7.5,14.5],"texture":"#0","tintindex":0.0},"west":{"uv":[2.75,0.75,2.5,3.25],"texture":"#0"},"up":{"uv":[2.5,5.25,0.0,5.5],"texture":"#0"},"down":{"uv":[2.5,5.0,0.0,5.25],"texture":"#0"}}}],"gui_light":"front","display":{"thirdperson_righthand":{"rotation":[-112.5,63.0,-161.25],"translation":[3.0,-2.0,3.5],"scale":[0.85,0.85,0.85]},"thirdperson_lefthand":{"rotation":[-112.5,63.0,-161.25],"translation":[3.0,-2.0,3.5],"scale":[0.85,0.85,0.85]},"firstperson_righthand":{"rotation":[4.0,-77.12,-4.76],"translation":[2.63,2.95,1.63],"scale":[0.28547,0.28547,0.28547]},"firstperson_lefthand":{"rotation":[4.0,-77.12,-4.76],"translation":[2.63,2.95,1.63],"scale":[0.28547,0.28547,0.28547]},"ground":{"translation":[0.0,4.25,0.0],"scale":[0.43945,0.43945,0.43945]},"gui":{"rotation":[24.41,24.71,4.29],"translation":[0.0,-0.5,0.0],"scale":[0.54453,0.54453,0.54453]}}}