{"textures":{"0":"mcc:island_cosmetics/accessory/offhand_2","particle":"mcc:island_cosmetics/accessory/offhand_2"},"credit":"Made with Blockbench","texture_size":[128.0,128.0],"elements":[{"from":[-1.0,0.0,7.0],"to":[17.0,18.0,9.0],"rotation":{"angle":0.0,"axis":"y","origin":[0.0,0.0,16.0]},"faces":{"north":{"uv":[7.25,0.0,5.0,2.25],"texture":"#0","tintindex":0.0},"east":{"uv":[7.25,0.0,7.5,2.25],"texture":"#0","tintindex":0.0},"south":{"uv":[5.0,0.75,2.75,3.0],"texture":"#0","tintindex":0.0},"west":{"uv":[7.5,0.0,7.25,2.25],"texture":"#0","tintindex":0.0},"up":{"uv":[7.25,2.25,5.0,2.5],"texture":"#0","tintindex":0.0},"down":{"uv":[7.25,2.5,5.0,2.75],"texture":"#0","tintindex":0.0}}},{"from":[-1.0,0.0,7.0],"to":[17.0,18.0,9.0],"rotation":{"angle":0.0,"axis":"y","origin":[0.0,0.0,16.0]},"faces":{"north":{"uv":[12.0,0.0,9.75,2.25],"texture":"#0"},"east":{"uv":[6.125,1.0,6.0,1.125],"texture":"#0"},"south":{"uv":[9.75,0.75,7.5,3.0],"texture":"#0"},"west":{"uv":[6.125,1.0,6.0,1.125],"texture":"#0"},"up":{"uv":[6.125,1.0,6.0,1.125],"texture":"#0"},"down":{"uv":[6.125,1.0,6.0,1.125],"texture":"#0"}}},{"from":[-1.0,18.0,8.0],"to":[17.0,23.0,8.0],"rotation":{"angle":0.0,"axis":"z","origin":[8.0,9.0,8.0]},"faces":{"north":{"uv":[5.0,3.0,2.75,3.625],"texture":"#0","tintindex":0.0},"east":{"uv":[2.5,0.75,2.75,3.25],"texture":"#0","tintindex":0.0},"south":{"uv":[5.0,3.0,2.75,3.625],"texture":"#0","tintindex":0.0},"west":{"uv":[2.75,0.75,2.5,3.25],"texture":"#0","tintindex":0.0},"up":{"uv":[2.5,5.25,0.0,5.5],"texture":"#0","tintindex":0.0},"down":{"uv":[2.5,5.0,0.0,5.25],"texture":"#0","tintindex":0.0}}},{"from":[-1.0,-5.0,8.0],"to":[17.0,0.0,8.0],"rotation":{"angle":0.0,"axis":"z","origin":[8.0,9.0,8.0]},"faces":{"north":{"uv":[5.0,3.625,2.75,3.0],"texture":"#0","tintindex":0.0},"east":{"uv":[2.5,3.25,2.75,0.75],"texture":"#0","tintindex":0.0},"south":{"uv":[5.0,3.625,2.75,3.0],"texture":"#0","tintindex":0.0},"west":{"uv":[2.75,3.25,2.5,0.75],"texture":"#0","tintindex":0.0},"up":{"uv":[2.5,5.25,0.0,5.0],"texture":"#0","tintindex":0.0},"down":{"uv":[2.5,5.5,0.0,5.25],"texture":"#0","tintindex":0.0}}},{"from":[17.0,0.0,8.0],"to":[22.0,18.0,8.0],"rotation":{"angle":0.0,"axis":"z","origin":[8.0,9.0,8.0]},"faces":{"north":{"uv":[5.0,3.0,2.75,3.625],"rotation":270.0,"texture":"#0","tintindex":0.0},"east":{"uv":[2.5,5.25,0.0,5.5],"rotation":90.0,"texture":"#0","tintindex":0.0},"south":{"uv":[5.0,3.0,2.75,3.625],"rotation":90.0,"texture":"#0","tintindex":0.0},"west":{"uv":[2.5,5.0,0.0,5.25],"rotation":90.0,"texture":"#0","tintindex":0.0},"up":{"uv":[2.75,0.75,2.5,3.25],"rotation":90.0,"texture":"#0","tintindex":0.0},"down":{"uv":[2.5,0.75,2.75,3.25],"rotation":90.0,"texture":"#0","tintindex":0.0}}},{"from":[-6.0,0.0,8.0],"to":[-1.0,18.0,8.0],"rotation":{"angle":0.0,"axis":"z","origin":[8.0,9.0,8.0]},"faces":{"north":{"uv":[5.0,3.625,2.75,3.0],"rotation":270.0,"texture":"#0","tintindex":0.0},"east":{"uv":[2.5,5.25,0.0,5.0],"rotation":90.0,"texture":"#0","tintindex":0.0},"south":{"uv":[5.0,3.625,2.75,3.0],"rotation":90.0,"texture":"#0","tintindex":0.0},"west":{"uv":[2.5,5.5,0.0,5.25],"rotation":90.0,"texture":"#0","tintindex":0.0},"up":{"uv":[2.75,3.25,2.5,0.75],"rotation":90.0,"texture":"#0","tintindex":0.0},"down":{"uv":[2.5,3.25,2.75,0.75],"rotation":90.0,"texture":"#0","tintindex":0.0}}},{"from":[5.0,5.0,2.0],"to":[11.0,8.0,7.0],"rotation":{"angle":0.0,"axis":"z","origin":[8.0,9.0,4.5]},"faces":{"north":{"uv":[4.5,0.0,3.875,0.375],"texture":"#0"},"east":{"uv":[3.875,0.0,3.25,0.375],"texture":"#0"},"south":{"uv":[1.5,1.25,1.625,1.375],"texture":"#0"},"west":{"uv":[3.875,0.0,3.25,0.375],"texture":"#0"},"up":{"uv":[1.25,1.25,1.375,1.375],"texture":"#0"},"down":{"uv":[1.25,1.25,1.375,1.375],"texture":"#0"}}},{"from":[5.0,10.0,2.0],"to":[11.0,13.0,7.0],"rotation":{"angle":0.0,"axis":"z","origin":[8.0,9.0,4.5]},"faces":{"north":{"uv":[4.5,0.0,3.875,0.375],"texture":"#0"},"east":{"uv":[3.875,0.0,3.25,0.375],"texture":"#0"},"south":{"uv":[1.5,1.25,1.625,1.375],"texture":"#0"},"west":{"uv":[3.875,0.0,3.25,0.375],"texture":"#0"},"up":{"uv":[1.25,1.25,1.375,1.375],"texture":"#0"},"down":{"uv":[1.25,1.25,1.375,1.375],"texture":"#0"}}},{"name":"cube inverted","from":[11.0,13.0,7.0],"to":[5.0,10.0,2.0],"rotation":{"angle":0.0,"axis":"z","origin":[8.0,9.0,4.5]},"faces":{"north":{"uv":[1.5,1.375,1.625,1.25],"texture":"#0"},"east":{"uv":[3.875,0.375,3.25,0.0],"texture":"#0"},"south":{"uv":[4.5,0.375,3.875,0.0],"texture":"#0"},"west":{"uv":[3.875,0.375,3.25,0.0],"texture":"#0"},"up":{"uv":[1.375,1.25,1.25,1.375],"texture":"#0"},"down":{"uv":[1.375,1.25,1.25,1.375],"texture":"#0"}}},{"name":"cube inverted","from":[11.0,8.0,7.0],"to":[5.0,5.0,2.0],"rotation":{"angle":0.0,"axis":"z","origin":[8.0,9.0,4.5]},"faces":{"north":{"uv":[1.5,1.375,1.625,1.25],"texture":"#0"},"east":{"uv":[3.875,0.375,3.25,0.0],"texture":"#0"},"south":{"uv":[4.5,0.375,3.875,0.0],"texture":"#0"},"west":{"uv":[3.875,0.375,3.25,0.0],"texture":"#0"},"up":{"uv":[1.375,1.25,1.25,1.375],"texture":"#0"},"down":{"uv":[1.375,1.25,1.25,1.375],"texture":"#0"}}}],"gui_light":"front","display":{"thirdperson_righthand":{"rotation":[86.25,90.0,0.0],"translation":[3.0,-2.0,3.5],"scale":[0.85,0.85,0.85]},"thirdperson_lefthand":{"rotation":[86.25,90.0,0.0],"translation":[3.0,-2.0,3.5],"scale":[0.85,0.85,0.85]},"firstperson_righthand":{"rotation":[-161.51,71.07,173.93],"translation":[1.13,2.45,2.13],"scale":[0.31672,0.31672,0.31672]},"firstperson_lefthand":{"rotation":[-161.51,71.07,173.93],"translation":[1.13,2.45,2.13],"scale":[0.31672,0.31672,0.31672]},"ground":{"translation":[0.0,4.25,0.0],"scale":[0.43945,0.43945,0.43945]},"gui":{"rotation":[19.91,24.71,4.29],"translation":[0.0,-0.5,0.0],"scale":[0.62265,0.62265,0.62265]}}}