{"textures":{"0":"mcc:island_cosmetics/accessory/offhand_1","particle":"mcc:island_cosmetics/accessory/offhand_1"},"credit":"Made with Blockbench","texture_size":[128.0,128.0],"elements":[{"from":[7.0,0.0,7.0],"to":[9.0,8.0,9.0],"rotation":{"angle":0.0,"axis":"y","origin":[16.0,-3.0,0.0]},"faces":{"north":{"uv":[3.75,2.75,3.5,3.75],"texture":"#0"},"east":{"uv":[3.5,2.75,3.75,3.75],"texture":"#0"},"south":{"uv":[3.75,2.75,3.5,3.75],"texture":"#0"},"west":{"uv":[3.5,2.75,3.75,3.75],"texture":"#0"},"up":{"uv":[3.5,2.75,3.625,2.875],"texture":"#0"},"down":{"uv":[3.5,3.75,3.25,4.0],"texture":"#0"}}},{"from":[3.0,0.0,8.0],"to":[12.0,22.0,8.0],"rotation":{"angle":0.0,"axis":"y","origin":[16.0,-3.0,0.0]},"faces":{"north":{"uv":[4.375,0.0,3.25,2.75],"texture":"#0"},"east":{"uv":[0.0,0.0,0.0,2.75],"texture":"#missing"},"south":{"uv":[3.25,0.0,4.375,2.75],"texture":"#0"},"west":{"uv":[0.0,0.0,0.0,2.75],"texture":"#missing"},"up":{"uv":[1.125,0.0,0.0,0.0],"texture":"#missing"},"down":{"uv":[1.125,0.0,0.0,0.0],"texture":"#missing"}}},{"from":[4.98136,7.20865,7.01],"to":[6.96136,13.18865,8.99],"rotation":{"angle":22.5,"axis":"z","origin":[5.97136,12.69865,8.0]},"faces":{"north":{"uv":[3.5,2.75,3.25,3.5],"texture":"#0"},"east":{"uv":[3.25,2.75,3.5,3.5],"texture":"#0"},"south":{"uv":[3.5,2.75,3.25,3.5],"texture":"#0"},"west":{"uv":[3.25,2.75,3.5,3.5],"texture":"#0"},"up":{"uv":[3.5,3.5,3.25,3.75],"texture":"#0"},"down":{"uv":[3.625,2.875,3.75,3.0],"texture":"#0"}}}],"gui_light":"front","display":{"thirdperson_righthand":{"rotation":[-25.94,-85.51,-44.0],"translation":[0.0,2.5,2.75],"scale":[0.8832,0.8832,0.8832]},"thirdperson_lefthand":{"rotation":[-25.94,-85.51,-44.0],"translation":[0.0,2.5,2.75],"scale":[0.8832,0.8832,0.8832]},"firstperson_righthand":{"rotation":[-42.25,104.0,10.25],"translation":[2.13,3.2,1.13],"scale":[0.41438,0.41438,0.41438]},"firstperson_lefthand":{"rotation":[-24.0,281.5,10.25],"translation":[2.13,3.2,1.63],"scale":[0.41438,0.41438,0.41438]},"ground":{"translation":[0.0,4.25,0.0],"scale":[0.43945,0.43945,0.43945]},"gui":{"rotation":[-155.81,16.61,-143.95],"translation":[-1.75,-1.0,0.0],"scale":[0.80234,0.80234,0.80234]}}}