{"textures":{"0":"mcc:island_cosmetics/accessory/offhand_2","particle":"mcc:island_cosmetics/accessory/offhand_2"},"credit":"Made with Blockbench","ambientocclusion":false,"texture_size":[128.0,128.0],"elements":[{"from":[2.0,-8.625,8.0],"to":[14.0,22.375,10.0],"rotation":{"angle":0.0,"axis":"y","origin":[8.0,10.875,8.0]},"faces":{"north":{"uv":[14.0,4.625,15.5,0.75],"texture":"#0","tintindex":0.0},"east":{"uv":[15.5,4.625,15.75,0.75],"texture":"#0","tintindex":0.0},"south":{"uv":[14.0,4.625,15.5,0.75],"texture":"#0","tintindex":0.0},"west":{"uv":[15.75,4.625,15.5,0.75],"texture":"#0","tintindex":0.0},"up":{"uv":[14.0,6.0,15.5,5.75],"texture":"#0","tintindex":0.0},"down":{"uv":[14.0,6.25,15.5,6.0],"texture":"#0","tintindex":0.0}}},{"from":[2.0,22.375,9.0],"to":[14.0,31.375,9.0],"rotation":{"angle":0.0,"axis":"y","origin":[8.0,10.875,8.0]},"faces":{"north":{"uv":[14.0,5.75,15.5,4.625],"texture":"#0","tintindex":0.0},"east":{"uv":[11.25,4.125,15.625,3.875],"rotation":90.0,"texture":"#0","tintindex":0.0},"south":{"uv":[14.0,5.75,15.5,4.625],"texture":"#0","tintindex":0.0},"west":{"uv":[11.25,4.125,15.625,3.875],"rotation":270.0,"texture":"#0","tintindex":0.0},"up":{"uv":[15.625,2.375,15.375,3.875],"rotation":90.0,"texture":"#0","tintindex":0.0},"down":{"uv":[11.0,2.375,10.75,3.875],"rotation":90.0,"texture":"#0","tintindex":0.0}}},{"from":[2.0,-15.375,9.0],"to":[14.0,-7.375,9.0],"rotation":{"angle":0.0,"axis":"y","origin":[8.0,5.125,8.0]},"faces":{"north":{"uv":[12.5,2.375,14.0,3.375],"texture":"#0","tintindex":0.0},"east":{"uv":[15.625,4.125,11.25,3.875],"rotation":90.0,"texture":"#0","tintindex":0.0},"south":{"uv":[12.5,2.375,14.0,3.375],"texture":"#0","tintindex":0.0},"west":{"uv":[15.625,4.125,11.25,3.875],"rotation":270.0,"texture":"#0","tintindex":0.0},"up":{"uv":[10.75,2.375,11.0,3.875],"rotation":90.0,"texture":"#0","tintindex":0.0},"down":{"uv":[15.375,2.375,15.625,3.875],"rotation":90.0,"texture":"#0","tintindex":0.0}}},{"from":[2.0,22.375,9.0],"to":[14.0,31.375,9.0],"rotation":{"angle":0.0,"axis":"y","origin":[8.0,10.875,8.0]},"faces":{"north":{"uv":[7.25,8.0,8.75,6.875],"texture":"#0"},"east":{"uv":[14.75,2.625,14.875,2.75],"rotation":90.0,"texture":"#0"},"south":{"uv":[7.25,8.0,8.75,6.875],"texture":"#0"},"west":{"uv":[11.25,4.125,15.625,3.875],"rotation":270.0,"texture":"#0"},"up":{"uv":[15.625,2.375,15.375,3.875],"rotation":90.0,"texture":"#0"},"down":{"uv":[11.0,2.375,10.75,3.875],"rotation":90.0,"texture":"#0"}}},{"from":[2.0,-8.625,8.0],"to":[14.0,22.375,10.0],"rotation":{"angle":0.0,"axis":"y","origin":[8.0,10.875,8.0]},"faces":{"north":{"uv":[7.25,6.875,8.75,3.0],"texture":"#0"},"east":{"uv":[14.75,1.125,14.875,1.25],"texture":"#0"},"south":{"uv":[7.25,6.875,8.75,3.0],"texture":"#0"},"west":{"uv":[14.75,1.125,14.875,1.25],"texture":"#0"},"up":{"uv":[7.25,8.25,8.75,8.0],"texture":"#0"},"down":{"uv":[7.25,8.5,8.75,8.25],"texture":"#0"}}},{"from":[2.0,-15.375,9.0],"to":[14.0,-7.375,9.0],"rotation":{"angle":0.0,"axis":"y","origin":[8.0,5.125,8.0]},"faces":{"north":{"uv":[5.75,4.625,7.25,5.625],"texture":"#0"},"east":{"uv":[14.625,2.375,14.75,2.5],"rotation":90.0,"texture":"#0"},"south":{"uv":[5.75,4.625,7.25,5.625],"texture":"#0"},"west":{"uv":[15.625,4.125,11.25,3.875],"rotation":270.0,"texture":"#0"},"up":{"uv":[10.75,2.375,11.0,3.875],"rotation":90.0,"texture":"#0"},"down":{"uv":[15.375,2.375,15.625,3.875],"rotation":90.0,"texture":"#0"}}},{"from":[8.0,-8.625,10.0],"to":[8.0,2.375,15.0],"rotation":{"angle":0.0,"axis":"y","origin":[8.0,10.875,8.0]},"faces":{"north":{"uv":[5.0,11.0,0.0,0.0],"rotation":90.0,"texture":"#missing","tintindex":0.0},"east":{"uv":[13.375,3.25,14.0,4.625],"texture":"#0","tintindex":0.0},"south":{"uv":[5.0,11.0,0.0,0.0],"rotation":270.0,"texture":"#missing","tintindex":0.0},"west":{"uv":[14.0,3.25,13.375,4.625],"texture":"#0","tintindex":0.0},"up":{"uv":[0.0,0.0,5.0,11.0],"rotation":90.0,"texture":"#missing","tintindex":0.0},"down":{"uv":[0.0,0.0,5.0,11.0],"rotation":90.0,"texture":"#missing","tintindex":0.0}}}],"gui_light":"front","display":{"thirdperson_righthand":{"rotation":[-17.28,90.0,0.0],"translation":[-2.25,-4.5,4.5],"scale":[0.96914,0.96914,0.96914]},"thirdperson_lefthand":{"rotation":[-17.28,90.0,0.0],"translation":[-2.25,-4.5,4.5],"scale":[0.96914,0.96914,0.96914]},"firstperson_righthand":{"rotation":[-3.02,-74.38,22.06],"translation":[12.25,-3.5,-6.25],"scale":[0.5957,0.5957,0.5957]},"firstperson_lefthand":{"rotation":[-3.02,-74.38,22.06],"translation":[12.25,-3.5,-6.25],"scale":[0.5957,0.5957,0.5957]},"ground":{"translation":[0.0,4.25,0.0],"scale":[0.43945,0.43945,0.43945]},"gui":{"rotation":[-33.32,-20.99,-48.89],"translation":[0.5,0.0,0.0],"scale":[0.41759,0.41759,0.41759]},"head":{"rotation":[0.0,3.25,0.0],"translation":[0.0,4.25,0.0],"scale":[1.6,1.6,1.6]}}}