{"textures":{"0":"mcc:island_cosmetics/accessory/offhand_4","particle":"mcc:island_cosmetics/accessory/offhand_4"},"credit":"Made with Blockbench","texture_size":[128.0,128.0],"elements":[{"from":[7.0,0.0,7.0],"to":[9.0,7.0,9.0],"rotation":{"angle":0.0,"axis":"y","origin":[8.0,-0.5,8.0]},"faces":{"north":{"uv":[8.125,3.0,7.875,3.875],"texture":"#0","tintindex":0.0},"east":{"uv":[8.125,3.0,7.875,3.875],"texture":"#0","tintindex":0.0},"south":{"uv":[8.125,3.0,7.875,3.875],"texture":"#0","tintindex":0.0},"west":{"uv":[8.125,3.0,7.875,3.875],"texture":"#0","tintindex":0.0},"up":{"uv":[0.5,4.0,0.625,4.125],"texture":"#0"},"down":{"uv":[0.5,4.0,0.625,4.125],"texture":"#0"}}},{"from":[10.0,7.0,7.0],"to":[15.0,9.0,9.0],"rotation":{"angle":0.0,"axis":"y","origin":[8.0,9.0,8.0]},"faces":{"north":{"uv":[9.0,2.5,8.375,2.75],"texture":"#0"},"east":{"uv":[9.125,2.75,9.375,3.0],"texture":"#0"},"south":{"uv":[8.375,2.5,9.0,2.75],"texture":"#0"},"west":{"uv":[8.375,2.625,8.5,2.75],"texture":"#0"},"up":{"uv":[9.0,2.5,9.625,2.75],"texture":"#0"},"down":{"uv":[9.375,3.125,8.75,3.375],"texture":"#0"}}},{"from":[1.0,7.0,7.0],"to":[6.0,9.0,9.0],"rotation":{"angle":0.0,"axis":"y","origin":[8.0,9.0,8.0]},"faces":{"north":{"uv":[8.375,2.5,9.0,2.75],"texture":"#0"},"east":{"uv":[8.5,2.625,8.375,2.75],"texture":"#0"},"south":{"uv":[9.0,2.5,8.375,2.75],"texture":"#0"},"west":{"uv":[9.375,2.75,9.125,3.0],"texture":"#0"},"up":{"uv":[9.625,2.5,9.0,2.75],"texture":"#0"},"down":{"uv":[8.75,3.125,9.375,3.375],"texture":"#0"}}},{"from":[5.0,9.0,8.0],"to":[11.0,29.0,8.0],"rotation":{"angle":0.0,"axis":"y","origin":[9.0,-0.5,8.0]},"faces":{"north":{"uv":[9.125,0.0,8.375,2.5],"texture":"#0"},"east":{"uv":[6.0,3.125,5.375,4.25],"texture":"#missing"},"south":{"uv":[8.375,0.0,9.125,2.5],"texture":"#0"},"west":{"uv":[6.0,3.125,5.375,4.25],"texture":"#missing"},"up":{"uv":[6.75,3.0,6.0,3.625],"texture":"#missing"},"down":{"uv":[6.75,3.625,6.0,4.25],"texture":"#missing"}}},{"from":[6.5,-3.0,6.5],"to":[9.5,0.0,9.5],"rotation":{"angle":0.0,"axis":"y","origin":[8.0,-0.5,8.0]},"faces":{"north":{"uv":[8.75,2.75,8.375,3.125],"texture":"#0"},"east":{"uv":[8.375,2.75,8.75,3.125],"texture":"#0"},"south":{"uv":[8.75,2.75,8.375,3.125],"texture":"#0"},"west":{"uv":[8.375,2.75,8.75,3.125],"texture":"#0"},"up":{"uv":[9.125,2.75,8.75,3.125],"texture":"#0"},"down":{"uv":[8.75,3.125,8.375,3.5],"texture":"#0"}}},{"from":[6.0,6.0,6.5],"to":[10.0,10.0,9.5],"rotation":{"angle":0.0,"axis":"y","origin":[8.0,9.0,8.0]},"faces":{"north":{"uv":[8.375,2.5,7.875,3.0],"texture":"#0"},"east":{"uv":[8.125,3.5,8.5,4.0],"texture":"#0"},"south":{"uv":[8.375,2.5,7.875,3.0],"texture":"#0"},"west":{"uv":[8.125,3.5,8.5,4.0],"texture":"#0"},"up":{"uv":[9.375,2.75,9.875,3.125],"texture":"#0"},"down":{"uv":[8.125,3.5,8.5,4.0],"rotation":90.0,"texture":"#0"}}},{"from":[6.0,6.0,6.5],"to":[10.0,10.0,9.5],"rotation":{"angle":0.0,"axis":"y","origin":[8.0,9.0,8.0]},"faces":{"north":{"uv":[1.5,3.875,1.0,4.375],"texture":"#0","tintindex":0.0},"east":{"uv":[0.5,4.0,0.625,4.125],"texture":"#0"},"south":{"uv":[1.5,3.875,1.0,4.375],"texture":"#0","tintindex":0.0},"west":{"uv":[0.5,4.0,0.625,4.125],"texture":"#0"},"up":{"uv":[0.5,4.0,0.625,4.125],"texture":"#0"},"down":{"uv":[0.5,4.0,0.625,4.125],"texture":"#0"}}}],"gui_light":"front","display":{"thirdperson_righthand":{"rotation":[2.75,-90.0,0.0],"translation":[0.0,2.5,2.0],"scale":[0.93398,0.93398,0.93398]},"thirdperson_lefthand":{"rotation":[2.75,-90.0,0.0],"translation":[0.0,2.5,2.0],"scale":[0.93398,0.93398,0.93398]},"firstperson_righthand":{"rotation":[174.14,68.55,172.1],"translation":[13.5,-1.0,-7.25],"scale":[0.77539,0.77539,0.77539]},"firstperson_lefthand":{"rotation":[174.14,68.55,172.1],"translation":[13.5,-1.0,-7.25],"scale":[0.77539,0.77539,0.77539]},"ground":{"translation":[0.0,4.25,0.0],"scale":[0.43945,0.43945,0.43945]},"gui":{"rotation":[-155.43,-15.37,-132.13],"translation":[-2.0,-1.75,0.0],"scale":[0.61094,0.61094,0.61094]},"head":{"rotation":[0.0,3.25,0.0],"translation":[0.0,4.25,0.0],"scale":[1.6,1.6,1.6]}}}