{"textures":{"0":"mcc:island_cosmetics/accessory/offhand_4","particle":"mcc:island_cosmetics/accessory/offhand_4"},"credit":"Made with Blockbench","texture_size":[128.0,128.0],"elements":[{"from":[7.0,-15.0,7.0],"to":[9.0,10.0,9.0],"rotation":{"angle":0.0,"axis":"y","origin":[9.0,19.0,6.875]},"faces":{"north":{"uv":[0.25,3.75,0.0,6.875],"texture":"#0"},"east":{"uv":[0.0,3.75,0.25,6.875],"texture":"#0"},"south":{"uv":[0.25,3.75,0.0,6.875],"texture":"#0"},"west":{"uv":[0.0,3.75,0.25,6.875],"texture":"#0"},"up":{"uv":[8.875,13.875,9.125,13.625],"rotation":90.0,"texture":"#missing"},"down":{"uv":[0.0,4.125,0.125,4.25],"texture":"#0"}}},{"from":[6.0,-16.0,5.0],"to":[10.0,-12.0,7.0],"rotation":{"angle":0.0,"axis":"y","origin":[9.0,19.0,6.875]},"faces":{"north":{"uv":[0.75,3.875,0.25,4.375],"texture":"#0"},"east":{"uv":[1.0,3.875,0.75,4.375],"texture":"#0"},"south":{"uv":[0.75,3.875,0.25,4.375],"texture":"#0"},"west":{"uv":[1.0,3.875,0.75,4.375],"texture":"#0"},"up":{"uv":[0.75,4.375,0.25,4.625],"texture":"#0"},"down":{"uv":[0.75,4.625,0.25,4.875],"texture":"#0"}}},{"from":[6.0,-16.0,9.0],"to":[10.0,-12.0,11.0],"rotation":{"angle":0.0,"axis":"y","origin":[7.0,19.0,9.125]},"faces":{"north":{"uv":[0.75,3.875,0.25,4.375],"texture":"#0"},"east":{"uv":[1.0,3.875,0.75,4.375],"texture":"#0"},"south":{"uv":[0.75,3.875,0.25,4.375],"texture":"#0"},"west":{"uv":[1.0,3.875,0.75,4.375],"texture":"#0"},"up":{"uv":[0.25,4.625,0.75,4.375],"texture":"#0"},"down":{"uv":[0.25,4.875,0.75,4.625],"texture":"#0"}}},{"from":[5.5,20.58484,3.19019],"to":[7.5,25.58484,6.19019],"rotation":{"angle":-22.5,"axis":"z","origin":[6.5,22.58484,4.69019]},"faces":{"north":{"uv":[1.625,0.875,1.375,1.5],"texture":"#0","tintindex":0.0},"east":{"uv":[1.375,0.875,1.0,1.5],"texture":"#0","tintindex":0.0},"south":{"uv":[1.375,0.875,1.625,1.5],"texture":"#0","tintindex":0.0},"west":{"uv":[2.0,1.25,1.625,1.875],"texture":"#0","tintindex":0.0},"up":{"uv":[1.625,1.5,1.375,1.875],"texture":"#0","tintindex":0.0},"down":{"uv":[1.875,0.875,1.625,1.25],"texture":"#0","tintindex":0.0}}},{"from":[5.5,20.58484,9.80981],"to":[7.5,25.58484,12.80981],"rotation":{"angle":-22.5,"axis":"z","origin":[6.5,22.58484,11.30981]},"faces":{"north":{"uv":[1.625,0.875,1.375,1.5],"texture":"#0","tintindex":0.0},"east":{"uv":[1.0,0.875,1.375,1.5],"texture":"#0","tintindex":0.0},"south":{"uv":[1.375,0.875,1.625,1.5],"texture":"#0","tintindex":0.0},"west":{"uv":[1.625,1.25,2.0,1.875],"texture":"#0","tintindex":0.0},"up":{"uv":[1.625,1.875,1.375,1.5],"texture":"#0","tintindex":0.0},"down":{"uv":[1.875,1.25,1.625,0.875],"texture":"#0","tintindex":0.0}}},{"from":[5.5,20.58484,3.19019],"to":[7.5,25.58484,6.19019],"rotation":{"angle":-22.5,"axis":"z","origin":[6.5,22.58484,4.69019]},"faces":{"north":{"uv":[4.75,0.125,4.875,0.25],"texture":"#0"},"east":{"uv":[5.375,1.0,5.0,1.625],"texture":"#0"},"south":{"uv":[4.75,0.125,4.875,0.25],"texture":"#0"},"west":{"uv":[4.75,0.125,4.875,0.25],"texture":"#0"},"up":{"uv":[4.75,0.125,4.875,0.25],"texture":"#0"},"down":{"uv":[4.75,0.125,4.875,0.25],"texture":"#0"}}},{"from":[5.5,20.58484,9.80981],"to":[7.5,25.58484,12.80981],"rotation":{"angle":-22.5,"axis":"z","origin":[6.5,22.58484,11.30981]},"faces":{"north":{"uv":[4.75,0.125,4.875,0.25],"texture":"#0"},"east":{"uv":[5.0,1.0,5.375,1.625],"texture":"#0"},"south":{"uv":[4.75,0.125,4.875,0.25],"texture":"#0"},"west":{"uv":[4.75,0.125,4.875,0.25],"texture":"#0"},"up":{"uv":[4.75,0.125,4.875,0.25],"texture":"#0"},"down":{"uv":[4.75,0.125,4.875,0.25],"texture":"#0"}}},{"from":[4.0,10.0,4.0],"to":[12.0,23.0,12.0],"rotation":{"angle":0.0,"axis":"y","origin":[8.0,16.5,8.0]},"faces":{"north":{"uv":[1.0,0.0,0.0,1.625],"texture":"#0","tintindex":0.0},"east":{"uv":[3.0,1.875,2.0,3.5],"texture":"#0","tintindex":0.0},"south":{"uv":[0.0,0.0,1.0,1.625],"texture":"#0","tintindex":0.0},"west":{"uv":[5.0,0.75,4.0,2.375],"texture":"#0","tintindex":0.0},"up":{"uv":[4.0,1.875,3.0,2.875],"texture":"#0","tintindex":0.0},"down":{"uv":[6.0,0.0,5.0,1.0],"texture":"#0","tintindex":0.0}}},{"from":[4.0,10.0,4.0],"to":[12.0,23.0,12.0],"rotation":{"angle":0.0,"axis":"y","origin":[8.0,16.5,8.0]},"faces":{"north":{"uv":[4.0,2.875,3.0,4.5],"texture":"#0"},"east":{"uv":[0.5,4.125,0.625,4.25],"texture":"#0"},"south":{"uv":[3.0,2.875,4.0,4.5],"texture":"#0"},"west":{"uv":[0.5,4.125,0.625,4.25],"texture":"#0"},"up":{"uv":[0.5,4.125,0.625,4.25],"texture":"#0"},"down":{"uv":[0.5,4.125,0.625,4.25],"texture":"#0"}}},{"from":[7.0,-9.0,7.0],"to":[9.0,-1.0,9.0],"rotation":{"angle":0.0,"axis":"y","origin":[9.0,19.0,6.875]},"faces":{"north":{"uv":[0.5,5.125,0.25,6.125],"texture":"#0","tintindex":0.0},"east":{"uv":[0.5,5.125,0.25,6.125],"texture":"#0","tintindex":0.0},"south":{"uv":[0.5,5.125,0.25,6.125],"texture":"#0","tintindex":0.0},"west":{"uv":[0.5,5.125,0.25,6.125],"texture":"#0","tintindex":0.0},"up":{"uv":[0.5,4.125,0.625,4.25],"texture":"#0","tintindex":0.0},"down":{"uv":[0.5,4.125,0.625,4.25],"texture":"#0","tintindex":0.0}}},{"from":[6.0,-16.0,5.0],"to":[10.0,-12.0,7.0],"rotation":{"angle":0.0,"axis":"y","origin":[9.0,19.0,6.875]},"faces":{"north":{"uv":[1.5,3.875,1.0,4.375],"texture":"#0","tintindex":0.0},"east":{"uv":[0.5,4.125,0.625,4.25],"texture":"#0","tintindex":0.0},"south":{"uv":[1.5,3.875,1.0,4.375],"texture":"#0","tintindex":0.0},"west":{"uv":[0.5,4.125,0.625,4.25],"texture":"#0","tintindex":0.0},"up":{"uv":[0.5,4.125,0.625,4.25],"texture":"#0","tintindex":0.0},"down":{"uv":[0.5,4.125,0.625,4.25],"texture":"#0","tintindex":0.0}}},{"from":[6.0,-16.0,9.0],"to":[10.0,-12.0,11.0],"rotation":{"angle":0.0,"axis":"y","origin":[9.0,19.0,9.125]},"faces":{"north":{"uv":[1.0,3.875,1.5,4.375],"texture":"#0","tintindex":0.0},"east":{"uv":[0.625,4.125,0.5,4.25],"texture":"#0","tintindex":0.0},"south":{"uv":[1.0,3.875,1.5,4.375],"texture":"#0","tintindex":0.0},"west":{"uv":[0.625,4.125,0.5,4.25],"texture":"#0","tintindex":0.0},"up":{"uv":[0.5,4.25,0.625,4.125],"texture":"#0","tintindex":0.0},"down":{"uv":[0.5,4.25,0.625,4.125],"texture":"#0","tintindex":0.0}}},{"from":[2.3,14.55,3.95],"to":[12.4,16.65,12.05],"rotation":{"angle":-22.5,"axis":"z","origin":[8.0,14.0,8.15]},"faces":{"north":{"uv":[4.625,0.0,3.375,0.25],"texture":"#0"},"east":{"uv":[3.375,0.625,3.5,0.75],"rotation":270.0,"texture":"#0"},"south":{"uv":[4.625,0.0,3.375,0.25],"texture":"#0"},"west":{"uv":[3.125,1.875,3.375,0.875],"rotation":270.0,"texture":"#0"},"up":{"uv":[0.5,2.75,0.625,2.875],"texture":"#0"},"down":{"uv":[0.5,2.75,0.625,2.875],"texture":"#0"}}},{"from":[-0.09224,11.50813,3.9],"to":[12.10776,13.70813,12.1],"rotation":{"angle":22.5,"axis":"z","origin":[8.20776,15.80813,8.2]},"faces":{"north":{"uv":[4.875,0.25,3.375,0.5],"texture":"#0"},"east":{"uv":[4.375,0.5,3.375,0.75],"texture":"#0"},"south":{"uv":[3.375,0.25,4.875,0.5],"texture":"#0"},"west":{"uv":[4.375,0.5,3.375,0.75],"texture":"#0"},"up":{"uv":[0.5,2.75,0.625,2.875],"texture":"#0"},"down":{"uv":[0.5,2.75,0.625,2.875],"texture":"#0"}}},{"from":[1.0,12.0,7.0],"to":[10.0,26.0,9.0],"rotation":{"angle":0.0,"axis":"y","origin":[5.5,19.0,8.0]},"faces":{"north":{"uv":[3.125,0.0,2.0,1.75],"texture":"#0"},"east":{"uv":[6.25,0.0,6.0,1.75],"texture":"#0"},"south":{"uv":[2.0,0.0,3.125,1.75],"texture":"#0"},"west":{"uv":[6.25,0.0,6.0,1.75],"texture":"#0"},"up":{"uv":[7.375,0.0,6.25,0.25],"texture":"#0"},"down":{"uv":[7.375,0.25,6.25,0.5],"texture":"#0"}}},{"from":[10.01,13.01,4.01],"to":[17.99,19.99,11.99],"rotation":{"angle":-22.5,"axis":"z","origin":[16.0,17.0,8.0]},"faces":{"north":{"uv":[2.0,0.0,1.0,0.875],"texture":"#0","tintindex":0.0},"east":{"uv":[1.125,1.25,1.25,1.375],"texture":"#0","tintindex":0.0},"south":{"uv":[1.0,0.0,2.0,0.875],"texture":"#0","tintindex":0.0},"west":{"uv":[0.75,2.625,0.875,2.75],"texture":"#0"},"up":{"uv":[2.0,1.875,1.0,2.875],"texture":"#0","tintindex":0.0},"down":{"uv":[1.25,2.875,0.25,3.875],"texture":"#0","tintindex":0.0}}},{"from":[10.01,13.01,4.01],"to":[17.99,19.99,11.99],"rotation":{"angle":-22.5,"axis":"z","origin":[16.0,17.0,8.0]},"faces":{"north":{"uv":[6.0,1.625,5.0,2.5],"texture":"#0"},"east":{"uv":[1.0,1.625,0.0,2.5],"texture":"#0"},"south":{"uv":[5.0,1.625,6.0,2.5],"texture":"#0"},"west":{"uv":[0.75,2.625,0.875,2.75],"texture":"#0"},"up":{"uv":[2.625,3.5,1.625,4.5],"texture":"#0"},"down":{"uv":[1.75,4.5,0.75,5.5],"texture":"#0"}}},{"from":[12.98,12.98,3.98],"to":[15.02,20.02,12.02],"rotation":{"angle":-22.5,"axis":"z","origin":[16.0,17.0,8.1]},"faces":{"north":{"uv":[3.375,0.0,3.125,0.875],"texture":"#0"},"east":{"uv":[0.5,2.75,0.625,2.875],"texture":"#0"},"south":{"uv":[3.375,0.0,3.125,0.875],"texture":"#0"},"west":{"uv":[0.5,2.75,0.625,2.875],"texture":"#0"},"up":{"uv":[3.375,0.875,3.125,1.875],"texture":"#0"},"down":{"uv":[3.25,0.0,3.375,0.125],"texture":"#0"}}},{"name":"cube inverted","from":[12.10776,13.70813,12.1],"to":[-0.09224,11.50813,3.9],"rotation":{"angle":22.5,"axis":"z","origin":[8.20776,15.80813,8.2]},"faces":{"north":{"uv":[3.375,0.5,4.875,0.25],"texture":"#0"},"east":{"uv":[4.375,0.75,3.375,0.5],"texture":"#0"},"south":{"uv":[4.875,0.5,3.375,0.25],"texture":"#0"},"west":{"uv":[4.375,0.75,3.375,0.5],"texture":"#0"},"up":{"uv":[0.625,2.75,0.5,2.875],"texture":"#0"},"down":{"uv":[0.625,2.75,0.5,2.875],"texture":"#0"}}},{"name":"cube inverted","from":[12.4,16.65,12.05],"to":[2.3,14.55,3.95],"rotation":{"angle":-22.5,"axis":"z","origin":[8.0,14.0,8.15]},"faces":{"north":{"uv":[4.625,0.25,3.375,0.0],"texture":"#0"},"east":{"uv":[3.375,1.875,3.125,0.875],"rotation":270.0,"texture":"#0"},"south":{"uv":[4.625,0.25,3.375,0.0],"texture":"#0"},"west":{"uv":[3.5,0.625,3.375,0.75],"rotation":270.0,"texture":"#0"},"up":{"uv":[0.625,2.75,0.5,2.875],"texture":"#0"},"down":{"uv":[0.625,2.75,0.5,2.875],"texture":"#0"}}}],"gui_light":"front","display":{"thirdperson_righthand":{"rotation":[37.64,66.81,-18.95],"translation":[1.5,5.75,3.5],"scale":[0.91406,0.91406,0.91406]},"thirdperson_lefthand":{"rotation":[-78.27,-77.36,-94.0],"translation":[2.0,5.0,3.25],"scale":[0.91406,0.91406,0.91406]},"firstperson_righthand":{"rotation":[-143.88,73.43,128.68],"translation":[11.5,2.75,-7.25],"scale":[0.57617,0.57617,0.57617]},"firstperson_lefthand":{"rotation":[54.3,-72.72,57.42],"translation":[11.5,2.75,-7.25],"scale":[0.57617,0.57617,0.57617]},"ground":{"translation":[0.0,4.25,0.0],"scale":[0.43945,0.43945,0.43945]},"gui":{"rotation":[-162.6,-11.52,-136.04],"translation":[0.0,0.5,0.0],"scale":[0.45079,0.45079,0.45079]},"head":{"rotation":[0.0,3.25,0.0],"translation":[0.0,4.25,0.0],"scale":[1.6,1.6,1.6]}}}