{"textures":{"0":"mcc:island_cosmetics/accessory/offhand_2","particle":"mcc:island_cosmetics/accessory/offhand_2"},"credit":"Made with Blockbench","texture_size":[128.0,128.0],"elements":[{"from":[1.0,2.0,7.0],"to":[15.0,16.0,9.0],"rotation":{"angle":0.0,"axis":"y","origin":[0.0,0.0,16.0]},"faces":{"north":{"uv":[13.75,0.5,12.0,2.25],"texture":"#0"},"east":{"uv":[13.5,0.375,15.25,0.125],"rotation":270.0,"texture":"#0"},"south":{"uv":[11.625,0.25,11.75,0.375],"texture":"#0"},"west":{"uv":[13.5,0.375,15.25,0.125],"rotation":90.0,"texture":"#0"},"up":{"uv":[15.25,0.125,13.5,0.375],"texture":"#0"},"down":{"uv":[15.25,0.125,13.5,0.375],"rotation":180.0,"texture":"#0"}}},{"from":[5.0,8.0,1.0],"to":[11.0,10.0,7.0],"rotation":{"angle":0.0,"axis":"z","origin":[8.0,9.0,4.5]},"faces":{"north":{"uv":[13.5,0.0,12.75,0.25],"texture":"#0"},"east":{"uv":[12.75,0.5,13.5,0.25],"texture":"#0"},"south":{"uv":[1.5,1.25,1.625,1.375],"texture":"#0"},"west":{"uv":[13.5,0.5,12.75,0.25],"texture":"#0"},"up":{"uv":[1.25,1.25,1.375,1.375],"texture":"#0"},"down":{"uv":[1.25,1.25,1.375,1.375],"texture":"#0"}}},{"name":"cube inverted","from":[15.0,16.0,9.0],"to":[1.0,2.0,7.0],"rotation":{"angle":0.0,"axis":"y","origin":[0.0,0.0,16.0]},"faces":{"north":{"uv":[11.625,0.375,11.75,0.25],"texture":"#0"},"east":{"uv":[15.25,0.375,13.5,0.125],"rotation":90.0,"texture":"#0"},"south":{"uv":[13.75,2.25,12.0,0.5],"texture":"#0"},"west":{"uv":[15.25,0.375,13.5,0.125],"rotation":270.0,"texture":"#0"},"up":{"uv":[13.5,0.125,15.25,0.375],"rotation":180.0,"texture":"#0"},"down":{"uv":[13.5,0.125,15.25,0.375],"texture":"#0"}}},{"name":"cube inverted","from":[11.0,10.0,7.0],"to":[5.0,8.0,1.0],"rotation":{"angle":0.0,"axis":"z","origin":[8.0,9.0,4.5]},"faces":{"north":{"uv":[1.5,1.375,1.625,1.25],"texture":"#0"},"east":{"uv":[13.5,0.25,12.75,0.5],"texture":"#0"},"south":{"uv":[13.5,0.25,12.75,0.0],"texture":"#0"},"west":{"uv":[12.75,0.25,13.5,0.5],"texture":"#0"},"up":{"uv":[1.375,1.25,1.25,1.375],"texture":"#0"},"down":{"uv":[1.375,1.25,1.25,1.375],"texture":"#0"}}}],"gui_light":"front","display":{"thirdperson_righthand":{"rotation":[86.25,90.0,0.0],"translation":[3.25,-2.0,3.5],"scale":[0.85,0.85,0.85]},"thirdperson_lefthand":{"rotation":[86.25,90.0,0.0],"translation":[3.25,-2.0,3.5],"scale":[0.85,0.85,0.85]},"firstperson_righthand":{"rotation":[-161.51,71.07,173.93],"translation":[1.13,2.45,2.13],"scale":[0.31672,0.31672,0.31672]},"firstperson_lefthand":{"rotation":[-161.51,71.07,173.93],"translation":[1.13,2.45,2.13],"scale":[0.31672,0.31672,0.31672]},"ground":{"translation":[0.0,4.25,0.0],"scale":[0.43945,0.43945,0.43945]},"gui":{"rotation":[-164.94,-29.23,172.56],"translation":[0.0,-0.5,0.0],"scale":[0.85507,0.85507,0.85507]}}}