{"textures":{"0":"mcc:island_cosmetics/accessory/offhand_4","particle":"mcc:island_cosmetics/accessory/offhand_4"},"credit":"Made with Blockbench","texture_size":[128.0,128.0],"elements":[{"from":[7.0,-11.0,7.0],"to":[9.0,14.0,9.0],"rotation":{"angle":0.0,"axis":"y","origin":[8.0,-3.5,8.0]},"faces":{"north":{"uv":[7.375,0.0,7.625,3.125],"texture":"#0"},"east":{"uv":[7.625,0.0,7.375,3.125],"texture":"#0"},"south":{"uv":[7.375,0.0,7.625,3.125],"texture":"#0"},"west":{"uv":[7.625,0.0,7.375,3.125],"texture":"#0"},"up":{"uv":[7.625,2.0,7.875,2.25],"texture":"#0"},"down":{"uv":[7.625,2.0,7.875,2.25],"texture":"#0"}}},{"from":[7.0,2.0,7.0],"to":[9.0,10.0,9.0],"rotation":{"angle":0.0,"axis":"y","origin":[8.0,-3.5,8.0]},"faces":{"north":{"uv":[0.25,5.125,0.5,6.125],"texture":"#0","tintindex":0.0},"east":{"uv":[0.25,5.125,0.5,6.125],"texture":"#0","tintindex":0.0},"south":{"uv":[0.25,5.125,0.5,6.125],"texture":"#0","tintindex":0.0},"west":{"uv":[0.25,5.125,0.5,6.125],"texture":"#0","tintindex":0.0},"up":{"uv":[0.5,0.5,0.625,0.625],"texture":"#0"},"down":{"uv":[0.5,0.5,0.625,0.625],"texture":"#0"}}},{"from":[6.5,13.0,10.25],"to":[9.5,23.0,10.25],"rotation":{"angle":22.5,"axis":"x","origin":[7.5,16.0,10.0]},"faces":{"north":{"uv":[6.875,1.5,7.25,2.75],"texture":"#0"},"east":{"uv":[14.875,0.0,14.625,4.75],"texture":"#0"},"south":{"uv":[6.875,1.5,7.25,2.75],"texture":"#0"},"west":{"uv":[14.875,0.0,14.625,4.75],"texture":"#0"},"up":{"uv":[15.125,0.0,14.875,0.25],"texture":"#0"},"down":{"uv":[15.125,0.0,14.875,0.25],"texture":"#0"}}},{"from":[8.5,14.0,10.0],"to":[11.5,24.0,10.0],"rotation":{"angle":-45.0,"axis":"z","origin":[7.5,16.0,10.0]},"faces":{"north":{"uv":[6.875,1.5,7.25,2.75],"texture":"#0"},"east":{"uv":[14.875,0.0,14.625,4.75],"texture":"#0"},"south":{"uv":[6.875,1.5,7.25,2.75],"texture":"#0"},"west":{"uv":[14.875,0.0,14.625,4.75],"texture":"#0"},"up":{"uv":[15.125,0.0,14.875,0.25],"texture":"#0"},"down":{"uv":[15.125,0.0,14.875,0.25],"texture":"#0"}}},{"from":[4.5,14.0,10.0],"to":[7.5,24.0,10.0],"rotation":{"angle":45.0,"axis":"z","origin":[8.5,16.0,10.0]},"faces":{"north":{"uv":[7.25,1.5,6.875,2.75],"texture":"#0"},"east":{"uv":[14.625,0.0,14.875,4.75],"texture":"#0"},"south":{"uv":[6.875,1.5,7.25,2.75],"texture":"#0"},"west":{"uv":[14.625,0.0,14.875,4.75],"texture":"#0"},"up":{"uv":[14.875,0.0,15.125,0.25],"texture":"#0"},"down":{"uv":[14.875,0.0,15.125,0.25],"texture":"#0"}}},{"from":[8.5,14.0,10.0],"to":[11.5,24.0,10.0],"rotation":{"angle":-45.0,"axis":"z","origin":[7.5,16.0,10.0]},"faces":{"north":{"uv":[7.625,0.625,8.0,1.875],"texture":"#0","tintindex":0.0},"east":{"uv":[14.875,0.0,14.625,4.75],"texture":"#0"},"south":{"uv":[7.625,0.625,8.0,1.875],"texture":"#0","tintindex":0.0},"west":{"uv":[14.875,0.0,14.625,4.75],"texture":"#0"},"up":{"uv":[15.125,0.0,14.875,0.25],"texture":"#0"},"down":{"uv":[15.125,0.0,14.875,0.25],"texture":"#0"}}},{"from":[6.5,13.0,10.25],"to":[9.5,23.0,10.25],"rotation":{"angle":22.5,"axis":"x","origin":[7.5,16.0,10.0]},"faces":{"north":{"uv":[7.625,0.625,8.0,1.875],"texture":"#0","tintindex":0.0},"east":{"uv":[14.875,0.0,14.625,4.75],"texture":"#0"},"south":{"uv":[7.625,0.625,8.0,1.875],"texture":"#0","tintindex":0.0},"west":{"uv":[14.875,0.0,14.625,4.75],"texture":"#0"},"up":{"uv":[15.125,0.0,14.875,0.25],"texture":"#0"},"down":{"uv":[15.125,0.0,14.875,0.25],"texture":"#0"}}},{"from":[4.5,14.0,10.0],"to":[7.5,24.0,10.0],"rotation":{"angle":45.0,"axis":"z","origin":[8.5,16.0,10.0]},"faces":{"north":{"uv":[8.0,0.625,7.625,1.875],"texture":"#0","tintindex":0.0},"east":{"uv":[14.625,0.0,14.875,4.75],"texture":"#0"},"south":{"uv":[7.625,0.625,8.0,1.875],"texture":"#0","tintindex":0.0},"west":{"uv":[14.625,0.0,14.875,4.75],"texture":"#0"},"up":{"uv":[14.875,0.0,15.125,0.25],"texture":"#0"},"down":{"uv":[14.875,0.0,15.125,0.25],"texture":"#0"}}},{"from":[5.0,12.0,5.0],"to":[11.0,17.0,10.0],"rotation":{"angle":0.0,"axis":"x","origin":[8.5,12.75,6.75]},"faces":{"north":{"uv":[6.625,0.625,7.375,1.25],"texture":"#0"},"east":{"uv":[6.125,1.75,6.75,2.375],"texture":"#0"},"south":{"uv":[6.75,2.375,6.0,3.0],"texture":"#0"},"west":{"uv":[6.75,1.75,6.125,2.375],"texture":"#0"},"up":{"uv":[7.625,0.0,8.375,0.625],"texture":"#0"},"down":{"uv":[5.25,2.5,6.0,3.125],"texture":"#0"}}},{"from":[5.5,10.0,5.0],"to":[10.5,12.0,7.0],"rotation":{"angle":0.0,"axis":"x","origin":[8.0,12.75,6.75]},"faces":{"north":{"uv":[6.75,1.25,7.375,1.5],"texture":"#0"},"east":{"uv":[6.5,1.25,6.75,1.5],"texture":"#0"},"south":{"uv":[6.75,2.75,7.375,3.0],"texture":"#0"},"west":{"uv":[6.75,1.25,6.5,1.5],"texture":"#0"},"up":{"uv":[15.125,0.0,14.875,0.25],"texture":"#0"},"down":{"uv":[6.75,3.0,7.375,3.25],"texture":"#0"}}}],"gui_light":"front","display":{"thirdperson_righthand":{"rotation":[41.77,23.39,-18.2],"translation":[2.25,4.25,4.25],"scale":[0.99063,0.99063,0.99063]},"thirdperson_lefthand":{"rotation":[41.77,23.39,-18.2],"translation":[2.25,4.25,4.25],"scale":[0.99063,0.99063,0.99063]},"firstperson_righthand":{"rotation":[174.14,68.55,172.1],"translation":[13.5,-1.0,-7.25],"scale":[0.77539,0.77539,0.77539]},"firstperson_lefthand":{"rotation":[174.14,68.55,172.1],"translation":[13.5,-1.0,-7.25],"scale":[0.77539,0.77539,0.77539]},"ground":{"translation":[0.0,4.25,0.0],"scale":[0.43945,0.43945,0.43945]},"gui":{"rotation":[-156.08,-6.57,-137.01],"translation":[0.5,0.25,0.0],"scale":[0.5504,0.5504,0.5504]},"head":{"rotation":[0.0,3.25,0.0],"translation":[0.0,4.25,0.0],"scale":[1.6,1.6,1.6]}}}