{"textures":{"0":"mcc:island_cosmetics/accessory/offhand_3","particle":"mcc:island_cosmetics/accessory/offhand_3"},"credit":"Made with Blockbench","ambientocclusion":false,"texture_size":[128.0,128.0],"elements":[{"from":[-5.5,10.34305,-5.5],"to":[21.5,19.34305,21.5],"shade":false,"rotation":{"angle":0.0,"axis":"y","origin":[7.51581,14.3036,7.9]},"faces":{"north":{"uv":[3.375,5.375,0.0,6.5],"texture":"#0","tintindex":0.0},"east":{"uv":[3.375,5.375,0.0,6.5],"texture":"#0","tintindex":0.0},"south":{"uv":[3.375,5.375,0.0,6.5],"texture":"#0","tintindex":0.0},"west":{"uv":[3.375,5.375,0.0,6.5],"texture":"#0","tintindex":0.0},"up":{"uv":[8.625,5.5,5.25,8.875],"texture":"#0","tintindex":0.0},"down":{"uv":[1.75,8.125,1.875,8.25],"texture":"#0","tintindex":0.0}}},{"from":[-5.0,14.34305,-5.0],"to":[21.0,14.34305,21.0],"shade":false,"rotation":{"angle":0.0,"axis":"y","origin":[7.01581,14.3036,8.4]},"faces":{"north":{"uv":[3.375,5.375,0.0,6.5],"texture":"#0","tintindex":0.0},"east":{"uv":[3.375,5.375,0.0,6.5],"texture":"#0","tintindex":0.0},"south":{"uv":[3.375,5.375,0.0,6.5],"texture":"#0","tintindex":0.0},"west":{"uv":[3.375,5.375,0.0,6.5],"texture":"#0","tintindex":0.0},"up":{"uv":[4.125,8.375,0.875,11.625],"texture":"#0"},"down":{"uv":[4.125,8.375,0.875,11.625],"texture":"#0"}}},{"from":[7.0,-6.0,7.0],"to":[9.0,23.0,9.0],"rotation":{"angle":0.0,"axis":"y","origin":[9.0,17.0,6.875]},"faces":{"north":{"uv":[0.0,6.625,0.25,10.25],"texture":"#0"},"east":{"uv":[0.25,6.625,0.0,10.25],"texture":"#0"},"south":{"uv":[0.0,6.625,0.25,10.25],"texture":"#0"},"west":{"uv":[0.25,6.625,0.0,10.25],"texture":"#0"},"up":{"uv":[0.0,9.75,0.25,10.0],"texture":"#0"},"down":{"uv":[0.0,6.5,0.25,6.75],"texture":"#0"}}},{"from":[7.0,-15.0,7.0],"to":[9.0,-6.0,9.0],"rotation":{"angle":0.0,"axis":"y","origin":[9.0,17.0,6.875]},"faces":{"north":{"uv":[4.75,9.375,5.0,10.5],"texture":"#0","tintindex":0.0},"east":{"uv":[5.0,9.375,4.75,10.5],"texture":"#0","tintindex":0.0},"south":{"uv":[4.75,9.375,5.0,10.5],"texture":"#0","tintindex":0.0},"west":{"uv":[5.0,9.375,4.75,10.5],"texture":"#0","tintindex":0.0},"up":{"uv":[0.0,9.75,0.25,10.0],"texture":"#0","tintindex":0.0},"down":{"uv":[5.5,9.625,5.25,9.875],"texture":"#0","tintindex":0.0}}},{"from":[7.0,-15.0,11.0],"to":[9.0,-10.0,13.0],"rotation":{"angle":0.0,"axis":"y","origin":[9.0,17.0,6.875]},"faces":{"north":{"uv":[5.0,9.625,5.125,10.25],"texture":"#0","tintindex":0.0},"east":{"uv":[5.25,9.625,5.0,10.25],"texture":"#0","tintindex":0.0},"south":{"uv":[5.125,9.625,5.25,10.25],"texture":"#0","tintindex":0.0},"west":{"uv":[5.0,9.625,5.25,10.25],"texture":"#0","tintindex":0.0},"up":{"uv":[5.5,9.125,5.25,9.375],"texture":"#0","tintindex":0.0},"down":{"uv":[5.5,9.375,5.25,9.625],"texture":"#0","tintindex":0.0}}},{"from":[7.0,-15.0,9.0],"to":[9.0,-13.0,11.0],"rotation":{"angle":0.0,"axis":"y","origin":[9.0,17.0,6.875]},"faces":{"north":{"uv":[5.0,9.375,4.75,10.5],"texture":"#0","tintindex":0.0},"east":{"uv":[5.25,9.375,5.0,9.625],"texture":"#0","tintindex":0.0},"south":{"uv":[5.0,9.375,4.75,10.5],"texture":"#0","tintindex":0.0},"west":{"uv":[5.0,9.375,5.25,9.625],"texture":"#0","tintindex":0.0},"up":{"uv":[5.5,9.125,5.25,9.375],"texture":"#0","tintindex":0.0},"down":{"uv":[5.5,9.625,5.25,9.375],"texture":"#0","tintindex":0.0}}},{"name":"cube inverted","from":[21.5,19.34305,21.5],"to":[-5.5,10.34305,-5.5],"shade":false,"rotation":{"angle":0.0,"axis":"y","origin":[7.51581,14.3036,7.9]},"faces":{"north":{"uv":[3.375,6.5,0.0,5.375],"texture":"#0","tintindex":0.0},"east":{"uv":[3.375,6.5,0.0,5.375],"texture":"#0","tintindex":0.0},"south":{"uv":[3.375,6.5,0.0,5.375],"texture":"#0","tintindex":0.0},"west":{"uv":[3.375,6.5,0.0,5.375],"texture":"#0","tintindex":0.0},"up":{"uv":[1.875,8.125,1.75,8.25],"texture":"#0","tintindex":0.0},"down":{"uv":[5.25,5.5,8.625,8.875],"texture":"#0","tintindex":0.0}}}],"gui_light":"front","display":{"thirdperson_righthand":{"rotation":[96.93,-2.33,8.97],"translation":[-2.75,-0.75,20.0],"scale":[0.85,0.85,0.85]},"thirdperson_lefthand":{"rotation":[96.93,-2.33,8.97],"translation":[-2.75,-0.75,20.0],"scale":[0.85,0.85,0.85]},"firstperson_righthand":{"rotation":[-172.83,-20.35,-175.66],"translation":[14.0,18.0,-4.0],"scale":[0.59375,0.98,0.59375]},"firstperson_lefthand":{"rotation":[-172.83,-20.35,-175.66],"translation":[14.0,18.0,-4.0],"scale":[0.59375,0.98,0.59375]},"ground":{"translation":[0.0,4.25,0.0],"scale":[0.43945,0.43945,0.43945]},"gui":{"rotation":[-21.08,-37.45,-53.23],"translation":[-0.5,-0.25,0.0],"scale":[0.38047,0.38047,0.38047]},"head":{"rotation":[0.0,3.25,0.0],"translation":[0.0,4.25,0.0],"scale":[1.6,1.6,1.6]}}}