{"textures":{"0":"mcc:island_cosmetics/accessory/offhand_4","particle":"mcc:island_cosmetics/accessory/offhand_4"},"credit":"Made with Blockbench","texture_size":[128.0,128.0],"elements":[{"from":[7.0,1.0,7.0],"to":[9.0,28.0,9.0],"rotation":{"angle":0.0,"axis":"y","origin":[8.0,-0.5,8.0]},"faces":{"north":{"uv":[7.625,2.25,7.875,5.625],"texture":"#0"},"east":{"uv":[7.875,2.25,7.625,5.625],"texture":"#0"},"south":{"uv":[7.625,2.25,7.875,5.625],"texture":"#0"},"west":{"uv":[7.875,2.25,7.625,5.625],"texture":"#0"},"up":{"uv":[7.875,2.0,8.125,2.25],"texture":"#0"},"down":{"uv":[7.875,2.0,8.125,2.25],"texture":"#0"}}},{"from":[6.5,3.0,6.5],"to":[9.5,11.0,9.5],"rotation":{"angle":0.0,"axis":"y","origin":[8.0,-0.5,8.0]},"faces":{"north":{"uv":[7.625,4.25,7.25,5.25],"texture":"#0","tintindex":0.0},"east":{"uv":[7.625,4.25,7.25,5.25],"texture":"#0","tintindex":0.0},"south":{"uv":[7.625,4.25,7.25,5.25],"texture":"#0","tintindex":0.0},"west":{"uv":[7.625,4.25,7.25,5.25],"texture":"#0","tintindex":0.0},"up":{"uv":[7.625,3.875,7.25,4.25],"texture":"#0","tintindex":0.0},"down":{"uv":[7.625,3.875,7.25,4.25],"texture":"#0","tintindex":0.0}}},{"from":[6.0,19.0,6.0],"to":[10.0,26.0,10.0],"rotation":{"angle":0.0,"axis":"y","origin":[9.0,-0.5,7.5]},"faces":{"north":{"uv":[7.25,4.25,6.75,5.125],"texture":"#0"},"east":{"uv":[7.25,4.25,6.75,5.125],"texture":"#0"},"south":{"uv":[7.25,4.25,6.75,5.125],"texture":"#0"},"west":{"uv":[7.25,4.25,6.75,5.125],"texture":"#0"},"up":{"uv":[7.25,3.75,6.75,4.25],"texture":"#0"},"down":{"uv":[7.25,3.25,6.75,3.75],"texture":"#0"}}},{"from":[9.0,15.0,8.0],"to":[20.0,28.0,8.0],"rotation":{"angle":0.0,"axis":"y","origin":[7.0,-0.5,7.5]},"faces":{"north":{"uv":[5.375,4.25,6.75,5.875],"texture":"#0"},"east":{"uv":[5.375,3.125,6.0,4.25],"texture":"#0"},"south":{"uv":[6.75,4.25,5.375,5.875],"texture":"#0"},"west":{"uv":[5.375,3.125,6.0,4.25],"texture":"#0"},"up":{"uv":[6.0,3.0,6.75,3.625],"texture":"#0"},"down":{"uv":[6.0,3.625,6.75,4.25],"texture":"#0"}}}],"gui_light":"front","display":{"thirdperson_righthand":{"rotation":[2.75,-90.0,0.0],"translation":[0.0,-2.0,2.0],"scale":[0.93398,0.93398,0.93398]},"thirdperson_lefthand":{"rotation":[2.75,-90.0,0.0],"translation":[0.0,0.0,2.0],"scale":[0.93398,0.93398,0.93398]},"firstperson_righthand":{"rotation":[170.36,80.76,-179.66],"translation":[13.5,-1.5,-7.25],"scale":[0.67187,0.67187,0.67187]},"firstperson_lefthand":{"rotation":[33.91,-76.66,38.79],"translation":[13.5,-1.5,-7.25],"scale":[0.67187,0.67187,0.67187]},"ground":{"translation":[0.0,4.25,0.0],"scale":[0.43945,0.43945,0.43945]},"gui":{"rotation":[-4.51,-6.02,-30.52],"translation":[-4.5,-3.25,0.0],"scale":[0.61486,0.61486,0.61486]},"head":{"rotation":[0.0,3.25,0.0],"translation":[0.0,4.25,0.0],"scale":[1.6,1.6,1.6]}}}