{"textures":{"0":"mcc:island_cosmetics/accessory/offhand_2","1":"mcc:island_cosmetics/accessory_variant/offhand_2_extra","particle":"mcc:island_cosmetics/accessory/offhand_2"},"credit":"Made with Blockbench","texture_size":[128.0,128.0],"elements":[{"from":[-2.0,-1.0,7.0],"to":[18.0,19.0,9.0],"rotation":{"angle":0.0,"axis":"y","origin":[0.0,0.0,16.0]},"faces":{"north":{"uv":[2.5,2.5,0.0,5.0],"texture":"#0"},"east":{"uv":[2.5,0.75,2.75,3.25],"texture":"#0"},"south":{"uv":[10.375,0.75,7.875,3.25],"texture":"#1"},"west":{"uv":[2.75,0.75,2.5,3.25],"texture":"#0"},"up":{"uv":[2.5,5.25,0.0,5.5],"texture":"#0"},"down":{"uv":[2.5,5.0,0.0,5.25],"texture":"#0"}}},{"from":[-2.0,-1.0,7.0],"to":[18.0,19.0,9.0],"rotation":{"angle":0.0,"axis":"y","origin":[0.0,0.0,16.0]},"faces":{"north":{"uv":[1.0,1.25,1.125,1.375],"texture":"#0"},"east":{"uv":[1.0,1.25,1.125,1.375],"texture":"#0"},"south":{"uv":[5.0,3.25,2.5,5.75],"texture":"#1","tintindex":0.0},"west":{"uv":[1.0,1.25,1.125,1.375],"texture":"#0"},"up":{"uv":[1.0,1.25,1.125,1.375],"texture":"#0"},"down":{"uv":[1.0,1.25,1.125,1.375],"texture":"#0"}}},{"from":[5.0,6.0,9.0],"to":[11.0,12.0,10.0],"rotation":{"angle":0.0,"axis":"y","origin":[0.0,0.0,16.0]},"faces":{"north":{"uv":[3.75,11.625,3.0,12.5],"texture":"#missing"},"east":{"uv":[2.625,0.0,2.5,0.75],"texture":"#0"},"south":{"uv":[3.25,0.0,2.5,0.75],"texture":"#0"},"west":{"uv":[2.625,0.0,2.5,0.75],"texture":"#0"},"up":{"uv":[3.25,0.0,2.5,0.125],"texture":"#0"},"down":{"uv":[3.25,0.625,2.5,0.75],"texture":"#0"}}},{"from":[5.0,5.0,2.0],"to":[11.0,8.0,7.0],"rotation":{"angle":0.0,"axis":"z","origin":[8.0,9.0,4.5]},"faces":{"north":{"uv":[3.875,0.0,3.25,0.375],"texture":"#0"},"east":{"uv":[3.875,0.0,3.25,0.375],"texture":"#0"},"south":{"uv":[1.5,1.25,1.625,1.375],"texture":"#0"},"west":{"uv":[3.875,0.0,3.25,0.375],"texture":"#0"},"up":{"uv":[1.25,1.25,1.375,1.375],"texture":"#0"},"down":{"uv":[1.25,1.25,1.375,1.375],"texture":"#0"}}},{"from":[5.0,10.0,2.0],"to":[11.0,13.0,7.0],"rotation":{"angle":0.0,"axis":"z","origin":[8.0,9.0,4.5]},"faces":{"north":{"uv":[3.875,0.0,3.25,0.375],"texture":"#0"},"east":{"uv":[3.875,0.0,3.25,0.375],"texture":"#0"},"south":{"uv":[1.5,1.25,1.625,1.375],"texture":"#0"},"west":{"uv":[3.875,0.0,3.25,0.375],"texture":"#0"},"up":{"uv":[1.25,1.25,1.375,1.375],"texture":"#0"},"down":{"uv":[1.25,1.25,1.375,1.375],"texture":"#0"}}},{"name":"cube inverted","from":[11.0,13.0,7.0],"to":[5.0,10.0,2.0],"rotation":{"angle":0.0,"axis":"z","origin":[8.0,9.0,4.5]},"faces":{"north":{"uv":[1.5,1.375,1.625,1.25],"texture":"#0"},"east":{"uv":[3.875,0.375,3.25,0.0],"texture":"#0"},"south":{"uv":[3.875,0.375,3.25,0.0],"texture":"#0"},"west":{"uv":[3.875,0.375,3.25,0.0],"texture":"#0"},"up":{"uv":[1.375,1.25,1.25,1.375],"texture":"#0"},"down":{"uv":[1.375,1.25,1.25,1.375],"texture":"#0"}}},{"name":"cube inverted","from":[11.0,8.0,7.0],"to":[5.0,5.0,2.0],"rotation":{"angle":0.0,"axis":"z","origin":[8.0,9.0,4.5]},"faces":{"north":{"uv":[1.5,1.375,1.625,1.25],"texture":"#0"},"east":{"uv":[3.875,0.375,3.25,0.0],"texture":"#0"},"south":{"uv":[3.875,0.375,3.25,0.0],"texture":"#0"},"west":{"uv":[3.875,0.375,3.25,0.0],"texture":"#0"},"up":{"uv":[1.375,1.25,1.25,1.375],"texture":"#0"},"down":{"uv":[1.375,1.25,1.25,1.375],"texture":"#0"}}}],"gui_light":"front","display":{"thirdperson_righthand":{"rotation":[86.25,90.0,0.0],"translation":[3.0,-2.0,3.5],"scale":[0.85,0.85,0.85]},"thirdperson_lefthand":{"rotation":[86.25,90.0,0.0],"translation":[3.0,-2.0,3.5],"scale":[0.85,0.85,0.85]},"firstperson_righthand":{"rotation":[-161.51,71.07,173.93],"translation":[1.13,2.45,2.13],"scale":[0.31672,0.31672,0.31672]},"firstperson_lefthand":{"rotation":[-161.51,71.07,173.93],"translation":[1.13,2.45,2.13],"scale":[0.31672,0.31672,0.31672]},"ground":{"translation":[0.0,4.25,0.0],"scale":[0.43945,0.43945,0.43945]},"gui":{"rotation":[19.91,24.71,4.29],"translation":[0.0,-0.5,0.0],"scale":[0.62265,0.62265,0.62265]}}}