{"textures":{"0":"mcc:island_cosmetics/accessory/offhand_3","particle":"mcc:island_cosmetics/accessory/offhand_3"},"credit":"Made with Blockbench","texture_size":[128.0,128.0],"elements":[{"from":[7.0,12.0,7.0],"to":[9.0,28.0,9.0],"rotation":{"angle":0.0,"axis":"y","origin":[8.0,-0.5,8.0]},"faces":{"north":{"uv":[0.0,13.5,0.25,15.5],"texture":"#0"},"east":{"uv":[0.25,13.5,0.0,15.5],"texture":"#0"},"south":{"uv":[0.0,13.5,0.25,15.5],"texture":"#0"},"west":{"uv":[0.25,13.5,0.0,15.5],"texture":"#0"},"up":{"uv":[0.5,13.5,0.25,13.75],"texture":"#0"},"down":{"uv":[0.5,13.5,0.25,13.75],"texture":"#0"}}},{"from":[4.5,0.0,4.5],"to":[11.5,9.0,11.5],"rotation":{"angle":0.0,"axis":"y","origin":[8.5,-0.5,7.5]},"faces":{"north":{"uv":[0.0,12.375,0.875,13.5],"texture":"#0"},"east":{"uv":[0.0,12.375,0.875,13.5],"texture":"#0"},"south":{"uv":[0.0,12.375,0.875,13.5],"texture":"#0"},"west":{"uv":[0.0,12.375,0.875,13.5],"texture":"#0"},"up":{"uv":[0.875,12.375,1.75,13.25],"texture":"#0"},"down":{"uv":[0.625,10.875,0.75,11.0],"texture":"#0"}}},{"from":[4.5,2.0,4.5],"to":[11.5,2.0,11.5],"rotation":{"angle":0.0,"axis":"y","origin":[8.5,-0.5,7.5]},"faces":{"north":{"uv":[0.0,12.375,0.875,13.5],"texture":"#0"},"east":{"uv":[0.0,12.375,0.875,13.5],"texture":"#0"},"south":{"uv":[0.0,12.375,0.875,13.5],"texture":"#0"},"west":{"uv":[0.0,12.375,0.875,13.5],"texture":"#0"},"up":{"uv":[0.375,13.375,0.5,13.5],"texture":"#0"},"down":{"uv":[0.875,13.25,1.75,14.125],"texture":"#0"}}},{"from":[6.0,8.0,6.0],"to":[10.0,12.0,10.0],"rotation":{"angle":0.0,"axis":"y","origin":[8.0,-0.5,7.0]},"faces":{"north":{"uv":[1.75,12.375,2.25,12.875],"texture":"#0"},"east":{"uv":[2.25,12.375,1.75,12.875],"texture":"#0"},"south":{"uv":[1.75,12.375,2.25,12.875],"texture":"#0"},"west":{"uv":[2.25,12.375,1.75,12.875],"texture":"#0"},"up":{"uv":[2.25,12.875,1.75,13.375],"texture":"#0"},"down":{"uv":[15.125,0.0,14.875,0.25],"texture":"#missing"}}},{"from":[5.9,8.9,5.9],"to":[10.1,10.1,10.1],"rotation":{"angle":0.0,"axis":"y","origin":[8.0,-0.5,7.0]},"faces":{"north":{"uv":[2.25,13.375,1.75,13.5],"texture":"#0","tintindex":0.0},"east":{"uv":[2.25,13.375,1.75,13.5],"texture":"#0","tintindex":0.0},"south":{"uv":[2.25,13.375,1.75,13.5],"texture":"#0","tintindex":0.0},"west":{"uv":[2.25,13.375,1.75,13.5],"texture":"#0","tintindex":0.0},"up":{"uv":[0.375,13.375,0.5,13.5],"texture":"#0"},"down":{"uv":[15.125,0.0,14.875,0.25],"texture":"#missing"}}},{"name":"cube inverted","from":[11.5,9.0,11.5],"to":[4.5,0.0,4.5],"rotation":{"angle":0.0,"axis":"y","origin":[8.5,-0.5,7.5]},"faces":{"north":{"uv":[0.0,13.5,0.875,12.375],"texture":"#0"},"east":{"uv":[0.0,13.5,0.875,12.375],"texture":"#0"},"south":{"uv":[0.0,13.5,0.875,12.375],"texture":"#0"},"west":{"uv":[0.0,13.5,0.875,12.375],"texture":"#0"},"up":{"uv":[0.75,10.875,0.625,11.0],"texture":"#0"},"down":{"uv":[1.75,12.375,0.875,13.25],"texture":"#0"}}}],"gui_light":"front","display":{"thirdperson_righthand":{"rotation":[48.39,62.7,-2.54],"translation":[-0.25,-7.25,-3.5],"scale":[0.99063,0.99063,0.99063]},"thirdperson_lefthand":{"rotation":[48.39,62.7,-2.54],"translation":[-0.25,-7.25,-3.5],"scale":[0.99063,0.99063,0.99063]},"firstperson_righthand":{"rotation":[174.14,68.55,172.1],"translation":[13.5,-1.0,-7.25],"scale":[0.77539,0.77539,0.77539]},"firstperson_lefthand":{"rotation":[174.14,68.55,172.1],"translation":[13.5,-1.0,-7.25],"scale":[0.77539,0.77539,0.77539]},"ground":{"translation":[0.0,4.25,0.0],"scale":[0.43945,0.43945,0.43945]},"gui":{"rotation":[-156.08,-6.57,-137.01],"translation":[-2.0,-2.0,0.0],"scale":[0.62462,0.62462,0.62462]},"head":{"rotation":[0.0,3.25,0.0],"translation":[0.0,4.25,0.0],"scale":[1.6,1.6,1.6]}}}