{"textures":{"0":"mcc:island_cosmetics/accessory/offhand_3","particle":"mcc:island_cosmetics/accessory/offhand_3"},"credit":"Made with Blockbench","texture_size":[128.0,128.0],"elements":[{"from":[7.0,-15.0,7.0],"to":[9.0,12.0,9.0],"rotation":{"angle":0.0,"axis":"y","origin":[8.0,-0.5,8.0]},"faces":{"north":{"uv":[16.0,12.625,15.75,16.0],"texture":"#0"},"east":{"uv":[15.75,12.625,16.0,16.0],"texture":"#0"},"south":{"uv":[15.75,12.625,16.0,16.0],"texture":"#0"},"west":{"uv":[15.75,12.625,16.0,16.0],"texture":"#0"},"up":{"uv":[11.875,0.875,12.0,1.0],"texture":"#missing"},"down":{"uv":[14.875,14.375,15.125,14.625],"texture":"#0"}}},{"from":[6.0,0.0,6.0],"to":[10.0,13.0,10.0],"rotation":{"angle":0.0,"axis":"y","origin":[8.0,-0.5,8.0]},"faces":{"north":{"uv":[15.25,12.625,15.75,14.25],"texture":"#0"},"east":{"uv":[15.25,12.625,15.75,14.25],"texture":"#0"},"south":{"uv":[15.25,12.625,15.75,14.25],"texture":"#0"},"west":{"uv":[15.25,12.625,15.75,14.25],"texture":"#0"},"up":{"uv":[15.25,15.5,15.75,16.0],"texture":"#0"},"down":{"uv":[14.625,13.875,15.125,14.375],"texture":"#0"}}},{"from":[5.5,9.0,5.5],"to":[10.5,19.0,10.5],"rotation":{"angle":0.0,"axis":"y","origin":[8.0,-0.5,8.0]},"faces":{"north":{"uv":[15.125,14.625,14.5,15.875],"texture":"#0"},"east":{"uv":[15.125,14.25,15.75,15.5],"texture":"#0"},"south":{"uv":[14.5,14.625,15.125,15.875],"texture":"#0"},"west":{"uv":[15.125,14.25,15.75,15.5],"texture":"#0"},"up":{"uv":[15.375,12.5,15.5,12.625],"texture":"#0"},"down":{"uv":[14.625,13.25,15.25,13.875],"texture":"#0"}}},{"from":[6.0,15.0,6.0],"to":[10.0,19.0,10.0],"rotation":{"angle":0.0,"axis":"y","origin":[8.0,-0.5,8.0]},"faces":{"north":{"uv":[14.75,11.75,15.25,12.25],"texture":"#0","tintindex":0.0},"east":{"uv":[14.75,11.75,15.25,12.25],"texture":"#0","tintindex":0.0},"south":{"uv":[14.75,11.75,15.25,12.25],"texture":"#0","tintindex":0.0},"west":{"uv":[14.75,11.75,15.25,12.25],"texture":"#0","tintindex":0.0},"up":{"uv":[14.75,12.25,15.25,12.75],"texture":"#0","tintindex":0.0},"down":{"uv":[14.75,12.75,15.25,13.25],"texture":"#0","tintindex":0.0}}},{"name":"cube inverted","from":[10.5,19.0,10.5],"to":[5.5,9.0,5.5],"rotation":{"angle":0.0,"axis":"y","origin":[8.0,-0.5,8.0]},"faces":{"north":{"uv":[14.5,15.875,15.125,14.625],"texture":"#0"},"east":{"uv":[15.125,15.5,15.75,14.25],"texture":"#0"},"south":{"uv":[15.125,15.875,14.5,14.625],"texture":"#0"},"west":{"uv":[15.125,15.5,15.75,14.25],"texture":"#0"},"up":{"uv":[15.25,13.25,14.625,13.875],"texture":"#0"},"down":{"uv":[15.5,12.5,15.375,12.625],"texture":"#0"}}}],"gui_light":"front","display":{"thirdperson_righthand":{"rotation":[69.88,58.49,-28.77],"translation":[3.5,6.25,7.5],"scale":[0.91055,0.91055,0.91055]},"thirdperson_lefthand":{"rotation":[69.88,58.49,-28.77],"translation":[3.5,6.25,7.5],"scale":[0.91055,0.91055,0.91055]},"firstperson_righthand":{"rotation":[174.14,68.55,172.1],"translation":[10.5,4.75,-7.25],"scale":[0.66602,0.66602,0.66602]},"firstperson_lefthand":{"rotation":[174.14,68.55,172.1],"translation":[10.5,4.75,-7.25],"scale":[0.66602,0.66602,0.66602]},"ground":{"translation":[0.0,4.25,0.0],"scale":[0.43945,0.43945,0.43945]},"gui":{"rotation":[-156.08,-6.57,-137.01],"translation":[2.0,2.25,0.0],"scale":[0.54259,0.54259,0.54259]},"head":{"rotation":[0.0,3.25,0.0],"translation":[0.0,4.25,0.0],"scale":[1.6,1.6,1.6]}}}