{"textures":{"0":"mcc:island_cosmetics/accessory/offhand_1","particle":"mcc:island_cosmetics/accessory/offhand_1"},"credit":"Made with Blockbench","texture_size":[128.0,128.0],"elements":[{"from":[4.0,3.08895,-1.96619],"to":[12.0,9.08895,6.03381],"rotation":{"angle":0.0,"axis":"x","origin":[8.0,7.04512,6.24683]},"faces":{"north":{"uv":[12.875,1.375,13.625,2.375],"rotation":270.0,"texture":"#0"},"east":{"uv":[9.875,0.75,10.625,1.75],"rotation":270.0,"texture":"#0"},"south":{"uv":[10.625,0.75,11.375,1.75],"rotation":270.0,"texture":"#0"},"west":{"uv":[9.875,1.75,10.625,0.75],"rotation":270.0,"texture":"#0"},"up":{"uv":[11.875,2.0,12.875,3.0],"texture":"#0"},"down":{"uv":[10.875,2.0,11.875,3.0],"rotation":270.0,"texture":"#0"}}},{"from":[6.875,9.08895,0.03381],"to":[9.125,9.08895,2.03381],"rotation":{"angle":0.0,"axis":"x","origin":[7.875,7.04512,6.24683]},"faces":{"north":{"uv":[11.375,0.75,12.125,1.5],"rotation":270.0,"texture":"#0","tintindex":0.0},"east":{"uv":[9.875,0.75,10.625,1.75],"rotation":270.0,"texture":"#0","tintindex":0.0},"south":{"uv":[11.875,0.0,12.625,0.75],"rotation":270.0,"texture":"#0","tintindex":0.0},"west":{"uv":[9.875,1.75,10.625,0.75],"rotation":270.0,"texture":"#0","tintindex":0.0},"up":{"uv":[14.5,0.0,14.75,0.25],"texture":"#0","tintindex":0.0},"down":{"uv":[14.5,0.0,14.75,0.25],"rotation":180.0,"texture":"#0","tintindex":0.0}}},{"from":[6.0,4.08895,6.03381],"to":[10.0,8.08895,12.03381],"rotation":{"angle":0.0,"axis":"x","origin":[8.0,7.04512,6.24683]},"faces":{"north":{"uv":[9.625,0.25,9.75,0.375],"rotation":270.0,"texture":"#0"},"east":{"uv":[12.125,0.75,12.625,1.5],"rotation":270.0,"texture":"#0"},"south":{"uv":[12.125,1.5,12.625,2.0],"rotation":270.0,"texture":"#0"},"west":{"uv":[12.125,1.5,12.625,0.75],"rotation":270.0,"texture":"#0"},"up":{"uv":[12.625,0.0,13.375,0.5],"rotation":270.0,"texture":"#0"},"down":{"uv":[11.375,1.5,12.125,2.0],"rotation":270.0,"texture":"#0"}}},{"from":[6.6,4.68895,6.13381],"to":[9.4,7.48895,11.93381],"rotation":{"angle":0.0,"axis":"x","origin":[8.5,7.04512,6.24683]},"faces":{"north":{"uv":[14.75,0.0,15.125,0.375],"rotation":270.0,"texture":"#0","tintindex":0.0},"east":{"uv":[13.375,0.0,13.75,0.75],"rotation":270.0,"texture":"#0","tintindex":0.0},"south":{"uv":[14.75,0.0,15.125,0.375],"rotation":270.0,"texture":"#0","tintindex":0.0},"west":{"uv":[13.375,0.75,13.75,0.0],"rotation":270.0,"texture":"#0","tintindex":0.0},"up":{"uv":[13.75,0.0,14.5,0.375],"rotation":270.0,"texture":"#0","tintindex":0.0},"down":{"uv":[14.125,0.375,14.875,0.75],"rotation":270.0,"texture":"#0","tintindex":0.0}}},{"from":[7.96395,6.125,9.03381],"to":[13.96395,6.125,15.03381],"rotation":{"angle":45.0,"axis":"z","origin":[8.0,6.125,12.03381]},"faces":{"north":{"uv":[9.625,0.25,9.75,0.375],"rotation":180.0,"texture":"#0"},"east":{"uv":[12.625,0.0,13.375,0.5],"texture":"#0"},"south":{"uv":[12.125,1.5,12.625,2.0],"texture":"#0"},"west":{"uv":[11.375,1.5,12.125,2.0],"texture":"#0"},"up":{"uv":[12.625,1.25,13.375,0.5],"texture":"#0"},"down":{"uv":[12.625,0.5,13.375,1.25],"texture":"#0"}}},{"from":[2.03605,6.125,9.03381],"to":[8.03605,6.125,15.03381],"rotation":{"angle":45.0,"axis":"z","origin":[8.0,6.125,12.03381]},"faces":{"north":{"uv":[9.75,0.25,9.625,0.375],"rotation":180.0,"texture":"#0"},"east":{"uv":[12.125,1.5,11.375,2.0],"texture":"#0"},"south":{"uv":[12.625,1.5,12.125,2.0],"texture":"#0"},"west":{"uv":[13.375,0.0,12.625,0.5],"texture":"#0"},"up":{"uv":[13.375,1.25,12.625,0.5],"texture":"#0"},"down":{"uv":[13.375,0.5,12.625,1.25],"texture":"#0"}}},{"from":[8.0,0.16105,9.03381],"to":[8.0,6.16105,15.03381],"rotation":{"angle":45.0,"axis":"z","origin":[8.0,6.125,12.03381]},"faces":{"north":{"uv":[9.75,0.25,9.625,0.375],"rotation":270.0,"texture":"#0"},"east":{"uv":[13.375,0.5,12.625,1.25],"rotation":270.0,"texture":"#0"},"south":{"uv":[12.625,1.5,12.125,2.0],"rotation":270.0,"texture":"#0"},"west":{"uv":[13.375,1.25,12.625,0.5],"rotation":270.0,"texture":"#0"},"up":{"uv":[12.125,1.5,11.375,2.0],"rotation":270.0,"texture":"#0"},"down":{"uv":[13.375,0.0,12.625,0.5],"rotation":270.0,"texture":"#0"}}},{"from":[8.0,6.08895,9.03381],"to":[8.0,12.08895,15.03381],"rotation":{"angle":45.0,"axis":"z","origin":[8.0,6.125,12.03381]},"faces":{"north":{"uv":[9.625,0.25,9.75,0.375],"rotation":270.0,"texture":"#0"},"east":{"uv":[12.625,0.5,13.375,1.25],"rotation":270.0,"texture":"#0"},"south":{"uv":[12.125,1.5,12.625,2.0],"rotation":270.0,"texture":"#0"},"west":{"uv":[12.625,1.25,13.375,0.5],"rotation":270.0,"texture":"#0"},"up":{"uv":[12.625,0.0,13.375,0.5],"rotation":270.0,"texture":"#0"},"down":{"uv":[11.375,1.5,12.125,2.0],"rotation":270.0,"texture":"#0"}}},{"from":[5.5,3.08895,7.03381],"to":[10.5,7.08895,11.03381],"rotation":{"angle":0.0,"axis":"x","origin":[8.5,7.04512,6.24683]},"faces":{"north":{"uv":[5.5,0.5,5.625,0.625],"rotation":270.0,"texture":"#0"},"east":{"uv":[9.875,0.0,10.375,0.5],"rotation":270.0,"texture":"#0"},"south":{"uv":[5.5,0.5,5.625,0.625],"rotation":270.0,"texture":"#0"},"west":{"uv":[9.875,0.5,10.375,0.0],"rotation":270.0,"texture":"#0"},"up":{"uv":[5.5,0.5,5.625,0.625],"rotation":270.0,"texture":"#0"},"down":{"uv":[10.375,0.625,10.875,0.0],"rotation":270.0,"texture":"#0"}}},{"name":"cube inverted","from":[10.5,7.08895,11.03381],"to":[5.5,3.08895,7.03381],"rotation":{"angle":0.0,"axis":"x","origin":[-8.5,-7.04512,-6.24683]},"faces":{"north":{"uv":[5.625,0.5,5.5,0.625],"rotation":270.0,"texture":"#0"},"east":{"uv":[10.375,0.5,9.875,0.0],"rotation":270.0,"texture":"#0"},"south":{"uv":[5.625,0.5,5.5,0.625],"rotation":270.0,"texture":"#0"},"west":{"uv":[10.375,0.0,9.875,0.5],"rotation":270.0,"texture":"#0"},"up":{"uv":[10.375,0.0,10.875,0.625],"rotation":270.0,"texture":"#0"},"down":{"uv":[5.5,0.625,5.625,0.5],"rotation":270.0,"texture":"#0"}}},{"name":"cube inverted","from":[10.0,8.08895,12.03381],"to":[6.0,4.08895,6.03381],"rotation":{"angle":0.0,"axis":"x","origin":[-8.0,-7.04512,-6.24683]},"faces":{"north":{"uv":[12.625,1.5,12.125,2.0],"rotation":270.0,"texture":"#0"},"east":{"uv":[12.625,1.5,12.125,0.75],"rotation":270.0,"texture":"#0"},"south":{"uv":[9.75,0.25,9.625,0.375],"rotation":270.0,"texture":"#0"},"west":{"uv":[12.625,0.75,12.125,1.5],"rotation":270.0,"texture":"#0"},"up":{"uv":[11.375,2.0,12.125,1.5],"rotation":270.0,"texture":"#0"},"down":{"uv":[12.625,0.5,13.375,0.0],"rotation":270.0,"texture":"#0"}}}],"gui_light":"front","display":{"thirdperson_righthand":{"rotation":[-178.5,0.0,-180.0],"translation":[0.0,-0.25,-2.25],"scale":[0.78945,0.78945,0.78945]},"thirdperson_lefthand":{"rotation":[-178.5,0.0,-180.0],"translation":[0.0,-0.25,-2.25],"scale":[0.78945,0.78945,0.78945]},"firstperson_righthand":{"rotation":[-168.19,-6.31,174.88],"translation":[0.88,3.95,1.63],"scale":[0.40461,0.40461,0.40461]},"firstperson_lefthand":{"rotation":[-168.19,-6.31,174.88],"translation":[0.88,3.95,1.63],"scale":[0.40461,0.40461,0.40461]},"ground":{"translation":[0.0,4.25,0.0],"scale":[0.44531,0.44531,0.44531]},"gui":{"rotation":[61.97,-35.11,20.94],"translation":[-0.75,0.5,0.0],"scale":[0.75781,0.75781,0.75781]},"head":{"translation":[0.0,-30.5,0.0],"scale":[1.6,1.6,1.6]}}}