{"textures":{"0":"mcc:island_cosmetics/accessory/offhand_4","particle":"mcc:island_cosmetics/accessory/offhand_4"},"credit":"Made with Blockbench","texture_size":[128.0,128.0],"elements":[{"from":[7.0,8.0,7.0],"to":[10.0,15.0,9.0],"rotation":{"angle":0.0,"axis":"y","origin":[8.0,-0.5,8.0]},"faces":{"north":{"uv":[12.0,5.5,12.375,6.375],"texture":"#0"},"east":{"uv":[13.125,5.625,13.375,6.5],"texture":"#0"},"south":{"uv":[12.0,5.5,12.375,6.375],"texture":"#0"},"west":{"uv":[13.375,5.625,13.125,6.5],"texture":"#0"},"up":{"uv":[7.875,2.0,8.125,2.25],"texture":"#missing"},"down":{"uv":[7.875,2.0,8.125,2.25],"texture":"#missing"}}},{"from":[5.5,15.0,7.0],"to":[11.5,17.0,9.0],"rotation":{"angle":0.0,"axis":"y","origin":[8.0,-0.5,8.0]},"faces":{"north":{"uv":[12.375,6.0,13.125,6.25],"texture":"#0"},"east":{"uv":[12.375,6.0,12.5,6.25],"texture":"#0"},"south":{"uv":[12.375,6.0,13.125,6.25],"texture":"#0"},"west":{"uv":[12.375,6.0,12.5,6.25],"texture":"#0"},"up":{"uv":[12.375,6.25,13.125,6.5],"texture":"#0"},"down":{"uv":[12.375,6.5,13.125,6.75],"texture":"#0"}}},{"from":[9.5,17.0,7.0],"to":[11.5,19.0,9.0],"rotation":{"angle":0.0,"axis":"y","origin":[8.0,-0.5,8.0]},"faces":{"north":{"uv":[12.375,5.75,12.625,6.0],"texture":"#0"},"east":{"uv":[13.375,5.75,13.625,6.0],"texture":"#0"},"south":{"uv":[12.625,5.75,12.375,6.0],"texture":"#0"},"west":{"uv":[12.0,6.5,12.25,6.75],"texture":"#0"},"up":{"uv":[13.375,6.0,13.625,6.25],"texture":"#0"},"down":{"uv":[12.75,5.625,12.875,5.75],"texture":"#0"}}},{"from":[5.5,17.0,7.0],"to":[7.5,19.0,9.0],"rotation":{"angle":0.0,"axis":"y","origin":[8.0,-0.5,8.0]},"faces":{"north":{"uv":[12.625,5.75,12.375,6.0],"texture":"#0"},"east":{"uv":[12.25,6.5,12.0,6.75],"texture":"#0"},"south":{"uv":[12.375,5.75,12.625,6.0],"texture":"#0"},"west":{"uv":[13.625,5.75,13.375,6.0],"texture":"#0"},"up":{"uv":[13.625,6.0,13.375,6.25],"texture":"#0"},"down":{"uv":[12.875,5.625,12.75,5.75],"texture":"#0"}}},{"from":[5.5,4.0,7.0],"to":[7.5,6.0,9.0],"rotation":{"angle":0.0,"axis":"y","origin":[8.0,16.5,8.0]},"faces":{"north":{"uv":[12.625,6.0,12.375,5.75],"texture":"#0"},"east":{"uv":[12.25,6.75,12.0,6.5],"texture":"#0"},"south":{"uv":[12.375,6.0,12.625,5.75],"texture":"#0"},"west":{"uv":[13.625,6.0,13.375,5.75],"texture":"#0"},"up":{"uv":[12.875,5.75,12.75,5.625],"texture":"#0"},"down":{"uv":[13.625,6.25,13.375,6.0],"texture":"#0"}}},{"from":[9.5,4.0,7.0],"to":[11.5,6.0,9.0],"rotation":{"angle":0.0,"axis":"y","origin":[8.0,16.5,8.0]},"faces":{"north":{"uv":[12.375,6.0,12.625,5.75],"texture":"#0"},"east":{"uv":[13.375,6.0,13.625,5.75],"texture":"#0"},"south":{"uv":[12.625,6.0,12.375,5.75],"texture":"#0"},"west":{"uv":[12.0,6.75,12.25,6.5],"texture":"#0"},"up":{"uv":[12.75,5.75,12.875,5.625],"texture":"#0"},"down":{"uv":[13.375,6.25,13.625,6.0],"texture":"#0"}}},{"from":[5.5,6.0,7.0],"to":[11.5,8.0,9.0],"rotation":{"angle":0.0,"axis":"y","origin":[8.0,16.5,8.0]},"faces":{"north":{"uv":[13.125,6.25,12.375,6.0],"texture":"#0"},"east":{"uv":[12.5,6.25,12.375,6.0],"texture":"#0"},"south":{"uv":[13.125,6.25,12.375,6.0],"texture":"#0"},"west":{"uv":[12.5,6.25,12.375,6.0],"texture":"#0"},"up":{"uv":[12.375,6.125,13.125,6.25],"texture":"#0"},"down":{"uv":[12.375,6.25,13.125,6.5],"texture":"#0"}}}],"gui_light":"front","display":{"thirdperson_righthand":{"rotation":[0.0,-90.0,0.0],"translation":[0.0,-5.5,2.25],"scale":[0.99648,0.98867,0.99648]},"thirdperson_lefthand":{"rotation":[0.0,-90.0,0.0],"translation":[0.0,-5.5,2.25],"scale":[0.99648,0.98867,0.99648]},"firstperson_righthand":{"rotation":[0.0,-70.25,25.0],"translation":[3.38,1.95,1.13],"scale":[0.44563,0.44563,0.44563]},"firstperson_lefthand":{"rotation":[0.0,-70.25,25.0],"translation":[3.38,1.95,1.13],"scale":[0.44563,0.44563,0.44563]},"ground":{"translation":[0.0,4.25,0.0],"scale":[0.43945,0.43945,0.43945]},"gui":{"rotation":[3.93,22.95,-48.95],"translation":[-2.5,-1.75,0.0],"scale":[0.94299,0.94299,0.94299]},"head":{"rotation":[0.0,3.25,0.0],"translation":[0.0,4.25,0.0],"scale":[1.6,1.6,1.6]}}}