{"textures":{"0":"mcc:island_cosmetics/accessory/offhand_4","particle":"mcc:island_cosmetics/accessory/offhand_4"},"credit":"Made with Blockbench","texture_size":[128.0,128.0],"elements":[{"from":[7.5,-2.0,6.0],"to":[8.5,12.0,10.0],"rotation":{"angle":-22.5,"axis":"x","origin":[8.0,3.0,8.0]},"faces":{"north":{"uv":[15.875,5.375,16.0,7.125],"texture":"#0"},"east":{"uv":[15.5,5.375,16.0,7.125],"texture":"#0"},"south":{"uv":[15.5,5.375,15.625,7.125],"texture":"#0"},"west":{"uv":[16.0,5.375,15.5,7.125],"texture":"#0"},"up":{"uv":[16.0,5.375,15.5,5.5],"rotation":90.0,"texture":"#0"},"down":{"uv":[16.0,5.375,15.5,5.5],"rotation":90.0,"texture":"#0"}}},{"from":[8.0,8.0,9.0],"to":[8.0,21.0,13.0],"rotation":{"angle":-22.5,"axis":"x","origin":[8.0,3.0,8.0]},"faces":{"north":{"uv":[15.75,10.5,16.0,11.25],"texture":"#missing"},"east":{"uv":[15.0,5.375,15.5,7.0],"texture":"#0"},"south":{"uv":[15.75,10.5,16.0,11.25],"texture":"#missing"},"west":{"uv":[15.5,5.375,15.0,7.0],"texture":"#0"},"up":{"uv":[7.875,2.0,8.125,2.25],"texture":"#missing"},"down":{"uv":[7.875,2.0,8.125,2.25],"texture":"#missing"}}},{"from":[7.999,-11.0,3.0],"to":[7.999,2.0,7.0],"rotation":{"angle":-22.5,"axis":"x","origin":[8.499,3.0,8.0]},"faces":{"north":{"uv":[16.0,10.5,15.75,11.25],"rotation":180.0,"texture":"#missing"},"east":{"uv":[15.0,5.375,15.5,7.0],"rotation":180.0,"texture":"#0"},"south":{"uv":[16.0,10.5,15.75,11.25],"rotation":180.0,"texture":"#missing"},"west":{"uv":[15.5,5.375,15.0,7.0],"rotation":180.0,"texture":"#0"},"up":{"uv":[8.125,2.0,7.875,2.25],"texture":"#missing"},"down":{"uv":[8.125,2.0,7.875,2.25],"texture":"#missing"}}}],"gui_light":"front","display":{"thirdperson_righthand":{"rotation":[173.66,15.26,-169.41],"translation":[1.0,3.5,1.5],"scale":[0.98671,0.98671,0.98671]},"thirdperson_lefthand":{"rotation":[173.66,15.26,-169.41],"translation":[1.0,3.5,1.5],"scale":[0.98671,0.98671,0.98671]},"firstperson_righthand":{"rotation":[133.74,-1.23,176.04],"translation":[9.0,2.75,-7.25],"scale":[0.58593,0.58593,0.58593]},"firstperson_lefthand":{"rotation":[133.74,-1.23,176.04],"translation":[9.0,2.75,-7.25],"scale":[0.58593,0.58593,0.58593]},"ground":{"translation":[0.0,4.25,0.0],"scale":[0.43945,0.43945,0.43945]},"gui":{"rotation":[97.97,21.11,-122.34],"translation":[1.75,0.25,0.0],"scale":[0.65588,0.65588,0.65588]},"head":{"rotation":[0.0,3.25,0.0],"translation":[0.0,4.25,0.0],"scale":[1.6,1.6,1.6]}}}